path,sampling_mode,method,n_repeats,sampling_num_samples_mean,sampling_num_samples_std,metric_mask_fraction_mean,metric_mask_fraction_std,metric_mask_pixels_mean,metric_mask_pixels_std,sampling_seed_used_mean,sampling_seed_used_std,sampling_pca_fit_step_used_mean,sampling_pca_fit_step_used_std,viz_reused_mean,viz_reused_std,time_seconds_mean,time_seconds_std,correlation_cosine_mean,correlation_cosine_std,correlation_l-inf_mean,correlation_l-inf_std,spearman_cosine_mean,spearman_cosine_std,spearman_l-inf_mean,spearman_l-inf_std,mrre_false_mean,mrre_false_std,mrre_missing_mean,mrre_missing_std,lcmc_mean,lcmc_std,trustworthiness_mean,trustworthiness_std,trustworthiness_l-inf_mean,trustworthiness_l-inf_std,cv_mode_mean,cv_mode_std,n_eval_pixels_mean,n_eval_pixels_std,n_components_mean,n_components_std,edge_agreement_hd_vs_viz_spearman_mean,edge_agreement_hd_vs_viz_spearman_std,edge_agreement_hd_vs_viz_pearson_mean,edge_agreement_hd_vs_viz_pearson_std,edge_agreement_hd_vs_viz_l_infinity_spearman_mean,edge_agreement_hd_vs_viz_l_infinity_spearman_std,edge_agreement_hd_vs_viz_ssim_mean,edge_agreement_hd_vs_viz_ssim_std,edge_agreement_auc_roc_mean,edge_agreement_auc_roc_std,edge_agreement_auc_pr_mean,edge_agreement_auc_pr_std,edge_agreement_auc_roc_weighted_mean,edge_agreement_auc_roc_weighted_std,edge_agreement_auc_pr_weighted_mean,edge_agreement_auc_pr_weighted_std,edge_agreement_auc_multi_valid_percentiles_mean,edge_agreement_auc_multi_valid_percentiles_std,edge_agreement_precision_mean,edge_agreement_precision_std,edge_agreement_recall_mean,edge_agreement_recall_std,edge_agreement_f1_mean,edge_agreement_f1_std,edge_agreement_f_beta_mean,edge_agreement_f_beta_std,edge_agreement_linf_precision_mean,edge_agreement_linf_precision_std,edge_agreement_linf_recall_mean,edge_agreement_linf_recall_std,edge_agreement_linf_f1_mean,edge_agreement_linf_f1_std,edge_agreement_linf_f_beta_mean,edge_agreement_linf_f_beta_std,edge_agreement_auc_roc_p70p0_mean,edge_agreement_auc_roc_p70p0_std,edge_agreement_auc_pr_p70p0_mean,edge_agreement_auc_pr_p70p0_std,edge_agreement_auc_roc_p80p0_mean,edge_agreement_auc_roc_p80p0_std,edge_agreement_auc_pr_p80p0_mean,edge_agreement_auc_pr_p80p0_std,edge_agreement_auc_roc_p85p0_mean,edge_agreement_auc_roc_p85p0_std,edge_agreement_auc_pr_p85p0_mean,edge_agreement_auc_pr_p85p0_std,edge_agreement_auc_roc_p90p0_mean,edge_agreement_auc_roc_p90p0_std,edge_agreement_auc_pr_p90p0_mean,edge_agreement_auc_pr_p90p0_std,edge_agreement_auc_roc_p95p0_mean,edge_agreement_auc_roc_p95p0_std,edge_agreement_auc_pr_p95p0_mean,edge_agreement_auc_pr_p95p0_std,raw__saliency_δ=20pct_gamma=0_mean,raw__saliency_δ=20pct_gamma=0_std,saliency_δ=20pct_gamma=0_mean,saliency_δ=20pct_gamma=0_std,raw__smoothness_δ=20pct_gamma=0_mean,raw__smoothness_δ=20pct_gamma=0_std,smoothness_δ=20pct_gamma=0_mean,smoothness_δ=20pct_gamma=0_std,raw__saliency_δ=30pct_gamma=0_mean,raw__saliency_δ=30pct_gamma=0_std,saliency_δ=30pct_gamma=0_mean,saliency_δ=30pct_gamma=0_std,raw__smoothness_δ=30pct_gamma=0_mean,raw__smoothness_δ=30pct_gamma=0_std,smoothness_δ=30pct_gamma=0_mean,smoothness_δ=30pct_gamma=0_std,raw__saliency_δ=10pct_gamma=0_mean,raw__saliency_δ=10pct_gamma=0_std,saliency_δ=10pct_gamma=0_mean,saliency_δ=10pct_gamma=0_std,raw__smoothness_δ=10pct_gamma=0_mean,raw__smoothness_δ=10pct_gamma=0_std,smoothness_δ=10pct_gamma=0_mean,smoothness_δ=10pct_gamma=0_std,raw__avg._saliency_gamma=0_mean,raw__avg._saliency_gamma=0_std,avg._saliency_gamma=0_mean,avg._saliency_gamma=0_std,raw__avg._smoothness_gamma=0_mean,raw__avg._smoothness_gamma=0_std,avg._smoothness_gamma=0_mean,avg._smoothness_gamma=0_std,raw__saliency_δ=20pct_gamma=2.0_mean,raw__saliency_δ=20pct_gamma=2.0_std,saliency_δ=20pct_gamma=2.0_mean,saliency_δ=20pct_gamma=2.0_std,raw__smoothness_δ=20pct_gamma=2.0_mean,raw__smoothness_δ=20pct_gamma=2.0_std,smoothness_δ=20pct_gamma=2.0_mean,smoothness_δ=20pct_gamma=2.0_std,raw__saliency_δ=30pct_gamma=2.0_mean,raw__saliency_δ=30pct_gamma=2.0_std,saliency_δ=30pct_gamma=2.0_mean,saliency_δ=30pct_gamma=2.0_std,raw__smoothness_δ=30pct_gamma=2.0_mean,raw__smoothness_δ=30pct_gamma=2.0_std,smoothness_δ=30pct_gamma=2.0_mean,smoothness_δ=30pct_gamma=2.0_std,raw__saliency_δ=10pct_gamma=2.0_mean,raw__saliency_δ=10pct_gamma=2.0_std,saliency_δ=10pct_gamma=2.0_mean,saliency_δ=10pct_gamma=2.0_std,raw__smoothness_δ=10pct_gamma=2.0_mean,raw__smoothness_δ=10pct_gamma=2.0_std,smoothness_δ=10pct_gamma=2.0_mean,smoothness_δ=10pct_gamma=2.0_std,raw__avg._saliency_gamma=2.0_mean,raw__avg._saliency_gamma=2.0_std,avg._saliency_gamma=2.0_mean,avg._saliency_gamma=2.0_std,raw__avg._smoothness_gamma=2.0_mean,raw__avg._smoothness_gamma=2.0_std,avg._smoothness_gamma=2.0_mean,avg._smoothness_gamma=2.0_std,raw__correlation_cosine_mean,raw__correlation_cosine_std,raw__correlation_l-inf_mean,raw__correlation_l-inf_std,raw__spearman_cosine_mean,raw__spearman_cosine_std,raw__spearman_l-inf_mean,raw__spearman_l-inf_std,raw__mrre_false_mean,raw__mrre_false_std,raw__mrre_missing_mean,raw__mrre_missing_std,raw__lcmc_mean,raw__lcmc_std,raw__trustworthiness_mean,raw__trustworthiness_std,raw__trustworthiness_l-inf_mean,raw__trustworthiness_l-inf_std
E:\MSImaging-data\_msi_visual\Extractions\Metaspace_datasets\Dataset5_spinalcord\5bins\0.npy,random,parametric_mics_lmc__mics1,10,5000.0,0.0,0.7883152211436225,0.0,171267.0,0.0,46.5,2.8722813232690143,4.0,0.0,0.0,0.0,85.98617833000608,0.7513491743791614,0.6140788779132613,0.09265573513464286,0.7319553879182705,0.05887515105600332,0.6865460367473893,0.05181159394902385,0.7693017450314477,0.060866919922574675,0.9309777621266353,0.009246302238621629,0.9384408633944636,0.009556897724418971,0.4430390380706692,0.034116733230602915,0.9322384244567093,0.008072696201333463,0.9156493924629183,0.007034856136175936,0.0,0.0,171267.0,0.0,64.0,0.0,-0.1283667859224389,0.19895312161833212,-0.09987575617682345,0.1972096692153133,-0.14747979910787218,0.16524690835388534,0.2035916737047328,0.025301911790197872,0.48435594612002253,0.08922273821804881,0.16892364579477184,0.04485830332466739,0.5012716090323365,0.09166328915376054,0.1640154655328617,0.04403582654129887,5.0,0.0,0.5532034137511644,0.1383959549771664,0.19677694112956573,0.0589789634831197,0.2856822260729337,0.07541618558453134,0.2856822260729337,0.07541618558453134,0.5655619669774461,0.11478401676845247,0.2507434691603012,0.060282845875318083,0.34595536541324046,0.07550687870025755,0.34595536541324046,0.07550687870025755,0.45009977143618984,0.09076760749086865,0.2900044881193232,0.05531903568207466,0.4687162679937278,0.0890248360436951,0.20787541989595343,0.047742056559057014,0.48435594612002253,0.08922273821804881,0.16892364579477184,0.04485830332466739,0.5098215283552969,0.09217541254805658,0.13082096971326967,0.04299600635192801,0.5580092827047691,0.09989595289311363,0.09037157579867285,0.039255582997965464,0.7586625000000001,0.024592557944427006,0.7586625000000001,0.024592557944427006,0.8214124999999999,0.026635916189423632,0.8214124999999999,0.026635916189423632,0.8781375,0.018706236426657277,0.8781375,0.018706236426657277,0.91175,0.019932856042223345,0.91175,0.019932856042223345,0.57805,0.015317392075676582,0.57805,0.015317392075676582,0.6802625,0.02332946433697098,0.6802625,0.02332946433697098,0.7382833333333333,0.01856589054332342,0.7382833333333333,0.01856589054332342,0.804475,0.022621916610029116,0.804475,0.022621916610029116,0.7067219002048446,0.03852055766111757,0.7067219002048446,0.03852055766111757,0.9109742297772353,0.013210680325287091,0.9109742297772353,0.013210680325287091,0.8358767487918893,0.0300501554826585,0.8358767487918893,0.0300501554826585,0.9696443979123492,0.006593693002017637,0.9696443979123492,0.006593693002017637,0.5259822703579735,0.03367059835913669,0.5259822703579735,0.03367059835913669,0.7957331395602922,0.018541190720857813,0.7957331395602922,0.018541190720857813,0.6895269731182359,0.032956870335002046,0.6895269731182359,0.032956870335002046,0.892117255749959,0.01178707121613754,0.892117255749959,0.01178707121613754,0.6140788779132613,0.09265573513464286,0.7319553879182705,0.05887515105600332,0.6865460367473893,0.05181159394902385,0.7693017450314477,0.060866919922574675,0.9309777621266353,0.009246302238621629,0.9384408633944636,0.009556897724418971,0.4430390380706692,0.034116733230602915,0.9322384244567093,0.008072696201333463,0.9156493924629183,0.007034856136175936
E:\MSImaging-data\_msi_visual\Extractions\Metaspace_datasets\Dataset5_spinalcord\5bins\0.npy,random,parametric_mics_lmc__mics2,10,5000.0,0.0,0.7883152211436225,0.0,171267.0,0.0,46.5,2.8722813232690143,4.0,0.0,0.0,0.0,1907.991700220015,18.369445678420924,0.2644372551800391,0.07661820625670672,0.5275854554843954,0.06467716600119007,0.4181229931627251,0.08036976668105941,0.6084498228746941,0.06912265837074037,0.9238579503693959,0.015003643949201484,0.9398747027848062,0.009303040176376162,0.4300659130706692,0.03732393823841474,0.913782346929976,0.017395517204274704,0.8988954255777853,0.021299236669920826,0.0,0.0,171267.0,0.0,64.0,0.0,-0.05404790396021686,0.18877187005659032,-0.03502582509030268,0.17131538460511286,-0.018050798000726904,0.19349562686650953,0.21459783775855565,0.02064320312311753,0.4784895529597818,0.06945617456706077,0.1595762661968064,0.029199461225057254,0.4745039370653953,0.06522161443324731,0.1529354281998353,0.026772203861636982,5.0,0.0,0.6023543581768138,0.1251652859716921,0.26746404980020116,0.060555069574528046,0.3697480193468152,0.0797274460305292,0.3697480193468152,0.0797274460305292,0.6426298656844973,0.13718130867707418,0.33439439657125253,0.07297964935171063,0.43928152422227845,0.09361656425112129,0.43928152422227845,0.09361656425112129,0.4769567678858406,0.08458520346535418,0.3014196899241179,0.055624666121173734,0.47839166695091573,0.0753183672816621,0.20658111673051857,0.0388611115045651,0.4784895529597818,0.06945617456706077,0.1595762661968064,0.029199461225057254,0.4763857914127637,0.06289426277948877,0.11268694615813064,0.019334239743878854,0.46553557835756837,0.06032202111728623,0.06508250420696367,0.00981564565563372,0.6970375000000001,0.018811154436929163,0.6970375000000001,0.018811154436929163,0.747425,0.024039108760517708,0.747425,0.024039108760517708,0.7994875,0.020497900044882656,0.7994875,0.020497900044882656,0.8325625000000001,0.021602101315612795,0.8325625000000001,0.021602101315612795,0.5605625000000001,0.010282608192963498,0.5605625000000001,0.010282608192963498,0.6374124999999999,0.024217829821228824,0.6374124999999999,0.024217829821228824,0.6856958333333333,0.014728586740115669,0.6856958333333333,0.014728586740115669,0.7391333333333333,0.021153086194585308,0.7391333333333333,0.021153086194585308,0.54925606611308,0.03152939778212191,0.54925606611308,0.03152939778212191,0.9176235737750454,0.010323768273933448,0.9176235737750454,0.010323768273933448,0.6727970125500524,0.03134460173405306,0.6727970125500524,0.03134460173405306,0.9634078446675401,0.005669045710374797,0.9634078446675401,0.005669045710374797,0.4142916847187654,0.025316857303156855,0.4142916847187654,0.025316857303156855,0.830754705411058,0.017828809446150277,0.830754705411058,0.017828809446150277,0.5454482544606327,0.02787818853610565,0.5454482544606327,0.02787818853610565,0.9039287079512146,0.009629750678671433,0.9039287079512146,0.009629750678671433,0.2644372551800391,0.07661820625670672,0.5275854554843954,0.06467716600119007,0.4181229931627251,0.08036976668105941,0.6084498228746941,0.06912265837074037,0.9238579503693959,0.015003643949201484,0.9398747027848062,0.009303040176376162,0.4300659130706692,0.03732393823841474,0.913782346929976,0.017395517204274704,0.8988954255777853,0.021299236669920826
E:\MSImaging-data\_msi_visual\Extractions\Metaspace_datasets\Dataset5_spinalcord\5bins\0.npy,random,parametric_mics_lmc__mics3,10,5000.0,0.0,0.7883152211436225,0.0,171267.0,0.0,46.5,2.8722813232690143,4.0,0.0,0.0,0.0,89.30439859002362,1.7417731726420844,0.26719786677078083,0.07627702242426382,0.410783821278285,0.07136567399690798,0.4397102393734066,0.07247436848267282,0.5033046078826998,0.07032798188487407,0.9072264759967561,0.01997216323259527,0.9010125645928154,0.012486872429277757,0.3658615380706692,0.029604245822231732,0.8812281558295965,0.026993036247009067,0.8613154393756467,0.025993411647158925,0.0,0.0,171267.0,0.0,64.0,0.0,0.027832252015157544,0.10590900825242136,0.050088391333737395,0.10687628603858149,0.01990078642597396,0.17093021342410603,0.23105738796197633,0.014304090384107172,0.5129510610698176,0.04967379757513138,0.17801063246083215,0.029593972511893267,0.5113273542384832,0.0519665609888874,0.1707053112817017,0.02663975393385475,5.0,0.0,0.6601673763730076,0.08091192368502975,0.2981705493788567,0.03229481755598772,0.4092628443601446,0.03880768883140531,0.4092628443601446,0.03880768883140531,0.6439816962759022,0.10102144577021477,0.3377289078569422,0.0684575629233573,0.44255282712275645,0.08207927677520305,0.44255282712275645,0.08207927677520305,0.5134493650993911,0.052672830605818045,0.3271312392237675,0.050175822550799824,0.513743278805195,0.05031222146630496,0.22793616045319554,0.03782192132600611,0.5129510610698176,0.04967379757513138,0.17801063246083215,0.029593972511893267,0.5119528023306512,0.0533573246959446,0.12836011958434687,0.021429410431391703,0.5066007966929585,0.0697746734134953,0.0773480398817762,0.013550776823864626,0.6928750000000001,0.019520021772528852,0.6928750000000001,0.019520021772528852,0.75905,0.019050032808370688,0.75905,0.019050032808370688,0.7927375,0.022198215722215153,0.7927375,0.022198215722215153,0.8385,0.019490622745310108,0.8385,0.019490622745310108,0.56305,0.012323782901365968,0.56305,0.012323782901365968,0.6545,0.01445142726515275,0.6545,0.01445142726515275,0.6828875,0.016385122507425225,0.6828875,0.016385122507425225,0.7506833333333334,0.016476468911079786,0.7506833333333334,0.016476468911079786,0.5450026747182584,0.03780875698586264,0.5450026747182584,0.03780875698586264,0.9201899593006784,0.010448706834755059,0.9201899593006784,0.010448706834755059,0.6621074403739768,0.04167007067783449,0.6621074403739768,0.04167007067783449,0.9641696560244981,0.005018892904851992,0.9641696560244981,0.005018892904851992,0.4173042170319978,0.02608541963229153,0.4173042170319978,0.02608541963229153,0.8387216862934161,0.014020560517161025,0.8387216862934161,0.014020560517161025,0.5414714440414109,0.03464952778568549,0.5414714440414109,0.03464952778568549,0.9076937672061975,0.00868894975205165,0.9076937672061975,0.00868894975205165,0.26719786677078083,0.07627702242426382,0.410783821278285,0.07136567399690798,0.4397102393734066,0.07247436848267282,0.5033046078826998,0.07032798188487407,0.9072264759967561,0.01997216323259527,0.9010125645928154,0.012486872429277757,0.3658615380706692,0.029604245822231732,0.8812281558295965,0.026993036247009067,0.8613154393756467,0.025993411647158925
E:\MSImaging-data\_msi_visual\Extractions\Metaspace_datasets\Dataset5_spinalcord\5bins\0.npy,random,parametric_umap,10,5000.0,0.0,0.7883152211436225,0.0,171267.0,0.0,46.5,2.8722813232690143,4.0,0.0,0.0,0.0,68.68491535000503,5.345975840824012,0.6643328557998966,0.1002955002862862,0.8581693976750688,0.047552075357013175,0.8127754783316368,0.06853405156961918,0.8734421801422956,0.03908631552361226,0.9538419893028192,0.005882657179034855,0.9600992792812288,0.004533651591821097,0.5165352880706691,0.025753253806861484,0.9639888133839255,0.006099190206264928,0.9511981933425318,0.010292699649181244,0.0,0.0,171267.0,0.0,64.0,0.0,0.1622166842911507,0.17311519545990273,0.1694020029914432,0.12089322524794247,0.2032964709243418,0.26104046839333533,0.2359041787215955,0.01551756771638204,0.5840851197805205,0.06757451508831194,0.21927083017548257,0.03871644589529712,0.5859175762495663,0.06591452977495255,0.20866847533542582,0.036595900675847275,5.0,0.0,0.7569581167758865,0.08231074596729751,0.21904114678192474,0.04306119682481492,0.33596376543759426,0.055524852150735715,0.33596376543759426,0.055524852150735715,0.7511833403949514,0.14709882993649037,0.2853227136397821,0.07144663658573416,0.4109806756518948,0.09059200104148497,0.4109806756518948,0.09059200104148497,0.5769485951288443,0.07744326090938818,0.37816477230490436,0.05554745463757381,0.5803662017350065,0.07110916186492378,0.27290642642931806,0.044867998293364506,0.5840851197805205,0.06757451508831194,0.21927083017548257,0.03871644589529712,0.5895896961198343,0.06384176813113923,0.16445913767508968,0.032979582238726365,0.5928950977370351,0.061391369993820305,0.10227943147702771,0.026455160013358247,0.8362875000000001,0.029662373577480257,0.8362875000000001,0.029662373577480257,0.8835875,0.037821994675717466,0.8835875,0.037821994675717466,0.9254125,0.024786466191250432,0.9254125,0.024786466191250432,0.9366875,0.025262079412629514,0.9366875,0.025262079412629514,0.6363625,0.018523587159349028,0.6363625,0.018523587159349028,0.7831500000000001,0.04505811525130626,0.7831500000000001,0.04505811525130626,0.7993541666666667,0.021761588946403298,0.7993541666666667,0.021761588946403298,0.8678083333333333,0.035419559685763054,0.8678083333333333,0.035419559685763054,0.7937335198138508,0.05271166402850499,0.7937335198138508,0.05271166402850499,0.9546278803218311,0.013501430886597918,0.9546278803218311,0.013501430886597918,0.8901030752957697,0.042222970740160376,0.8901030752957697,0.042222970740160376,0.9838350170389145,0.0068386507257515725,0.9838350170389145,0.0068386507257515725,0.6117872299473273,0.04400808390794121,0.6117872299473273,0.04400808390794121,0.8687033913761999,0.022998474219727533,0.8687033913761999,0.022998474219727533,0.7652079416856492,0.043653529223227155,0.7652079416856492,0.043653529223227155,0.9357220962456484,0.013358489432257826,0.9357220962456484,0.013358489432257826,0.6643328557998966,0.1002955002862862,0.8581693976750688,0.047552075357013175,0.8127754783316368,0.06853405156961918,0.8734421801422956,0.03908631552361226,0.9538419893028192,0.005882657179034855,0.9600992792812288,0.004533651591821097,0.5165352880706691,0.025753253806861484,0.9639888133839255,0.006099190206264928,0.9511981933425318,0.010292699649181244
E:\MSImaging-data\_msi_visual\Extractions\Metaspace_datasets\Dataset5_spinalcord\5bins\0.npy,random,pca,10,5000.0,0.0,0.7883152211436225,0.0,171267.0,0.0,46.5,2.8722813232690143,-1.0,0.0,0.0,0.0,27.155140399979427,0.776781593779279,0.7325470492870887,0.005389702611394178,0.9349926257202122,0.0016277742125886338,0.8235352341044525,0.003443659404016271,0.9268177201400623,0.0021175099778674563,0.9569063560713997,0.001464518283957389,0.9496740200004631,0.0012737841247032053,0.4757334130706692,0.0062656280860341465,0.9544756290962401,0.0016962325908594722,0.9247534360986547,0.0022054505268162584,0.0,0.0,171267.0,0.0,64.0,0.0,0.1113268027093556,1.8623559380733672e-06,0.14379372886925557,1.3582121105144921e-06,0.05015271565745387,2.5474140876959506e-06,0.25390992876800544,8.643004687992353e-07,0.5424432367308674,1.591447062292985e-06,0.19462483661185584,8.106693602967577e-07,0.5417957509274689,1.8684279117549282e-06,0.18512357263326695,7.512783662432954e-07,5.0,0.0,0.7157244757110203,2.1733104308863102e-06,0.25448392095033573,2.7183515915907283e-06,0.37546649054734677,3.257712989185313e-06,0.37546649054734677,3.257712989185313e-06,0.6376225217876368,3.861688154848006e-06,0.26560469731155034,4.439049560613739e-06,0.3750009594780437,5.092243692987092e-06,0.3750009594780437,5.092243692987092e-06,0.5370128119348199,1.2564481190076992e-06,0.3423220524075552,8.208356276477935e-07,0.5384659410632021,1.5409311649479083e-06,0.24287206716852391,8.118520713459905e-07,0.5424432367308674,1.591447062292985e-06,0.19462483661185584,8.106693602967577e-07,0.5457614601787004,2.0249959353893644e-06,0.14498521913072698,8.380282128059831e-07,0.5426762888034531,3.277296305482981e-06,0.08724114772530149,6.361869469637011e-07,0.856075,0.002548406364769968,0.856075,0.002548406364769968,0.8776124999999999,0.0024567827030488277,0.8776124999999999,0.0024567827030488277,0.93505,0.001502289918757362,0.93505,0.001502289918757362,0.9363000000000001,0.001709532099727873,0.9363000000000001,0.001709532099727873,0.6486999999999999,0.0030255164848336145,0.6486999999999999,0.0030255164848336145,0.7715499999999998,0.001412223424249867,0.7715499999999998,0.001412223424249867,0.813275,0.001697751781360021,0.813275,0.001697751781360021,0.8618208333333334,0.0015746527394952987,0.8618208333333334,0.0015746527394952987,0.8335297753983311,0.0036754670004263265,0.8335297753983311,0.0036754670004263265,0.9470301135899902,0.0010566045694223236,0.9470301135899902,0.0010566045694223236,0.9066062164380767,0.0024286080367440215,0.9066062164380767,0.0024286080367440215,0.9835274301214817,0.0010337221307468768,0.9835274301214817,0.0010337221307468768,0.6682198390238556,0.004455905581898422,0.6682198390238556,0.004455905581898422,0.8538454077749453,0.003135227796582272,0.8538454077749453,0.003135227796582272,0.8027852769534212,0.002945429987027442,0.8027852769534212,0.002945429987027442,0.928134317162139,0.0012303461100600533,0.928134317162139,0.0012303461100600533,0.7325470492870887,0.005389702611394178,0.9349926257202122,0.0016277742125886338,0.8235352341044525,0.003443659404016271,0.9268177201400623,0.0021175099778674563,0.9569063560713997,0.001464518283957389,0.9496740200004631,0.0012737841247032053,0.4757334130706692,0.0062656280860341465,0.9544756290962401,0.0016962325908594722,0.9247534360986547,0.0022054505268162584
E:\MSImaging-data\_msi_visual\Extractions\Metaspace_datasets\Dataset5_spinalcord\5bins\0.npy,random,top3,10,5000.0,0.0,0.7883152211436225,0.0,171267.0,0.0,46.5,2.8722813232690143,-1.0,0.0,0.0,0.0,0.9713249099673703,0.03535622931160659,0.5217806897960349,0.00983872758397989,0.9118414756072,0.0016786657507095566,0.6627060688737643,0.007909417299735733,0.9182062329865077,0.0011404309038390876,0.8904439687129232,0.0010729493034362678,0.9210348923751945,0.0010980394120869944,0.3260865380706692,0.003583640617880793,0.9112812116246983,0.001088960098065574,0.9150933744394619,0.001773037433274447,0.0,0.0,171267.0,0.0,64.0,0.0,0.05240457215835696,6.938893903907228e-18,0.056566676093847267,6.938893903907228e-18,0.03952280884725455,0.0,0.19649687562105758,2.7755575615628914e-17,0.556366248579133,0.0,0.20281796991383388,0.0,0.5387623176327149,0.0,0.19034221235935617,2.7755575615628914e-17,5.0,0.0,0.7083311705164805,1.1102230246251565e-16,0.2472975054593561,0.0,0.3666037571109067,5.551115123125783e-17,0.3666037571109067,5.551115123125783e-17,0.7181619256017504,1.1102230246251565e-16,0.3271264305325251,0.0,0.4495022754013858,0.0,0.4495022754013858,0.0,0.5651778451664666,1.1102230246251565e-16,0.36885976589535785,0.0,0.5631261063908081,1.1102230246251565e-16,0.26101636362661224,5.551115123125783e-17,0.556366248579133,0.0,0.20281796991383388,0.0,0.5401448527293136,0.0,0.1429518514677301,0.0,0.4918092685094459,5.551115123125783e-17,0.07584625606619524,0.0,0.8031874999999999,0.003865815728924506,0.8031874999999999,0.003865815728924506,0.8261000000000001,0.002495495942693561,0.8261000000000001,0.002495495942693561,0.8716750000000001,0.00339678156495232,0.8716750000000001,0.00339678156495232,0.8783749999999999,0.00310493558709355,0.8783749999999999,0.00310493558709355,0.6871375000000001,0.0029376063810524393,0.6871375000000001,0.0029376063810524393,0.755625,0.003504015553618445,0.755625,0.003504015553618445,0.7873333333333334,0.0026731691553909093,0.7873333333333334,0.0026731691553909093,0.8200333333333333,0.002452025806461978,0.8200333333333333,0.002452025806461978,0.7545054853962527,0.004546313934843885,0.7545054853962527,0.004546313934843885,0.9349303698503377,0.001579105750055874,0.9349303698503377,0.001579105750055874,0.8154618761672727,0.004531273674398078,0.8154618761672727,0.004531273674398078,0.9690994169936932,0.0013350884033668975,0.9690994169936932,0.0013350884033668975,0.658684811086873,0.00360769208713537,0.658684811086873,0.00360769208713537,0.8663432980467076,0.003827687951649326,0.8663432980467076,0.003827687951649326,0.7428840575501329,0.0036121143718404,0.7428840575501329,0.0036121143718404,0.9234576949635794,0.0018159624000541714,0.9234576949635794,0.0018159624000541714,0.5217806897960349,0.00983872758397989,0.9118414756072,0.0016786657507095566,0.6627060688737643,0.007909417299735733,0.9182062329865077,0.0011404309038390876,0.8904439687129232,0.0010729493034362678,0.9210348923751945,0.0010980394120869944,0.3260865380706692,0.003583640617880793,0.9112812116246983,0.001088960098065574,0.9150933744394619,0.001773037433274447
E:\MSImaging-data\_msi_visual\Extractions\Metaspace_datasets\Dataset5_spinalcord\5bins\0.npy,random,nmf_3d,10,5000.0,0.0,0.7883152211436225,0.0,171267.0,0.0,46.5,2.8722813232690143,-1.0,0.0,0.0,0.0,278.8240063600242,2.0012635510526775,0.6550715981411778,0.003944400398856461,0.8251273491826151,0.003034291010401461,0.7767112870177024,0.003951211999639522,0.8156852804776877,0.003830270853379141,0.9379614985951189,0.001552204352220496,0.9306858132404041,0.001553986326306447,0.39973966307066916,0.005494515873805451,0.935557681528113,0.0017368627266522545,0.9136197973439117,0.002010921160989411,0.0,0.0,171267.0,0.0,64.0,0.0,-0.11719213405373333,2.624991345120459e-06,-0.07783732895521189,2.0795529670049646e-06,-0.19231385764990536,1.703477263583031e-06,0.2283153491467301,1.1868020168293087e-06,0.4555795345790246,1.8950963231385604e-06,0.14629973279297187,4.2699936421539494e-07,0.45410281190864427,1.8158348194257904e-06,0.13963421135446885,3.0991042616021084e-07,5.0,0.0,0.5706066369801898,1.017899679504316e-05,0.2723779233606075,6.342820380399779e-06,0.36873902118865,7.551900245846653e-06,0.36873902118865,7.551900245846653e-06,0.521563176143342,9.900441141052458e-06,0.2607669375957086,8.353987783089586e-06,0.3476957611799975,9.384120110381056e-06,0.3476957611799975,9.384120110381056e-06,0.44411804388310994,1.4330609753134196e-06,0.2771394072557413,4.696760384426626e-07,0.45051697894054754,1.2764568694347014e-06,0.18896180199780627,4.0210463434023493e-07,0.4555795345790246,1.8950963231385604e-06,0.14629973279297187,4.2699936421539494e-07,0.46037796273239084,2.250424718765727e-06,0.10353434499839491,3.13644403296713e-07,0.45525257937181235,2.2722444902967324e-06,0.05706119030819954,2.073010912876201e-07,0.7839125,0.005664320899278224,0.7839125,0.005664320899278224,0.849775,0.0031532721100469654,0.849775,0.0031532721100469654,0.9155125,0.0034867830804338885,0.9155125,0.0034867830804338885,0.9253250000000002,0.0028340562803162443,0.9253250000000002,0.0028340562803162443,0.5692875000000001,0.0031089839578228675,0.5692875000000001,0.0031089839578228675,0.7350125000000001,0.0021552624550156096,0.7350125000000001,0.0021552624550156096,0.7562374999999999,0.003330470124471894,0.7562374999999999,0.003330470124471894,0.8367041666666667,0.002013362479093684,0.8367041666666667,0.002013362479093684,0.7662482585165268,0.00511151256495142,0.7662482585165268,0.00511151256495142,0.9164912977065527,0.002593481747137111,0.9164912977065527,0.002593481747137111,0.8908795486839644,0.004335549408022805,0.8908795486839644,0.004335549408022805,0.9736099618908567,0.0015231610087317394,0.9736099618908567,0.0015231610087317394,0.5628104613788543,0.004574042518767277,0.5628104613788543,0.004574042518767277,0.8132278784313653,0.0027297843154568185,0.8132278784313653,0.0027297843154568185,0.7399794228597817,0.0036361941525361236,0.7399794228597817,0.0036361941525361236,0.9011097126762582,0.0014960612670263432,0.9011097126762582,0.0014960612670263432,0.6550715981411778,0.003944400398856461,0.8251273491826151,0.003034291010401461,0.7767112870177024,0.003951211999639522,0.8156852804776877,0.003830270853379141,0.9379614985951189,0.001552204352220496,0.9306858132404041,0.001553986326306447,0.39973966307066916,0.005494515873805451,0.935557681528113,0.0017368627266522545,0.9136197973439117,0.002010921160989411
E:\MSImaging-data\_msi_visual\Extractions\Metaspace_datasets\Dataset5_spinalcord\5bins\0.npy,superpixel,parametric_mics_lmc__mics1,10,5000.0,0.0,0.7883152211436225,0.0,171267.0,0.0,46.5,2.8722813232690143,4.0,0.0,0.0,0.0,132.95555495002773,3.622606292515516,0.5547283592069584,0.13014733225775632,0.734649301513545,0.07438665827240214,0.6949870658140942,0.11489434142148351,0.78207099080875,0.06096190208545813,0.9354714543962739,0.018485374501627107,0.9458603568982346,0.011255606628978128,0.4671315380706692,0.039533380777554604,0.9366108908244222,0.021903190201510107,0.9223748934977578,0.021994425644677795,0.0,0.0,171267.0,0.0,64.0,0.0,-0.09026354590470805,0.19112710611743042,-0.048543889204015145,0.1807684793720675,-0.014015411535587755,0.20359876402544813,0.2162267587863223,0.025059794949315553,0.4922441092406791,0.07100951004550819,0.17098656343510793,0.03550862309163432,0.507350666616748,0.06969808440056632,0.16589059067988932,0.034289494362671084,5.0,0.0,0.5818165789329867,0.13727732508050527,0.23989634019264053,0.059600213590500585,0.33845365249058385,0.08013930003078329,0.33845365249058385,0.08013930003078329,0.6047890287125292,0.1557630268477131,0.28522394686528757,0.08847315007505775,0.3852935011280979,0.10952603606660903,0.3852935011280979,0.10952603606660903,0.4620778928281249,0.08384326554922376,0.2983123288740206,0.05778658869767816,0.4783584287209834,0.07553037969741593,0.21216297620767505,0.04289390117386981,0.4922441092406791,0.07100951004550819,0.17098656343510793,0.03550862309163432,0.5151359131098779,0.06776986347315841,0.13064110143486662,0.029664356640630867,0.5575967934361266,0.07023768693579208,0.08873742449697038,0.026449921030293592,0.7657874999999998,0.040341783937376884,0.7657874999999998,0.040341783937376884,0.8263125,0.051618166920668535,0.8263125,0.051618166920668535,0.8782500000000001,0.03420809480225404,0.8782500000000001,0.03420809480225404,0.9090999999999999,0.038785379010652966,0.9090999999999999,0.038785379010652966,0.5903125000000001,0.024719062102960137,0.5903125000000001,0.024719062102960137,0.692925,0.04930479819449627,0.692925,0.04930479819449627,0.7447833333333334,0.032044954317680355,0.7447833333333334,0.032044954317680355,0.8094458333333334,0.04592832221244321,0.8094458333333334,0.04592832221244321,0.7011048960736396,0.06383775373920879,0.7011048960736396,0.06383775373920879,0.9227596845008772,0.019107388449585032,0.9227596845008772,0.019107388449585032,0.8270181204268411,0.05229974193154184,0.8270181204268411,0.05229974193154184,0.9726649354774108,0.010952212327575029,0.9726649354774108,0.010952212327575029,0.5288702605728429,0.05392286960867545,0.5288702605728429,0.05392286960867545,0.8115155539040293,0.0197465426142195,0.8115155539040293,0.0197465426142195,0.685664425691108,0.0562678379641496,0.685664425691108,0.0562678379641496,0.9023133912941059,0.01496847661512924,0.9023133912941059,0.01496847661512924,0.5547283592069584,0.13014733225775632,0.734649301513545,0.07438665827240214,0.6949870658140942,0.11489434142148351,0.78207099080875,0.06096190208545813,0.9354714543962739,0.018485374501627107,0.9458603568982346,0.011255606628978128,0.4671315380706692,0.039533380777554604,0.9366108908244222,0.021903190201510107,0.9223748934977578,0.021994425644677795
E:\MSImaging-data\_msi_visual\Extractions\Metaspace_datasets\Dataset5_spinalcord\5bins\0.npy,superpixel,parametric_mics_lmc__mics2,10,5000.0,0.0,0.7883152211436225,0.0,171267.0,0.0,46.5,2.8722813232690143,4.0,0.0,0.0,0.0,2674.4704029999907,32.44019564471136,0.2625797693968572,0.08049217927232738,0.545945052697929,0.08948106142813941,0.40028499372417115,0.07811917286004415,0.6151194551882406,0.08411834471840901,0.9231511553596045,0.016736154358916164,0.9435632350140347,0.010463582123683106,0.4455140380706692,0.03290655961986339,0.9116845632114522,0.023150481933169226,0.8943993394273889,0.022662462635007676,0.0,0.0,171267.0,0.0,64.0,0.0,-0.13513356206662616,0.13216395867563285,-0.11800580571369201,0.14727867819813462,-0.21486349344057798,0.1553206748472386,0.20991236486021214,0.02694190320287276,0.4370498560067464,0.04416050423573657,0.14286849013166245,0.019808421028440767,0.4287372507748465,0.04468898062651173,0.13721822632078198,0.01929182017088485,5.0,0.0,0.55566477725962,0.12303976941498958,0.2444948849684218,0.06251732235641133,0.33826274782459176,0.0809496398720271,0.33826274782459176,0.0809496398720271,0.4834165511496387,0.15687401434511464,0.25856597892371397,0.11278504191016202,0.33525450605497786,0.13479702797735016,0.33525450605497786,0.13479702797735016,0.44048367575619896,0.05267820710200837,0.2765144500602618,0.03400157916387005,0.43999263542761885,0.0466192503844007,0.18678784281016958,0.023878001400041614,0.4370498560067464,0.04416050423573657,0.14286849013166245,0.019808421028440767,0.4298734326337845,0.043678425031596725,0.09939135304285081,0.016583296358048432,0.4067036119887805,0.052506892152686405,0.05586392999525282,0.014543384375205175,0.6869625000000001,0.03344277061264513,0.6869625000000001,0.03344277061264513,0.74,0.029581877898470197,0.74,0.029581877898470197,0.795125,0.02716655802636763,0.795125,0.02716655802636763,0.827075,0.02434127153622012,0.827075,0.02434127153622012,0.548275,0.030850384924665044,0.548275,0.030850384924665044,0.6278125,0.030735324241823125,0.6278125,0.030735324241823125,0.6767875,0.028581690003780778,0.6767875,0.028581690003780778,0.7316291666666667,0.026140349358478976,0.7316291666666667,0.026140349358478976,0.5502599166093741,0.05250775631885818,0.5502599166093741,0.05250775631885818,0.9084802370871458,0.01490300369476956,0.9084802370871458,0.01490300369476956,0.6739276026930934,0.047547886217459145,0.6739276026930934,0.047547886217459145,0.9600089778515437,0.0058278036714313,0.9600089778515437,0.0058278036714313,0.4138589484976937,0.04760908855373448,0.4138589484976937,0.04760908855373448,0.814966945770192,0.023535382036129367,0.814966945770192,0.023535382036129367,0.5460154892667204,0.04755336384045818,0.5460154892667204,0.04755336384045818,0.8944853869029604,0.013771890412238207,0.8944853869029604,0.013771890412238207,0.2625797693968572,0.08049217927232738,0.545945052697929,0.08948106142813941,0.40028499372417115,0.07811917286004415,0.6151194551882406,0.08411834471840901,0.9231511553596045,0.016736154358916164,0.9435632350140347,0.010463582123683106,0.4455140380706692,0.03290655961986339,0.9116845632114522,0.023150481933169226,0.8943993394273889,0.022662462635007676
E:\MSImaging-data\_msi_visual\Extractions\Metaspace_datasets\Dataset5_spinalcord\5bins\0.npy,superpixel,parametric_mics_lmc__mics3,10,5000.0,0.0,0.7883152211436225,0.0,171267.0,0.0,46.5,2.8722813232690143,4.0,0.0,0.0,0.0,135.34958977994975,0.7784619908278878,0.2732496870072669,0.04899687997302148,0.5192304356362488,0.051373042544561154,0.41599294476818216,0.05400004727354135,0.593580495944404,0.04367471018521026,0.9214705676458467,0.006149395144640211,0.9309051345398371,0.008778547446142307,0.4164690380706692,0.01990908536518254,0.9034189414453259,0.012248739657462624,0.8875681329768886,0.014736127281051732,0.0,0.0,171267.0,0.0,64.0,0.0,-0.08224950500061588,0.14057812541475506,-0.0688682838239278,0.15286231024228364,-0.038975705973877395,0.1333815122948468,0.21541567419858493,0.0200329275750448,0.49240228548875936,0.05999346916397841,0.16972719700444547,0.03703921127025332,0.49711499315514934,0.06564798540224806,0.16423073443898992,0.03565916565675649,5.0,0.0,0.5669160257378952,0.10166965456417475,0.23271717363923852,0.05988633500571685,0.32808416806552365,0.07438861399186587,0.32808416806552365,0.07438861399186587,0.5923491998141109,0.09790720584767944,0.2982901568488868,0.07489981942597017,0.3943106723572749,0.08746609963817395,0.3943106723572749,0.08746609963817395,0.47576465791780065,0.0607179501647075,0.29884929040619307,0.05149570086266422,0.486518210014163,0.058520901132380766,0.21235541108602005,0.04175535466206941,0.49240228548875936,0.05999346916397841,0.16972719700444547,0.03703921127025332,0.5017271423197853,0.06667396582737467,0.12785217988145214,0.03285823877915584,0.5158548224539233,0.09131024287566925,0.08526403029498456,0.029391586946645655,0.6948875,0.013092155332488238,0.6948875,0.013092155332488238,0.7435875000000001,0.01409056089195884,0.7435875000000001,0.01409056089195884,0.7976625,0.01519581048348523,0.7976625,0.01519581048348523,0.8285,0.013694433175564423,0.8285,0.013694433175564423,0.5628875000000001,0.007840091278167635,0.5628875000000001,0.007840091278167635,0.6366124999999999,0.012217872410939645,0.6366124999999999,0.012217872410939645,0.6851458333333332,0.010782335895394402,0.6851458333333332,0.010782335895394402,0.7362333333333334,0.01276446891439929,0.7362333333333334,0.01276446891439929,0.5581578581793043,0.01863633070761291,0.5581578581793043,0.01863633070761291,0.9089258515789942,0.008506898871088728,0.9089258515789942,0.008506898871088728,0.6769081645494354,0.019412910966451924,0.6769081645494354,0.019412910966451924,0.9587407235028922,0.005883150807763456,0.9587407235028922,0.005883150807763456,0.42682252776890256,0.016696438368279894,0.42682252776890256,0.016696438368279894,0.8235990147345497,0.010351214741986393,0.8235990147345497,0.010351214741986393,0.5539628501658809,0.01710830730102193,0.5539628501658809,0.01710830730102193,0.897088529938812,0.007798554121969835,0.897088529938812,0.007798554121969835,0.2732496870072669,0.04899687997302148,0.5192304356362488,0.051373042544561154,0.41599294476818216,0.05400004727354135,0.593580495944404,0.04367471018521026,0.9214705676458467,0.006149395144640211,0.9309051345398371,0.008778547446142307,0.4164690380706692,0.01990908536518254,0.9034189414453259,0.012248739657462624,0.8875681329768886,0.014736127281051732
E:\MSImaging-data\_msi_visual\Extractions\Metaspace_datasets\Dataset5_spinalcord\5bins\0.npy,superpixel,parametric_umap,10,5000.0,0.0,0.7883152211436225,0.0,171267.0,0.0,46.5,2.8722813232690143,4.0,0.0,0.0,0.0,93.92182205002754,0.8087384246309263,0.5998980125636142,0.06696009743010584,0.8374382652035759,0.06711084058447973,0.7958386831109474,0.0364681706611238,0.8604003268827312,0.05208393291751836,0.9535332197519851,0.008854733499064172,0.9596440004146907,0.004915194503405331,0.5112715380706692,0.03211110132828869,0.9629763603828907,0.008873572413503584,0.9464769429113487,0.00810476092276136,0.0,0.0,171267.0,0.0,64.0,0.0,0.16366102365760155,0.16826094683374582,0.16905957972261754,0.13074923602332977,0.21844052040921863,0.20811483735743028,0.2344093638612666,0.01782064471960768,0.5744403641441174,0.06259987983436524,0.21239423717984285,0.03779317370014662,0.5763203942438107,0.06306491214105452,0.20313532450261412,0.03689487570576312,5.0,0.0,0.7674400723002064,0.09660034809663934,0.20780891800545484,0.07070576017802863,0.31975185417100355,0.09153054500398579,0.31975185417100355,0.09153054500398579,0.7697125166472744,0.10587651133826043,0.29021121591866694,0.04983474660006896,0.4178593305823258,0.057704254700366116,0.4178593305823258,0.057704254700366116,0.5705721848678168,0.07433222196675944,0.3693582561253043,0.04961082058276322,0.5715278829475865,0.06605468168971074,0.2645754864825781,0.040673301467867184,0.5744403641441174,0.06259987983436524,0.21239423717984285,0.03779317370014662,0.5787138638360072,0.06273761427304675,0.15958264694207921,0.03776379461591643,0.582196783386381,0.08060859616026815,0.10099367824493029,0.03770081972204868,0.8055999999999999,0.030875091092983028,0.8055999999999999,0.030875091092983028,0.8649625000000001,0.018144648832369294,0.8649625000000001,0.018144648832369294,0.911975,0.0204794714287259,0.911975,0.0204794714287259,0.9261375,0.013708511270375038,0.9261375,0.013708511270375038,0.618,0.038275889930869014,0.618,0.038275889930869014,0.7610875,0.023782349678911022,0.7610875,0.023782349678911022,0.778525,0.026922130508396085,0.778525,0.026922130508396085,0.8507291666666668,0.01659513033074594,0.8507291666666668,0.01659513033074594,0.7475069922650514,0.05052333645260072,0.7475069922650514,0.05052333645260072,0.950257186898494,0.012201182170633549,0.950257186898494,0.012201182170633549,0.8655653191562213,0.03335020369534365,0.8655653191562213,0.03335020369534365,0.9825237799031917,0.004925380728981087,0.9825237799031917,0.004925380728981087,0.5767029396607692,0.06442826638472741,0.5767029396607692,0.06442826638472741,0.8681077789886444,0.018074418001484332,0.8681077789886444,0.018074418001484332,0.729925083694014,0.045638064134326285,0.729925083694014,0.045638064134326285,0.9336295819301104,0.01051519632900717,0.9336295819301104,0.01051519632900717,0.5998980125636142,0.06696009743010584,0.8374382652035759,0.06711084058447973,0.7958386831109474,0.0364681706611238,0.8604003268827312,0.05208393291751836,0.9535332197519851,0.008854733499064172,0.9596440004146907,0.004915194503405331,0.5112715380706692,0.03211110132828869,0.9629763603828907,0.008873572413503584,0.9464769429113487,0.00810476092276136
E:\MSImaging-data\_msi_visual\Extractions\Metaspace_datasets\Dataset5_spinalcord\5bins\0.npy,superpixel,pca,10,5000.0,0.0,0.7883152211436225,0.0,171267.0,0.0,46.5,2.8722813232690143,-1.0,0.0,0.0,0.0,26.83195374000352,0.190082263604038,0.7325471546961013,0.005391095642059258,0.9349919962587107,0.0016266402905460182,0.8235350567336998,0.0034446078133586484,0.9268172255711526,0.0021174714543597726,0.9569068819284722,0.0014649918859801806,0.9496743237136469,0.0012738435258852615,0.4757302880706692,0.006265372002373435,0.954475722231804,0.0016968567285381207,0.924753910400138,0.002206100100454327,0.0,0.0,171267.0,0.0,64.0,0.0,0.11132512273630465,2.2650348396806903e-06,0.14379222141996412,1.991427078361508e-06,0.0501509269037666,2.4745076062972425e-06,0.25390963719389853,1.4177969704261264e-06,0.5424428094971232,1.3838767382468418e-06,0.19462429926443872,8.989469147016389e-07,0.541795292267481,1.6172911637976808e-06,0.1851230330961715,8.395515306941699e-07,5.0,0.0,0.7157244757110203,2.1733104308863102e-06,0.25448392095033573,2.7183515915907283e-06,0.37546649054734677,3.257712989185313e-06,0.37546649054734677,3.257712989185313e-06,0.6376248865790182,3.6122785025011185e-06,0.26560741566314194,4.1523506446815044e-06,0.3750040778277171,4.763357807279542e-06,0.3750040778277171,4.763357807279542e-06,0.537012176702544,1.2581544409767272e-06,0.34232137003193464,1.0653384519602862e-06,0.5384654069869058,1.4921072286755533e-06,0.24287146741241944,9.98271033982441e-07,0.5424428094971232,1.3838767382468418e-06,0.19462429926443872,8.989469147016389e-07,0.5457611008355603,1.5382288795733322e-06,0.1449847073190909,8.737786852828543e-07,0.5426758651958208,2.8794569062278958e-06,0.0872407018074619,6.426103919586847e-07,0.856075,0.002548406364769968,0.856075,0.002548406364769968,0.8776124999999999,0.0024567827030488277,0.8776124999999999,0.0024567827030488277,0.93505,0.001502289918757362,0.93505,0.001502289918757362,0.9363000000000001,0.001709532099727873,0.9363000000000001,0.001709532099727873,0.6487125,0.0030883096104503474,0.6487125,0.0030883096104503474,0.771575,0.0014221462653327994,0.771575,0.0014221462653327994,0.8132791666666666,0.0017114859122347105,0.8132791666666666,0.0017114859122347105,0.8618291666666666,0.0015716067945471298,0.8618291666666666,0.0015716067945471298,0.8335297753983311,0.0036754670004263265,0.8335297753983311,0.0036754670004263265,0.9470301135899902,0.0010566045694223236,0.9470301135899902,0.0010566045694223236,0.9066062164380767,0.0024286080367440215,0.9066062164380767,0.0024286080367440215,0.9835274301214817,0.0010337221307468768,0.9835274301214817,0.0010337221307468768,0.6682316012837383,0.00447506003566524,0.6682316012837383,0.00447506003566524,0.8538674424407343,0.0031654976714988623,0.8538674424407343,0.0031654976714988623,0.8027891977067153,0.0029450780384610025,0.8027891977067153,0.0029450780384610025,0.9281416620507354,0.0012363171783929918,0.9281416620507354,0.0012363171783929918,0.7325471546961013,0.005391095642059258,0.9349919962587107,0.0016266402905460182,0.8235350567336998,0.0034446078133586484,0.9268172255711526,0.0021174714543597726,0.9569068819284722,0.0014649918859801806,0.9496743237136469,0.0012738435258852615,0.4757302880706692,0.006265372002373435,0.954475722231804,0.0016968567285381207,0.924753910400138,0.002206100100454327
E:\MSImaging-data\_msi_visual\Extractions\Metaspace_datasets\Dataset5_spinalcord\5bins\0.npy,superpixel,top3,10,5000.0,0.0,0.7883152211436225,0.0,171267.0,0.0,46.5,2.8722813232690143,-1.0,0.0,0.0,0.0,0.9620917500462383,0.013148223146609373,0.5217806897960349,0.00983872758397989,0.9118414756072,0.0016786657507095566,0.6627060688737643,0.007909417299735733,0.9182062329865077,0.0011404309038390876,0.8904439687129232,0.0010729493034362678,0.9210348923751945,0.0010980394120869944,0.3260865380706692,0.003583640617880793,0.9112812116246983,0.001088960098065574,0.9150933744394619,0.001773037433274447,0.0,0.0,171267.0,0.0,64.0,0.0,0.05240457215835696,6.938893903907228e-18,0.056566676093847267,6.938893903907228e-18,0.03952280884725455,0.0,0.19649687562105758,2.7755575615628914e-17,0.556366248579133,0.0,0.20281796991383388,0.0,0.5387623176327149,0.0,0.19034221235935617,2.7755575615628914e-17,5.0,0.0,0.7083311705164805,1.1102230246251565e-16,0.2472975054593561,0.0,0.3666037571109067,5.551115123125783e-17,0.3666037571109067,5.551115123125783e-17,0.7181619256017504,1.1102230246251565e-16,0.3271264305325251,0.0,0.4495022754013858,0.0,0.4495022754013858,0.0,0.5651778451664666,1.1102230246251565e-16,0.36885976589535785,0.0,0.5631261063908081,1.1102230246251565e-16,0.26101636362661224,5.551115123125783e-17,0.556366248579133,0.0,0.20281796991383388,0.0,0.5401448527293136,0.0,0.1429518514677301,0.0,0.4918092685094459,5.551115123125783e-17,0.07584625606619524,0.0,0.8031874999999999,0.003865815728924506,0.8031874999999999,0.003865815728924506,0.8261000000000001,0.002495495942693561,0.8261000000000001,0.002495495942693561,0.8716750000000001,0.00339678156495232,0.8716750000000001,0.00339678156495232,0.8783749999999999,0.00310493558709355,0.8783749999999999,0.00310493558709355,0.6871375000000001,0.0029376063810524393,0.6871375000000001,0.0029376063810524393,0.755625,0.003504015553618445,0.755625,0.003504015553618445,0.7873333333333334,0.0026731691553909093,0.7873333333333334,0.0026731691553909093,0.8200333333333333,0.002452025806461978,0.8200333333333333,0.002452025806461978,0.7545054853962527,0.004546313934843885,0.7545054853962527,0.004546313934843885,0.9349303698503377,0.001579105750055874,0.9349303698503377,0.001579105750055874,0.8154618761672727,0.004531273674398078,0.8154618761672727,0.004531273674398078,0.9690994169936932,0.0013350884033668975,0.9690994169936932,0.0013350884033668975,0.658684811086873,0.00360769208713537,0.658684811086873,0.00360769208713537,0.8663432980467076,0.003827687951649326,0.8663432980467076,0.003827687951649326,0.7428840575501329,0.0036121143718404,0.7428840575501329,0.0036121143718404,0.9234576949635794,0.0018159624000541714,0.9234576949635794,0.0018159624000541714,0.5217806897960349,0.00983872758397989,0.9118414756072,0.0016786657507095566,0.6627060688737643,0.007909417299735733,0.9182062329865077,0.0011404309038390876,0.8904439687129232,0.0010729493034362678,0.9210348923751945,0.0010980394120869944,0.3260865380706692,0.003583640617880793,0.9112812116246983,0.001088960098065574,0.9150933744394619,0.001773037433274447
E:\MSImaging-data\_msi_visual\Extractions\Metaspace_datasets\Dataset5_spinalcord\5bins\0.npy,superpixel,nmf_3d,10,5000.0,0.0,0.7883152211436225,0.0,171267.0,0.0,46.5,2.8722813232690143,-1.0,0.0,0.0,0.0,278.7431563600432,1.2269526740583014,0.6550715981411778,0.003944400398856461,0.8251273491826151,0.003034291010401461,0.7767112870177024,0.003951211999639522,0.8156852804776877,0.003830270853379141,0.9379614985951189,0.001552204352220496,0.9306858132404041,0.001553986326306447,0.39973966307066916,0.005494515873805451,0.935557681528113,0.0017368627266522545,0.9136197973439117,0.002010921160989411,0.0,0.0,171267.0,0.0,64.0,0.0,-0.11719213405373333,2.624991345120459e-06,-0.07783732895521189,2.0795529670049646e-06,-0.19231385764990536,1.703477263583031e-06,0.2283153491467301,1.1868020168293087e-06,0.4555795345790246,1.8950963231385604e-06,0.14629973279297187,4.2699936421539494e-07,0.45410281190864427,1.8158348194257904e-06,0.13963421135446885,3.0991042616021084e-07,5.0,0.0,0.5706066369801898,1.017899679504316e-05,0.2723779233606075,6.342820380399779e-06,0.36873902118865,7.551900245846653e-06,0.36873902118865,7.551900245846653e-06,0.521563176143342,9.900441141052458e-06,0.2607669375957086,8.353987783089586e-06,0.3476957611799975,9.384120110381056e-06,0.3476957611799975,9.384120110381056e-06,0.44411804388310994,1.4330609753134196e-06,0.2771394072557413,4.696760384426626e-07,0.45051697894054754,1.2764568694347014e-06,0.18896180199780627,4.0210463434023493e-07,0.4555795345790246,1.8950963231385604e-06,0.14629973279297187,4.2699936421539494e-07,0.46037796273239084,2.250424718765727e-06,0.10353434499839491,3.13644403296713e-07,0.45525257937181235,2.2722444902967324e-06,0.05706119030819954,2.073010912876201e-07,0.7839125,0.005664320899278224,0.7839125,0.005664320899278224,0.849775,0.0031532721100469654,0.849775,0.0031532721100469654,0.9155125,0.0034867830804338885,0.9155125,0.0034867830804338885,0.9253250000000002,0.0028340562803162443,0.9253250000000002,0.0028340562803162443,0.5692875000000001,0.0031089839578228675,0.5692875000000001,0.0031089839578228675,0.7350125000000001,0.0021552624550156096,0.7350125000000001,0.0021552624550156096,0.7562374999999999,0.003330470124471894,0.7562374999999999,0.003330470124471894,0.8367041666666667,0.002013362479093684,0.8367041666666667,0.002013362479093684,0.7662482585165268,0.00511151256495142,0.7662482585165268,0.00511151256495142,0.9164912977065527,0.002593481747137111,0.9164912977065527,0.002593481747137111,0.8908795486839644,0.004335549408022805,0.8908795486839644,0.004335549408022805,0.9736099618908567,0.0015231610087317394,0.9736099618908567,0.0015231610087317394,0.5628104613788543,0.004574042518767277,0.5628104613788543,0.004574042518767277,0.8132278784313653,0.0027297843154568185,0.8132278784313653,0.0027297843154568185,0.7399794228597817,0.0036361941525361236,0.7399794228597817,0.0036361941525361236,0.9011097126762582,0.0014960612670263432,0.9011097126762582,0.0014960612670263432,0.6550715981411778,0.003944400398856461,0.8251273491826151,0.003034291010401461,0.7767112870177024,0.003951211999639522,0.8156852804776877,0.003830270853379141,0.9379614985951189,0.001552204352220496,0.9306858132404041,0.001553986326306447,0.39973966307066916,0.005494515873805451,0.935557681528113,0.0017368627266522545,0.9136197973439117,0.002010921160989411
E:\MSImaging-data\_msi_visual\Extractions\Metaspace_datasets\Dataset4_kidney\5bins\0.npy,random,parametric_mics_lmc__mics1,10,5000.0,0.0,0.4848698146513681,5.551115123125783e-17,219743.0,0.0,46.5,2.8722813232690143,4.0,0.0,0.0,0.0,40.713484879978935,0.2125896647483976,0.642039111230098,0.15458313251585995,0.4141991197984868,0.07218594218311984,0.6255873491353489,0.14546019176677114,0.609495991516448,0.08761455091618228,0.825812170588925,0.04217728718679359,0.8670115644397149,0.026934707759739985,0.2468502880706692,0.045465403145723074,0.8355326703173509,0.04485637305224223,0.8200263694377373,0.04509821972975452,0.0,0.0,219743.0,0.0,64.0,0.0,-0.09432324826998388,0.19240735311739884,-0.017513312081358944,0.14171584523984426,-0.06955932565249776,0.2680209304703861,0.5334890808841319,0.015770725505675938,0.4130843948782134,0.07763272279068888,0.1353269699014965,0.02138784832759713,0.4200429775772445,0.07805400917301172,0.13109794103304068,0.02120370833971872,5.0,0.0,0.5698290390910065,0.16560234454704267,0.12828111769686706,0.07799625177658887,0.19516653950737195,0.10867587021364154,0.19516653950737195,0.10867587021364154,0.4379933230360361,0.19001482716837795,0.20030694326841658,0.11127157560937526,0.26451481968366275,0.1416599880966568,0.26451481968366275,0.1416599880966568,0.42699080327583905,0.08566483086703608,0.28508749068826256,0.047735220275211925,0.41418656290687117,0.0793136901397418,0.18282220905210658,0.02899041561099395,0.4130843948782134,0.07763272279068888,0.1353269699014965,0.02138784832759713,0.41532897585288453,0.07711963779706363,0.08901958677745095,0.014476635950378403,0.430225346766728,0.07791782653806886,0.04519166150540348,0.008334111553504943,0.7131625,0.026314328915060685,0.7131625,0.026314328915060685,0.8111749999999999,0.04855368163177741,0.8111749999999999,0.04855368163177741,0.8281375000000001,0.030298744301538318,0.8281375000000001,0.030298744301538318,0.893575,0.0436857456729309,0.893575,0.0436857456729309,0.554125,0.01841975841318228,0.554125,0.01841975841318228,0.6818875,0.04242373488096022,0.6818875,0.04242373488096022,0.698475,0.021605058242612208,0.698475,0.021605058242612208,0.7955458333333334,0.0433847149302993,0.7955458333333334,0.0433847149302993,0.659936383347389,0.04839344378565523,0.659936383347389,0.04839344378565523,0.906298562692944,0.012664786545378769,0.906298562692944,0.012664786545378769,0.7809110529450402,0.051686995155158705,0.7809110529450402,0.051686995155158705,0.959108316760269,0.009566668583410194,0.959108316760269,0.009566668583410194,0.49962643844471477,0.03867838798399702,0.49962643844471477,0.03867838798399702,0.8049336631513727,0.018518257121579174,0.8049336631513727,0.018518257121579174,0.6468246249123814,0.04438111472091224,0.6468246249123814,0.04438111472091224,0.8901135142015285,0.011144842907117179,0.8901135142015285,0.011144842907117179,0.642039111230098,0.15458313251585995,0.4141991197984868,0.07218594218311984,0.6255873491353489,0.14546019176677114,0.609495991516448,0.08761455091618228,0.825812170588925,0.04217728718679359,0.8670115644397149,0.026934707759739985,0.2468502880706692,0.045465403145723074,0.8355326703173509,0.04485637305224223,0.8200263694377373,0.04509821972975452
E:\MSImaging-data\_msi_visual\Extractions\Metaspace_datasets\Dataset4_kidney\5bins\0.npy,random,parametric_mics_lmc__mics2,10,5000.0,0.0,0.4848698146513681,5.551115123125783e-17,219743.0,0.0,46.5,2.8722813232690143,4.0,0.0,0.0,0.0,787.8867809300078,2.9170455070080292,0.5564366005652907,0.14957742728956414,0.3422523506410016,0.06602943646862368,0.5736016473355163,0.1384027475381698,0.5572894155735928,0.08628539019183959,0.8151416012297762,0.06055352446328717,0.8699814398640381,0.029243554021445226,0.23858903807066914,0.050511878727464946,0.8242765854605036,0.06434540923732511,0.8110729070369093,0.06360237150783139,0.0,0.0,219743.0,0.0,64.0,0.0,-0.21928745643995357,0.14545389588013688,-0.11742819027023346,0.12974066030779569,-0.25121507394217596,0.18417346792288464,0.5543124587236833,0.014429617723431935,0.28446240932046996,0.05558562325968139,0.10738219841462823,0.01312620579712851,0.2953709774896977,0.05608163820349687,0.10611724113813514,0.014021173684689248,5.0,0.0,0.45907435479192393,0.11783006008864262,0.24102014535704205,0.07822015541636682,0.313734434328409,0.09164716737614596,0.313734434328409,0.09164716737614596,0.42715712112641846,0.12477634901347764,0.2794683178097657,0.09837039589962515,0.3361339837337688,0.10909271659880522,0.3361339837337688,0.10909271659880522,0.31759080617359065,0.06556346786266959,0.2412407323709203,0.03584726543540655,0.28870325146436693,0.058036272155304075,0.1475233125314262,0.019091710063069728,0.28446240932046996,0.05558562325968139,0.10738219841462823,0.01312620579712851,0.28620949863042655,0.053296207430077173,0.06980353699807736,0.008293901274626762,0.30499077469676805,0.05446046029345519,0.034970174462688686,0.004928295449558046,0.6954374999999999,0.019732844606138267,0.6954374999999999,0.019732844606138267,0.791025,0.033440095693643,0.791025,0.033440095693643,0.8009999999999999,0.02481109882693631,0.8009999999999999,0.02481109882693631,0.8683625000000001,0.034238841704269135,0.8683625000000001,0.034238841704269135,0.5562499999999999,0.015600881385357677,0.5562499999999999,0.015600881385357677,0.6806125,0.025465690767187122,0.6806125,0.025465690767187122,0.6842291666666667,0.016588025404054456,0.6842291666666667,0.016588025404054456,0.78,0.03003848226303496,0.78,0.03003848226303496,0.6098999882736886,0.04322443108178846,0.6098999882736886,0.04322443108178846,0.9117404514287129,0.007932418520686725,0.9117404514287129,0.007932418520686725,0.725811285241055,0.04724586798878653,0.725811285241055,0.04724586798878653,0.958031302612742,0.0070128124275274884,0.958031302612742,0.0070128124275274884,0.4682141342774483,0.03276981904951628,0.4682141342774483,0.03276981904951628,0.8261203178099784,0.013104104917259794,0.8261203178099784,0.013104104917259794,0.6013084692640638,0.03948537256594023,0.6013084692640638,0.03948537256594023,0.8986306906171444,0.007610071819538423,0.8986306906171444,0.007610071819538423,0.5564366005652907,0.14957742728956414,0.3422523506410016,0.06602943646862368,0.5736016473355163,0.1384027475381698,0.5572894155735928,0.08628539019183959,0.8151416012297762,0.06055352446328717,0.8699814398640381,0.029243554021445226,0.23858903807066914,0.050511878727464946,0.8242765854605036,0.06434540923732511,0.8110729070369093,0.06360237150783139
E:\MSImaging-data\_msi_visual\Extractions\Metaspace_datasets\Dataset4_kidney\5bins\0.npy,random,parametric_mics_lmc__mics3,10,5000.0,0.0,0.4848698146513681,5.551115123125783e-17,219743.0,0.0,46.5,2.8722813232690143,4.0,0.0,0.0,0.0,43.929894899996,1.0502679705541014,0.3211046235248992,0.11898805833591956,0.24131547384754498,0.05945740492001359,0.35729854290411245,0.12267453367555335,0.29659443359866045,0.09101221404074844,0.7472475105867479,0.06666898562552055,0.7693379081759569,0.04707287469167127,0.17372153807066915,0.053477475329133904,0.7450328604691273,0.06604328843248962,0.7379359382545705,0.06291830492973867,0.0,0.0,219743.0,0.0,64.0,0.0,0.032457361888815955,0.08729455453079404,0.0655812949829998,0.07684490297523966,0.008131350497321383,0.11861177030468904,0.530931565118218,0.011413469422747213,0.4932565598754827,0.061943246892914056,0.160902198714053,0.028420608409011172,0.5022630371451313,0.061798826835480734,0.1544426614399646,0.025975025644041232,5.0,0.0,0.60085720828516,0.09418052079073547,0.1819688470222975,0.06579628266931595,0.2686760118751522,0.08891420885116309,0.2686760118751522,0.08891420885116309,0.522338146386561,0.09485074924206181,0.2503898532317245,0.07470142225476467,0.33571306095443454,0.09108007718514573,0.33571306095443454,0.09108007718514573,0.4959715935380874,0.050258955998439776,0.3192554614064912,0.03897852511141818,0.490188695706108,0.05868181835154859,0.21197666703401757,0.032896780674043814,0.4932565598754827,0.061943246892914056,0.160902198714053,0.028420608409011172,0.4997969775458623,0.06533590715871418,0.10930524361401853,0.022488331236156102,0.5236647811796524,0.06875648044893454,0.059500010132148076,0.01598188073122338,0.6497250000000001,0.014911488859265519,0.6497250000000001,0.014911488859265519,0.742225,0.023016963852776066,0.742225,0.023016963852776066,0.7481375,0.0197215340744578,0.7481375,0.0197215340744578,0.8212125,0.026476053449296415,0.8212125,0.026476053449296415,0.5331,0.006872454074055346,0.5331,0.006872454074055346,0.6417375000000001,0.016194853542097855,0.6417375000000001,0.016194853542097855,0.6436541666666666,0.013050796192186897,0.6436541666666666,0.013050796192186897,0.7350583333333333,0.02152826146410032,0.7350583333333333,0.02152826146410032,0.5162540693239102,0.03274481814848946,0.5162540693239102,0.03274481814848946,0.906993004270543,0.008015095642219278,0.906993004270543,0.008015095642219278,0.6255180809476937,0.038200944140876235,0.6255180809476937,0.038200944140876235,0.9534843361009706,0.006090896602032874,0.9534843361009706,0.006090896602032874,0.39720782600429927,0.024475173338971794,0.39720782600429927,0.024475173338971794,0.8281891053180332,0.013107234267017936,0.8281891053180332,0.013107234267017936,0.5129933254253011,0.03159677923704103,0.5129933254253011,0.03159677923704103,0.8962221485631824,0.007471323941672902,0.8962221485631824,0.007471323941672902,0.3211046235248992,0.11898805833591956,0.24131547384754498,0.05945740492001359,0.35729854290411245,0.12267453367555335,0.29659443359866045,0.09101221404074844,0.7472475105867479,0.06666898562552055,0.7693379081759569,0.04707287469167127,0.17372153807066915,0.053477475329133904,0.7450328604691273,0.06604328843248962,0.7379359382545705,0.06291830492973867
E:\MSImaging-data\_msi_visual\Extractions\Metaspace_datasets\Dataset4_kidney\5bins\0.npy,random,parametric_umap,10,5000.0,0.0,0.4848698146513681,5.551115123125783e-17,219743.0,0.0,46.5,2.8722813232690143,4.0,0.0,0.0,0.0,40.77796207000502,0.4582661697464421,0.6851791503315767,0.08799040578231361,0.4010041212835452,0.038719046439759715,0.6888150762929073,0.07931848755410185,0.7462755980669458,0.009618793425737807,0.8873147256483275,0.007777493774143381,0.9244723749346185,0.00889234600688682,0.34053528807066913,0.020382495065082797,0.9000955062090377,0.008816228060983308,0.895098967747499,0.008497769635274276,0.0,0.0,219743.0,0.0,64.0,0.0,-0.15061224189033193,0.11722340717479875,-0.05756212680097211,0.09548740842145846,-0.180064622204264,0.13512125514578482,0.5562226178961349,0.0076383286402265885,0.2934886853937626,0.053706331864583165,0.10839725256462455,0.014052056482904817,0.3055045013677432,0.05359717126068973,0.10774851204566387,0.014112768533077042,5.0,0.0,0.505045388267416,0.08218845075772759,0.234419983065199,0.03141683545505437,0.31983523927361907,0.044642428783934346,0.31983523927361907,0.044642428783934346,0.4781462413725543,0.09453664213970332,0.3188867132373695,0.05925495777262863,0.38079358439903277,0.06673168748309578,0.38079358439903277,0.06673168748309578,0.3398220515176399,0.061703635264085385,0.24742001018944654,0.03333137193274032,0.30192979880500725,0.056050746837768624,0.14976997896905483,0.01964864250056501,0.2934886853937626,0.053706331864583165,0.10839725256462455,0.014052056482904817,0.29224276185023496,0.05101707781222486,0.07021259736849018,0.008829746690133956,0.3109290400016315,0.05063253964599916,0.035286022230858034,0.004848751672358032,0.736125,0.023745196882738205,0.736125,0.023745196882738205,0.8292999999999999,0.031453398067617426,0.8292999999999999,0.031453398067617426,0.8490249999999999,0.025574083561293058,0.8490249999999999,0.025574083561293058,0.9070874999999999,0.03071095335951,0.9070874999999999,0.03071095335951,0.567225,0.022171406134929725,0.567225,0.022171406134929725,0.70365,0.033202541318399115,0.70365,0.033202541318399115,0.7174583333333333,0.019717087555383695,0.7174583333333333,0.019717087555383695,0.8133458333333333,0.027832747311695036,0.8133458333333333,0.027832747311695036,0.6964796006780936,0.04285631911745132,0.6964796006780936,0.04285631911745132,0.9184492273091435,0.006191555031308341,0.9184492273091435,0.006191555031308341,0.8146390751761668,0.04058575905771736,0.8146390751761668,0.04058575905771736,0.9643247364209074,0.0073399789955226735,0.9643247364209074,0.0073399789955226735,0.5243766859516595,0.037364246940756435,0.5243766859516595,0.037364246940756435,0.8264184200582045,0.014545572013366538,0.8264184200582045,0.014545572013366538,0.6784984539353067,0.0368242083980311,0.6784984539353067,0.0368242083980311,0.9030641279294185,0.005589332335645858,0.9030641279294185,0.005589332335645858,0.6851791503315767,0.08799040578231361,0.4010041212835452,0.038719046439759715,0.6888150762929073,0.07931848755410185,0.7462755980669458,0.009618793425737807,0.8873147256483275,0.007777493774143381,0.9244723749346185,0.00889234600688682,0.34053528807066913,0.020382495065082797,0.9000955062090377,0.008816228060983308,0.895098967747499,0.008497769635274276
E:\MSImaging-data\_msi_visual\Extractions\Metaspace_datasets\Dataset4_kidney\5bins\0.npy,random,pca,10,5000.0,0.0,0.4848698146513681,5.551115123125783e-17,219743.0,0.0,46.5,2.8722813232690143,-1.0,0.0,0.0,0.0,20.94747056995984,0.26959913966497534,0.5723150997378098,0.010196048653899009,0.4575847729943249,0.05090600652613685,0.5153334285009559,0.010305521204776283,0.5434238951828722,0.004494076523667476,0.7128303631510498,0.004785614580459709,0.8272147053192498,0.003583632054084217,0.13327153807066916,0.0031410152742584636,0.7298807498275266,0.003783540130906866,0.7171816954122111,0.0035924185647069613,0.0,0.0,219743.0,0.0,64.0,0.0,-0.10996566762370841,1.60865734634457e-05,-0.02043522283595113,8.678843378585226e-06,-0.18758636184498717,3.6851881412838844e-05,0.5263742412427502,3.112949414617198e-06,0.37030605338294625,8.646190932217062e-06,0.13041638057659927,1.8012866771212484e-06,0.3827377735244543,8.846229533582001e-06,0.12812262995922644,1.7752143662791691e-06,5.0,0.0,0.6135171377177043,5.555820350198499e-05,0.02496471916454982,5.850664673927278e-06,0.047977191109715565,1.0973996579471078e-05,0.047977191109715565,1.0973996579471078e-05,0.45424799484964085,5.2867921924461584e-05,0.13175098786339262,4.321002227608639e-06,0.2042584497736942,6.7174415511200406e-06,0.2042584497736942,6.7174415511200406e-06,0.40866782221346776,9.173236291906423e-06,0.2833343059507345,4.236906505242604e-06,0.37680902622384405,8.804987472227526e-06,0.177010238608251,2.68240972104786e-06,0.37030605338294625,8.646190932217062e-06,0.13041638057659927,1.8012866771212484e-06,0.36915585088863623,9.61216874086616e-06,0.08560456911132527,1.2837831307759636e-06,0.3950058616707436,1.5815884378011182e-05,0.045508340424083464,1.1848026926895866e-06,0.7031499999999999,0.004305810028322195,0.7031499999999999,0.004305810028322195,0.774925,0.002698494950893936,0.774925,0.002698494950893936,0.8015125000000001,0.002817051872081876,0.8015125000000001,0.002817051872081876,0.8542874999999999,0.0031215230657485036,0.8542874999999999,0.0031215230657485036,0.5693249999999999,0.003583468989680263,0.5693249999999999,0.003583468989680263,0.6663874999999999,0.003129721433290836,0.6663874999999999,0.003129721433290836,0.6913291666666667,0.0030264143846767014,0.6913291666666667,0.0030264143846767014,0.7652,0.00220784585814618,0.7652,0.00220784585814618,0.6460009796174779,0.005237917578463139,0.6460009796174779,0.005237917578463139,0.8958961012876797,0.0024814751069351317,0.8958961012876797,0.0024814751069351317,0.747358749338788,0.004530926163088214,0.747358749338788,0.004530926163088214,0.9464281238439423,0.00307083988355743,0.9464281238439423,0.00307083988355743,0.5059453927741365,0.004792338638084051,0.5059453927741365,0.004792338638084051,0.8135214266299957,0.0024035223359286932,0.8135214266299957,0.0024035223359286932,0.6331017072434675,0.004350715971629232,0.6331017072434675,0.004350715971629232,0.8852818839205392,0.001831769474852882,0.8852818839205392,0.001831769474852882,0.5723150997378098,0.010196048653899009,0.4575847729943249,0.05090600652613685,0.5153334285009559,0.010305521204776283,0.5434238951828722,0.004494076523667476,0.7128303631510498,0.004785614580459709,0.8272147053192498,0.003583632054084217,0.13327153807066916,0.0031410152742584636,0.7298807498275266,0.003783540130906866,0.7171816954122111,0.0035924185647069613
E:\MSImaging-data\_msi_visual\Extractions\Metaspace_datasets\Dataset4_kidney\5bins\0.npy,random,top3,10,5000.0,0.0,0.4848698146513681,5.551115123125783e-17,219743.0,0.0,46.5,2.8722813232690143,-1.0,0.0,0.0,0.0,0.9449995200149715,0.01944022708754591,0.30186680411293765,0.008515302103187343,0.5050351533550752,0.031753630011678725,0.2596164452804007,0.007348797128312368,0.5298034889372257,0.006493235392193903,0.6695982810438499,0.006497978066816873,0.7331471865210728,0.004096608459943376,0.11709091307066917,0.004270854898319544,0.6726539526560883,0.006787125934760992,0.6981085387202484,0.006717291494157708,0.0,0.0,219743.0,0.0,64.0,0.0,-0.1473474463016506,2.7755575615628914e-17,-0.10390341890103838,0.0,-0.1164739789121576,0.0,0.5058179042816027,1.1102230246251565e-16,0.44215218419471497,0.0,0.12997041210383561,0.0,0.43985384636608493,0.0,0.12482437797370638,0.0,5.0,0.0,0.4157169845816321,5.551115123125783e-17,0.12033410951171324,0.0,0.1866424066651162,0.0,0.1866424066651162,0.0,0.4637543771402039,0.0,0.21142922664408692,0.0,0.2904431587556417,0.0,0.2904431587556417,0.0,0.4418109783060675,0.0,0.27034316975245576,0.0,0.44228112524456475,5.551115123125783e-17,0.17567124700786146,0.0,0.44215218419471497,0.0,0.12997041210383561,0.0,0.4397002825710123,5.551115123125783e-17,0.08494094035637376,0.0,0.43536784576775256,0.0,0.04143531499040953,0.0,0.6678875000000001,0.004398668122284284,0.6678875000000001,0.004398668122284284,0.722475,0.002472852603775645,0.722475,0.002472852603775645,0.765725,0.002680834758055764,0.765725,0.002680834758055764,0.80155,0.0019073869560212596,0.80155,0.0019073869560212596,0.5458749999999999,0.004797785947705461,0.5458749999999999,0.004797785947705461,0.6245625,0.004540529291833715,0.6245625,0.004540529291833715,0.6598291666666667,0.003501857146175766,0.6598291666666667,0.003501857146175766,0.7161958333333334,0.0022836260457146946,0.7161958333333334,0.0022836260457146946,0.573947137556361,0.005920108230752485,0.573947137556361,0.005920108230752485,0.8956573404310337,0.0016666508616848832,0.8956573404310337,0.0016666508616848832,0.6768819952534982,0.003754342709661663,0.6768819952534982,0.003754342709661663,0.9439881815978787,0.0015732522373989122,0.9439881815978787,0.0015732522373989122,0.44734239702103656,0.005841538313233229,0.44734239702103656,0.005841538313233229,0.8198821356491195,0.003430787594851199,0.8198821356491195,0.003430787594851199,0.5660571766102986,0.004384879705911983,0.5660571766102986,0.004384879705911983,0.8865092192260107,0.001983136409795333,0.8865092192260107,0.001983136409795333,0.30186680411293765,0.008515302103187343,0.5050351533550752,0.031753630011678725,0.2596164452804007,0.007348797128312368,0.5298034889372257,0.006493235392193903,0.6695982810438499,0.006497978066816873,0.7331471865210728,0.004096608459943376,0.11709091307066917,0.004270854898319544,0.6726539526560883,0.006787125934760992,0.6981085387202484,0.006717291494157708
E:\MSImaging-data\_msi_visual\Extractions\Metaspace_datasets\Dataset4_kidney\5bins\0.npy,random,nmf_3d,10,5000.0,0.0,0.4848698146513681,5.551115123125783e-17,219743.0,0.0,46.5,2.8722813232690143,-1.0,0.0,0.0,0.0,151.74629894003738,1.5445938339491467,0.43617671368242544,0.0045097687665143155,0.31238622657669696,0.04556129243631102,0.4502964093660641,0.005948475881367068,0.618803895711726,0.0036953895787545273,0.8437899267476865,0.0021100282344396703,0.8625913398924308,0.002308475078492884,0.23690716307066917,0.0036469756305739245,0.8432185792514659,0.0029928867730882676,0.8230058054501551,0.003174947688792634,0.0,0.0,219743.0,0.0,64.0,0.0,-0.4649682483380911,5.11010014181495e-06,-0.3394905314507931,3.5737266305072533e-06,-0.25083293962615594,7.839652208364897e-06,0.5266712545850144,3.4221133270068783e-06,0.2158039110414535,3.012525396601899e-06,0.09140438993356542,2.303494849957703e-06,0.2233843991802858,1.5420705302262699e-06,0.08898862767221052,1.994228907637861e-06,5.0,0.0,0.2550197411015563,9.90929098312332e-06,0.09811071126164268,1.0584250635053971e-05,0.14170495866161043,9.511073500167999e-06,0.14170495866161043,9.511073500167999e-06,0.43315191223396143,1.1699789480144954e-05,0.2810612475303415,2.4696584815142587e-05,0.3409128347141661,1.4660953550551247e-05,0.3409128347141661,1.4660953550551247e-05,0.23043198006745352,6.276779353204123e-06,0.19600395369123572,3.7914306427851976e-06,0.21564151845469132,2.342434484122943e-06,0.1239559383503696,2.6059441185091414e-06,0.2158039110414535,3.012525396601899e-06,0.09140438993356542,2.303494849957703e-06,0.21920654404174483,1.1923767355144453e-06,0.06012288076478746,1.5982874039269615e-06,0.23486705222426676,2.6581479760951434e-06,0.030062620113030042,6.963872045428073e-07,0.6701125,0.003602277925146792,0.6701125,0.003602277925146792,0.739275,0.0028448418233708653,0.739275,0.0028448418233708653,0.787025,0.004268269555686483,0.787025,0.004268269555686483,0.8378125000000001,0.004252664605867704,0.8378125000000001,0.004252664605867704,0.5200875,0.0025211914346197554,0.5200875,0.0025211914346197554,0.6097750000000001,0.0022366269246345207,0.6097750000000001,0.0022366269246345207,0.659075,0.0020502201778779213,0.659075,0.0020502201778779213,0.7289541666666668,0.001645748942984121,0.7289541666666668,0.001645748942984121,0.5802463696443391,0.004909102036076356,0.5802463696443391,0.004909102036076356,0.8952447851737191,0.0014530212864891446,0.8952447851737191,0.0014530212864891446,0.7131668115762438,0.005425692612082107,0.7131668115762438,0.005425692612082107,0.9476929039241243,0.0021326255672060824,0.9476929039241243,0.0021326255672060824,0.4138330058242823,0.0026989112549418762,0.4138330058242823,0.0026989112549418762,0.8095846970780112,0.0035453961269769595,0.8095846970780112,0.0035453961269769595,0.5690820623482884,0.0028618229095488576,0.5690820623482884,0.0028618229095488576,0.884174128725285,0.0012784625731470497,0.884174128725285,0.0012784625731470497,0.43617671368242544,0.0045097687665143155,0.31238622657669696,0.04556129243631102,0.4502964093660641,0.005948475881367068,0.618803895711726,0.0036953895787545273,0.8437899267476865,0.0021100282344396703,0.8625913398924308,0.002308475078492884,0.23690716307066917,0.0036469756305739245,0.8432185792514659,0.0029928867730882676,0.8230058054501551,0.003174947688792634
E:\MSImaging-data\_msi_visual\Extractions\Metaspace_datasets\Dataset4_kidney\5bins\0.npy,superpixel,parametric_mics_lmc__mics1,10,5000.0,0.0,0.4848698146513681,5.551115123125783e-17,219743.0,0.0,46.5,2.8722813232690143,4.0,0.0,0.0,0.0,60.405545550026,0.7422770439141191,0.7303089897872893,0.10209128318141338,0.3871572325847158,0.04651623373797257,0.7071064167651849,0.10159597414653158,0.6513774429063205,0.0796536341232017,0.8518103063830065,0.023868238474029874,0.8827751835544799,0.021014597885019474,0.2721540380706692,0.03646908091645065,0.8638870989996551,0.02367577188083039,0.8491883627975163,0.025679270981936585,0.0,0.0,219743.0,0.0,64.0,0.0,-0.04373070475305622,0.2314090286916631,0.0017487108652583239,0.16723944606499283,-0.1597064300768849,0.31475022589219087,0.5319609540759875,0.014641517502576506,0.457899245446031,0.14574120526179937,0.15810462789726137,0.04874217233491383,0.4622938581983795,0.1441217296741716,0.15091471185042418,0.044848602663087725,5.0,0.0,0.5399320788750133,0.18036991743761055,0.11494055179226643,0.06640294652219193,0.17260911679118257,0.0879029843772607,0.17260911679118257,0.0879029843772607,0.4302004866187462,0.167241499506681,0.2065181343494214,0.04388097199729156,0.2746537480118353,0.0659255091827732,0.2746537480118353,0.0659255091827732,0.4643065384416475,0.14008434059683358,0.31466022811667865,0.08013941161507573,0.4579651618786545,0.14547215549053,0.20998496144559747,0.0609715982240516,0.457899245446031,0.14574120526179937,0.15810462789726137,0.04874217233491383,0.45890072234579316,0.14445032916844106,0.1055685558339147,0.03473209877779985,0.4708342460982016,0.14515474372671294,0.05506474987608313,0.021150004179187037,0.7274750000000001,0.019473122502567487,0.7274750000000001,0.019473122502567487,0.8347750000000002,0.03670170295776479,0.8347750000000002,0.03670170295776479,0.844775,0.023540842168452685,0.844775,0.023540842168452685,0.9178625,0.0314834505137223,0.9178625,0.0314834505137223,0.5600750000000001,0.01609194285970468,0.5600750000000001,0.01609194285970468,0.6991875,0.03773489971167274,0.6991875,0.03773489971167274,0.710775,0.01653154812270565,0.710775,0.01653154812270565,0.8172750000000001,0.03375172937956091,0.8172750000000001,0.03375172937956091,0.689899358509147,0.03590710260662764,0.689899358509147,0.03590710260662764,0.9084726618780646,0.0102794488105566,0.9084726618780646,0.0102794488105566,0.8112147363908374,0.036491818073637855,0.8112147363908374,0.036491818073637855,0.9625706733083588,0.008691860879232217,0.9625706733083588,0.008691860879232217,0.5207131876290058,0.03295145210555486,0.5207131876290058,0.03295145210555486,0.8040457145822602,0.012623446329281265,0.8040457145822602,0.012623446329281265,0.6739424275096634,0.03324104197481831,0.6739424275096634,0.03324104197481831,0.8916963499228945,0.008551311132563596,0.8916963499228945,0.008551311132563596,0.7303089897872893,0.10209128318141338,0.3871572325847158,0.04651623373797257,0.7071064167651849,0.10159597414653158,0.6513774429063205,0.0796536341232017,0.8518103063830065,0.023868238474029874,0.8827751835544799,0.021014597885019474,0.2721540380706692,0.03646908091645065,0.8638870989996551,0.02367577188083039,0.8491883627975163,0.025679270981936585
E:\MSImaging-data\_msi_visual\Extractions\Metaspace_datasets\Dataset4_kidney\5bins\0.npy,superpixel,parametric_mics_lmc__mics2,10,5000.0,0.0,0.4848698146513681,5.551115123125783e-17,219743.0,0.0,46.5,2.8722813232690143,4.0,0.0,0.0,0.0,988.9136633899994,7.512352278615708,0.7140012018386785,0.10931212623278305,0.38139165074175185,0.053999777224373914,0.7264829694578735,0.09386126058277826,0.67817698808102,0.05240285096466486,0.8652186384766036,0.013418468378361697,0.896340172503724,0.015062647860603245,0.2977765380706692,0.01835102671897748,0.8781214448947914,0.014826777900458641,0.8672927608658159,0.016576947487585796,0.0,0.0,219743.0,0.0,64.0,0.0,-0.14263825022374915,0.21056400202319545,-0.07995488170226246,0.1805883696980425,-0.23847010740812652,0.14561874111486334,0.548736646936195,0.019329063457308233,0.3689216167342339,0.10935431626274007,0.1266926354950671,0.030608051078002765,0.3778675986551336,0.1086236867561639,0.12327344083704588,0.0288475555820402,5.0,0.0,0.4611694106997284,0.14305387055046934,0.2207072043465989,0.0635764438937406,0.29591135328796264,0.08140662979367652,0.29591135328796264,0.08140662979367652,0.4326368562360095,0.0785709670555845,0.3027042760372566,0.04894978596897344,0.35409501594439496,0.052675216380910536,0.35409501594439496,0.052675216380910536,0.38711851196127123,0.11342635578403021,0.26870305688883067,0.05784414125386279,0.3703192366031018,0.11118330793160966,0.171305568667424,0.03983870373210153,0.3689216167342339,0.10935431626274007,0.1266926354950671,0.030608051078002765,0.3720172387668911,0.1075753767413438,0.08372948592463028,0.02116244507053681,0.3906102774813047,0.10615379371420221,0.04300658395263561,0.011995362082393574,0.7322749999999999,0.026191410805834796,0.7322749999999999,0.026191410805834796,0.8447125,0.043363725119620423,0.8447125,0.043363725119620423,0.8506124999999999,0.020165289639625807,0.8506124999999999,0.020165289639625807,0.9193125,0.02754231120022427,0.9193125,0.02754231120022427,0.5596625000000001,0.022001281922878934,0.5596625000000001,0.022001281922878934,0.71415,0.04645507910874761,0.71415,0.04645507910874761,0.7141833333333334,0.02121371248089836,0.7141833333333334,0.02121371248089836,0.8260583333333333,0.03816898737485997,0.8260583333333333,0.03816898737485997,0.6873360184189135,0.048483781272494524,0.6873360184189135,0.048483781272494524,0.9200719069893386,0.010115313003317488,0.9200719069893386,0.010115313003317488,0.8143082480464875,0.03742593524551475,0.8143082480464875,0.03742593524551475,0.9666732760884813,0.0052305328584170835,0.9666732760884813,0.0052305328584170835,0.5111127267490253,0.04274620333224918,0.5111127267490253,0.04274620333224918,0.8217221906523605,0.01428102331283593,0.8217221906523605,0.01428102331283593,0.670918997738142,0.04158262905248844,0.670918997738142,0.04158262905248844,0.9028224579100602,0.0089902140077719,0.9028224579100602,0.0089902140077719,0.7140012018386785,0.10931212623278305,0.38139165074175185,0.053999777224373914,0.7264829694578735,0.09386126058277826,0.67817698808102,0.05240285096466486,0.8652186384766036,0.013418468378361697,0.896340172503724,0.015062647860603245,0.2977765380706692,0.01835102671897748,0.8781214448947914,0.014826777900458641,0.8672927608658159,0.016576947487585796
E:\MSImaging-data\_msi_visual\Extractions\Metaspace_datasets\Dataset4_kidney\5bins\0.npy,superpixel,parametric_mics_lmc__mics3,10,5000.0,0.0,0.4848698146513681,5.551115123125783e-17,219743.0,0.0,46.5,2.8722813232690143,4.0,0.0,0.0,0.0,63.56816779994406,0.522215000927738,0.4155381624059979,0.10156328543376426,0.21147482172651086,0.04573196772065512,0.472894817709067,0.11157235375329026,0.38530663362945505,0.06797182035296398,0.807331370625181,0.04965209676773603,0.8192767540660661,0.027919362037365572,0.21933403807066915,0.041472641589252845,0.8053641341842015,0.049894711548446914,0.7940572861331494,0.05008310505165642,0.0,0.0,219743.0,0.0,64.0,0.0,-0.0038713937691685963,0.12571644712702373,0.03585677433881174,0.10406707362099005,-0.0020744603617170233,0.21568998924034102,0.539754078846338,0.009655180648541187,0.4455107571693383,0.09879409115757577,0.1484334034895894,0.04413345490099785,0.4552961656940118,0.09788946120815897,0.1436857587947045,0.03975555684579665,5.0,0.0,0.5600988992208359,0.09892291435799112,0.20378386960203215,0.08874013318362763,0.28353435951668476,0.11517205256519009,0.28353435951668476,0.11517205256519009,0.539169346965467,0.12275174838315815,0.2759790431837426,0.06675728987526798,0.363430334904441,0.08287127264000549,0.363430334904441,0.08287127264000549,0.464736423511855,0.08134574157211663,0.3050794228369477,0.057502574996513824,0.44700555846258627,0.09376655081864539,0.1977530868063985,0.05057017222250467,0.4455107571693383,0.09879409115757577,0.1484334034895894,0.04413345490099785,0.44903613207353105,0.10258180383878968,0.09987922310335519,0.03487170142961204,0.4695020905572088,0.10594156116115108,0.05323383116008432,0.023841458811025427,0.6637875,0.011672624222941465,0.6637875,0.011672624222941465,0.7648374999999998,0.02311168873643812,0.7648374999999998,0.02311168873643812,0.7674375,0.015376041631382233,0.7674375,0.015376041631382233,0.8445,0.025519722764951815,0.8445,0.025519722764951815,0.535425,0.01053761120937758,0.535425,0.01053761120937758,0.6584874999999999,0.017307914555197,0.6584874999999999,0.017307914555197,0.65555,0.010754485498308753,0.65555,0.010754485498308753,0.7559416666666665,0.02154708345822134,0.7559416666666665,0.02154708345822134,0.5414846127412108,0.023801842307500314,0.5414846127412108,0.023801842307500314,0.911735613309531,0.003980155660839324,0.911735613309531,0.003980155660839324,0.6562939690484337,0.02863318204030925,0.6562939690484337,0.02863318204030925,0.9581935973993657,0.004881495331670423,0.9581935973993657,0.004881495331670423,0.41382801485140036,0.01820879262218564,0.41382801485140036,0.01820879262218564,0.8272242221421434,0.007328128141022996,0.8272242221421434,0.007328128141022996,0.5372021988803484,0.02263170811560395,0.5372021988803484,0.02263170811560395,0.8990511442836799,0.0031581682393249317,0.8990511442836799,0.0031581682393249317,0.4155381624059979,0.10156328543376426,0.21147482172651086,0.04573196772065512,0.472894817709067,0.11157235375329026,0.38530663362945505,0.06797182035296398,0.807331370625181,0.04965209676773603,0.8192767540660661,0.027919362037365572,0.21933403807066915,0.041472641589252845,0.8053641341842015,0.049894711548446914,0.7940572861331494,0.05008310505165642
E:\MSImaging-data\_msi_visual\Extractions\Metaspace_datasets\Dataset4_kidney\5bins\0.npy,superpixel,parametric_umap,10,5000.0,0.0,0.4848698146513681,5.551115123125783e-17,219743.0,0.0,46.5,2.8722813232690143,4.0,0.0,0.0,0.0,53.858179789967835,0.390159871360218,0.6551828951179136,0.14949551438405165,0.4056837615905078,0.05287293093635563,0.6413991301708346,0.1478183118837531,0.7267064346823782,0.03199424408068808,0.8828740187321925,0.010887445982327479,0.9149962831505594,0.013467590243353434,0.3270784130706692,0.02236202448488286,0.8958837892376682,0.013149529852396227,0.8880419778371852,0.011154662622965323,0.0,0.0,219743.0,0.0,64.0,0.0,-0.20798777118254472,0.27558391103224344,-0.1246369244183179,0.22243344027224224,-0.2759888628836628,0.25612433162349735,0.5470654256752933,0.019406232790482283,0.29785093169478655,0.12316953521900277,0.11206929127847036,0.02488140792447655,0.3079290363230676,0.1235848390359435,0.11010661881987915,0.024796397380969015,5.0,0.0,0.43404416106671456,0.15065488088481038,0.19748359441151567,0.0748342803563597,0.2698670964402185,0.09817322874041179,0.2698670964402185,0.09817322874041179,0.407513246255608,0.15305774365455016,0.24061617979113742,0.07298862660174374,0.30038881757337305,0.0940323629063312,0.30038881757337305,0.0940323629063312,0.33083762569847874,0.13023637876383617,0.24671297408312834,0.05630564378480235,0.303295155324529,0.12526538808583043,0.15333146417698842,0.03431282826725335,0.29785093169478655,0.12316953521900277,0.11206929127847036,0.02488140792447655,0.29851468452779434,0.12171737226212223,0.0731986094241967,0.01636465815213552,0.31529472119089863,0.12123224277346628,0.0368395181568638,0.008691259554642738,0.721875,0.030841834413666138,0.721875,0.030841834413666138,0.8120375,0.04885258597300657,0.8120375,0.04885258597300657,0.8305250000000001,0.036693698369066045,0.8305250000000001,0.036693698369066045,0.8863375,0.04674207987723695,0.8863375,0.04674207987723695,0.5678875,0.01648516852355475,0.5678875,0.01648516852355475,0.7005625,0.04275220206316863,0.7005625,0.04275220206316863,0.7067625,0.025732194828549777,0.7067625,0.025732194828549777,0.7996458333333332,0.04452539557033091,0.7996458333333332,0.04452539557033091,0.6727990252634759,0.0566524271968382,0.6727990252634759,0.0566524271968382,0.912957358054487,0.011377298833680704,0.912957358054487,0.011377298833680704,0.785862004413543,0.059577117245496955,0.785862004413543,0.059577117245496955,0.959205256168724,0.010526836469946966,0.959205256168724,0.010526836469946966,0.5177130781100174,0.03806375717270302,0.5177130781100174,0.03806375717270302,0.8264671440154412,0.016190847650163626,0.8264671440154412,0.016190847650163626,0.6587913692623455,0.050292726780814555,0.6587913692623455,0.050292726780814555,0.8995432527462176,0.009909692903383746,0.8995432527462176,0.009909692903383746,0.6551828951179136,0.14949551438405165,0.4056837615905078,0.05287293093635563,0.6413991301708346,0.1478183118837531,0.7267064346823782,0.03199424408068808,0.8828740187321925,0.010887445982327479,0.9149962831505594,0.013467590243353434,0.3270784130706692,0.02236202448488286,0.8958837892376682,0.013149529852396227,0.8880419778371852,0.011154662622965323
E:\MSImaging-data\_msi_visual\Extractions\Metaspace_datasets\Dataset4_kidney\5bins\0.npy,superpixel,pca,10,5000.0,0.0,0.4848698146513681,5.551115123125783e-17,219743.0,0.0,46.5,2.8722813232690143,-1.0,0.0,0.0,0.0,21.006060459953733,0.45844906421130843,0.5723161701212882,0.010197733122370158,0.45758599000592515,0.050900487325778836,0.5153320566577737,0.01030953307793944,0.5434287995631486,0.004492910405190721,0.7128333193624229,0.004858171571462683,0.8272355548856071,0.0035864835399150655,0.13326778807066916,0.0031330701421489124,0.7298975802000689,0.003792728191048314,0.7172014793894446,0.003546938817523192,0.0,0.0,219743.0,0.0,64.0,0.0,-0.10996727985719223,1.3630021501182018e-05,-0.02043872662413744,8.092203812328913e-06,-0.18757608692165406,1.6516627230285765e-05,0.5263760775866466,2.9144502685335565e-06,0.37030559924985434,5.048605733202558e-06,0.13041614609797084,1.810633381633969e-06,0.382741237240539,4.803210785935597e-06,0.12812241184236584,1.68598271597017e-06,5.0,0.0,0.6135087643136645,3.8388394194909474e-05,0.024963837143663563,4.04192747579486e-06,0.047975536735329005,7.581424362735472e-06,0.047975536735329005,7.581424362735472e-06,0.45427672473392267,4.491092940417801e-05,0.13175010584250638,4.04192747579963e-06,0.20426029444793986,8.08072278639328e-06,0.20426029444793986,8.08072278639328e-06,0.408666410989533,5.5951343908150986e-06,0.28333227811786643,3.294797705893767e-06,0.37680713783325437,5.398781995413762e-06,0.17700937874284295,2.599940839832896e-06,0.37030559924985434,5.048605733202558e-06,0.13041614609797084,1.810633381633969e-06,0.36915878795526447,5.3750657638489904e-06,0.08560473916138715,1.314463420466685e-06,0.3950193766898434,8.861900408141715e-06,0.04550922467407493,9.356018174797728e-07,0.703375,0.004291707119550435,0.703375,0.004291707119550435,0.7750999999999999,0.002606362407647886,0.7750999999999999,0.002606362407647886,0.80175,0.0027500000000000107,0.80175,0.0027500000000000107,0.8542875000000001,0.0031986569447191495,0.8542875000000001,0.0031986569447191495,0.5695125,0.0033756712295482786,0.5695125,0.0033756712295482786,0.66655,0.0030275815430802428,0.66655,0.0030275815430802428,0.6915458333333333,0.002966564253850281,0.6915458333333333,0.002966564253850281,0.7653125,0.002198504068426722,0.7653125,0.002198504068426722,0.6460702312644686,0.005296061841223418,0.6460702312644686,0.005296061841223418,0.8960630897465467,0.002308474658088219,0.8960630897465467,0.002308474658088219,0.7476636844068122,0.00442302296801627,0.7476636844068122,0.00442302296801627,0.9464162807280955,0.0029939706478439867,0.9464162807280955,0.0029939706478439867,0.5062284523259034,0.004512560468762883,0.5062284523259034,0.004512560468762883,0.813733725938623,0.0020445146450544845,0.813733725938623,0.0020445146450544845,0.6333207893323947,0.004280741584591581,0.6333207893323947,0.004280741584591581,0.8854043654710886,0.001664398077893424,0.8854043654710886,0.001664398077893424,0.5723161701212882,0.010197733122370158,0.45758599000592515,0.050900487325778836,0.5153320566577737,0.01030953307793944,0.5434287995631486,0.004492910405190721,0.7128333193624229,0.004858171571462683,0.8272355548856071,0.0035864835399150655,0.13326778807066916,0.0031330701421489124,0.7298975802000689,0.003792728191048314,0.7172014793894446,0.003546938817523192
E:\MSImaging-data\_msi_visual\Extractions\Metaspace_datasets\Dataset4_kidney\5bins\0.npy,superpixel,top3,10,5000.0,0.0,0.4848698146513681,5.551115123125783e-17,219743.0,0.0,46.5,2.8722813232690143,-1.0,0.0,0.0,0.0,0.9372701899847016,0.00903848098991053,0.30186680411293765,0.008515302103187343,0.5050351533550752,0.031753630011678725,0.2596164452804007,0.007348797128312368,0.5298034889372257,0.006493235392193903,0.6695982810438499,0.006497978066816873,0.7331471865210728,0.004096608459943376,0.11709091307066917,0.004270854898319544,0.6726539526560883,0.006787125934760992,0.6981085387202484,0.006717291494157708,0.0,0.0,219743.0,0.0,64.0,0.0,-0.1473474463016506,2.7755575615628914e-17,-0.10390341890103838,0.0,-0.1164739789121576,0.0,0.5058179042816027,1.1102230246251565e-16,0.44215218419471497,0.0,0.12997041210383561,0.0,0.43985384636608493,0.0,0.12482437797370638,0.0,5.0,0.0,0.4157169845816321,5.551115123125783e-17,0.12033410951171324,0.0,0.1866424066651162,0.0,0.1866424066651162,0.0,0.4637543771402039,0.0,0.21142922664408692,0.0,0.2904431587556417,0.0,0.2904431587556417,0.0,0.4418109783060675,0.0,0.27034316975245576,0.0,0.44228112524456475,5.551115123125783e-17,0.17567124700786146,0.0,0.44215218419471497,0.0,0.12997041210383561,0.0,0.4397002825710123,5.551115123125783e-17,0.08494094035637376,0.0,0.43536784576775256,0.0,0.04143531499040953,0.0,0.6678875000000001,0.004398668122284284,0.6678875000000001,0.004398668122284284,0.722475,0.002472852603775645,0.722475,0.002472852603775645,0.765725,0.002680834758055764,0.765725,0.002680834758055764,0.80155,0.0019073869560212596,0.80155,0.0019073869560212596,0.5458749999999999,0.004797785947705461,0.5458749999999999,0.004797785947705461,0.6245625,0.004540529291833715,0.6245625,0.004540529291833715,0.6598291666666667,0.003501857146175766,0.6598291666666667,0.003501857146175766,0.7161958333333334,0.0022836260457146946,0.7161958333333334,0.0022836260457146946,0.573947137556361,0.005920108230752485,0.573947137556361,0.005920108230752485,0.8956573404310337,0.0016666508616848832,0.8956573404310337,0.0016666508616848832,0.6768819952534982,0.003754342709661663,0.6768819952534982,0.003754342709661663,0.9439881815978787,0.0015732522373989122,0.9439881815978787,0.0015732522373989122,0.44734239702103656,0.005841538313233229,0.44734239702103656,0.005841538313233229,0.8198821356491195,0.003430787594851199,0.8198821356491195,0.003430787594851199,0.5660571766102986,0.004384879705911983,0.5660571766102986,0.004384879705911983,0.8865092192260107,0.001983136409795333,0.8865092192260107,0.001983136409795333,0.30186680411293765,0.008515302103187343,0.5050351533550752,0.031753630011678725,0.2596164452804007,0.007348797128312368,0.5298034889372257,0.006493235392193903,0.6695982810438499,0.006497978066816873,0.7331471865210728,0.004096608459943376,0.11709091307066917,0.004270854898319544,0.6726539526560883,0.006787125934760992,0.6981085387202484,0.006717291494157708
E:\MSImaging-data\_msi_visual\Extractions\Metaspace_datasets\Dataset4_kidney\5bins\0.npy,superpixel,nmf_3d,10,5000.0,0.0,0.4848698146513681,5.551115123125783e-17,219743.0,0.0,46.5,2.8722813232690143,-1.0,0.0,0.0,0.0,150.9961608099984,0.6739474503774282,0.43617671368242544,0.0045097687665143155,0.31238622657669696,0.04556129243631102,0.4502964093660641,0.005948475881367068,0.618803895711726,0.0036953895787545273,0.8437899267476865,0.0021100282344396703,0.8625913398924308,0.002308475078492884,0.23690716307066917,0.0036469756305739245,0.8432185792514659,0.0029928867730882676,0.8230058054501551,0.003174947688792634,0.0,0.0,219743.0,0.0,64.0,0.0,-0.4649682483380911,5.11010014181495e-06,-0.3394905314507931,3.5737266305072533e-06,-0.25083293962615594,7.839652208364897e-06,0.5266712545850144,3.4221133270068783e-06,0.2158039110414535,3.012525396601899e-06,0.09140438993356542,2.303494849957703e-06,0.2233843991802858,1.5420705302262699e-06,0.08898862767221052,1.994228907637861e-06,5.0,0.0,0.2550197411015563,9.90929098312332e-06,0.09811071126164268,1.0584250635053971e-05,0.14170495866161043,9.511073500167999e-06,0.14170495866161043,9.511073500167999e-06,0.43315191223396143,1.1699789480144954e-05,0.2810612475303415,2.4696584815142587e-05,0.3409128347141661,1.4660953550551247e-05,0.3409128347141661,1.4660953550551247e-05,0.23043198006745352,6.276779353204123e-06,0.19600395369123572,3.7914306427851976e-06,0.21564151845469132,2.342434484122943e-06,0.1239559383503696,2.6059441185091414e-06,0.2158039110414535,3.012525396601899e-06,0.09140438993356542,2.303494849957703e-06,0.21920654404174483,1.1923767355144453e-06,0.06012288076478746,1.5982874039269615e-06,0.23486705222426676,2.6581479760951434e-06,0.030062620113030042,6.963872045428073e-07,0.6701125,0.003602277925146792,0.6701125,0.003602277925146792,0.739275,0.0028448418233708653,0.739275,0.0028448418233708653,0.787025,0.004268269555686483,0.787025,0.004268269555686483,0.8378125000000001,0.004252664605867704,0.8378125000000001,0.004252664605867704,0.5200875,0.0025211914346197554,0.5200875,0.0025211914346197554,0.6097750000000001,0.0022366269246345207,0.6097750000000001,0.0022366269246345207,0.659075,0.0020502201778779213,0.659075,0.0020502201778779213,0.7289541666666668,0.001645748942984121,0.7289541666666668,0.001645748942984121,0.5802463696443391,0.004909102036076356,0.5802463696443391,0.004909102036076356,0.8952447851737191,0.0014530212864891446,0.8952447851737191,0.0014530212864891446,0.7131668115762438,0.005425692612082107,0.7131668115762438,0.005425692612082107,0.9476929039241243,0.0021326255672060824,0.9476929039241243,0.0021326255672060824,0.4138330058242823,0.0026989112549418762,0.4138330058242823,0.0026989112549418762,0.8095846970780112,0.0035453961269769595,0.8095846970780112,0.0035453961269769595,0.5690820623482884,0.0028618229095488576,0.5690820623482884,0.0028618229095488576,0.884174128725285,0.0012784625731470497,0.884174128725285,0.0012784625731470497,0.43617671368242544,0.0045097687665143155,0.31238622657669696,0.04556129243631102,0.4502964093660641,0.005948475881367068,0.618803895711726,0.0036953895787545273,0.8437899267476865,0.0021100282344396703,0.8625913398924308,0.002308475078492884,0.23690716307066917,0.0036469756305739245,0.8432185792514659,0.0029928867730882676,0.8230058054501551,0.003174947688792634
E:\MSImaging-data\_msi_visual\Extractions\NRL4506-5um\Intelli-slide\5_bins\0.npy,random,parametric_mics_lmc__mics1,10,5000.0,0.0,0.8042314933353415,0.0,1067939.0,0.0,46.5,2.8722813232690143,4.0,0.0,0.0,0.0,53.94347725990228,1.21044256518486,0.7340059376794112,0.08023476524707959,0.7651863420773773,0.059496564804485536,0.7208770465667689,0.0828533900876824,0.7491590035515744,0.07329732944095468,0.851828435805088,0.05418789457423734,0.8818074372715806,0.034678021317242326,0.29082216307066916,0.05521455875434938,0.8590028811659192,0.05585308801329351,0.8443771132286996,0.053990299408327704,0.0,0.0,300000.0,0.0,64.0,0.0,-0.027371562794578468,0.07785478053042054,-0.008434133471310678,0.1053472210267361,0.016207860695462144,0.09038513364029561,0.21786052364772918,0.009334904976524727,0.5171389256657025,0.04027420546749328,0.17379674072606727,0.03597663905438573,0.5280110515164201,0.04886135112229497,0.17058404800346558,0.039486791433232596,5.0,0.0,0.37941278829424596,0.06800161663526016,0.22002278598098157,0.08232743421007443,0.27442103913671395,0.08540253312860478,0.27442103913671395,0.08540253312860478,0.3989863396219246,0.1091507541981966,0.22926058363695842,0.11101354273501327,0.28470345082095533,0.12058047440329084,0.28470345082095533,0.12058047440329084,0.4983512487451917,0.03344255946523571,0.3064560692829509,0.03500204522609411,0.5084818048584256,0.036235112585835276,0.21706934842340603,0.034912365346184096,0.5171389256657025,0.04027420546749328,0.17379674072606727,0.03597663905438573,0.5311169536052363,0.050208010183720966,0.13209016924954808,0.03922984819224492,0.5638795849837013,0.08019670675000676,0.09582614063823985,0.04984366232114046,0.8027374999999999,0.03054829424452372,0.8027374999999999,0.03054829424452372,0.8475125,0.03283312209111404,0.8475125,0.03283312209111404,0.8975750000000001,0.028272015757635684,0.8975750000000001,0.028272015757635684,0.9219250000000001,0.02717312551032728,0.9219250000000001,0.02717312551032728,0.641775,0.018084506490363497,0.641775,0.018084506490363497,0.713675,0.029824916177585488,0.713675,0.029824916177585488,0.7806958333333334,0.024863733140750303,0.7806958333333334,0.024863733140750303,0.8277041666666667,0.02930005480891724,0.8277041666666667,0.02930005480891724,0.7703577549775729,0.05893308553900523,0.7703577549775729,0.05893308553900523,0.9165767633002269,0.008621998385785017,0.9165767633002269,0.008621998385785017,0.8688413496147106,0.04671334351186181,0.8688413496147106,0.04671334351186181,0.9673269369096659,0.008926108752252207,0.9673269369096659,0.008926108752252207,0.5957107779358466,0.04775093771889953,0.5957107779358466,0.04775093771889953,0.811840965734425,0.008021315272877942,0.811840965734425,0.008021315272877942,0.7449699608427099,0.050374103365337645,0.7449699608427099,0.050374103365337645,0.8985815553147726,0.006841734758838183,0.8985815553147726,0.006841734758838183,0.7340059376794112,0.08023476524707959,0.7651863420773773,0.059496564804485536,0.7208770465667689,0.0828533900876824,0.7491590035515744,0.07329732944095468,0.851828435805088,0.05418789457423734,0.8818074372715806,0.034678021317242326,0.29082216307066916,0.05521455875434938,0.8590028811659192,0.05585308801329351,0.8443771132286996,0.053990299408327704
E:\MSImaging-data\_msi_visual\Extractions\NRL4506-5um\Intelli-slide\5_bins\0.npy,random,parametric_mics_lmc__mics2,10,5000.0,0.0,0.8042314933353415,0.0,1067939.0,0.0,46.5,2.8722813232690143,4.0,0.0,0.0,0.0,786.6421054500388,4.827722648462469,0.5175490929286992,0.09395388526122977,0.5088986245711844,0.08671006400532193,0.6078927579192754,0.0895917726855194,0.5854155346613502,0.08323960068930085,0.8371722302798685,0.032128915967870465,0.8816410626382352,0.014951276159221927,0.27071216307066914,0.03297542003617999,0.8453536322869954,0.03062756727388967,0.8297686499655054,0.032949582073029955,0.0,0.0,300000.0,0.0,64.0,0.0,0.06360557526828822,0.0796647257318904,0.08040878696180037,0.09078770540320523,0.20046505001559703,0.0654543498404806,0.22869383201596166,0.01581639611882173,0.5424197256890091,0.04540333646743846,0.1888437460805519,0.03944456754605059,0.5460845613484197,0.04867575331405017,0.18045821324683672,0.03836109079648744,5.0,0.0,0.4441026728741628,0.0502703261952062,0.30064477558064767,0.06120191223776111,0.3562997876868936,0.06086321562166107,0.3562997876868936,0.06086321562166107,0.5121034518261826,0.04618520003858004,0.3659347328287329,0.06715832289659997,0.4237181388247911,0.05542947491746873,0.4237181388247911,0.05542947491746873,0.5337180631190146,0.03895531257226406,0.33689240957662653,0.04028951026180174,0.5383363442252416,0.0421530179975095,0.23832510255094258,0.03986066142132633,0.5424197256890091,0.04540333646743846,0.1888437460805519,0.03944456754605059,0.5482122931530558,0.05018258384115032,0.13809214834619457,0.038313046055668785,0.5593176074353023,0.06231124126192367,0.08579937639468846,0.0379483050072434,0.7482249999999999,0.025118830088202766,0.7482249999999999,0.025118830088202766,0.8024749999999999,0.028739715551828283,0.8024749999999999,0.028739715551828283,0.8447374999999999,0.02360537875675795,0.8447374999999999,0.02360537875675795,0.8801500000000001,0.024108401025368723,0.8801500000000001,0.024108401025368723,0.6128,0.018640949546629874,0.6128,0.018640949546629874,0.6842374999999999,0.025371209692287042,0.6842374999999999,0.025371209692287042,0.7352541666666668,0.021910276714237186,0.7352541666666668,0.021910276714237186,0.7889541666666666,0.02528271704643314,0.7889541666666666,0.02528271704643314,0.6241794859755557,0.049597047192279385,0.6241794859755557,0.049597047192279385,0.9272799811378727,0.0077831895237802495,0.9272799811378727,0.0077831895237802495,0.7439661149148284,0.04641041100282463,0.7439661149148284,0.04641041100282463,0.9693693350120342,0.0047367331061505796,0.9693693350120342,0.0047367331061505796,0.4805219531186058,0.03960127100082722,0.4805219531186058,0.03960127100082722,0.8365287875257469,0.0127676065027423,0.8365287875257469,0.0127676065027423,0.6162225180029967,0.04474678246578752,0.6162225180029967,0.04474678246578752,0.9110593678918846,0.006738761676256822,0.9110593678918846,0.006738761676256822,0.5175490929286992,0.09395388526122977,0.5088986245711844,0.08671006400532193,0.6078927579192754,0.0895917726855194,0.5854155346613502,0.08323960068930085,0.8371722302798685,0.032128915967870465,0.8816410626382352,0.014951276159221927,0.27071216307066914,0.03297542003617999,0.8453536322869954,0.03062756727388967,0.8297686499655054,0.032949582073029955
E:\MSImaging-data\_msi_visual\Extractions\NRL4506-5um\Intelli-slide\5_bins\0.npy,random,parametric_mics_lmc__mics3,10,5000.0,0.0,0.8042314933353415,0.0,1067939.0,0.0,46.5,2.8722813232690143,4.0,0.0,0.0,0.0,56.37969632002059,0.40400120109346965,0.3510690760006262,0.03665986220762398,0.37753418917672743,0.04618643102414173,0.4211576211919345,0.03930506160437528,0.4371843496938589,0.041440511006647446,0.8449157218571628,0.018594033467930027,0.8332212030114814,0.010690453163836839,0.2583121630706692,0.017895742073884502,0.8258333813383926,0.02159218847119197,0.8178120321662641,0.02036207598784113,0.0,0.0,300000.0,0.0,64.0,0.0,0.061897907799941185,0.06272778733110033,0.10076171245383858,0.08616484287643358,0.12369201723098502,0.07387210354714965,0.21124532255479722,0.009198526676585996,0.5334080501552603,0.038979256199279215,0.1964162064963396,0.03434484386679098,0.5393689942297882,0.049019217710933545,0.19369040908279206,0.039136686823488524,5.0,0.0,0.45022959880798863,0.02987744513901721,0.3191995578166067,0.02999521210774018,0.37219813995382234,0.02208549701823205,0.37219813995382234,0.02208549701823205,0.48654082492051975,0.04516681147287562,0.3196949837001275,0.04362011810132409,0.38452765579086945,0.041187064079421076,0.38452765579086945,0.041187064079421076,0.5286004610261319,0.02806873378244683,0.34079770654977903,0.027764161483596523,0.5307680684403449,0.033365099601146246,0.24373020602694515,0.03110766754893629,0.5334080501552603,0.038979256199279215,0.1964162064963396,0.03434484386679098,0.53814363276661,0.05055477426304406,0.15093471209814807,0.04059886350196787,0.5571867212702932,0.08081369457902349,0.11452661974560865,0.055956303807492835,0.708225,0.008364695152843288,0.708225,0.008364695152843288,0.7533749999999999,0.009677293009927937,0.7533749999999999,0.009677293009927937,0.800975,0.011935215750039878,0.800975,0.011935215750039878,0.8318124999999998,0.011536389437341301,0.8318124999999998,0.011536389437341301,0.589175,0.00356773737822726,0.589175,0.00356773737822726,0.6485125,0.006533435639079939,0.6485125,0.006533435639079939,0.6994583333333334,0.0070252026463456865,0.6994583333333334,0.0070252026463456865,0.7445666666666667,0.008436161416452651,0.7445666666666667,0.008436161416452651,0.5577260982877358,0.01824152541540773,0.5577260982877358,0.01824152541540773,0.9139963127327977,0.0039135998320603245,0.9139963127327977,0.0039135998320603245,0.6690598080350083,0.021793606895846893,0.6690598080350083,0.021793606895846893,0.9584822364759168,0.003555479767966351,0.9584822364759168,0.003555479767966351,0.4335200814937935,0.00958423367592683,0.4335200814937935,0.00958423367592683,0.8296191418500115,0.0057128529848790854,0.8296191418500115,0.0057128529848790854,0.5534353292721792,0.016319552189863695,0.5534353292721792,0.016319552189863695,0.9006992303529084,0.003228694988510602,0.9006992303529084,0.003228694988510602,0.3510690760006262,0.03665986220762398,0.37753418917672743,0.04618643102414173,0.4211576211919345,0.03930506160437528,0.4371843496938589,0.041440511006647446,0.8449157218571628,0.018594033467930027,0.8332212030114814,0.010690453163836839,0.2583121630706692,0.017895742073884502,0.8258333813383926,0.02159218847119197,0.8178120321662641,0.02036207598784113
E:\MSImaging-data\_msi_visual\Extractions\NRL4506-5um\Intelli-slide\5_bins\0.npy,random,parametric_umap,10,5000.0,0.0,0.8042314933353415,0.0,1067939.0,0.0,46.5,2.8722813232690143,4.0,0.0,0.0,0.0,52.74177709000651,0.36659752912047383,0.8255999470375442,0.11428267500653777,0.8081589655241188,0.12529991505715374,0.8453614844055419,0.08095603143611768,0.8167516173372815,0.08941333065719136,0.8886837946644388,0.01076342099446753,0.9219517102081408,0.00790272479548265,0.3427890380706692,0.02991485798922711,0.8976641915315625,0.01495841697974179,0.88436887935495,0.016205684351717396,0.0,0.0,300000.0,0.0,64.0,0.0,-0.026870291172648903,0.12574240487486435,0.0034958864248686495,0.12078268585724126,0.1126607632507689,0.12867419613451817,0.2162792824867005,0.010429726887879838,0.5073693068244541,0.05999014431247853,0.16438755955240508,0.03296581463579878,0.5227992478099143,0.05968317541886296,0.15950540639922714,0.030775495888402282,5.0,0.0,0.37868508074839724,0.07867057777100954,0.20760036547811075,0.0817327351589334,0.26484050160024397,0.0865380280404123,0.26484050160024397,0.0865380280404123,0.4549597899309933,0.06449368260696196,0.28155373317841875,0.05275577941605599,0.3459926153615849,0.054086913481007595,0.3459926153615849,0.054086913481007595,0.4876587837071871,0.05918073228523564,0.30041116807495805,0.04396837434583912,0.49777304732339245,0.05930072390316932,0.20908960045372288,0.03727739640740731,0.5073693068244541,0.05999014431247853,0.16438755955240508,0.03296581463579878,0.5255998496249179,0.060649320449271474,0.1206827427369473,0.027571977257297226,0.5694643343623274,0.0666615679455344,0.07877553880619684,0.02233670818069117,0.8396625,0.044553340573407076,0.8396625,0.044553340573407076,0.8961874999999999,0.045030623260732254,0.8961874999999999,0.045030623260732254,0.91905,0.03731815074464435,0.91905,0.03731815074464435,0.9486625,0.03380916342132705,0.9486625,0.03380916342132705,0.6987625000000001,0.039901302062088174,0.6987625000000001,0.039901302062088174,0.7965000000000001,0.0463749663072654,0.7965000000000001,0.0463749663072654,0.8191583333333334,0.039966790901947616,0.8191583333333334,0.039966790901947616,0.8804500000000001,0.0415001288485282,0.8804500000000001,0.0415001288485282,0.8103619761794384,0.08984480623251737,0.8103619761794384,0.08984480623251737,0.94512735776005,0.008165779253016663,0.94512735776005,0.008165779253016663,0.8895608221930141,0.07222536578685113,0.8895608221930141,0.07222536578685113,0.9815961866474554,0.005954347157808723,0.9815961866474554,0.005954347157808723,0.6800063929199125,0.08707575379546126,0.6800063929199125,0.08707575379546126,0.8527601333339051,0.008205192801559482,0.8527601333339051,0.008205192801559482,0.7933097304307883,0.08227446945392454,0.7933097304307883,0.08227446945392454,0.9264945592471368,0.007061565940066228,0.9264945592471368,0.007061565940066228,0.8255999470375442,0.11428267500653777,0.8081589655241188,0.12529991505715374,0.8453614844055419,0.08095603143611768,0.8167516173372815,0.08941333065719136,0.8886837946644388,0.01076342099446753,0.9219517102081408,0.00790272479548265,0.3427890380706692,0.02991485798922711,0.8976641915315625,0.01495841697974179,0.88436887935495,0.016205684351717396
E:\MSImaging-data\_msi_visual\Extractions\NRL4506-5um\Intelli-slide\5_bins\0.npy,random,pca,10,5000.0,0.0,0.8042314933353415,0.0,1067939.0,0.0,46.5,2.8722813232690143,-1.0,0.0,0.0,0.0,60.4277303900104,0.4487981974800914,0.8368380449675092,0.002601040821563763,0.8401812056860386,0.003230408501284781,0.8139903818156518,0.004155035350658506,0.8351507078591883,0.003566740743426781,0.8671332487660642,0.0032473427647230968,0.9084443317519464,0.0019769222692160144,0.32519153807066914,0.003237872143186811,0.8809190388927215,0.0031115327580480984,0.8808410434632632,0.002964774332485097,0.0,0.0,300000.0,0.0,64.0,0.0,0.14494837449958767,1.2132120790251782e-05,0.21399310194145463,8.125599095159045e-06,0.0036636067009949494,4.306117314603329e-06,0.2395038048483812,4.7934655538997665e-06,0.6200789985786038,5.55110635654653e-06,0.2738846061171777,1.4565280823892188e-06,0.6399351991517451,4.062916792592228e-06,0.27281485171155273,1.5836951773823426e-06,5.0,0.0,0.4978216603522438,1.8635902828309e-05,0.36417863306674486,1.0189700998865436e-05,0.4206402553598978,1.3373049876595501e-05,0.4206402553598978,1.3373049876595501e-05,0.41222672444497455,5.820413367042031e-06,0.25845687019886976,6.057786864041524e-06,0.31771413482246985,5.978546982722321e-06,0.31771413482246985,5.978546982722321e-06,0.5858385157503969,4.386897771544616e-06,0.4027620335919634,7.904149473266963e-07,0.6040584621726413,6.425576732835329e-06,0.31563829807720506,1.8118714707014869e-06,0.6200789985786038,5.55110635654653e-06,0.2738846061171777,1.4565280823892188e-06,0.6469784177632787,4.490046997059038e-06,0.23496033668657806,2.3992764799259874e-06,0.7043225502564986,1.221510411928946e-06,0.2050122310098869,1.943870441434822e-06,0.8458,0.0037149192454210937,0.8458,0.0037149192454210937,0.8816500000000002,0.0028738040990993145,0.8816500000000002,0.0028738040990993145,0.9299625,0.0024225825579327525,0.9299625,0.0024225825579327525,0.9492,0.00241298570240272,0.9492,0.00241298570240272,0.6823750000000001,0.003336352799090643,0.6823750000000001,0.003336352799090643,0.7457750000000001,0.0032814821346458683,0.7457750000000001,0.0032814821346458683,0.8193791666666665,0.002353443841834076,0.8193791666666665,0.002353443841834076,0.8588749999999999,0.002368851690869059,0.8588749999999999,0.002368851690869059,0.8393522560869691,0.004836160708908985,0.8393522560869691,0.004836160708908985,0.9204678707733092,0.0028945293290893836,0.9204678707733092,0.0028945293290893836,0.9232572378113986,0.0026166675867604987,0.9232572378113986,0.0026166675867604987,0.9710300246994311,0.001694366827501775,0.9710300246994311,0.001694366827501775,0.661251913619545,0.0034646768438378324,0.661251913619545,0.0034646768438378324,0.816927017702915,0.003301236983661546,0.816927017702915,0.003301236983661546,0.8079538025059708,0.002920425051920674,0.8079538025059708,0.002920425051920674,0.9028083043918851,0.00212427265353822,0.9028083043918851,0.00212427265353822,0.8368380449675092,0.002601040821563763,0.8401812056860386,0.003230408501284781,0.8139903818156518,0.004155035350658506,0.8351507078591883,0.003566740743426781,0.8671332487660642,0.0032473427647230968,0.9084443317519464,0.0019769222692160144,0.32519153807066914,0.003237872143186811,0.8809190388927215,0.0031115327580480984,0.8808410434632632,0.002964774332485097
E:\MSImaging-data\_msi_visual\Extractions\NRL4506-5um\Intelli-slide\5_bins\0.npy,random,top3,10,5000.0,0.0,0.8042314933353415,0.0,1067939.0,0.0,46.5,2.8722813232690143,-1.0,0.0,0.0,0.0,1.3577894899761305,0.012525602607207512,0.37623227994267816,0.007243083075399362,0.45675001929067427,0.005581117613847586,0.40848756542991504,0.006679571164315083,0.4853826580633559,0.006385475689183898,0.694490665295956,0.007503088712881752,0.8266281950001606,0.004076695504511525,0.16465341307066916,0.004534897497463421,0.7086027807002415,0.007125718994763773,0.7090455178509831,0.00724501866083034,0.0,0.0,300000.0,0.0,64.0,0.0,-0.05054003846011083,0.0,-0.0456507121436927,0.0,0.08620454631068439,1.3877787807814457e-17,0.2181687193002469,2.7755575615628914e-17,0.49663186059804676,0.0,0.15091053194454937,0.0,0.49735941202530076,1.1102230246251565e-16,0.14381725817635532,0.0,5.0,0.0,0.38976727065870265,0.0,0.26278327373633686,0.0,0.3139199568791268,0.0,0.3139199568791268,0.0,0.4694894044197528,5.551115123125783e-17,0.38511466311716724,5.551115123125783e-17,0.4231368903761542,5.551115123125783e-17,0.4231368903761542,5.551115123125783e-17,0.48738405751374464,0.0,0.2907170613798784,0.0,0.49322281498237575,5.551115123125783e-17,0.1976260485302678,2.7755575615628914e-17,0.49663186059804676,0.0,0.15091053194454937,0.0,0.5012494266190439,1.1102230246251565e-16,0.104017620924105,0.0,0.5027999548545463,0.0,0.055943891395826076,6.938893903907228e-18,0.7096875,0.0020843539166849737,0.7096875,0.0020843539166849737,0.74125,0.0016992645467966492,0.74125,0.0016992645467966492,0.801525,0.0015143067720907845,0.801525,0.0015143067720907845,0.8259374999999999,0.002045001528116795,0.8259374999999999,0.002045001528116795,0.5940124999999999,0.002456146626323447,0.5940124999999999,0.002456146626323447,0.6354,0.00258529495415899,0.6354,0.00258529495415899,0.7017416666666667,0.0013320045462051223,0.7017416666666667,0.0013320045462051223,0.7341958333333333,0.0014117623442586637,0.7341958333333333,0.0014117623442586637,0.5770344923471763,0.0026410996520333766,0.5770344923471763,0.0026410996520333766,0.899897198326703,0.0020087515736353645,0.899897198326703,0.0020087515736353645,0.692792179359939,0.002229686914098402,0.692792179359939,0.002229686914098402,0.9471671550084974,0.0013279800420407102,0.9471671550084974,0.0013279800420407102,0.4418642609006942,0.0036046646816029087,0.4418642609006942,0.0036046646816029087,0.8233956244614632,0.0018065218066417338,0.8233956244614632,0.0018065218066417338,0.5705636442026031,0.0017086332129049968,0.5705636442026031,0.0017086332129049968,0.8901533259322211,0.0011143420332923916,0.8901533259322211,0.0011143420332923916,0.37623227994267816,0.007243083075399362,0.45675001929067427,0.005581117613847586,0.40848756542991504,0.006679571164315083,0.4853826580633559,0.006385475689183898,0.694490665295956,0.007503088712881752,0.8266281950001606,0.004076695504511525,0.16465341307066916,0.004534897497463421,0.7086027807002415,0.007125718994763773,0.7090455178509831,0.00724501866083034
E:\MSImaging-data\_msi_visual\Extractions\NRL4506-5um\Intelli-slide\5_bins\0.npy,random,nmf_3d,10,5000.0,0.0,0.8042314933353415,0.0,1067939.0,0.0,46.5,2.8722813232690143,-1.0,0.0,0.0,0.0,571.3722299800254,2.248207767776035,0.7550192312762071,0.007306287041896757,0.7621441773601548,0.006470300314671372,0.7799196342955941,0.005515488915078791,0.7961803211633651,0.004888002070920811,0.855803694259276,0.0033897404624375492,0.8814755491924012,0.0024336483333993937,0.2868159130706691,0.004459985986525063,0.8661454083304587,0.003204972000339746,0.8679401328044154,0.0034260305343573353,0.0,0.0,300000.0,0.0,64.0,0.0,0.06613734372500094,1.1069247223015453e-06,0.09037256879848178,7.321934321131011e-07,0.16782302630067736,1.2859296897653564e-06,0.23562561432756066,5.530261910296344e-07,0.5416859912751478,7.012688948754942e-07,0.19759498717175938,1.0342388864840952e-06,0.540153679994772,5.475344269491522e-07,0.18618833743342803,3.6566696392224244e-07,5.0,0.0,0.45467324907714685,2.2206223769781154e-06,0.38360018499509313,2.8625909556473625e-06,0.416123749999182,2.0600548737731175e-06,0.416123749999182,2.0600548737731175e-06,0.5199884603574219,4.634457043953989e-06,0.3460482115260967,3.6656274174593844e-06,0.4155507094757871,3.607713926369763e-06,0.4155507094757871,3.607713926369763e-06,0.5369937309374819,5.40701100455752e-07,0.3509738020590831,6.56121637217536e-07,0.5395170643490625,4.6619124475921e-07,0.24964770335935133,1.0927653346603924e-06,0.5416859912751478,7.012688948754942e-07,0.19759498717175938,1.0342388864840952e-06,0.5425983469401052,7.435181804688652e-07,0.14233014004738015,3.8571041568474424e-07,0.5388999779732042,1.2214503789619589e-06,0.08195006994045555,2.873411646727753e-07,0.8375,0.002518680209951238,0.8375,0.002518680209951238,0.8927875000000001,0.002735215942114986,0.8927875000000001,0.002735215942114986,0.9252,0.0027449954462621675,0.9252,0.0027449954462621675,0.9484625000000001,0.002053997626580902,0.9484625000000001,0.002053997626580902,0.6535749999999999,0.0026582419002039513,0.6535749999999999,0.0026582419002039513,0.7499625,0.0032892105815833855,0.7499625,0.0032892105815833855,0.805425,0.0015146048256155366,0.805425,0.0015146048256155366,0.8637375,0.00187380054227291,0.8637375,0.00187380054227291,0.8077268817898229,0.004020758069972766,0.8077268817898229,0.004020758069972766,0.9384599943791008,0.002013107567023877,0.9384599943791008,0.002013107567023877,0.8994076557038404,0.003714826156446005,0.8994076557038404,0.003714826156446005,0.9790180187902815,0.0009488501367042961,0.9790180187902815,0.0009488501367042961,0.6050876936127145,0.003890564403804699,0.6050876936127145,0.003890564403804699,0.8294572466991952,0.0035381270204567594,0.8294572466991952,0.0035381270204567594,0.7707407437021259,0.00336021902396886,0.7707407437021259,0.00336021902396886,0.9156450866228593,0.0014060052749233119,0.9156450866228593,0.0014060052749233119,0.7550192312762071,0.007306287041896757,0.7621441773601548,0.006470300314671372,0.7799196342955941,0.005515488915078791,0.7961803211633651,0.004888002070920811,0.855803694259276,0.0033897404624375492,0.8814755491924012,0.0024336483333993937,0.2868159130706691,0.004459985986525063,0.8661454083304587,0.003204972000339746,0.8679401328044154,0.0034260305343573353
E:\MSImaging-data\_msi_visual\Extractions\NRL4506-5um\Intelli-slide\5_bins\0.npy,superpixel,parametric_mics_lmc__mics1,10,5000.0,0.0,0.8042314933353415,0.0,1067939.0,0.0,46.5,2.8722813232690143,4.0,0.0,0.0,0.0,90.58240503994747,0.5419930879050882,0.7944901427156174,0.03361763574655323,0.8157493995833475,0.03035596990352845,0.7821312128239957,0.04405875048110926,0.8076255453181254,0.029064773532413178,0.8747631729047406,0.019451658562300838,0.8936703006131642,0.015884210798906253,0.31814841307066916,0.030281717875642385,0.8794560783890997,0.01899739990798406,0.8683276828216627,0.018579460439516488,0.0,0.0,300000.0,0.0,64.0,0.0,-0.057050326333634035,0.08831187165195765,-0.04769630773215015,0.10145534063868118,-0.0006010923284117897,0.0701018265099241,0.21462023420507967,0.008269365311719394,0.4980260162098881,0.04164288414257048,0.1563886288838277,0.025212590972960244,0.508064941541974,0.043631637164318886,0.15088102798557113,0.023738259609077363,5.0,0.0,0.3554132147145206,0.07977874177599373,0.1982887953886589,0.07966058892749515,0.2513698884031275,0.08628500131736669,0.2513698884031275,0.08628500131736669,0.41418020742177886,0.06122337849779805,0.26184589006328185,0.0611901497809939,0.31859436372013106,0.061239169724419396,0.31859436372013106,0.061239169724419396,0.4815929440344554,0.04021600722894224,0.29118941806571363,0.03368653602523467,0.49066010505236857,0.04038940012225641,0.20090552275738852,0.028446077471954757,0.4980260162098881,0.04164288414257048,0.1563886288838277,0.025212590972960244,0.5104592502868106,0.04481510839794508,0.1122978533601759,0.021329304014536813,0.5406678308507227,0.05673589866130309,0.06944761192390549,0.017375256612552757,0.8292249999999999,0.01948772049265896,0.8292249999999999,0.01948772049265896,0.875525,0.022281214060279587,0.875525,0.022281214060279587,0.9258374999999999,0.01551058610272352,0.9258374999999999,0.01551058610272352,0.9479000000000001,0.015433911526246331,0.9479000000000001,0.015433911526246331,0.6499625000000001,0.02527443434085123,0.6499625000000001,0.02527443434085123,0.7304875,0.02733584242802845,0.7304875,0.02733584242802845,0.801675,0.017737914508507188,0.801675,0.017737914508507188,0.8513041666666668,0.020310634957113247,0.8513041666666668,0.020310634957113247,0.8202993795033919,0.020383197916835162,0.8202993795033919,0.020383197916835162,0.921929322201858,0.014254625257277095,0.921929322201858,0.014254625257277095,0.9153595328624082,0.018468246895461064,0.9153595328624082,0.018468246895461064,0.9742672599893984,0.007908508360545243,0.9742672599893984,0.007908508360545243,0.6293417892864319,0.03585746502816509,0.6293417892864319,0.03585746502816509,0.8085653618703106,0.016203205437169754,0.8085653618703106,0.016203205437169754,0.7883335672174107,0.021022407682792947,0.7883335672174107,0.021022407682792947,0.901587314687189,0.012148328551497617,0.901587314687189,0.012148328551497617,0.7944901427156174,0.03361763574655323,0.8157493995833475,0.03035596990352845,0.7821312128239957,0.04405875048110926,0.8076255453181254,0.029064773532413178,0.8747631729047406,0.019451658562300838,0.8936703006131642,0.015884210798906253,0.31814841307066916,0.030281717875642385,0.8794560783890997,0.01899739990798406,0.8683276828216627,0.018579460439516488
E:\MSImaging-data\_msi_visual\Extractions\NRL4506-5um\Intelli-slide\5_bins\0.npy,superpixel,parametric_mics_lmc__mics2,10,5000.0,0.0,0.8042314933353415,0.0,1067939.0,0.0,46.5,2.8722813232690143,4.0,0.0,0.0,0.0,1012.2574411200592,7.030815280550844,0.5031156557540379,0.09057438601997607,0.5158238113761003,0.09302397821297392,0.6098457974327173,0.0892463091082279,0.5968728299386123,0.08594163774214093,0.8664849212930141,0.016557367119301183,0.8951643976797176,0.010207865843816645,0.3057634130706692,0.021153946181800207,0.8664933214039323,0.021567705273688016,0.8568837409451534,0.018591540226503087,0.0,0.0,300000.0,0.0,64.0,0.0,0.06892972667414246,0.07024839637739093,0.07688370068254408,0.07148945327022638,0.158187325322744,0.11012800303853423,0.22225667272588961,0.00916640420840129,0.5348641142460111,0.035119669370752234,0.17880795473623182,0.02944686508978516,0.5347352722540331,0.03729365443482103,0.17103582280442495,0.03013326517194695,5.0,0.0,0.44857360544537483,0.03564311227736253,0.3392236974202209,0.04276471284728765,0.38555367654984585,0.038910609072162136,0.38555367654984585,0.038910609072162136,0.499903328662371,0.06351109285400773,0.3527714295383019,0.044665800624637216,0.41166806631230946,0.043365138919596716,0.41166806631230946,0.043365138919596716,0.5336531806419494,0.033962958081796744,0.3322260194415981,0.03283968205896001,0.534360540722454,0.034149429221505184,0.2303824558099671,0.030353684625210504,0.5348641142460111,0.035119669370752234,0.17880795473623182,0.02944686508978516,0.5346206212252728,0.03792830542185784,0.12647498539937513,0.02976889275212983,0.535588271771178,0.051874891326925375,0.07520631754303775,0.034416680500811044,0.7499375,0.02368664246468884,0.7499375,0.02368664246468884,0.8029999999999999,0.026465425558641596,0.8029999999999999,0.026465425558641596,0.8504625000000001,0.02813855506684736,0.8504625000000001,0.02813855506684736,0.8835750000000001,0.029529127569232386,0.8835750000000001,0.029529127569232386,0.6089,0.012358043939070619,0.6089,0.012358043939070619,0.682,0.01730417218476516,0.682,0.01730417218476516,0.7364333333333334,0.019811150059162848,0.7364333333333334,0.019811150059162848,0.789525,0.023379992039728726,0.789525,0.023379992039728726,0.6178017126020092,0.050688822633814065,0.6178017126020092,0.050688822633814065,0.932682333397587,0.00850231695011229,0.932682333397587,0.00850231695011229,0.7433006019999342,0.0553248143269589,0.7433006019999342,0.0553248143269589,0.9749175430941266,0.006313842348117906,0.9749175430941266,0.006313842348117906,0.4715538890667609,0.0327702754577792,0.4715538890667609,0.0327702754577792,0.8386381807443277,0.011407688238136924,0.8386381807443277,0.011407688238136924,0.6108854012229015,0.04573095370149798,0.6108854012229015,0.04573095370149798,0.915412685745347,0.007004665465138209,0.915412685745347,0.007004665465138209,0.5031156557540379,0.09057438601997607,0.5158238113761003,0.09302397821297392,0.6098457974327173,0.0892463091082279,0.5968728299386123,0.08594163774214093,0.8664849212930141,0.016557367119301183,0.8951643976797176,0.010207865843816645,0.3057634130706692,0.021153946181800207,0.8664933214039323,0.021567705273688016,0.8568837409451534,0.018591540226503087
E:\MSImaging-data\_msi_visual\Extractions\NRL4506-5um\Intelli-slide\5_bins\0.npy,superpixel,parametric_mics_lmc__mics3,10,5000.0,0.0,0.8042314933353415,0.0,1067939.0,0.0,46.5,2.8722813232690143,4.0,0.0,0.0,0.0,93.85151160997339,0.4111477139257062,0.39283524233786704,0.06599290759234212,0.4169101526002411,0.052477564309008344,0.4749199843549108,0.06113420044660963,0.4860687514603267,0.049689414882656414,0.8583594628346793,0.008774876004197433,0.8412597035597477,0.0145998359786341,0.2713846630706692,0.013627929386924493,0.8383035650224215,0.016606870968035998,0.8291605144015177,0.013647909526458514,0.0,0.0,300000.0,0.0,64.0,0.0,0.042130974896637016,0.07363609236115808,0.0630851367558957,0.07154456321772756,0.10259185536725317,0.05044849902416495,0.2103261188645583,0.009564304265158724,0.5163469754299085,0.041955401969803845,0.17507202292545496,0.018830054897816532,0.5156648491636762,0.04621175593449941,0.1678096808243525,0.01742831975202332,5.0,0.0,0.44512369031639,0.03683545552960279,0.3109670505690855,0.020020562098801653,0.36536554323867576,0.02054953149820723,0.36536554323867576,0.02054953149820723,0.47719145503380817,0.028655942073509123,0.32993716934947154,0.03911814180871433,0.3889182688411352,0.03114914198687951,0.3889182688411352,0.03114914198687951,0.5194015878966164,0.03508943455496075,0.3290310166551674,0.024128189606033877,0.5177445241854005,0.038687801053479555,0.22665697506680157,0.02099936493357986,0.5163469754299085,0.041955401969803845,0.17507202292545496,0.018830054897816532,0.5137649929891586,0.048089236982129184,0.12313590036437864,0.016391087506450592,0.5133203098628033,0.06225550573866416,0.07282685216204275,0.014517111156008074,0.7168124999999999,0.011763190734235339,0.7168124999999999,0.011763190734235339,0.7629374999999999,0.013528124639062146,0.7629374999999999,0.013528124639062146,0.81275,0.0132772126216311,0.81275,0.0132772126216311,0.84405,0.015293605689960762,0.84405,0.015293605689960762,0.5937375000000001,0.00873935960182438,0.5937375000000001,0.00873935960182438,0.6565749999999999,0.010473060679667613,0.6565749999999999,0.010473060679667613,0.7077666666666667,0.01033928256161366,0.7077666666666667,0.01033928256161366,0.7545208333333334,0.01249300151306946,0.7545208333333334,0.01249300151306946,0.5729564326976616,0.02344374525876447,0.5729564326976616,0.02344374525876447,0.916196534319764,0.0040303285863916545,0.916196534319764,0.0040303285863916545,0.6881995838365762,0.026778090284085558,0.6881995838365762,0.026778090284085558,0.9623143836828298,0.0026843886865341045,0.9623143836828298,0.0026843886865341045,0.44333038801439245,0.018354368329432547,0.44333038801439245,0.018354368329432547,0.830579522331715,0.007382334859337623,0.830579522331715,0.007382334859337623,0.5681621348495433,0.022400922315748,0.5681621348495433,0.022400922315748,0.903030146778103,0.003779564166459655,0.903030146778103,0.003779564166459655,0.39283524233786704,0.06599290759234212,0.4169101526002411,0.052477564309008344,0.4749199843549108,0.06113420044660963,0.4860687514603267,0.049689414882656414,0.8583594628346793,0.008774876004197433,0.8412597035597477,0.0145998359786341,0.2713846630706692,0.013627929386924493,0.8383035650224215,0.016606870968035998,0.8291605144015177,0.013647909526458514
E:\MSImaging-data\_msi_visual\Extractions\NRL4506-5um\Intelli-slide\5_bins\0.npy,superpixel,parametric_umap,10,5000.0,0.0,0.8042314933353415,0.0,1067939.0,0.0,46.5,2.8722813232690143,4.0,0.0,0.0,0.0,83.15470315997955,0.5661687223924837,0.832524417117941,0.14056469549223818,0.7842817624883386,0.15565846331608485,0.8564246191303713,0.10878535437967055,0.8161264636454127,0.10639996153745095,0.8954779764810471,0.009689318611375704,0.9240413813276849,0.010173973572600347,0.36093716307066914,0.024626985928803805,0.9056131321145223,0.012556601967808043,0.8942371541911005,0.014277446778084525,0.0,0.0,300000.0,0.0,64.0,0.0,0.09698703373461753,0.1031917228969613,0.13358122076568463,0.12767857512720585,0.21107664708930093,0.10436616647806438,0.2284541569521313,0.007919532231320432,0.5702119780518199,0.06399357979028483,0.21504506770648274,0.06157494475812725,0.5865599484295758,0.06744695367737615,0.2131400907620944,0.06565422474126852,5.0,0.0,0.45292173993229873,0.0784094004073149,0.2578513496745666,0.0674565844845436,0.325595665585203,0.06952569212470493,0.325595665585203,0.06952569212470493,0.5122083643285953,0.05665129961554985,0.3248229574398484,0.0461021303771927,0.39476489150582655,0.04002706186109845,0.39476489150582655,0.04002706186109845,0.5474912721044264,0.054834274491390084,0.350736398090038,0.056437506312639135,0.5592129274073245,0.05974370911598916,0.2591739916289623,0.05899686904255528,0.5702119780518199,0.06399357979028483,0.21504506770648274,0.06157494475812725,0.5899787739723614,0.07001113438471097,0.17345230807680959,0.06659831467230029,0.6371836656172061,0.0832392009248259,0.13988454614965357,0.08051388463861033,0.8497,0.05306691530511265,0.8497,0.05306691530511265,0.9065749999999999,0.0568485982676794,0.9065749999999999,0.0568485982676794,0.9286125000000002,0.04043287067782846,0.9286125000000002,0.04043287067782846,0.9583,0.037742515814396894,0.9583,0.037742515814396894,0.6995374999999999,0.04673963956054861,0.6995374999999999,0.04673963956054861,0.799375,0.06520597173572372,0.799375,0.06520597173572372,0.8259500000000001,0.04661941357655866,0.8259500000000001,0.04661941357655866,0.8880833333333333,0.05313632559014806,0.8880833333333333,0.05313632559014806,0.8243970795722241,0.09509604919218356,0.8243970795722241,0.09509604919218356,0.9475879497021031,0.01654876840949629,0.9475879497021031,0.01654876840949629,0.9064713899503045,0.06992355285363135,0.9064713899503045,0.06992355285363135,0.9830842586469393,0.010238369294396261,0.9830842586469393,0.010238369294396261,0.6745119275053374,0.1010571978189864,0.6745119275053374,0.1010571978189864,0.8540626661931539,0.014089355483675013,0.8540626661931539,0.014089355483675013,0.8017934656759553,0.08840833267523777,0.8017934656759553,0.08840833267523777,0.9282449581807322,0.013445496750122094,0.9282449581807322,0.013445496750122094,0.832524417117941,0.14056469549223818,0.7842817624883386,0.15565846331608485,0.8564246191303713,0.10878535437967055,0.8161264636454127,0.10639996153745095,0.8954779764810471,0.009689318611375704,0.9240413813276849,0.010173973572600347,0.36093716307066914,0.024626985928803805,0.9056131321145223,0.012556601967808043,0.8942371541911005,0.014277446778084525
E:\MSImaging-data\_msi_visual\Extractions\NRL4506-5um\Intelli-slide\5_bins\0.npy,superpixel,pca,10,5000.0,0.0,0.8042314933353415,0.0,1067939.0,0.0,46.5,2.8722813232690143,-1.0,0.0,0.0,0.0,60.586462580016814,0.5552372502664578,0.8368376077828017,0.0026043054635627562,0.8401799844285,0.003234900560810729,0.8139872215516892,0.004157424091868724,0.8351490553491597,0.003567524016296137,0.867136101215765,0.0032596058637201076,0.9084422612221985,0.0019722973759134527,0.3251846630706692,0.0032397058122613743,0.8809142350810625,0.003113564732957242,0.8808399215246638,0.0029657078937275014,0.0,0.0,300000.0,0.0,64.0,0.0,0.14495210552172616,1.333791907710717e-05,0.2139959729484279,9.178096919465525e-06,0.003663468656768869,5.619942229725948e-06,0.23950474030238192,3.7294462068040557e-06,0.6200799214565084,6.34748390027337e-06,0.2738851912481596,4.144581492580474e-06,0.6399358454706066,5.129385033348742e-06,0.2728158213236999,5.432788513155287e-06,5.0,0.0,0.49782337316036546,1.7658646124867744e-05,0.3641826939346426,1.2471624650450783e-05,0.4206435756242236,1.4462092912853526e-05,0.4206435756242236,1.4462092912853526e-05,0.4122300068059732,1.559384371351687e-05,0.2584579982177302,1.2265876047941162e-05,0.3177159619956587,1.3745405977479192e-05,0.3177159619956587,1.3745405977479192e-05,0.5858396465299183,5.127548794670135e-06,0.40276277103366154,2.242054247867592e-06,0.6040606783371368,8.27064345738594e-06,0.3156393805661435,4.528895212263355e-06,0.6200799214565084,6.34748390027337e-06,0.2738851912481596,4.144581492580474e-06,0.6469788335321903,5.293154423835742e-06,0.23496135928423242,6.09313233113872e-06,0.7043218058214775,2.0755755076909738e-06,0.20501350687328596,8.800117772306065e-06,0.8458124999999999,0.0036577187220998906,0.8458124999999999,0.0036577187220998906,0.881625,0.0028668362352949226,0.881625,0.0028668362352949226,0.9299625,0.0024322379098270746,0.9299625,0.0024322379098270746,0.9492125000000001,0.0024090000518887378,0.9492125000000001,0.0024090000518887378,0.6823125,0.003282648511491904,0.6823125,0.003282648511491904,0.7458125,0.003280267710111465,0.7458125,0.003280267710111465,0.8193624999999999,0.0023468396302262066,0.8193624999999999,0.0023468396302262066,0.8588833333333332,0.0023482262809760893,0.8588833333333332,0.0023482262809760893,0.8393676136811802,0.00473928107096553,0.8393676136811802,0.00473928107096553,0.9204476214301801,0.0029036315360309443,0.9204476214301801,0.0029036315360309443,0.9232514328152787,0.002611768745190261,0.9232514328152787,0.002611768745190261,0.9710531028765848,0.0016766521806058708,0.9710531028765848,0.0016766521806058708,0.6612342760322896,0.0034060875219813587,0.6612342760322896,0.0034060875219813587,0.8169007507434095,0.0032873221018187727,0.8169007507434095,0.0032873221018187727,0.8079511075095829,0.002885447516261165,0.8079511075095829,0.002885447516261165,0.9028004916833915,0.00211263255620183,0.9028004916833915,0.00211263255620183,0.8368376077828017,0.0026043054635627562,0.8401799844285,0.003234900560810729,0.8139872215516892,0.004157424091868724,0.8351490553491597,0.003567524016296137,0.867136101215765,0.0032596058637201076,0.9084422612221985,0.0019722973759134527,0.3251846630706692,0.0032397058122613743,0.8809142350810625,0.003113564732957242,0.8808399215246638,0.0029657078937275014
E:\MSImaging-data\_msi_visual\Extractions\NRL4506-5um\Intelli-slide\5_bins\0.npy,superpixel,top3,10,5000.0,0.0,0.8042314933353415,0.0,1067939.0,0.0,46.5,2.8722813232690143,-1.0,0.0,0.0,0.0,1.3558320100186392,0.01332309923687868,0.37623227994267816,0.007243083075399362,0.45675001929067427,0.005581117613847586,0.40848756542991504,0.006679571164315083,0.4853826580633559,0.006385475689183898,0.694490665295956,0.007503088712881752,0.8266281950001606,0.004076695504511525,0.16465341307066916,0.004534897497463421,0.7086027807002415,0.007125718994763773,0.7090455178509831,0.00724501866083034,0.0,0.0,300000.0,0.0,64.0,0.0,-0.05054003846011083,0.0,-0.0456507121436927,0.0,0.08620454631068439,1.3877787807814457e-17,0.2181687193002469,2.7755575615628914e-17,0.49663186059804676,0.0,0.15091053194454937,0.0,0.49735941202530076,1.1102230246251565e-16,0.14381725817635532,0.0,5.0,0.0,0.38976727065870265,0.0,0.26278327373633686,0.0,0.3139199568791268,0.0,0.3139199568791268,0.0,0.4694894044197528,5.551115123125783e-17,0.38511466311716724,5.551115123125783e-17,0.4231368903761542,5.551115123125783e-17,0.4231368903761542,5.551115123125783e-17,0.48738405751374464,0.0,0.2907170613798784,0.0,0.49322281498237575,5.551115123125783e-17,0.1976260485302678,2.7755575615628914e-17,0.49663186059804676,0.0,0.15091053194454937,0.0,0.5012494266190439,1.1102230246251565e-16,0.104017620924105,0.0,0.5027999548545463,0.0,0.055943891395826076,6.938893903907228e-18,0.7096875,0.0020843539166849737,0.7096875,0.0020843539166849737,0.74125,0.0016992645467966492,0.74125,0.0016992645467966492,0.801525,0.0015143067720907845,0.801525,0.0015143067720907845,0.8259374999999999,0.002045001528116795,0.8259374999999999,0.002045001528116795,0.5940124999999999,0.002456146626323447,0.5940124999999999,0.002456146626323447,0.6354,0.00258529495415899,0.6354,0.00258529495415899,0.7017416666666667,0.0013320045462051223,0.7017416666666667,0.0013320045462051223,0.7341958333333333,0.0014117623442586637,0.7341958333333333,0.0014117623442586637,0.5770344923471763,0.0026410996520333766,0.5770344923471763,0.0026410996520333766,0.899897198326703,0.0020087515736353645,0.899897198326703,0.0020087515736353645,0.692792179359939,0.002229686914098402,0.692792179359939,0.002229686914098402,0.9471671550084974,0.0013279800420407102,0.9471671550084974,0.0013279800420407102,0.4418642609006942,0.0036046646816029087,0.4418642609006942,0.0036046646816029087,0.8233956244614632,0.0018065218066417338,0.8233956244614632,0.0018065218066417338,0.5705636442026031,0.0017086332129049968,0.5705636442026031,0.0017086332129049968,0.8901533259322211,0.0011143420332923916,0.8901533259322211,0.0011143420332923916,0.37623227994267816,0.007243083075399362,0.45675001929067427,0.005581117613847586,0.40848756542991504,0.006679571164315083,0.4853826580633559,0.006385475689183898,0.694490665295956,0.007503088712881752,0.8266281950001606,0.004076695504511525,0.16465341307066916,0.004534897497463421,0.7086027807002415,0.007125718994763773,0.7090455178509831,0.00724501866083034
E:\MSImaging-data\_msi_visual\Extractions\NRL4506-5um\Intelli-slide\5_bins\0.npy,superpixel,nmf_3d,10,5000.0,0.0,0.8042314933353415,0.0,1067939.0,0.0,46.5,2.8722813232690143,-1.0,0.0,0.0,0.0,572.3284990400076,3.9260844923067206,0.7550192312762071,0.007306287041896757,0.7621441773601548,0.006470300314671372,0.7799196342955941,0.005515488915078791,0.7961803211633651,0.004888002070920811,0.855803694259276,0.0033897404624375492,0.8814755491924012,0.0024336483333993937,0.2868159130706691,0.004459985986525063,0.8661454083304587,0.003204972000339746,0.8679401328044154,0.0034260305343573353,0.0,0.0,300000.0,0.0,64.0,0.0,0.06613734372500094,1.1069247223015453e-06,0.09037256879848178,7.321934321131011e-07,0.16782302630067736,1.2859296897653564e-06,0.23562561432756066,5.530261910296344e-07,0.5416859912751478,7.012688948754942e-07,0.19759498717175938,1.0342388864840952e-06,0.540153679994772,5.475344269491522e-07,0.18618833743342803,3.6566696392224244e-07,5.0,0.0,0.45467324907714685,2.2206223769781154e-06,0.38360018499509313,2.8625909556473625e-06,0.416123749999182,2.0600548737731175e-06,0.416123749999182,2.0600548737731175e-06,0.5199884603574219,4.634457043953989e-06,0.3460482115260967,3.6656274174593844e-06,0.4155507094757871,3.607713926369763e-06,0.4155507094757871,3.607713926369763e-06,0.5369937309374819,5.40701100455752e-07,0.3509738020590831,6.56121637217536e-07,0.5395170643490625,4.6619124475921e-07,0.24964770335935133,1.0927653346603924e-06,0.5416859912751478,7.012688948754942e-07,0.19759498717175938,1.0342388864840952e-06,0.5425983469401052,7.435181804688652e-07,0.14233014004738015,3.8571041568474424e-07,0.5388999779732042,1.2214503789619589e-06,0.08195006994045555,2.873411646727753e-07,0.8375,0.002518680209951238,0.8375,0.002518680209951238,0.8927875000000001,0.002735215942114986,0.8927875000000001,0.002735215942114986,0.9252,0.0027449954462621675,0.9252,0.0027449954462621675,0.9484625000000001,0.002053997626580902,0.9484625000000001,0.002053997626580902,0.6535749999999999,0.0026582419002039513,0.6535749999999999,0.0026582419002039513,0.7499625,0.0032892105815833855,0.7499625,0.0032892105815833855,0.805425,0.0015146048256155366,0.805425,0.0015146048256155366,0.8637375,0.00187380054227291,0.8637375,0.00187380054227291,0.8077268817898229,0.004020758069972766,0.8077268817898229,0.004020758069972766,0.9384599943791008,0.002013107567023877,0.9384599943791008,0.002013107567023877,0.8994076557038404,0.003714826156446005,0.8994076557038404,0.003714826156446005,0.9790180187902815,0.0009488501367042961,0.9790180187902815,0.0009488501367042961,0.6050876936127145,0.003890564403804699,0.6050876936127145,0.003890564403804699,0.8294572466991952,0.0035381270204567594,0.8294572466991952,0.0035381270204567594,0.7707407437021259,0.00336021902396886,0.7707407437021259,0.00336021902396886,0.9156450866228593,0.0014060052749233119,0.9156450866228593,0.0014060052749233119,0.7550192312762071,0.007306287041896757,0.7621441773601548,0.006470300314671372,0.7799196342955941,0.005515488915078791,0.7961803211633651,0.004888002070920811,0.855803694259276,0.0033897404624375492,0.8814755491924012,0.0024336483333993937,0.2868159130706691,0.004459985986525063,0.8661454083304587,0.003204972000339746,0.8679401328044154,0.0034260305343573353
E:\MSImaging-data\_msi_visual\Extractions\NRL4558_5um\5bins\2\0.npy,random,parametric_mics_lmc__mics1,10,5000.0,0.0,0.7238376254632797,0.0,1183143.0,0.0,46.5,2.8722813232690143,4.0,0.0,0.0,0.0,58.36764463996515,0.8164329436008191,0.7242288817020153,0.06575012809320784,0.783640297082165,0.04625046756975912,0.7344559817150378,0.06469413637236528,0.780042681452087,0.054347766211050655,0.8789908872474438,0.028153290412725757,0.9009935858555135,0.021471289775216888,0.3377090380706692,0.039908306334059396,0.8819163806484994,0.029667310104496084,0.8690725784753364,0.02741612906576015,0.0,0.0,300000.0,0.0,64.0,0.0,-0.11336649380971289,0.07090830884039746,-0.08828105876720731,0.08777611517307878,-0.07911947486268063,0.06651609444059474,0.29461309622999565,0.005423894636255625,0.4500490934382201,0.050854564248501107,0.14292553673479164,0.030675677572259096,0.45624331861282,0.06582657297859543,0.14072010772275614,0.03469987222267842,5.0,0.0,0.28987908014583347,0.05722838080360852,0.17312684677078938,0.06909952430129472,0.2142838661815924,0.06704425790025083,0.2142838661815924,0.06704425790025083,0.3140902886285223,0.05618541047265791,0.22169515970170256,0.07187672301441045,0.25759953797926316,0.06778943850712901,0.25759953797926316,0.06778943850712901,0.4442525785093916,0.036562110944746824,0.2709016505318267,0.026854832305794364,0.446930831362892,0.043310640570604825,0.1840511915826203,0.028325145965737965,0.4500490934382201,0.050854564248501107,0.14292553673479164,0.030675677572259096,0.4567649658760722,0.06746740329508956,0.10427052431276147,0.03610184965323465,0.4738480254228456,0.1198619781593423,0.07026015254729065,0.04921454262329544,0.8094875,0.030700643824682253,0.8094875,0.030700643824682253,0.849925,0.031083315460227214,0.849925,0.031083315460227214,0.9047375000000001,0.02282025210750312,0.9047375000000001,0.02282025210750312,0.925575,0.021611209475640176,0.925575,0.021611209475640176,0.6477375000000001,0.030015436132930007,0.6477375000000001,0.030015436132930007,0.7209625,0.03379279925146777,0.7209625,0.03379279925146777,0.7873208333333334,0.02524851515161064,0.7873208333333334,0.02524851515161064,0.8321541666666666,0.02696936952101608,0.8321541666666666,0.02696936952101608,0.7727131517646376,0.044294016129961505,0.7727131517646376,0.044294016129961505,0.9207550348108164,0.01596173437282662,0.9207550348108164,0.01596173437282662,0.8759302939214557,0.034500917223785864,0.8759302939214557,0.034500917223785864,0.9705475525479788,0.008865223616541367,0.9705475525479788,0.008865223616541367,0.5955662579520973,0.04229068421296009,0.5955662579520973,0.04229068421296009,0.8176344948339022,0.019762896497066355,0.8176344948339022,0.019762896497066355,0.7480699012127303,0.03692106493236501,0.7480699012127303,0.03692106493236501,0.9029790273975659,0.013814613890598664,0.9029790273975659,0.013814613890598664,0.7242288817020153,0.06575012809320784,0.783640297082165,0.04625046756975912,0.7344559817150378,0.06469413637236528,0.780042681452087,0.054347766211050655,0.8789908872474438,0.028153290412725757,0.9009935858555135,0.021471289775216888,0.3377090380706692,0.039908306334059396,0.8819163806484994,0.029667310104496084,0.8690725784753364,0.02741612906576015
E:\MSImaging-data\_msi_visual\Extractions\NRL4558_5um\5bins\2\0.npy,random,parametric_mics_lmc__mics2,10,5000.0,0.0,0.7238376254632797,0.0,1183143.0,0.0,46.5,2.8722813232690143,4.0,0.0,0.0,0.0,788.0827387100551,4.572454918816772,0.40610395633792307,0.0970381813001406,0.4319013359915832,0.085168022778763,0.5143022822090723,0.09827903278824958,0.49291359916127514,0.08660935491115482,0.8532020081732336,0.02795727224162962,0.8917348584370834,0.022278602059716147,0.3087277880706692,0.041971296371932885,0.8476118799586063,0.03420114392113169,0.8297452656088307,0.034661675070873935,0.0,0.0,300000.0,0.0,64.0,0.0,0.09242431912073631,0.07610608483669869,0.10905315103326844,0.07993133566310635,0.11371698848160124,0.12187387909725744,0.3179673587012966,0.012353711139858064,0.5496176819119954,0.04496402869451387,0.19406990282482162,0.03906436221272595,0.5525575541218659,0.05886339483434355,0.1883731758485311,0.04346155033432327,5.0,0.0,0.4259639687449887,0.04523631330787026,0.32501516990291257,0.05982585387370772,0.3674777158121475,0.05367492553247378,0.3674777158121475,0.05367492553247378,0.4334108897340121,0.06362777724860699,0.3621416385253975,0.06348099495854563,0.39256940610169966,0.05568993333196801,0.39256940610169966,0.05568993333196801,0.5437401590036841,0.03696062973587729,0.3440450469785684,0.03461662161458776,0.5468089995601135,0.03909956061080305,0.2439640716387174,0.03554621877320199,0.5496176819119954,0.04496402869451387,0.19406990282482162,0.03906436221272595,0.5535874132743508,0.06236024820350681,0.1446169573015937,0.04717162790016655,0.5628505959895107,0.11645137046009665,0.09914244080499854,0.06539903766181063,0.727025,0.01986570537383459,0.727025,0.01986570537383459,0.7819999999999999,0.02354603204363741,0.7819999999999999,0.02354603204363741,0.8169375000000001,0.01978021818004037,0.8169375000000001,0.01978021818004037,0.854325,0.022580287309952443,0.854325,0.022580287309952443,0.6084999999999999,0.02064506599650387,0.6084999999999999,0.02064506599650387,0.6772875,0.023686497340256962,0.6772875,0.023686497340256962,0.7174875000000001,0.018690610109089484,0.7174875000000001,0.018690610109089484,0.7712041666666667,0.022229878932668794,0.7712041666666667,0.022229878932668794,0.5641956976539513,0.03664708178441068,0.5641956976539513,0.03664708178441068,0.9338980452261056,0.011431959331108679,0.9338980452261056,0.011431959331108679,0.6786288363791797,0.03742906761417563,0.6786288363791797,0.03742906761417563,0.9708072415105196,0.0071524918725223334,0.9708072415105196,0.0071524918725223334,0.4398594978200868,0.03632528739547577,0.4398594978200868,0.03632528739547577,0.8514740051843871,0.011969397349389725,0.8514740051843871,0.011969397349389725,0.560894677284406,0.0353954781433363,0.560894677284406,0.0353954781433363,0.9187264306403374,0.009383014075368196,0.9187264306403374,0.009383014075368196,0.40610395633792307,0.0970381813001406,0.4319013359915832,0.085168022778763,0.5143022822090723,0.09827903278824958,0.49291359916127514,0.08660935491115482,0.8532020081732336,0.02795727224162962,0.8917348584370834,0.022278602059716147,0.3087277880706692,0.041971296371932885,0.8476118799586063,0.03420114392113169,0.8297452656088307,0.034661675070873935
E:\MSImaging-data\_msi_visual\Extractions\NRL4558_5um\5bins\2\0.npy,random,parametric_mics_lmc__mics3,10,5000.0,0.0,0.7238376254632797,0.0,1183143.0,0.0,46.5,2.8722813232690143,4.0,0.0,0.0,0.0,61.132957179984075,0.28530035290953604,0.37548650157000424,0.045895566611779445,0.3495262807781051,0.0534059876416789,0.41365564200309957,0.03962898718524629,0.40433632453017465,0.05103878414362261,0.8640928070574505,0.01181250822184789,0.8559576257424053,0.015459381596829243,0.29854653807066917,0.018498474187500575,0.8403003225250087,0.011408757827861724,0.8294220852017936,0.010443422162399988,0.0,0.0,300000.0,0.0,64.0,0.0,0.01180868726204857,0.08896944647030529,0.05709375022530907,0.14480328272556106,0.06665498861264259,0.0623660151083338,0.29532884425788836,0.006184904905703364,0.5092090470466125,0.08443610228845157,0.19475950976103698,0.07677256439501119,0.51317063754858,0.10862935392139061,0.19608661383630044,0.08792153986914884,5.0,0.0,0.4119272408177899,0.09019468063715004,0.27049058146897426,0.04731300723666115,0.31972963268666,0.03580675386227946,0.31972963268666,0.03580675386227946,0.4249436244393432,0.028901179827639328,0.32002954833262975,0.0375626640897431,0.364239240938261,0.03155675558832659,0.364239240938261,0.03155675558832659,0.5063717888073336,0.05263568608423243,0.32810269729635,0.058520113160585606,0.5078618400131178,0.06894837194474836,0.23747038198274426,0.06858296739001206,0.5092090470466125,0.08443610228845157,0.19475950976103698,0.07677256439501119,0.5122221303499123,0.11372553278012454,0.15677079224570512,0.09147038133846752,0.5246494256643686,0.1860677200009931,0.13141199408406964,0.12525142166163897,0.7016249999999999,0.009777205633513093,0.7016249999999999,0.009777205633513093,0.750225,0.010617615080610135,0.750225,0.010617615080610135,0.7938999999999999,0.01181111764398273,0.7938999999999999,0.01181111764398273,0.8298,0.011313736120309704,0.8298,0.011313736120309704,0.5860624999999999,0.008956535672345646,0.5860624999999999,0.008956535672345646,0.645325,0.008947625383307017,0.645325,0.008947625383307017,0.6938624999999999,0.008673255708402265,0.6938624999999999,0.008673255708402265,0.7417833333333334,0.009165545385967042,0.7417833333333334,0.009165545385967042,0.5458261220855206,0.016287127407215517,0.5458261220855206,0.016287127407215517,0.9135961874143037,0.009073916786308082,0.9135961874143037,0.009073916786308082,0.6597962910836873,0.02110938304698956,0.6597962910836873,0.02110938304698956,0.9575423928761998,0.006511821493579546,0.9575423928761998,0.006511821493579546,0.41917886308815333,0.011299376024849055,0.41917886308815333,0.011299376024849055,0.833729962632163,0.010260263744680252,0.833729962632163,0.010260263744680252,0.5416004254191205,0.0151132082704907,0.5416004254191205,0.0151132082704907,0.9016228476408887,0.00789486529266941,0.9016228476408887,0.00789486529266941,0.37548650157000424,0.045895566611779445,0.3495262807781051,0.0534059876416789,0.41365564200309957,0.03962898718524629,0.40433632453017465,0.05103878414362261,0.8640928070574505,0.01181250822184789,0.8559576257424053,0.015459381596829243,0.29854653807066917,0.018498474187500575,0.8403003225250087,0.011408757827861724,0.8294220852017936,0.010443422162399988
E:\MSImaging-data\_msi_visual\Extractions\NRL4558_5um\5bins\2\0.npy,random,parametric_umap,10,5000.0,0.0,0.7238376254632797,0.0,1183143.0,0.0,46.5,2.8722813232690143,4.0,0.0,0.0,0.0,58.23321389998309,0.4231577578844721,0.8283387384177339,0.026066885882177645,0.831776787308633,0.06730184976422283,0.8474098617345662,0.028023684606063876,0.84184469971365,0.039783074226187966,0.8904936669996404,0.021757690230774934,0.9279818486817893,0.013092671467819807,0.38283778807066915,0.03960228706799172,0.9045297990686445,0.020980791833642976,0.8903171136598826,0.020070305544917285,0.0,0.0,300000.0,0.0,64.0,0.0,0.034923835069201895,0.11050916286443525,0.12152257649132663,0.17303941592773156,0.0045938509161955075,0.09712895180775051,0.30971149765178557,0.00978689834573445,0.5369420451160438,0.09095798211251638,0.2237180222933315,0.1069084947640559,0.5615027174160522,0.10777236453959271,0.2345655957300355,0.12684704263729757,5.0,0.0,0.4654227262461168,0.19804454152601444,0.21549176867876735,0.08954696605907049,0.2683094762225453,0.07912147046491734,0.2683094762225453,0.07912147046491734,0.3735191791844411,0.03610472466879002,0.28871645033065996,0.04428255347340399,0.32434709295689096,0.039002145447940076,0.32434709295689096,0.039002145447940076,0.5135063093117136,0.06422707424122506,0.3408828796011064,0.07105757842387905,0.5243778819910987,0.07802650498277386,0.25844326966914843,0.09037476902298294,0.5369420451160438,0.09095798211251638,0.2237180222933315,0.1069084947640559,0.5633680245354858,0.11517977600768667,0.1991550626708987,0.13547212831561078,0.6318764809762861,0.17275600701614385,0.2003747072735949,0.19418121341620279,0.8462250000000001,0.018487140801108214,0.8462250000000001,0.018487140801108214,0.8961625000000002,0.014718934446827312,0.8961625000000002,0.014718934446827312,0.9341250000000001,0.008777100888106518,0.9341250000000001,0.008777100888106518,0.9597625000000001,0.01043034185681372,0.9597625000000001,0.01043034185681372,0.6922375000000001,0.037735736129695406,0.6922375000000001,0.037735736129695406,0.7766249999999999,0.031525237905525805,0.7766249999999999,0.031525237905525805,0.8241958333333332,0.01988574176877607,0.8241958333333332,0.01988574176877607,0.8775166666666665,0.01525206270203042,0.8775166666666665,0.01525206270203042,0.8297371245545676,0.03067129052351419,0.8297371245545676,0.03067129052351419,0.9379715505477758,0.015591013708869426,0.9379715505477758,0.015591013708869426,0.9230238359756815,0.014810188877401103,0.9230238359756815,0.014810188877401103,0.9802632386697946,0.006743543681713101,0.9802632386697946,0.006743543681713101,0.6699248654703285,0.05565147730986771,0.6699248654703285,0.05565147730986771,0.8406887739299759,0.023084235867608476,0.8406887739299759,0.023084235867608476,0.8075619420001925,0.029567409553145643,0.8075619420001925,0.029567409553145643,0.9196411877158486,0.014380190684708662,0.9196411877158486,0.014380190684708662,0.8283387384177339,0.026066885882177645,0.831776787308633,0.06730184976422283,0.8474098617345662,0.028023684606063876,0.84184469971365,0.039783074226187966,0.8904936669996404,0.021757690230774934,0.9279818486817893,0.013092671467819807,0.38283778807066915,0.03960228706799172,0.9045297990686445,0.020980791833642976,0.8903171136598826,0.020070305544917285
E:\MSImaging-data\_msi_visual\Extractions\NRL4558_5um\5bins\2\0.npy,random,pca,10,5000.0,0.0,0.7238376254632797,0.0,1183143.0,0.0,46.5,2.8722813232690143,-1.0,0.0,0.0,0.0,74.48652719999663,0.5059913958754865,0.8316480528755944,0.0037202653903009027,0.751542486441646,0.003832257790794528,0.803882888583803,0.003177250037441239,0.7922104300049003,0.002988899027683667,0.8684181412743814,0.003705350935548439,0.9070568502535419,0.0022300547689189914,0.3372927880706692,0.0062782613847804135,0.8822109447223181,0.003866678272017212,0.8754476918765093,0.0044871191733173105,0.0,0.0,300000.0,0.0,64.0,0.0,0.144419290698976,6.916611513455253e-06,0.25377328618825074,5.158723778753084e-06,0.007514081463101277,7.278169188373903e-06,0.33228861163901097,2.7705018982730545e-06,0.6370757114009118,2.1211122271706863e-06,0.3056835853430136,6.048559189820343e-06,0.6688617887096596,2.3444662093444297e-06,0.32095010237979726,7.606200643098033e-06,5.0,0.0,0.4847257579309715,2.4659481920323684e-05,0.2874219519487829,2.209611370699447e-05,0.360865729931981,2.4020160431715917e-05,0.360865729931981,2.4020160431715917e-05,0.3704856582058247,1.0983073770453945e-05,0.23741535633882088,9.903181396468162e-06,0.2893858784170999,9.971109928947762e-06,0.2893858784170999,9.971109928947762e-06,0.5848853789837449,4.073552462730811e-06,0.40519765220938614,5.1675424526324485e-06,0.6117882862008895,2.144819441848341e-06,0.3328641857938629,5.11360330267178e-06,0.6370757114009118,2.1211122271706863e-06,0.3056835853430136,6.048559189820343e-06,0.6804174493836089,3.3006837696928e-06,0.2909835631859964,7.54135713027651e-06,0.7700039915694733,3.4571804993884254e-06,0.30587713008567463,1.2390374597351429e-05,0.8276875,0.001947153370949492,0.8276875,0.001947153370949492,0.8725249999999999,0.0021907475892945553,0.8725249999999999,0.0021907475892945553,0.9229375,0.0022921401026115306,0.9229375,0.0022921401026115306,0.9440875000000002,0.0018490284611113995,0.9440875000000002,0.0018490284611113995,0.6552625,0.0038618526965693563,0.6552625,0.0038618526965693563,0.7331749999999999,0.004143971524998708,0.7331749999999999,0.004143971524998708,0.8019625000000001,0.002471325133742351,0.8019625000000001,0.002471325133742351,0.8499291666666668,0.002460595710392087,0.8499291666666668,0.002460595710392087,0.8191408960258355,0.003094348899393154,0.8191408960258355,0.003094348899393154,0.9159215711196996,0.0017970474567314744,0.9159215711196996,0.0017970474567314744,0.9179710333368514,0.0030080210031895073,0.9179710333368514,0.0030080210031895073,0.9674705549254783,0.001604108441923776,0.9674705549254783,0.001604108441923776,0.6136888062286556,0.004305997537501772,0.6136888062286556,0.004305997537501772,0.8142957800994675,0.0038914662661301046,0.8142957800994675,0.0038914662661301046,0.7836002451971142,0.003014963897673924,0.7836002451971142,0.003014963897673924,0.8992293020482153,0.0019681276661168813,0.8992293020482153,0.0019681276661168813,0.8316480528755944,0.0037202653903009027,0.751542486441646,0.003832257790794528,0.803882888583803,0.003177250037441239,0.7922104300049003,0.002988899027683667,0.8684181412743814,0.003705350935548439,0.9070568502535419,0.0022300547689189914,0.3372927880706692,0.0062782613847804135,0.8822109447223181,0.003866678272017212,0.8754476918765093,0.0044871191733173105
E:\MSImaging-data\_msi_visual\Extractions\NRL4558_5um\5bins\2\0.npy,random,top3,10,5000.0,0.0,0.7238376254632797,0.0,1183143.0,0.0,46.5,2.8722813232690143,-1.0,0.0,0.0,0.0,1.501301690004766,0.015612606400247269,0.5168751616884405,0.00560636989426221,0.4941081172825341,0.007740168140789463,0.5261782583548749,0.005843840380119443,0.5456972502549796,0.00806347789194567,0.7268263760404128,0.004399642064433348,0.8455747490294618,0.003003236656946673,0.19623716307066916,0.005079870507699977,0.743033716367713,0.0035409795701155057,0.737369446360814,0.0035631584218102047,0.0,0.0,300000.0,0.0,64.0,0.0,-0.10739797624920719,1.3877787807814457e-17,-0.1064177131142761,1.3877787807814457e-17,-0.00355414504605558,0.0,0.3015824522324544,0.0,0.4303024609062992,5.551115123125783e-17,0.1324724759001769,2.7755575615628914e-17,0.40056588805415594,5.551115123125783e-17,0.12524214441920206,0.0,5.0,0.0,0.3353755854781867,0.0,0.22637232657942877,2.7755575615628914e-17,0.2702982954918345,0.0,0.2702982954918345,0.0,0.4068650887095432,5.551115123125783e-17,0.3760662902771915,0.0,0.3908599109983833,0.0,0.3908599109983833,0.0,0.44836581525993,5.551115123125783e-17,0.27286956912706983,0.0,0.44022664867472655,5.551115123125783e-17,0.17891831203477976,0.0,0.4303024609062992,5.551115123125783e-17,0.1324724759001769,2.7755575615628914e-17,0.4065019303601941,0.0,0.08559381252520688,1.3877787807814457e-17,0.3173551187671098,5.551115123125783e-17,0.03682225406829552,6.938893903907228e-18,0.7240750000000001,0.002440671014290955,0.7240750000000001,0.002440671014290955,0.7657624999999999,0.0026542713218508625,0.7657624999999999,0.0026542713218508625,0.8253,0.0021155672998040215,0.8253,0.0021155672998040215,0.8542874999999999,0.0019812007091660573,0.8542874999999999,0.0019812007091660573,0.6002375,0.002965662868567488,0.6002375,0.002965662868567488,0.6525874999999999,0.001725769755790137,0.6525874999999999,0.001725769755790137,0.7165375,0.0019270056290640217,0.7165375,0.0019270056290640217,0.7575458333333334,0.0012001808312824076,0.7575458333333334,0.0012001808312824076,0.6102110532984962,0.004565135431957797,0.6102110532984962,0.004565135431957797,0.9013439664801602,0.002278808868177414,0.9013439664801602,0.002278808868177414,0.7361493239447631,0.004245957408876528,0.7361493239447631,0.004245957408876528,0.9520709025456485,0.0011241050032546392,0.9520709025456485,0.0011241050032546392,0.46685599146349344,0.004777707401192902,0.46685599146349344,0.004777707401192902,0.8168790162803145,0.002905098839820856,0.8168790162803145,0.002905098839820856,0.6044054562355841,0.0033268311224601277,0.6044054562355841,0.0033268311224601277,0.8900979617687078,0.0016402904414058181,0.8900979617687078,0.0016402904414058181,0.5168751616884405,0.00560636989426221,0.4941081172825341,0.007740168140789463,0.5261782583548749,0.005843840380119443,0.5456972502549796,0.00806347789194567,0.7268263760404128,0.004399642064433348,0.8455747490294618,0.003003236656946673,0.19623716307066916,0.005079870507699977,0.743033716367713,0.0035409795701155057,0.737369446360814,0.0035631584218102047
E:\MSImaging-data\_msi_visual\Extractions\NRL4558_5um\5bins\2\0.npy,random,nmf_3d,10,5000.0,0.0,0.7238376254632797,0.0,1183143.0,0.0,46.5,2.8722813232690143,-1.0,0.0,0.0,0.0,699.8020071900216,1.3421764074806386,0.6002602901910289,0.009841557451155161,0.7062461746453157,0.006497805900374042,0.6879186338117294,0.00847551931072867,0.7233615902254611,0.007202724373057494,0.8326072713040885,0.0036407675245709674,0.8647143884607903,0.0018199438069570974,0.2554196630706692,0.0036342534910900207,0.8330925422559503,0.003840536257034098,0.8273782963953087,0.002933063433926409,0.0,0.0,300000.0,0.0,64.0,0.0,0.06374587923126801,5.489177428011594e-07,0.09317847218559563,6.239084140716147e-07,0.12669218402755256,1.4304439948213696e-06,0.31865153032540755,7.276939322723809e-07,0.5414552994760483,7.32370331626564e-07,0.19826231080982565,1.3981587211677886e-06,0.5424609149441105,7.151313454218346e-07,0.18915366482789858,1.6932570602835477e-06,5.0,0.0,0.4227573064203297,4.361743536149834e-06,0.36247185873082877,3.140138432424986e-06,0.39030039496764074,3.5685404140949148e-06,0.39030039496764074,3.5685404140949148e-06,0.4688764107671908,2.5838054261602016e-06,0.36558542634022795,2.563912293691902e-06,0.41083815917727085,2.484000488143766e-06,0.41083815917727085,2.484000488143766e-06,0.5344130996427346,2.2202933635127386e-07,0.34594601076529363,1.1278826765417405e-06,0.5383173844837021,6.786751491514639e-07,0.24788692434062728,1.464661121186671e-06,0.5414552994760483,7.32370331626564e-07,0.19826231080982565,1.3981587211677886e-06,0.5451005157820663,1.0746498899371167e-06,0.14735944211369723,1.7933304903813189e-06,0.5482047038518849,8.32035592339631e-07,0.09259387322578326,2.6678079739897467e-06,0.8221875000000001,0.0024490112800883515,0.8221875000000001,0.0024490112800883515,0.8779124999999999,0.00342739423615082,0.8779124999999999,0.00342739423615082,0.9057125000000001,0.003487499999999992,0.9057125000000001,0.003487499999999992,0.9265250000000002,0.003070932268872106,0.9265250000000002,0.003070932268872106,0.656825,0.004969657935914697,0.656825,0.004969657935914697,0.76265,0.0032814821346458653,0.76265,0.0032814821346458653,0.7949083333333332,0.0027819981827615983,0.7949083333333332,0.0027819981827615983,0.8556958333333334,0.0024899136810116705,0.8556958333333334,0.0024899136810116705,0.7598667550256881,0.004409856455808045,0.7598667550256881,0.004409856455808045,0.9472497424238835,0.0018907359972476791,0.9472497424238835,0.0018907359972476791,0.8468165222540065,0.004817168777201126,0.8468165222540065,0.004817168777201126,0.9822238997213498,0.0014349386351908404,0.9822238997213498,0.0014349386351908404,0.5854788156231374,0.007360157813615063,0.5854788156231374,0.007360157813615063,0.8503483484229648,0.003151847949709677,0.8503483484229648,0.003151847949709677,0.7307206976342773,0.0042564580625110236,0.7307206976342773,0.0042564580625110236,0.9266073301893993,0.0012480916560371996,0.9266073301893993,0.0012480916560371996,0.6002602901910289,0.009841557451155161,0.7062461746453157,0.006497805900374042,0.6879186338117294,0.00847551931072867,0.7233615902254611,0.007202724373057494,0.8326072713040885,0.0036407675245709674,0.8647143884607903,0.0018199438069570974,0.2554196630706692,0.0036342534910900207,0.8330925422559503,0.003840536257034098,0.8273782963953087,0.002933063433926409
E:\MSImaging-data\_msi_visual\Extractions\NRL4558_5um\5bins\2\0.npy,superpixel,parametric_mics_lmc__mics1,10,5000.0,0.0,0.7238376254632797,0.0,1183143.0,0.0,46.5,2.8722813232690143,4.0,0.0,0.0,0.0,95.22637959006242,0.6979023666324039,0.8052144250356449,0.03666568342874453,0.8298667005916434,0.04251080101415114,0.8062732424550687,0.03365076213270256,0.8300962568964432,0.032551315079303575,0.8913819924352149,0.018213977542520916,0.9097910038908534,0.01802245898912805,0.3516352880706691,0.03560692210726906,0.8961766246981717,0.019041837298407846,0.8821881316833391,0.019806904878219716,0.0,0.0,300000.0,0.0,64.0,0.0,-0.010683524332921511,0.08344546531420624,0.06322329864494003,0.1097684424870807,-0.015921009888980247,0.10493368023506854,0.30474977264390785,0.011169441150737798,0.5400921804388689,0.05122337099227598,0.20104853421990057,0.05748647107571296,0.5700024308223386,0.06050218662595592,0.20570955357275192,0.0665785676328168,5.0,0.0,0.3687349914208248,0.07308078708483524,0.2147013947516533,0.06493211092527729,0.2693202002389208,0.06727955598947911,0.2693202002389208,0.06727955598947911,0.3578644730826045,0.08682011009532742,0.24896888630927255,0.07008132846695785,0.2918838327378392,0.07576602967632051,0.2918838327378392,0.07576602967632051,0.5017946087718287,0.043506492741891736,0.31871003135989096,0.04515370089232979,0.5212130235801807,0.04654444755135983,0.23731716032028402,0.051130587333177775,0.5400921804388689,0.05122337099227598,0.20104853421990057,0.05748647107571296,0.5749368447472559,0.06352815869384777,0.17103105629082777,0.06996092451621316,0.6611496153792412,0.10599994324741119,0.15679882431699016,0.09892360332636353,0.8434750000000001,0.0225430698885489,0.8434750000000001,0.0225430698885489,0.8842125,0.01593777450743985,0.8842125,0.01593777450743985,0.9356125000000001,0.011922202239938721,0.9356125000000001,0.011922202239938721,0.9546000000000001,0.007179136438319022,0.9546000000000001,0.007179136438319022,0.6624375,0.026730088968239505,0.6624375,0.026730088968239505,0.7405125,0.030687102848753908,0.7405125,0.030687102848753908,0.8138416666666666,0.01914090478820454,0.8138416666666666,0.01914090478820454,0.8597750000000002,0.016532251728733842,0.8597750000000002,0.016532251728733842,0.8330324929650139,0.03760715980167585,0.8330324929650139,0.03760715980167585,0.9283926340380114,0.010424671810867842,0.9283926340380114,0.010424671810867842,0.9277007921789278,0.02020578900248826,0.9277007921789278,0.02020578900248826,0.9763321035416632,0.003127431381638523,0.9763321035416632,0.003127431381638523,0.6367078246730657,0.04489898708159065,0.6367078246730657,0.04489898708159065,0.8164326513051643,0.019622806847548142,0.8164326513051643,0.019622806847548142,0.7991470366056691,0.03285642248305143,0.7991470366056691,0.03285642248305143,0.9070524629616129,0.010694614561776476,0.9070524629616129,0.010694614561776476,0.8052144250356449,0.03666568342874453,0.8298667005916434,0.04251080101415114,0.8062732424550687,0.03365076213270256,0.8300962568964432,0.032551315079303575,0.8913819924352149,0.018213977542520916,0.9097910038908534,0.01802245898912805,0.3516352880706691,0.03560692210726906,0.8961766246981717,0.019041837298407846,0.8821881316833391,0.019806904878219716
E:\MSImaging-data\_msi_visual\Extractions\NRL4558_5um\5bins\2\0.npy,superpixel,parametric_mics_lmc__mics2,10,5000.0,0.0,0.7238376254632797,0.0,1183143.0,0.0,46.5,2.8722813232690143,4.0,0.0,0.0,0.0,860.7497626399621,8.987405338191156,0.42716388801400357,0.08973538385050317,0.4290320540304543,0.08645404499960535,0.5343517617991264,0.07902817215923051,0.4983734821626224,0.08056803593443831,0.8747863896859073,0.01765986718785013,0.9053039896393962,0.01453850834612348,0.3412502880706692,0.029481629747660228,0.8721262689720592,0.016830852388560563,0.8562057955329424,0.018055405903727433,0.0,0.0,300000.0,0.0,64.0,0.0,0.13362847396235472,0.0964133132345265,0.14716129266574465,0.09936929138638514,0.19474624623482412,0.06166483289410089,0.31198502201889167,0.010033157718263831,0.5773764826363817,0.06362908814020489,0.20646733242162166,0.04244524149654997,0.5833541570511598,0.07160522298519707,0.19895729039344093,0.04233144891863899,5.0,0.0,0.4539512956100141,0.055405621607536294,0.3304259884620796,0.03798219467675767,0.3818010460396025,0.041764975103502744,0.3818010460396025,0.041764975103502744,0.4811616083490112,0.033363403777604474,0.3760262769100886,0.04720915695903499,0.42006046700284533,0.030988830028733656,0.42006046700284533,0.030988830028733656,0.567728978521316,0.051827719096063644,0.3609972596224499,0.04380912205475538,0.5728650108412263,0.05794777352089889,0.2585092743890255,0.04301396368564087,0.5773764826363817,0.06362908814020489,0.20646733242162166,0.04244524149654997,0.5842653409774983,0.07492291339638939,0.15361277519924887,0.04284327601782317,0.6032435773706324,0.10781924576233516,0.10343396326052838,0.04735220224446795,0.7219499999999999,0.022045350983824225,0.7219499999999999,0.022045350983824225,0.787,0.0230466917365595,0.787,0.0230466917365595,0.8201499999999999,0.019407134641672368,0.8201499999999999,0.019407134641672368,0.8663875000000001,0.021147728158126114,0.8663875000000001,0.021147728158126114,0.59215,0.021416465628109605,0.59215,0.021416465628109605,0.668175,0.021982748918185812,0.668175,0.021982748918185812,0.7114166666666667,0.020127691331430275,0.7114166666666667,0.020127691331430275,0.7738541666666666,0.020855656789918842,0.7738541666666666,0.020855656789918842,0.5614471705890227,0.044949380269331006,0.5614471705890227,0.044949380269331006,0.9330698380475939,0.010567017206307837,0.9330698380475939,0.010567017206307837,0.6895158089306531,0.038796653873238426,0.6895158089306531,0.038796653873238426,0.9723722520230795,0.008020835056521517,0.9723722520230795,0.008020835056521517,0.42060183140790103,0.04401463685275739,0.42060183140790103,0.04401463685275739,0.8440909073426397,0.015799850010762923,0.8440909073426397,0.015799850010762923,0.5571882703091923,0.04184557385276999,0.5571882703091923,0.04184557385276999,0.9165109991377711,0.010421235664197346,0.9165109991377711,0.010421235664197346,0.42716388801400357,0.08973538385050317,0.4290320540304543,0.08645404499960535,0.5343517617991264,0.07902817215923051,0.4983734821626224,0.08056803593443831,0.8747863896859073,0.01765986718785013,0.9053039896393962,0.01453850834612348,0.3412502880706692,0.029481629747660228,0.8721262689720592,0.016830852388560563,0.8562057955329424,0.018055405903727433
E:\MSImaging-data\_msi_visual\Extractions\NRL4558_5um\5bins\2\0.npy,superpixel,parametric_mics_lmc__mics3,10,5000.0,0.0,0.7238376254632797,0.0,1183143.0,0.0,46.5,2.8722813232690143,4.0,0.0,0.0,0.0,97.93229230996221,0.48257764388044555,0.3958801254042399,0.05599001512267276,0.3716755523048627,0.06400142885678956,0.4690785508708194,0.061713008258836216,0.44387473436605546,0.06136170884409542,0.8812230515397962,0.009563961969295511,0.8754688358530416,0.010392757001937952,0.32389341307066916,0.01881093531699048,0.8645553182131771,0.013580576704212333,0.8506314349775785,0.01098686169896787,0.0,0.0,300000.0,0.0,64.0,0.0,0.08393198333877554,0.05726077594175417,0.12248707306135165,0.06936341231433436,0.18945179222037475,0.04407951175753304,0.30246883648301,0.010902159771739068,0.5491465901014031,0.034231023516415195,0.2067325702111454,0.030158075013450567,0.5587429672395652,0.04011955244383457,0.20369148167922346,0.0347485931557617,5.0,0.0,0.4368694486547833,0.033402894564769366,0.32098569192345583,0.022125961059300852,0.3690895430590371,0.019042459263316644,0.3690895430590371,0.019042459263316644,0.48508985314595926,0.0155882887770778,0.34860876600534685,0.043153872756134644,0.4038456952875845,0.029430419643651545,0.4038456952875845,0.029430419643651545,0.5417028343488245,0.02733068497927481,0.35197764505131285,0.02643601033351732,0.5453924690583549,0.030516760170778943,0.2545876148693642,0.02770919077420781,0.5491465901014031,0.034231023516415195,0.2067325702111454,0.030158075013450567,0.5574354387225348,0.04194395922618548,0.1612989952601461,0.036396503847734074,0.5863179971936419,0.0653024721359839,0.12270198831758924,0.052266750857569266,0.6998749999999999,0.017029111104223858,0.6998749999999999,0.017029111104223858,0.7597875000000001,0.0162821844741423,0.7597875000000001,0.0162821844741423,0.802375,0.017001102905399995,0.802375,0.017001102905399995,0.847175,0.016019733924132456,0.847175,0.016019733924132456,0.5721125,0.013945479778408494,0.5721125,0.013945479778408494,0.643825,0.014685260467557259,0.643825,0.014685260467557259,0.6914541666666667,0.01466707444982357,0.6914541666666667,0.01466707444982357,0.7502625,0.014409536411117915,0.7502625,0.014409536411117915,0.5463437871123275,0.029682018317461954,0.5463437871123275,0.029682018317461954,0.9154285630992739,0.010831686009886583,0.9154285630992739,0.010831686009886583,0.6746801199705355,0.034035976058718505,0.6746801199705355,0.034035976058718505,0.962267160937073,0.005837293592029676,0.962267160937073,0.005837293592029676,0.4065438764582484,0.020629937295019864,0.4065438764582484,0.020629937295019864,0.8260557762512828,0.013557182493976442,0.8260557762512828,0.013557182493976442,0.5425225945137038,0.027561313024343278,0.5425225945137038,0.027561313024343278,0.9012505000958766,0.009358361825229795,0.9012505000958766,0.009358361825229795,0.3958801254042399,0.05599001512267276,0.3716755523048627,0.06400142885678956,0.4690785508708194,0.061713008258836216,0.44387473436605546,0.06136170884409542,0.8812230515397962,0.009563961969295511,0.8754688358530416,0.010392757001937952,0.32389341307066916,0.01881093531699048,0.8645553182131771,0.013580576704212333,0.8506314349775785,0.01098686169896787
E:\MSImaging-data\_msi_visual\Extractions\NRL4558_5um\5bins\2\0.npy,superpixel,parametric_umap,10,5000.0,0.0,0.7238376254632797,0.0,1183143.0,0.0,46.5,2.8722813232690143,4.0,0.0,0.0,0.0,93.28446136999409,0.6192664096547353,0.8155043164958382,0.0768522117537074,0.7361933379350625,0.0993327406531093,0.8623829278910256,0.06485564820034238,0.7916273994331979,0.07863098242257659,0.9055039754333769,0.010491282973475746,0.934194076474507,0.00800198941660425,0.39537716307066917,0.03263787236478507,0.9192079178164884,0.009593909438047096,0.9016822072266297,0.014093499006912587,0.0,0.0,300000.0,0.0,64.0,0.0,0.1140831260686778,0.0735522460321299,0.21712148938795495,0.10698254930375324,0.1792999095784214,0.09375802900502193,0.3185380995509931,0.007016722131096998,0.5909278763666117,0.05418981455722331,0.26377349161799823,0.07570830844854956,0.6219888550079085,0.06252660218556018,0.27595386045951065,0.08992242658331946,5.0,0.0,0.5137277923533714,0.12958294003101672,0.22574772231602647,0.08038855977529476,0.29423400526843985,0.07354461224776784,0.29423400526843985,0.07354461224776784,0.47793355419245287,0.055315086516886505,0.3108829762909807,0.045028023936663324,0.37314342535296086,0.03659958491636696,0.37314342535296086,0.03659958491636696,0.5547131464609836,0.04069066517665873,0.3773340235323595,0.04790886212700396,0.5722504547679655,0.04738220837867005,0.2968096068550349,0.06286487692789092,0.5909278763666117,0.05418981455722331,0.26377349161799823,0.07570830844854956,0.6270768841942558,0.06725957894335376,0.24162822142037377,0.097190292303001,0.714086280790681,0.10016800085961844,0.24667976241060438,0.13993557458049824,0.8432000000000001,0.04245870052180119,0.8432000000000001,0.04245870052180119,0.9181750000000001,0.029019293151281263,0.9181750000000001,0.029019293151281263,0.9351875,0.020447436422446695,0.9351875,0.020447436422446695,0.9765625,0.008672378926799729,0.9765625,0.008672378926799729,0.6706375,0.05135855728357251,0.6706375,0.05135855728357251,0.78065,0.055090289525469,0.78065,0.055090289525469,0.8163416666666666,0.0370061171745069,0.8163416666666666,0.0370061171745069,0.8917958333333335,0.029592061212520403,0.8917958333333335,0.029592061212520403,0.7982645903442204,0.07888651896951346,0.7982645903442204,0.07888651896951346,0.9564043977490206,0.005297398912977976,0.9564043977490206,0.005297398912977976,0.9131232110322924,0.0371080093085087,0.9131232110322924,0.0371080093085087,0.9898033849461555,0.0015225886479909173,0.9898033849461555,0.0015225886479909173,0.604650383974071,0.08921978074094307,0.604650383974071,0.08921978074094307,0.8558796705543127,0.015132435898752789,0.8558796705543127,0.015132435898752789,0.7720127284501946,0.06678536454726472,0.7720127284501946,0.06678536454726472,0.9340291510831629,0.006869370266991968,0.9340291510831629,0.006869370266991968,0.8155043164958382,0.0768522117537074,0.7361933379350625,0.0993327406531093,0.8623829278910256,0.06485564820034238,0.7916273994331979,0.07863098242257659,0.9055039754333769,0.010491282973475746,0.934194076474507,0.00800198941660425,0.39537716307066917,0.03263787236478507,0.9192079178164884,0.009593909438047096,0.9016822072266297,0.014093499006912587
E:\MSImaging-data\_msi_visual\Extractions\NRL4558_5um\5bins\2\0.npy,superpixel,pca,10,5000.0,0.0,0.7238376254632797,0.0,1183143.0,0.0,46.5,2.8722813232690143,-1.0,0.0,0.0,0.0,74.41518380003981,0.47951700517088075,0.8316444335207629,0.0037207715236718063,0.7515467711848096,0.003835328771061872,0.8038810911537221,0.003173407304818171,0.7922141793413726,0.0029935386837734107,0.8683909149648932,0.003719683273448027,0.9070586343762027,0.0022327141865459677,0.33727653807066915,0.006228328207924252,0.8822135292342187,0.0038679753010079196,0.8754483119179028,0.004490383814579945,0.0,0.0,300000.0,0.0,64.0,0.0,0.14442602371871,5.7574302250624305e-06,0.25377956473190333,5.07946287953798e-06,0.007507871710316966,9.767832293241584e-06,0.3322908746145774,1.6625937818782757e-06,0.6370783887951117,2.326494972527055e-06,0.30569314299529443,7.804013835312263e-06,0.6688641457273877,2.2761557973421005e-06,0.3209608318626384,8.635579528934877e-06,5.0,0.0,0.4846862191523786,2.6514104648884e-05,0.2873975481919234,2.531278662695971e-05,0.360835538482639,2.6973443893035465e-05,0.360835538482639,2.6973443893035465e-05,0.37047350984512073,9.502820027940633e-06,0.23740920043618968,7.769891061222452e-06,0.28937759954023895,8.534695246220763e-06,0.28937759954023895,8.534695246220763e-06,0.5848900170920233,4.316608187837049e-06,0.405205100859875,6.004918018209501e-06,0.6117917258318493,2.6347571682046463e-06,0.3328726284334312,6.814484209572694e-06,0.6370783887951117,2.326494972527055e-06,0.30569314299529443,7.804013835312263e-06,0.6804202608917175,2.9028548236183598e-06,0.2909942597103614,8.312897396166323e-06,0.7700036779877035,1.8083631820583618e-06,0.30589223024052997,1.2768260910003211e-05,0.8276,0.0020415986383224153,0.8276,0.0020415986383224153,0.8724875000000001,0.002262776226231841,0.8724875000000001,0.002262776226231841,0.9230124999999999,0.0022929579695232173,0.9230124999999999,0.0022929579695232173,0.944125,0.0018447560814373303,0.944125,0.0018447560814373303,0.6553625000000001,0.0038561841566501945,0.6553625000000001,0.0038561841566501945,0.7332374999999999,0.0041016193448441835,0.7332374999999999,0.0041016193448441835,0.8019916666666665,0.002498735791466468,0.8019916666666665,0.002498735791466468,0.84995,0.0024586016802691387,0.84995,0.0024586016802691387,0.8190505663729978,0.003190123670427755,0.8190505663729978,0.003190123670427755,0.9158977700669582,0.0018122901596643686,0.9158977700669582,0.0018122901596643686,0.918022156988199,0.0030148565206179986,0.918022156988199,0.0030148565206179986,0.9674996719113238,0.0016156550102599285,0.9674996719113238,0.0016156550102599285,0.6138473609475067,0.004210833269219018,0.6138473609475067,0.004210833269219018,0.8143054082454821,0.003910104075073076,0.8143054082454821,0.003910104075073076,0.7836400281029012,0.0030411404708932306,0.7836400281029012,0.0030411404708932306,0.8992342834079213,0.0019759061534981373,0.8992342834079213,0.0019759061534981373,0.8316444335207629,0.0037207715236718063,0.7515467711848096,0.003835328771061872,0.8038810911537221,0.003173407304818171,0.7922141793413726,0.0029935386837734107,0.8683909149648932,0.003719683273448027,0.9070586343762027,0.0022327141865459677,0.33727653807066915,0.006228328207924252,0.8822135292342187,0.0038679753010079196,0.8754483119179028,0.004490383814579945
E:\MSImaging-data\_msi_visual\Extractions\NRL4558_5um\5bins\2\0.npy,superpixel,top3,10,5000.0,0.0,0.7238376254632797,0.0,1183143.0,0.0,46.5,2.8722813232690143,-1.0,0.0,0.0,0.0,1.5290816700318828,0.06914066374624445,0.5168751616884405,0.00560636989426221,0.4941081172825341,0.007740168140789463,0.5261782583548749,0.005843840380119443,0.5456972502549796,0.00806347789194567,0.7268263760404128,0.004399642064433348,0.8455747490294618,0.003003236656946673,0.19623716307066916,0.005079870507699977,0.743033716367713,0.0035409795701155057,0.737369446360814,0.0035631584218102047,0.0,0.0,300000.0,0.0,64.0,0.0,-0.10739797624920719,1.3877787807814457e-17,-0.1064177131142761,1.3877787807814457e-17,-0.00355414504605558,0.0,0.3015824522324544,0.0,0.4303024609062992,5.551115123125783e-17,0.1324724759001769,2.7755575615628914e-17,0.40056588805415594,5.551115123125783e-17,0.12524214441920206,0.0,5.0,0.0,0.3353755854781867,0.0,0.22637232657942877,2.7755575615628914e-17,0.2702982954918345,0.0,0.2702982954918345,0.0,0.4068650887095432,5.551115123125783e-17,0.3760662902771915,0.0,0.3908599109983833,0.0,0.3908599109983833,0.0,0.44836581525993,5.551115123125783e-17,0.27286956912706983,0.0,0.44022664867472655,5.551115123125783e-17,0.17891831203477976,0.0,0.4303024609062992,5.551115123125783e-17,0.1324724759001769,2.7755575615628914e-17,0.4065019303601941,0.0,0.08559381252520688,1.3877787807814457e-17,0.3173551187671098,5.551115123125783e-17,0.03682225406829552,6.938893903907228e-18,0.7240750000000001,0.002440671014290955,0.7240750000000001,0.002440671014290955,0.7657624999999999,0.0026542713218508625,0.7657624999999999,0.0026542713218508625,0.8253,0.0021155672998040215,0.8253,0.0021155672998040215,0.8542874999999999,0.0019812007091660573,0.8542874999999999,0.0019812007091660573,0.6002375,0.002965662868567488,0.6002375,0.002965662868567488,0.6525874999999999,0.001725769755790137,0.6525874999999999,0.001725769755790137,0.7165375,0.0019270056290640217,0.7165375,0.0019270056290640217,0.7575458333333334,0.0012001808312824076,0.7575458333333334,0.0012001808312824076,0.6102110532984962,0.004565135431957797,0.6102110532984962,0.004565135431957797,0.9013439664801602,0.002278808868177414,0.9013439664801602,0.002278808868177414,0.7361493239447631,0.004245957408876528,0.7361493239447631,0.004245957408876528,0.9520709025456485,0.0011241050032546392,0.9520709025456485,0.0011241050032546392,0.46685599146349344,0.004777707401192902,0.46685599146349344,0.004777707401192902,0.8168790162803145,0.002905098839820856,0.8168790162803145,0.002905098839820856,0.6044054562355841,0.0033268311224601277,0.6044054562355841,0.0033268311224601277,0.8900979617687078,0.0016402904414058181,0.8900979617687078,0.0016402904414058181,0.5168751616884405,0.00560636989426221,0.4941081172825341,0.007740168140789463,0.5261782583548749,0.005843840380119443,0.5456972502549796,0.00806347789194567,0.7268263760404128,0.004399642064433348,0.8455747490294618,0.003003236656946673,0.19623716307066916,0.005079870507699977,0.743033716367713,0.0035409795701155057,0.737369446360814,0.0035631584218102047
E:\MSImaging-data\_msi_visual\Extractions\NRL4558_5um\5bins\2\0.npy,superpixel,nmf_3d,10,5000.0,0.0,0.7238376254632797,0.0,1183143.0,0.0,46.5,2.8722813232690143,-1.0,0.0,0.0,0.0,700.4234173800098,3.335931262115227,0.6002602901910289,0.009841557451155161,0.7062461746453157,0.006497805900374042,0.6879186338117294,0.00847551931072867,0.7233615902254611,0.007202724373057494,0.8326072713040885,0.0036407675245709674,0.8647143884607903,0.0018199438069570974,0.2554196630706692,0.0036342534910900207,0.8330925422559503,0.003840536257034098,0.8273782963953087,0.002933063433926409,0.0,0.0,300000.0,0.0,64.0,0.0,0.06374587923126801,5.489177428011594e-07,0.09317847218559563,6.239084140716147e-07,0.12669218402755256,1.4304439948213696e-06,0.31865153032540755,7.276939322723809e-07,0.5414552994760483,7.32370331626564e-07,0.19826231080982565,1.3981587211677886e-06,0.5424609149441105,7.151313454218346e-07,0.18915366482789858,1.6932570602835477e-06,5.0,0.0,0.4227573064203297,4.361743536149834e-06,0.36247185873082877,3.140138432424986e-06,0.39030039496764074,3.5685404140949148e-06,0.39030039496764074,3.5685404140949148e-06,0.4688764107671908,2.5838054261602016e-06,0.36558542634022795,2.563912293691902e-06,0.41083815917727085,2.484000488143766e-06,0.41083815917727085,2.484000488143766e-06,0.5344130996427346,2.2202933635127386e-07,0.34594601076529363,1.1278826765417405e-06,0.5383173844837021,6.786751491514639e-07,0.24788692434062728,1.464661121186671e-06,0.5414552994760483,7.32370331626564e-07,0.19826231080982565,1.3981587211677886e-06,0.5451005157820663,1.0746498899371167e-06,0.14735944211369723,1.7933304903813189e-06,0.5482047038518849,8.32035592339631e-07,0.09259387322578326,2.6678079739897467e-06,0.8221875000000001,0.0024490112800883515,0.8221875000000001,0.0024490112800883515,0.8779124999999999,0.00342739423615082,0.8779124999999999,0.00342739423615082,0.9057125000000001,0.003487499999999992,0.9057125000000001,0.003487499999999992,0.9265250000000002,0.003070932268872106,0.9265250000000002,0.003070932268872106,0.656825,0.004969657935914697,0.656825,0.004969657935914697,0.76265,0.0032814821346458653,0.76265,0.0032814821346458653,0.7949083333333332,0.0027819981827615983,0.7949083333333332,0.0027819981827615983,0.8556958333333334,0.0024899136810116705,0.8556958333333334,0.0024899136810116705,0.7598667550256881,0.004409856455808045,0.7598667550256881,0.004409856455808045,0.9472497424238835,0.0018907359972476791,0.9472497424238835,0.0018907359972476791,0.8468165222540065,0.004817168777201126,0.8468165222540065,0.004817168777201126,0.9822238997213498,0.0014349386351908404,0.9822238997213498,0.0014349386351908404,0.5854788156231374,0.007360157813615063,0.5854788156231374,0.007360157813615063,0.8503483484229648,0.003151847949709677,0.8503483484229648,0.003151847949709677,0.7307206976342773,0.0042564580625110236,0.7307206976342773,0.0042564580625110236,0.9266073301893993,0.0012480916560371996,0.9266073301893993,0.0012480916560371996,0.6002602901910289,0.009841557451155161,0.7062461746453157,0.006497805900374042,0.6879186338117294,0.00847551931072867,0.7233615902254611,0.007202724373057494,0.8326072713040885,0.0036407675245709674,0.8647143884607903,0.0018199438069570974,0.2554196630706692,0.0036342534910900207,0.8330925422559503,0.003840536257034098,0.8273782963953087,0.002933063433926409
E:\MSImaging-data\_msi_visual\Extractions\NRL4485-s2\5_bins\0.npy,random,parametric_mics_lmc__mics1,10,5000.0,0.0,0.8019804622858058,0.0,60094.0,0.0,46.5,2.8722813232690143,4.0,0.0,0.0,0.0,36.36542595999781,0.21713891301165114,0.5759699228106312,0.08385867742155569,0.6842431401765168,0.0747470788842148,0.6984705819217542,0.0702482822794355,0.7178692730003424,0.05989698262442681,0.9186397609572825,0.012859256861417796,0.9369429947606541,0.01290265937572616,0.4296284130706692,0.028676728478855475,0.9082995946878233,0.018957877915081828,0.899101881683339,0.02073024883473119,0.0,0.0,60094.0,0.0,64.0,0.0,0.19819061775806607,0.09283177057396341,0.23895167932046837,0.06322124235107619,0.25161986375419626,0.14479098228022827,0.22785626147305021,0.010763740183340887,0.6500372146894442,0.04530568965045153,0.2642774307610596,0.03132278069641327,0.6628804607123733,0.03812930336710741,0.2527919033355805,0.02927790980903536,5.0,0.0,0.5682279579019777,0.0663783810525683,0.18200173896241909,0.0820901424023527,0.26421760921979903,0.0964485305610247,0.26421760921979903,0.0964485305610247,0.5660375845311426,0.10445791011826225,0.3478166360738093,0.09686086209928106,0.41874221432920733,0.08968784226083455,0.41874221432920733,0.08968784226083455,0.6222258108595627,0.05468577731953332,0.4220621037582153,0.046647819490042326,0.6369038540425052,0.049660479349911586,0.31880442848897417,0.03741873488311937,0.6500372146894442,0.04530568965045153,0.2642774307610596,0.03132278069641327,0.668180842064744,0.03739675661710533,0.20544436285099904,0.028641342393894497,0.7088990125713632,0.03125478391570908,0.1473767231941282,0.043978197263567206,0.762725,0.02381824405786454,0.762725,0.02381824405786454,0.828725,0.027856148333895703,0.828725,0.027856148333895703,0.8626250000000001,0.02217924142075197,0.8626250000000001,0.02217924142075197,0.90595,0.023003477997902835,0.90595,0.023003477997902835,0.6113999999999999,0.02017197932777051,0.6113999999999999,0.02017197932777051,0.7034375,0.02460241667499354,0.7034375,0.02460241667499354,0.7455833333333334,0.020355025996871955,0.7455833333333334,0.020355025996871955,0.8127041666666667,0.02434644659504862,0.8127041666666667,0.02434644659504862,0.670789317514866,0.044850706404896946,0.670789317514866,0.044850706404896946,0.9334275734037947,0.006634774553254971,0.9334275734037947,0.006634774553254971,0.7953058746056212,0.04046910434082912,0.7953058746056212,0.04046910434082912,0.9725972816050328,0.006109722251337372,0.9725972816050328,0.006109722251337372,0.5057624409338363,0.0414370740845898,0.5057624409338363,0.0414370740845898,0.8408298149057613,0.006736495184972025,0.8408298149057613,0.006736495184972025,0.6572858776847745,0.041211065778760304,0.6572858776847745,0.041211065778760304,0.9156182233048629,0.005159662454747427,0.9156182233048629,0.005159662454747427,0.5759699228106312,0.08385867742155569,0.6842431401765168,0.0747470788842148,0.6984705819217542,0.0702482822794355,0.7178692730003424,0.05989698262442681,0.9186397609572825,0.012859256861417796,0.9369429947606541,0.01290265937572616,0.4296284130706692,0.028676728478855475,0.9082995946878233,0.018957877915081828,0.899101881683339,0.02073024883473119
E:\MSImaging-data\_msi_visual\Extractions\NRL4485-s2\5_bins\0.npy,random,parametric_mics_lmc__mics2,10,5000.0,0.0,0.8019804622858058,0.0,60094.0,0.0,46.5,2.8722813232690143,4.0,0.0,0.0,0.0,790.7899025900057,1.7442314154941596,0.2503261265966715,0.043036026972903006,0.46557926622467516,0.07143645458342816,0.48280924037303097,0.06205699820292433,0.537767568286698,0.07411248920667386,0.9107342492426682,0.015707277624268233,0.9436217842486322,0.010912698647307088,0.4362027880706692,0.030734919326649034,0.8968259089341153,0.018767325865982797,0.8821001284925837,0.020609960022179703,0.0,0.0,60094.0,0.0,64.0,0.0,0.09525053054612889,0.09119554312575989,0.11611266957957511,0.06326139236324745,0.08747098762943793,0.10983792521423492,0.2201867859500708,0.015142091368426177,0.5476666928665216,0.06403341021665156,0.19330669815595455,0.03457991934411563,0.5549652599717454,0.06102321786163947,0.18623130016700037,0.03042248162718742,5.0,0.0,0.44520676073230225,0.0808653454272403,0.16507100763211285,0.04978080289489237,0.23482839726923946,0.05563247823322632,0.23482839726923946,0.05563247823322632,0.41094471090875934,0.08695803005992603,0.27992947541300356,0.05165627402658015,0.33041639626512254,0.05731143077010932,0.33041639626512254,0.05731143077010932,0.5505974783822281,0.06197909219638044,0.35636855610395524,0.046595986019557445,0.5467783354116426,0.06431043667609099,0.24732925096879593,0.04047697215131433,0.5476666928665216,0.06403341021665156,0.19330669815595455,0.03457991934411563,0.5513810471502947,0.06186319001647018,0.13821154030079602,0.02713577370227886,0.5722021262501157,0.06733036410190704,0.08796436002555892,0.022413693480883498,0.7101,0.010292715870944843,0.7101,0.010292715870944843,0.7708000000000002,0.014749597452134076,0.7708000000000002,0.014749597452134076,0.8040625,0.014354360182536875,0.8040625,0.014354360182536875,0.8513624999999999,0.018232650143355456,0.8513624999999999,0.018232650143355456,0.5841375,0.01167548848014505,0.5841375,0.01167548848014505,0.6595000000000001,0.012213337995814222,0.6595000000000001,0.012213337995814222,0.6994333333333332,0.01095117319945424,0.6994333333333332,0.01095117319945424,0.7605541666666666,0.01380416163597851,0.7605541666666666,0.01380416163597851,0.5394685646475821,0.018094567861196533,0.5394685646475821,0.018094567861196533,0.9333380435745402,0.004860843884480376,0.9333380435745402,0.004860843884480376,0.6607870739849574,0.02477095556785263,0.6607870739849574,0.02477095556785263,0.9721186685686382,0.003649360122958945,0.9721186685686382,0.003649360122958945,0.40938018667373444,0.020338427678765245,0.40938018667373444,0.020338427678765245,0.8456918896561044,0.009842274493064396,0.8456918896561044,0.009842274493064396,0.5365452751020913,0.019565232695000573,0.5365452751020913,0.019565232695000573,0.9170495339330943,0.005184590340621215,0.9170495339330943,0.005184590340621215,0.2503261265966715,0.043036026972903006,0.46557926622467516,0.07143645458342816,0.48280924037303097,0.06205699820292433,0.537767568286698,0.07411248920667386,0.9107342492426682,0.015707277624268233,0.9436217842486322,0.010912698647307088,0.4362027880706692,0.030734919326649034,0.8968259089341153,0.018767325865982797,0.8821001284925837,0.020609960022179703
E:\MSImaging-data\_msi_visual\Extractions\NRL4485-s2\5_bins\0.npy,random,parametric_mics_lmc__mics3,10,5000.0,0.0,0.8019804622858058,0.0,60094.0,0.0,46.5,2.8722813232690143,4.0,0.0,0.0,0.0,39.184043310023846,0.16762810473144052,0.20517847388742635,0.08265487024991504,0.3621631417344706,0.07597739366532284,0.3586508873879441,0.11728920578862323,0.4308183928551751,0.07181274811558065,0.8736414618802837,0.025489271330721118,0.9038938853824561,0.015143215415506147,0.35582216307066916,0.03299107535569279,0.8414320558813385,0.022379967957728526,0.832635302690583,0.02165919538571242,0.0,0.0,60094.0,0.0,64.0,0.0,-0.0017824672277393177,0.1088094616310128,0.08382446885532355,0.0877171414711286,0.0651579953572245,0.19758095138868734,0.2135739033199512,0.010632904016026975,0.5097385940064694,0.06816677285305796,0.17781660983149392,0.03158018785209924,0.5298579687479636,0.06599365376591142,0.17463488447173997,0.030823090623641334,5.0,0.0,0.3982483348524864,0.11645319820446363,0.12061153511737994,0.04896679332123402,0.17351442671785372,0.056976271692190245,0.17351442671785372,0.056976271692190245,0.377461837705677,0.11889533197596745,0.3151434643995749,0.09510103250820663,0.34293456871069833,0.10499851679293128,0.34293456871069833,0.10499851679293128,0.48871346102600344,0.06714765934280144,0.3139722815994597,0.04125546994121373,0.49672706678630735,0.06846484238421781,0.22119039452702163,0.03516512627469012,0.5097385940064694,0.06816677285305796,0.17781660983149392,0.03158018785209924,0.5316913380320082,0.06677132713727815,0.1350045719511451,0.02845359283969379,0.5901524897118133,0.07007695235618959,0.09899045847871688,0.02812885882563903,0.696725,0.019454980082230885,0.696725,0.019454980082230885,0.7497625000000001,0.02397475560355101,0.7497625000000001,0.02397475560355101,0.7852125000000001,0.021877146323275354,0.7852125000000001,0.021877146323275354,0.8260249999999999,0.027594258913766805,0.8260249999999999,0.027594258913766805,0.579,0.016373377782241502,0.579,0.016373377782241502,0.645725,0.01748783505754787,0.645725,0.01748783505754787,0.6869791666666667,0.017731389402381573,0.6869791666666667,0.017731389402381573,0.7405041666666666,0.022256931270580278,0.7405041666666666,0.022256931270580278,0.5273294137860435,0.03711034658932344,0.5273294137860435,0.03711034658932344,0.9250390458459815,0.0070309237981213465,0.9250390458459815,0.0070309237981213465,0.6386255320362231,0.04126709244414082,0.6386255320362231,0.04126709244414082,0.9644381722715023,0.005318961482873716,0.9644381722715023,0.005318961482873716,0.4026617132569064,0.032027245538844035,0.4026617132569064,0.032027245538844035,0.8440337232754505,0.010610211841606584,0.8440337232754505,0.010610211841606584,0.5228722196930576,0.03600526340203064,0.5228722196930576,0.03600526340203064,0.9111703137976448,0.0062080764622003,0.9111703137976448,0.0062080764622003,0.20517847388742635,0.08265487024991504,0.3621631417344706,0.07597739366532284,0.3586508873879441,0.11728920578862323,0.4308183928551751,0.07181274811558065,0.8736414618802837,0.025489271330721118,0.9038938853824561,0.015143215415506147,0.35582216307066916,0.03299107535569279,0.8414320558813385,0.022379967957728526,0.832635302690583,0.02165919538571242
E:\MSImaging-data\_msi_visual\Extractions\NRL4485-s2\5_bins\0.npy,random,parametric_umap,10,5000.0,0.0,0.8019804622858058,0.0,60094.0,0.0,46.5,2.8722813232690143,4.0,0.0,0.0,0.0,35.22676674998365,0.2234530047494715,0.6173721453504539,0.04417656010226622,0.7363080054078825,0.10363940531907193,0.811262664599991,0.03793275364650353,0.7881629661869616,0.06951520903613399,0.9239472510448845,0.02473382139408087,0.9461583517009737,0.02037005861058312,0.4580690380706692,0.059694442727762566,0.930645597619869,0.02622627459298088,0.9184385499310107,0.02536920786716484,0.0,0.0,60094.0,0.0,64.0,0.0,0.18424027589338338,0.15608465292267099,0.21372648101096675,0.062186694028886644,0.20861216202609775,0.16534901920563513,0.21166527944028254,0.011392902238379354,0.6139960231530558,0.08341152272125353,0.24224328527979216,0.04082592622522502,0.6314867582909014,0.07025219554414519,0.23509985618109042,0.034643335682253106,5.0,0.0,0.5812573800612039,0.05647291563803179,0.1355569510192252,0.07075897414042841,0.2117369194546867,0.0881878599218336,0.2117369194546867,0.0881878599218336,0.5291589606286805,0.053255654448976,0.2372234566708531,0.07507990305233161,0.32400733270068877,0.07533067570124792,0.32400733270068877,0.07533067570124792,0.6078810586153927,0.09497800711278429,0.411925567045066,0.06730760256525677,0.6079120177936329,0.09038703945610407,0.2995110393546347,0.05222630427208254,0.6139960231530558,0.08341152272125353,0.24224328527979216,0.04082592622522502,0.6294263016142634,0.06997700433816038,0.185247496362729,0.0293504486278049,0.6768725231711465,0.053840442704143295,0.1324422698926076,0.03089443472945089,0.8002125,0.02892242047702785,0.8002125,0.02892242047702785,0.8764875,0.02370795291141773,0.8764875,0.02370795291141773,0.8995374999999999,0.028005080454267573,0.8995374999999999,0.028005080454267573,0.94215,0.016651651569739263,0.94215,0.016651651569739263,0.6361249999999999,0.03274632612981187,0.6361249999999999,0.03274632612981187,0.7527874999999999,0.041049514689579465,0.7527874999999999,0.041049514689579465,0.7786250000000001,0.023444660017439625,0.7786250000000001,0.023444660017439625,0.8571416666666666,0.02334363016851586,0.8571416666666666,0.02334363016851586,0.7206207421963338,0.05920513772849231,0.7206207421963338,0.05920513772849231,0.950723487282865,0.004882692448751795,0.950723487282865,0.004882692448751795,0.8446643932967686,0.055377808430435126,0.8446643932967686,0.055377808430435126,0.984270874229083,0.004917570379726722,0.984270874229083,0.004917570379726722,0.5491721098423648,0.05543981744913563,0.5491721098423648,0.05543981744913563,0.8583683814422033,0.01204739979222381,0.8583683814422033,0.01204739979222381,0.7048190817784888,0.04987896398252363,0.7048190817784888,0.04987896398252363,0.9311209143180503,0.004701600360463084,0.9311209143180503,0.004701600360463084,0.6173721453504539,0.04417656010226622,0.7363080054078825,0.10363940531907193,0.811262664599991,0.03793275364650353,0.7881629661869616,0.06951520903613399,0.9239472510448845,0.02473382139408087,0.9461583517009737,0.02037005861058312,0.4580690380706692,0.059694442727762566,0.930645597619869,0.02622627459298088,0.9184385499310107,0.02536920786716484
E:\MSImaging-data\_msi_visual\Extractions\NRL4485-s2\5_bins\0.npy,random,pca,10,5000.0,0.0,0.8019804622858058,0.0,60094.0,0.0,46.5,2.8722813232690143,-1.0,0.0,0.0,0.0,3.605847410019487,0.027900417424695918,0.7447693659661752,0.008735101355564785,0.839888239798474,0.002303614206972497,0.8913942037028381,0.0032909509884548956,0.8694529002456175,0.0021801237377269116,0.9437325316210152,0.0017790661480358869,0.9568920242213828,0.0008120513930710209,0.5073090380706692,0.005077682519183853,0.9518517687133496,0.0016437770083244808,0.9435207683684028,0.0013005671813421224,0.0,0.0,60094.0,0.0,64.0,0.0,0.27197032124464404,1.3491805489140143e-06,0.23527020826710304,8.687942931874594e-07,0.3900096048188387,8.346175421267218e-06,0.2366645890583409,1.9960782913327107e-06,0.6865828651385237,1.9753742062979676e-06,0.2810703053462501,6.989819455872889e-07,0.6936577931256318,1.193093111506016e-06,0.2637525108485342,4.1516923501804435e-07,5.0,0.0,0.5816672314469671,0.0,0.16582938846488265,2.7755575615628914e-17,0.25808149150503684,0.0,0.25808149150503684,0.0,0.5957518543492919,1.1102230246251565e-16,0.34141628828132553,5.551115123125783e-17,0.43407234539089845,0.0,0.43407234539089845,0.0,0.6641553457059157,2.0254470336786593e-06,0.44924378066834986,9.484075557607263e-07,0.6764350450147469,7.907773490553754e-07,0.3413821297232312,5.309855610833561e-07,0.6865828651385237,1.9753742062979676e-06,0.2810703053462501,6.989819455872889e-07,0.6985751348952348,2.6056831281818297e-06,0.2140532471656879,1.1183606152615908e-06,0.7231396176840079,5.952955805658088e-07,0.13873380588120998,1.4679618906626133e-07,0.8546625000000001,0.002782787496378418,0.8546625000000001,0.002782787496378418,0.9287124999999999,0.002977021372110046,0.9287124999999999,0.002977021372110046,0.9511749999999999,0.002184605227495324,0.9511749999999999,0.002184605227495324,0.9731625000000002,0.001878371967955236,0.9731625000000002,0.001878371967955236,0.6675249999999999,0.0046559102225021435,0.6675249999999999,0.0046559102225021435,0.821775,0.003313702611882963,0.821775,0.003313702611882963,0.8244541666666667,0.002405466142166854,0.8244541666666667,0.002405466142166854,0.9078833333333334,0.0021511301939006588,0.9078833333333334,0.0021511301939006588,0.8235995019287514,0.003593337650978676,0.8235995019287514,0.003593337650978676,0.9641750258408578,0.0016649995866284246,0.9641750258408578,0.0016649995866284246,0.9420112759067955,0.00358165035831205,0.9420112759067955,0.00358165035831205,0.9881732553443241,0.0005832559631851236,0.9881732553443241,0.0005832559631851236,0.6063801292138223,0.0048851737153038765,0.6063801292138223,0.0048851737153038765,0.8914163269645432,0.002716147448804347,0.8914163269645432,0.002716147448804347,0.790663635683123,0.0030026923406822072,0.790663635683123,0.0030026923406822072,0.9479215360499083,0.0011953974689456453,0.9479215360499083,0.0011953974689456453,0.7447693659661752,0.008735101355564785,0.839888239798474,0.002303614206972497,0.8913942037028381,0.0032909509884548956,0.8694529002456175,0.0021801237377269116,0.9437325316210152,0.0017790661480358869,0.9568920242213828,0.0008120513930710209,0.5073090380706692,0.005077682519183853,0.9518517687133496,0.0016437770083244808,0.9435207683684028,0.0013005671813421224
E:\MSImaging-data\_msi_visual\Extractions\NRL4485-s2\5_bins\0.npy,random,top3,10,5000.0,0.0,0.8019804622858058,0.0,60094.0,0.0,46.5,2.8722813232690143,-1.0,0.0,0.0,0.0,0.7525734800146893,0.03924014899167912,0.5367149065937367,0.007015954565317512,0.875951939310615,0.003994262069532306,0.7042110430194022,0.006142428856229346,0.8616823731823373,0.00524810195412676,0.8441812428163427,0.004337644877474458,0.9112207102892033,0.0023046096457586527,0.3155371630706692,0.004827700669055624,0.8576038590893411,0.00429773586138357,0.8608434231631599,0.003827993280511091,0.0,0.0,60094.0,0.0,64.0,0.0,0.08213689795365667,1.3877787807814457e-17,0.08155933611354241,0.0,0.11100458976185126,0.0,0.2265775269946792,0.0,0.5358690210251555,1.1102230246251565e-16,0.18067992532689803,0.0,0.5404985160656233,1.1102230246251565e-16,0.17512884718182045,0.0,5.0,0.0,0.4351927332013509,0.0,0.18051396000386435,0.0,0.25518112602000753,0.0,0.25518112602000753,0.0,0.42392330597719513,0.0,0.2819534344507777,0.0,0.3386614835658959,0.0,0.3386614835658959,0.0,0.5476469821199015,1.1102230246251565e-16,0.3424469181833888,0.0,0.5388221569964388,0.0,0.23403189423885715,0.0,0.5358690210251555,1.1102230246251565e-16,0.18067992532689803,0.0,0.5341344766463606,0.0,0.12858835222453163,2.7755575615628914e-17,0.5472240601476418,1.1102230246251565e-16,0.07984169155668308,0.0,0.8203875,0.0033812211181760833,0.8203875,0.0033812211181760833,0.8567125000000001,0.002980168829110202,0.8567125000000001,0.002980168829110202,0.9097125,0.0030796966165517192,0.9097125,0.0030796966165517192,0.9294874999999999,0.002050495366978431,0.9294874999999999,0.002050495366978431,0.6502125,0.0034555435534804222,0.6502125,0.0034555435534804222,0.70465,0.00416000300480659,0.70465,0.00416000300480659,0.7934375,0.002716286399766338,0.7934375,0.002716286399766338,0.8302833333333334,0.0022834549845938837,0.8302833333333334,0.0022834549845938837,0.7754200760022402,0.005633676840664049,0.7754200760022402,0.005633676840664049,0.9459090830661901,0.0023444602166478794,0.9459090830661901,0.0023444602166478794,0.8754781862308318,0.00410322726086777,0.8754781862308318,0.00410322726086777,0.9825342451529849,0.0013568541602647845,0.9825342451529849,0.0013568541602647845,0.5813500426083936,0.004468318965608667,0.5813500426083936,0.004468318965608667,0.8492942497606368,0.0028051115253601767,0.8492942497606368,0.0028051115253601767,0.7440827682804885,0.003919828112961193,0.7440827682804885,0.003919828112961193,0.9259125259932706,0.0015143843039524141,0.9259125259932706,0.0015143843039524141,0.5367149065937367,0.007015954565317512,0.875951939310615,0.003994262069532306,0.7042110430194022,0.006142428856229346,0.8616823731823373,0.00524810195412676,0.8441812428163427,0.004337644877474458,0.9112207102892033,0.0023046096457586527,0.3155371630706692,0.004827700669055624,0.8576038590893411,0.00429773586138357,0.8608434231631599,0.003827993280511091
E:\MSImaging-data\_msi_visual\Extractions\NRL4485-s2\5_bins\0.npy,random,nmf_3d,10,5000.0,0.0,0.8019804622858058,0.0,60094.0,0.0,46.5,2.8722813232690143,-1.0,0.0,0.0,0.0,34.237758019985634,0.12025304839122916,0.5271639491368949,0.010208953520060998,0.6522817534254065,0.005076355147508845,0.7661037425967713,0.003668880866124374,0.7179955387522269,0.0051956588271534045,0.8732420992006933,0.004853727502066787,0.9301128457790598,0.0014710915154087418,0.3503402880706692,0.006011264198621207,0.8742742950155226,0.0043746692047732915,0.8617803514142809,0.004379090846570091,0.0,0.0,60094.0,0.0,64.0,0.0,0.15565325610366335,5.996432147311063e-06,0.16444347013548682,1.91338522401918e-06,0.3052854611811533,3.0071791384398842e-06,0.22753796964359502,1.119415766982489e-06,0.578566116220674,1.4380890409602894e-06,0.21483341001472298,5.757351844894125e-07,0.5768012829722299,2.7403874297610033e-06,0.2023184819145678,6.911586003567694e-07,5.0,0.0,0.566228149216075,0.0,0.15177277557723892,0.0,0.23938135690068946,5.551115123125783e-17,0.23938135690068946,5.551115123125783e-17,0.5403901185434007,1.621441279561905e-05,0.3986571345763695,5.551115123125783e-17,0.4588275519656636,5.844696377756305e-06,0.4588275519656636,5.844696377756305e-06,0.595876259910375,2.679527302802258e-06,0.3990744468363649,1.199712858276542e-06,0.5837640179440274,3.918982023218777e-06,0.2777715452906611,1.2234875526199228e-06,0.578566116220674,1.4380890409602894e-06,0.21483341001472298,5.757351844894125e-07,0.5702883129909092,5.136725293640613e-06,0.14743479729656064,1.1656523271985455e-06,0.5659398143641715,3.257676425425433e-06,0.08122525822021145,3.2206018072677447e-07,0.7798625000000001,0.001618689670690439,0.7798625000000001,0.001618689670690439,0.8675,0.0027024294625392106,0.8675,0.0027024294625392106,0.8599499999999999,0.0031365785499489762,0.8599499999999999,0.0031365785499489762,0.9159124999999999,0.002306952806192634,0.9159124999999999,0.002306952806192634,0.6532625,0.002876874388985391,0.6532625,0.002876874388985391,0.781875,0.00289233901885651,0.781875,0.00289233901885651,0.7643583333333333,0.001689037365549446,0.7643583333333333,0.001689037365549446,0.8550958333333334,0.0019821293614584196,0.8550958333333334,0.0019821293614584196,0.6768724365893273,0.002436376696976298,0.6768724365893273,0.002436376696976298,0.9488229462341206,0.0017556746732154292,0.9488229462341206,0.0017556746732154292,0.7822802545158428,0.004811332152672561,0.7822802545158428,0.004811332152672561,0.9768756429552221,0.0012362571507734776,0.9768756429552221,0.0012362571507734776,0.5285465949103971,0.004091173932606723,0.5285465949103971,0.004091173932606723,0.8842078007861197,0.003587124278750383,0.8842078007861197,0.003587124278750383,0.6625664286718558,0.0026061781291273622,0.6625664286718558,0.0026061781291273622,0.9366354633251541,0.0017212200286492786,0.9366354633251541,0.0017212200286492786,0.5271639491368949,0.010208953520060998,0.6522817534254065,0.005076355147508845,0.7661037425967713,0.003668880866124374,0.7179955387522269,0.0051956588271534045,0.8732420992006933,0.004853727502066787,0.9301128457790598,0.0014710915154087418,0.3503402880706692,0.006011264198621207,0.8742742950155226,0.0043746692047732915,0.8617803514142809,0.004379090846570091
E:\MSImaging-data\_msi_visual\Extractions\NRL4485-s2\5_bins\0.npy,superpixel,parametric_mics_lmc__mics1,10,5000.0,0.0,0.8019804622858058,0.0,60094.0,0.0,46.5,2.8722813232690143,4.0,0.0,0.0,0.0,38.071945349988525,0.12133003335691298,0.6331375394422456,0.10493284917449502,0.704697558385505,0.07167402258968111,0.7568346587204143,0.0851935402609002,0.7480809072036128,0.06287848373620585,0.9106834675023189,0.024486496683914297,0.9347208595674923,0.015041588444448552,0.4144002880706692,0.05847155598892187,0.9050921925664023,0.0247933352802125,0.8928076910141428,0.02433464824503655,0.0,0.0,60094.0,0.0,64.0,0.0,0.21239537243593154,0.11046128434293151,0.2203174306679979,0.1066961993022865,0.26627782701958613,0.17791065359625496,0.21520995195488118,0.015830756034390773,0.6686628693745169,0.0671706374099409,0.2758249801011249,0.07785703589680879,0.6782065532471437,0.06281388465390271,0.2611255298704386,0.0670218249723696,5.0,0.0,0.5665875016840543,0.11797051304732098,0.15423147521978553,0.07882909277113145,0.23219076682450868,0.10637399710518025,0.23219076682450868,0.10637399710518025,0.5531778856704361,0.128378705209319,0.36165587865906673,0.0556692217843595,0.4351504176743563,0.07701002103986637,0.4351504176743563,0.07701002103986637,0.6422350475492404,0.0690021649443853,0.43449147782151015,0.08748605903258892,0.6570615102963383,0.0688220541718888,0.33182322926437324,0.08449574150037802,0.6686628693745169,0.0671706374099409,0.2758249801011249,0.07785703589680879,0.683672904482963,0.06445348862196326,0.2132140276216477,0.06454554102223842,0.7154657580975009,0.06259620723308555,0.14809741011609667,0.04710109942323134,0.7898000000000001,0.03074243809459492,0.7898000000000001,0.03074243809459492,0.85915,0.038620096776160476,0.85915,0.038620096776160476,0.8921625000000001,0.03208212362437998,0.8921625000000001,0.03208212362437998,0.9316374999999999,0.029530040319139396,0.9316374999999999,0.029530040319139396,0.6201874999999999,0.021828826268262783,0.6201874999999999,0.021828826268262783,0.72735,0.0389742623406781,0.72735,0.0389742623406781,0.7673833333333333,0.0251946643381314,0.7673833333333333,0.0251946643381314,0.8393791666666667,0.03434612145538092,0.8393791666666667,0.03434612145538092,0.7224473862145853,0.0557680004365044,0.7224473862145853,0.0557680004365044,0.93823561788133,0.015313204068115831,0.93823561788133,0.015313204068115831,0.8444033518590365,0.05337721861606421,0.8444033518590365,0.05337721861606421,0.977376531952786,0.008761536188611342,0.977376531952786,0.008761536188611342,0.5359406784382583,0.04221901730420217,0.5359406784382583,0.04221901730420217,0.840267846143357,0.017871062944279318,0.840267846143357,0.017871062944279318,0.7009304721706267,0.04869832623192519,0.7009304721706267,0.04869832623192519,0.9186266653258244,0.012735365248769904,0.9186266653258244,0.012735365248769904,0.6331375394422456,0.10493284917449502,0.704697558385505,0.07167402258968111,0.7568346587204143,0.0851935402609002,0.7480809072036128,0.06287848373620585,0.9106834675023189,0.024486496683914297,0.9347208595674923,0.015041588444448552,0.4144002880706692,0.05847155598892187,0.9050921925664023,0.0247933352802125,0.8928076910141428,0.02433464824503655
E:\MSImaging-data\_msi_visual\Extractions\NRL4485-s2\5_bins\0.npy,superpixel,parametric_mics_lmc__mics2,10,5000.0,0.0,0.8019804622858058,0.0,60094.0,0.0,46.5,2.8722813232690143,4.0,0.0,0.0,0.0,799.4250296300277,4.433496271398156,0.238681510730752,0.05462171198832256,0.46876801404780766,0.05544210849205709,0.45094511465865705,0.06406376616395,0.5304110284611141,0.0516190019295685,0.9115705137941476,0.0206429759524152,0.9436253588989223,0.010893249377790617,0.4342509130706692,0.044913455337042385,0.9006461607450845,0.02516584328060763,0.886918993618489,0.025795077321517312,0.0,0.0,60094.0,0.0,64.0,0.0,-0.011182209787425132,0.09560904159445426,0.02714616497915371,0.08230426851927262,-0.018229144369460926,0.14242037347177972,0.210134519801522,0.011151445731363637,0.507283421277682,0.05391238225985834,0.16706059469766982,0.02446258050723945,0.5246371416183995,0.05367373648251992,0.1619997727275366,0.02333714167965076,5.0,0.0,0.38714324100600706,0.08750339869153605,0.13837310404791808,0.03297350457532889,0.19931472615906784,0.0358061475318446,0.19931472615906784,0.0358061475318446,0.3568089885352959,0.10104046939354609,0.23200656941358325,0.04328520363393615,0.2785757647501878,0.05827021461490194,0.2785757647501878,0.05827021461490194,0.49112478176891744,0.05390725019314524,0.3100299140244222,0.03588165012090838,0.4963011563810585,0.05398147670508749,0.21325339125412207,0.028435693656902603,0.507283421277682,0.05391238225985834,0.16706059469766982,0.02446258050723945,0.5272795198040985,0.05405870793016385,0.12156661618136015,0.02007894346616978,0.5744474723595597,0.05639215330414173,0.07752035758791667,0.01659499547223231,0.69965,0.011781977762667862,0.69965,0.011781977762667862,0.7538625,0.01838506951985769,0.7538625,0.01838506951985769,0.7974375,0.01689741566778778,0.7974375,0.01689741566778778,0.8391249999999999,0.019719913792915024,0.8391249999999999,0.019719913792915024,0.5700875,0.014606082850990538,0.5700875,0.014606082850990538,0.639975,0.022774629524978003,0.639975,0.022774629524978003,0.6890583333333333,0.008244573130921397,0.6890583333333333,0.008244573130921397,0.7443208333333333,0.016204038098401416,0.7443208333333333,0.016204038098401416,0.5316940369155156,0.025969750382219575,0.5316940369155156,0.025969750382219575,0.9221847558230507,0.0066493963182511035,0.9221847558230507,0.0066493963182511035,0.6558767232573306,0.03238166742431032,0.6558767232573306,0.03238166742431032,0.966064561506713,0.00301066811499336,0.966064561506713,0.00301066811499336,0.3937618062142986,0.014350665637131122,0.3937618062142986,0.014350665637131122,0.83284030287688,0.014633051863561957,0.83284030287688,0.014633051863561957,0.5271108554623816,0.021934401891364863,0.5271108554623816,0.021934401891364863,0.9070298734022145,0.0067995093372744154,0.9070298734022145,0.0067995093372744154,0.238681510730752,0.05462171198832256,0.46876801404780766,0.05544210849205709,0.45094511465865705,0.06406376616395,0.5304110284611141,0.0516190019295685,0.9115705137941476,0.0206429759524152,0.9436253588989223,0.010893249377790617,0.4342509130706692,0.044913455337042385,0.9006461607450845,0.02516584328060763,0.886918993618489,0.025795077321517312
E:\MSImaging-data\_msi_visual\Extractions\NRL4485-s2\5_bins\0.npy,superpixel,parametric_mics_lmc__mics3,10,5000.0,0.0,0.8019804622858058,0.0,60094.0,0.0,46.5,2.8722813232690143,4.0,0.0,0.0,0.0,40.92904974999838,0.1954974151511649,0.20279805303505052,0.09670549328200523,0.40959828494248696,0.05613697066113336,0.36459065316971334,0.12191629667104897,0.47066081017254485,0.06973682812734824,0.8980776002558495,0.014270943290665746,0.9179740933043989,0.011007140130960998,0.3904515380706691,0.03186095061086731,0.8723899146257331,0.018168227463430057,0.8622957023973784,0.0206033159060234,0.0,0.0,60094.0,0.0,64.0,0.0,0.026923061188456898,0.11840175188408553,0.08721611258866786,0.08690507606156024,-0.0314632501984469,0.16246440294114128,0.21066044389143368,0.011199777689964384,0.5273739743180321,0.05710415471993035,0.18689997754558424,0.027946800007204505,0.5343547039154704,0.05335121605058129,0.1805928535959907,0.025647192943240308,5.0,0.0,0.4335623561074726,0.1123339314546493,0.1280745821659743,0.05291008702390774,0.18858179920123241,0.06534636487358798,0.18858179920123241,0.06534636487358798,0.3217744036932709,0.08464141229233928,0.2812240363249928,0.07405028839779425,0.29828966046046307,0.07771635538706204,0.29828966046046307,0.07771635538706204,0.5180770815776503,0.06791512699758946,0.3373626505112853,0.04798316509691055,0.5221425832222573,0.062347764919125616,0.23705990289427342,0.035837103853540664,0.5273739743180321,0.05710415471993035,0.18689997754558424,0.027946800007204505,0.5332069599997342,0.05057043429570416,0.13546350468447144,0.01967456264231045,0.5584710938269202,0.04659461781253563,0.09088843644956858,0.014995978100211126,0.6947625000000001,0.029953894258510028,0.6947625000000001,0.029953894258510028,0.7440625,0.03037264651376301,0.7440625,0.03037264651376301,0.7853125,0.028138510643777863,0.7853125,0.028138510643777863,0.8220500000000002,0.028036204272333307,0.8220500000000002,0.028036204272333307,0.5755999999999999,0.021596136807308847,0.5755999999999999,0.021596136807308847,0.6409125000000001,0.026918340053762604,0.6409125000000001,0.026918340053762604,0.685225,0.026337988776248197,0.685225,0.026337988776248197,0.7356750000000001,0.028106789166004426,0.7356750000000001,0.028106789166004426,0.532318064365201,0.04331214123753607,0.532318064365201,0.04331214123753607,0.9203810872712843,0.012197072847294212,0.9203810872712843,0.012197072847294212,0.64389802841837,0.04140842253860255,0.64389802841837,0.04140842253860255,0.9614734287610259,0.008546230926957159,0.9614734287610259,0.008546230926957159,0.40698430265227314,0.036888667810914974,0.40698430265227314,0.036888667810914974,0.8385829596889414,0.013172461160292295,0.8385829596889414,0.013172461160292295,0.5277334651452814,0.040423865791343945,0.5277334651452814,0.040423865791343945,0.906812491907084,0.010814827539540448,0.906812491907084,0.010814827539540448,0.20279805303505052,0.09670549328200523,0.40959828494248696,0.05613697066113336,0.36459065316971334,0.12191629667104897,0.47066081017254485,0.06973682812734824,0.8980776002558495,0.014270943290665746,0.9179740933043989,0.011007140130960998,0.3904515380706691,0.03186095061086731,0.8723899146257331,0.018168227463430057,0.8622957023973784,0.0206033159060234
E:\MSImaging-data\_msi_visual\Extractions\NRL4485-s2\5_bins\0.npy,superpixel,parametric_umap,10,5000.0,0.0,0.8019804622858058,0.0,60094.0,0.0,46.5,2.8722813232690143,4.0,0.0,0.0,0.0,36.97982751000673,0.2453998943660902,0.6066435249772745,0.05792320687397795,0.7981090668714724,0.048863983638830044,0.789221143713332,0.06864866441842585,0.834715758551436,0.04522959100918313,0.9329730585228859,0.03259552792633475,0.9527844578298981,0.022050903172481557,0.4869346630706691,0.07248359710996688,0.9423087931183168,0.03281715100944805,0.9316978772852706,0.033448418900594905,0.0,0.0,60094.0,0.0,64.0,0.0,0.12778544149882393,0.1273294357682158,0.18435216355548076,0.05244867150111043,0.1168487526643686,0.15078910935320852,0.21730503282201527,0.01172644913498455,0.5743913645205866,0.07031021252290007,0.22358152010771026,0.02956273873992242,0.5923118203380124,0.06028957773780562,0.2183348414261478,0.027345689176284625,5.0,0.0,0.5673631759131389,0.04177077735145839,0.13209351753453774,0.06492170643587125,0.20671979471377538,0.07899704427998745,0.20671979471377538,0.07899704427998745,0.49022882844556975,0.08371677475648323,0.21965510578688047,0.05884865539855797,0.2997158410078153,0.06333377178823607,0.2997158410078153,0.06333377178823607,0.5723276144286498,0.07902698198102436,0.38891042032104595,0.04784887191830523,0.5696098905109379,0.07558370704840117,0.2786289515947861,0.036526101534276004,0.5743913645205866,0.07031021252290007,0.22358152010771026,0.02956273873992242,0.588778003828641,0.0603333969848634,0.1701564466713903,0.025030924940961694,0.6367787640339649,0.05814232146307865,0.12200632091367805,0.030212528763092775,0.81175,0.038267153016653836,0.81175,0.038267153016653836,0.865875,0.042495698311711495,0.865875,0.042495698311711495,0.9180624999999999,0.024471236304077493,0.9180624999999999,0.024471236304077493,0.9419000000000001,0.02529024021238231,0.9419000000000001,0.02529024021238231,0.6365999999999999,0.028600688365841842,0.6365999999999999,0.028600688365841842,0.7399000000000001,0.04458579510337344,0.7399000000000001,0.04458579510337344,0.7888041666666668,0.029130036820074347,0.7888041666666668,0.029130036820074347,0.849225,0.0361685108976794,0.849225,0.0361685108976794,0.7505263207980397,0.05192039650415884,0.7505263207980397,0.05192039650415884,0.9471022097366337,0.014017740269888375,0.9471022097366337,0.014017740269888375,0.8843910875253813,0.03166241253032188,0.8843910875253813,0.03166241253032188,0.9819493032950908,0.009509115857153031,0.9819493032950908,0.009509115857153031,0.5579076796101529,0.046914196455171184,0.5579076796101529,0.046914196455171184,0.8586464491427666,0.017297182207000713,0.8586464491427666,0.017297182207000713,0.730941695977858,0.041554837551833375,0.730941695977858,0.041554837551833375,0.9292326540581636,0.012484604722503501,0.9292326540581636,0.012484604722503501,0.6066435249772745,0.05792320687397795,0.7981090668714724,0.048863983638830044,0.789221143713332,0.06864866441842585,0.834715758551436,0.04522959100918313,0.9329730585228859,0.03259552792633475,0.9527844578298981,0.022050903172481557,0.4869346630706691,0.07248359710996688,0.9423087931183168,0.03281715100944805,0.9316978772852706,0.033448418900594905
E:\MSImaging-data\_msi_visual\Extractions\NRL4485-s2\5_bins\0.npy,superpixel,pca,10,5000.0,0.0,0.8019804622858058,0.0,60094.0,0.0,46.5,2.8722813232690143,-1.0,0.0,0.0,0.0,3.6132135800085963,0.027659374244569466,0.7447688033025632,0.00873521916577372,0.8398880070385788,0.0023037008105114332,0.8913942841807329,0.0032911933099688258,0.8694531139832653,0.00218021094051989,0.9437323786870149,0.0017790545467473435,0.9568920287543374,0.0008120570963396389,0.5073096630706692,0.005078018498883228,0.9518518377026561,0.0016437806850016308,0.9435206265091411,0.00130047862157391,0.0,0.0,60094.0,0.0,64.0,0.0,0.2719712698875747,2.8315908225487567e-06,0.23527085659758967,1.0263981306908778e-06,0.39001057518460236,5.863251257458735e-06,0.23666530618295378,1.5640878515713348e-06,0.6865825477213814,1.9136835127234664e-06,0.2810704620821737,6.217134174507788e-07,0.6936577537631843,1.1738962746368766e-06,0.2637527005692974,5.047378229158017e-07,5.0,0.0,0.5816672314469671,0.0,0.16582938846488265,2.7755575615628914e-17,0.25808149150503684,0.0,0.25808149150503684,0.0,0.5957518543492919,1.1102230246251565e-16,0.34141628828132553,5.551115123125783e-17,0.43407234539089845,0.0,0.43407234539089845,0.0,0.6641550931233391,1.9754091979565136e-06,0.449244048255743,1.5490496628371172e-06,0.6764354939485873,9.79238230051918e-07,0.34138251009397746,9.483247759899665e-07,0.6865825477213814,1.9136835127234664e-06,0.2810704620821737,6.217134174507788e-07,0.698574905542263,2.619746941191003e-06,0.21405338579235877,9.114374490781885e-07,0.7231397409310676,5.733381331914163e-07,0.13873389039102987,2.2224241790504959e-07,0.854675,0.00278231019119006,0.854675,0.00278231019119006,0.9287124999999999,0.002977021372110046,0.9287124999999999,0.002977021372110046,0.9511749999999999,0.002184605227495324,0.9511749999999999,0.002184605227495324,0.9731625000000002,0.001878371967955236,0.9731625000000002,0.001878371967955236,0.6675375,0.004674080791984651,0.6675375,0.004674080791984651,0.821775,0.003313702611882963,0.821775,0.003313702611882963,0.8244624999999999,0.0024128166171049448,0.8244624999999999,0.0024128166171049448,0.9078833333333334,0.0021511301939006588,0.9078833333333334,0.0021511301939006588,0.8236102495580218,0.0035982375570874437,0.8236102495580218,0.0035982375570874437,0.9641750258408578,0.0016649995866284246,0.9641750258408578,0.0016649995866284246,0.9420112759067955,0.00358165035831205,0.9420112759067955,0.00358165035831205,0.9881732553443241,0.0005832559631851236,0.9881732553443241,0.0005832559631851236,0.6064018029308522,0.0049148034426058085,0.6064018029308522,0.0049148034426058085,0.8914163269645432,0.002716147448804347,0.8914163269645432,0.002716147448804347,0.7906744427985565,0.0030139374629135278,0.7906744427985565,0.0030139374629135278,0.9479215360499083,0.0011953974689456453,0.9479215360499083,0.0011953974689456453,0.7447688033025632,0.00873521916577372,0.8398880070385788,0.0023037008105114332,0.8913942841807329,0.0032911933099688258,0.8694531139832653,0.00218021094051989,0.9437323786870149,0.0017790545467473435,0.9568920287543374,0.0008120570963396389,0.5073096630706692,0.005078018498883228,0.9518518377026561,0.0016437806850016308,0.9435206265091411,0.00130047862157391
E:\MSImaging-data\_msi_visual\Extractions\NRL4485-s2\5_bins\0.npy,superpixel,top3,10,5000.0,0.0,0.8019804622858058,0.0,60094.0,0.0,46.5,2.8722813232690143,-1.0,0.0,0.0,0.0,0.747273480030708,0.009619445454167897,0.5367149065937367,0.007015954565317512,0.875951939310615,0.003994262069532306,0.7042110430194022,0.006142428856229346,0.8616823731823373,0.00524810195412676,0.8441812428163427,0.004337644877474458,0.9112207102892033,0.0023046096457586527,0.3155371630706692,0.004827700669055624,0.8576038590893411,0.00429773586138357,0.8608434231631599,0.003827993280511091,0.0,0.0,60094.0,0.0,64.0,0.0,0.08213689795365667,1.3877787807814457e-17,0.08155933611354241,0.0,0.11100458976185126,0.0,0.2265775269946792,0.0,0.5358690210251555,1.1102230246251565e-16,0.18067992532689803,0.0,0.5404985160656233,1.1102230246251565e-16,0.17512884718182045,0.0,5.0,0.0,0.4351927332013509,0.0,0.18051396000386435,0.0,0.25518112602000753,0.0,0.25518112602000753,0.0,0.42392330597719513,0.0,0.2819534344507777,0.0,0.3386614835658959,0.0,0.3386614835658959,0.0,0.5476469821199015,1.1102230246251565e-16,0.3424469181833888,0.0,0.5388221569964388,0.0,0.23403189423885715,0.0,0.5358690210251555,1.1102230246251565e-16,0.18067992532689803,0.0,0.5341344766463606,0.0,0.12858835222453163,2.7755575615628914e-17,0.5472240601476418,1.1102230246251565e-16,0.07984169155668308,0.0,0.8203875,0.0033812211181760833,0.8203875,0.0033812211181760833,0.8567125000000001,0.002980168829110202,0.8567125000000001,0.002980168829110202,0.9097125,0.0030796966165517192,0.9097125,0.0030796966165517192,0.9294874999999999,0.002050495366978431,0.9294874999999999,0.002050495366978431,0.6502125,0.0034555435534804222,0.6502125,0.0034555435534804222,0.70465,0.00416000300480659,0.70465,0.00416000300480659,0.7934375,0.002716286399766338,0.7934375,0.002716286399766338,0.8302833333333334,0.0022834549845938837,0.8302833333333334,0.0022834549845938837,0.7754200760022402,0.005633676840664049,0.7754200760022402,0.005633676840664049,0.9459090830661901,0.0023444602166478794,0.9459090830661901,0.0023444602166478794,0.8754781862308318,0.00410322726086777,0.8754781862308318,0.00410322726086777,0.9825342451529849,0.0013568541602647845,0.9825342451529849,0.0013568541602647845,0.5813500426083936,0.004468318965608667,0.5813500426083936,0.004468318965608667,0.8492942497606368,0.0028051115253601767,0.8492942497606368,0.0028051115253601767,0.7440827682804885,0.003919828112961193,0.7440827682804885,0.003919828112961193,0.9259125259932706,0.0015143843039524141,0.9259125259932706,0.0015143843039524141,0.5367149065937367,0.007015954565317512,0.875951939310615,0.003994262069532306,0.7042110430194022,0.006142428856229346,0.8616823731823373,0.00524810195412676,0.8441812428163427,0.004337644877474458,0.9112207102892033,0.0023046096457586527,0.3155371630706692,0.004827700669055624,0.8576038590893411,0.00429773586138357,0.8608434231631599,0.003827993280511091
E:\MSImaging-data\_msi_visual\Extractions\NRL4485-s2\5_bins\0.npy,superpixel,nmf_3d,10,5000.0,0.0,0.8019804622858058,0.0,60094.0,0.0,46.5,2.8722813232690143,-1.0,0.0,0.0,0.0,34.19667803002521,0.09272683604816644,0.5271639491368949,0.010208953520060998,0.6522817534254065,0.005076355147508845,0.7661037425967713,0.003668880866124374,0.7179955387522269,0.0051956588271534045,0.8732420992006933,0.004853727502066787,0.9301128457790598,0.0014710915154087418,0.3503402880706692,0.006011264198621207,0.8742742950155226,0.0043746692047732915,0.8617803514142809,0.004379090846570091,0.0,0.0,60094.0,0.0,64.0,0.0,0.15565325610366335,5.996432147311063e-06,0.16444347013548682,1.91338522401918e-06,0.3052854611811533,3.0071791384398842e-06,0.22753796964359502,1.119415766982489e-06,0.578566116220674,1.4380890409602894e-06,0.21483341001472298,5.757351844894125e-07,0.5768012829722299,2.7403874297610033e-06,0.2023184819145678,6.911586003567694e-07,5.0,0.0,0.566228149216075,0.0,0.15177277557723892,0.0,0.23938135690068946,5.551115123125783e-17,0.23938135690068946,5.551115123125783e-17,0.5403901185434007,1.621441279561905e-05,0.3986571345763695,5.551115123125783e-17,0.4588275519656636,5.844696377756305e-06,0.4588275519656636,5.844696377756305e-06,0.595876259910375,2.679527302802258e-06,0.3990744468363649,1.199712858276542e-06,0.5837640179440274,3.918982023218777e-06,0.2777715452906611,1.2234875526199228e-06,0.578566116220674,1.4380890409602894e-06,0.21483341001472298,5.757351844894125e-07,0.5702883129909092,5.136725293640613e-06,0.14743479729656064,1.1656523271985455e-06,0.5659398143641715,3.257676425425433e-06,0.08122525822021145,3.2206018072677447e-07,0.7798625000000001,0.001618689670690439,0.7798625000000001,0.001618689670690439,0.8675,0.0027024294625392106,0.8675,0.0027024294625392106,0.8599499999999999,0.0031365785499489762,0.8599499999999999,0.0031365785499489762,0.9159124999999999,0.002306952806192634,0.9159124999999999,0.002306952806192634,0.6532625,0.002876874388985391,0.6532625,0.002876874388985391,0.781875,0.00289233901885651,0.781875,0.00289233901885651,0.7643583333333333,0.001689037365549446,0.7643583333333333,0.001689037365549446,0.8550958333333334,0.0019821293614584196,0.8550958333333334,0.0019821293614584196,0.6768724365893273,0.002436376696976298,0.6768724365893273,0.002436376696976298,0.9488229462341206,0.0017556746732154292,0.9488229462341206,0.0017556746732154292,0.7822802545158428,0.004811332152672561,0.7822802545158428,0.004811332152672561,0.9768756429552221,0.0012362571507734776,0.9768756429552221,0.0012362571507734776,0.5285465949103971,0.004091173932606723,0.5285465949103971,0.004091173932606723,0.8842078007861197,0.003587124278750383,0.8842078007861197,0.003587124278750383,0.6625664286718558,0.0026061781291273622,0.6625664286718558,0.0026061781291273622,0.9366354633251541,0.0017212200286492786,0.9366354633251541,0.0017212200286492786,0.5271639491368949,0.010208953520060998,0.6522817534254065,0.005076355147508845,0.7661037425967713,0.003668880866124374,0.7179955387522269,0.0051956588271534045,0.8732420992006933,0.004853727502066787,0.9301128457790598,0.0014710915154087418,0.3503402880706692,0.006011264198621207,0.8742742950155226,0.0043746692047732915,0.8617803514142809,0.004379090846570091
E:\MSImaging-data\_msi_visual\Extractions\NRL4485-s2\5_bins\1.npy,random,parametric_mics_lmc__mics1,10,5000.0,0.0,0.7707460286521781,0.0,63269.0,0.0,46.5,2.8722813232690143,4.0,0.0,0.0,0.0,35.24373512004968,0.7772598708035336,0.5331784774910847,0.1323464814815785,0.7334244186492695,0.06127385128041531,0.7663256426689568,0.033437163576761963,0.7747116520926777,0.05353974697926506,0.9202435726292914,0.025066261665269637,0.9423269828992682,0.017620786235042034,0.45735716307066915,0.0618892949522573,0.9125272999310108,0.024265135335540505,0.8997459727492239,0.02639318984034329,0.0,0.0,63269.0,0.0,64.0,0.0,0.2560528955206642,0.10860427427584758,0.27035395223274883,0.09655286028109956,0.3101331690341511,0.10061514009039857,0.2650410727206151,0.014281290678489466,0.67182181992732,0.061960741213271955,0.2909491254214612,0.05789379348390333,0.6680189015677811,0.06352086492007206,0.26551750582578076,0.05099953163613307,5.0,0.0,0.6538524258201952,0.07729155545192819,0.22937867338371118,0.040379599749700706,0.338336929793752,0.05034387312276183,0.338336929793752,0.05034387312276183,0.6349752479189938,0.06059231328440495,0.35892107472712004,0.03765032198304516,0.4569647756647295,0.0348003045346928,0.4569647756647295,0.0348003045346928,0.6540818703767085,0.056126599871532644,0.46866912699691765,0.06065478708074402,0.666798629036082,0.059703360920114606,0.35919724125913355,0.06116226226154629,0.67182181992732,0.061960741213271955,0.2909491254214612,0.05789379348390333,0.6736765478443991,0.06594945825108292,0.2110102471055917,0.051589722586221146,0.6683289488864357,0.07832295183217211,0.11734820871139975,0.03866396572200376,0.79545,0.024648732218919493,0.79545,0.024648732218919493,0.8565249999999999,0.014008122643666436,0.8565249999999999,0.014008122643666436,0.893575,0.02147827390643857,0.893575,0.02147827390643857,0.9283750000000002,0.013832028050868021,0.9283750000000002,0.013832028050868021,0.6295375,0.022510903608029605,0.6295375,0.022510903608029605,0.7301,0.015970852356715352,0.7301,0.015970852356715352,0.7728541666666667,0.020958824132755575,0.7728541666666667,0.020958824132755575,0.8383333333333333,0.013063333971251171,0.8383333333333333,0.013063333971251171,0.7275852137788398,0.03670822058726599,0.7275852137788398,0.03670822058726599,0.9410118628588243,0.010143148576686974,0.9410118628588243,0.010143148576686974,0.846197723150081,0.03569407548585893,0.846197723150081,0.03569407548585893,0.9796367905225833,0.004236759906458552,0.9796367905225833,0.004236759906458552,0.5483125451048242,0.03165444526888678,0.5483125451048242,0.03165444526888678,0.8457297338717371,0.018820807950639583,0.8457297338717371,0.018820807950639583,0.707365160677915,0.03293514679226592,0.707365160677915,0.03293514679226592,0.9221261290843816,0.010697946645620784,0.9221261290843816,0.010697946645620784,0.5331784774910847,0.1323464814815785,0.7334244186492695,0.06127385128041531,0.7663256426689568,0.033437163576761963,0.7747116520926777,0.05353974697926506,0.9202435726292914,0.025066261665269637,0.9423269828992682,0.017620786235042034,0.45735716307066915,0.0618892949522573,0.9125272999310108,0.024265135335540505,0.8997459727492239,0.02639318984034329
E:\MSImaging-data\_msi_visual\Extractions\NRL4485-s2\5_bins\1.npy,random,parametric_mics_lmc__mics2,10,5000.0,0.0,0.7707460286521781,0.0,63269.0,0.0,46.5,2.8722813232690143,4.0,0.0,0.0,0.0,765.1838070099708,13.343665450454129,0.14718811565283227,0.055060067805045916,0.40237753761464506,0.08108928280793204,0.4466996880436012,0.04925354133911889,0.5025597227756384,0.08197376747119803,0.9190912058280627,0.012797759189595777,0.9518232055639709,0.00868196748504235,0.4739434130706692,0.026100657139715835,0.9056671136598826,0.016351662392139775,0.8890232951017591,0.017147574663050825,0.0,0.0,63269.0,0.0,64.0,0.0,0.15083749091405646,0.06740268637612411,0.16607594375139553,0.06427788777240795,0.19847112580601753,0.08939800049449845,0.25619785401993755,0.020823023415005883,0.5670065592439232,0.041270606061061615,0.21219760478075056,0.031098117681415176,0.552101743123216,0.04237528863153784,0.19571350391150397,0.025747531630128464,5.0,0.0,0.5547291044315417,0.05190749976812726,0.2604408060453401,0.05681495329983806,0.35147753378731295,0.05986682526542509,0.35147753378731295,0.05986682526542509,0.541302279422594,0.07077738247232525,0.3489168765743073,0.04011916934101175,0.42315678781760885,0.04688905641392388,0.42315678781760885,0.04688905641392388,0.5799212707749771,0.03598673784652362,0.3983581629846954,0.0360488465157467,0.5740825687414487,0.038573382876669414,0.27875181118280884,0.03425208172700984,0.5670065592439232,0.041270606061061615,0.21219760478075056,0.031098117681415176,0.5492789089202521,0.04557258398318825,0.13842803603019363,0.02567066332933975,0.5120114041893185,0.05311625820802757,0.0650221648603481,0.016821578089910652,0.706125,0.021131803638118535,0.706125,0.021131803638118535,0.7632,0.015938475460344395,0.7632,0.015938475460344395,0.79045,0.013345668773051439,0.79045,0.013345668773051439,0.8341749999999999,0.011126011189999766,0.8341749999999999,0.011126011189999766,0.59245,0.027084543562703803,0.59245,0.027084543562703803,0.668425,0.026652579612487782,0.668425,0.026652579612487782,0.6963416666666666,0.019844961577186303,0.6963416666666666,0.019844961577186303,0.7552666666666668,0.01591165060576683,0.7552666666666668,0.01591165060576683,0.5243821409633453,0.027751755471290274,0.5243821409633453,0.027751755471290274,0.9341765572921752,0.013966173976987567,0.9341765572921752,0.013966173976987567,0.6355022778773409,0.02204001036096038,0.6355022778773409,0.02204001036096038,0.9674720771183758,0.007342578708856246,0.9674720771183758,0.007342578708856246,0.4048150785001656,0.03608249989424339,0.4048150785001656,0.03608249989424339,0.8616086768163885,0.02129651687528779,0.8616086768163885,0.02129651687528779,0.5215664991136173,0.02684761158186823,0.5215664991136173,0.02684761158186823,0.9210857704089799,0.013723998670406853,0.9210857704089799,0.013723998670406853,0.14718811565283227,0.055060067805045916,0.40237753761464506,0.08108928280793204,0.4466996880436012,0.04925354133911889,0.5025597227756384,0.08197376747119803,0.9190912058280627,0.012797759189595777,0.9518232055639709,0.00868196748504235,0.4739434130706692,0.026100657139715835,0.9056671136598826,0.016351662392139775,0.8890232951017591,0.017147574663050825
E:\MSImaging-data\_msi_visual\Extractions\NRL4485-s2\5_bins\1.npy,random,parametric_mics_lmc__mics3,10,5000.0,0.0,0.7707460286521781,0.0,63269.0,0.0,46.5,2.8722813232690143,4.0,0.0,0.0,0.0,37.97659808001481,0.7521342080898452,0.1623195748390786,0.037783738407673774,0.42546636807620714,0.057462096310082526,0.37799224337932913,0.03400725620240241,0.4939517589273777,0.046242469917046884,0.9013709761152032,0.017600647496150194,0.9157085437131682,0.010896617823570301,0.4005196630706692,0.027940709854753148,0.8668494722318041,0.01875760965960921,0.8571128134701622,0.019775795234778876,0.0,0.0,63269.0,0.0,64.0,0.0,0.16003537456924857,0.09796333212014932,0.19778396719747735,0.06903489951716615,0.16754855149952186,0.09391802454170155,0.2630679485079777,0.01545310618351213,0.5849213354633511,0.0442903862452255,0.23181277533594957,0.034625373068420444,0.5732149952284458,0.04665275387667411,0.21511481040695962,0.028829810236911568,5.0,0.0,0.5691286504005763,0.08145528665769705,0.2203610411418976,0.0684249868177292,0.3082603582200864,0.0910337139531964,0.3082603582200864,0.0910337139531964,0.509478460162783,0.07528701528590687,0.3484634760705289,0.03041418555073963,0.41129090506496635,0.03609358312738292,0.41129090506496635,0.03609358312738292,0.5853054961263553,0.042546410093913446,0.4067929595525624,0.045418923147801125,0.58710699700777,0.042200784959914785,0.29520782131485024,0.04013957078347979,0.5849213354633511,0.0442903862452255,0.23181277533594957,0.034625373068420444,0.5737850473844995,0.050706521484049936,0.16175531865108184,0.02776715697164152,0.5469160482535251,0.06552988994866205,0.08877141827252219,0.020607898174112196,0.7028375,0.0097022951537252,0.7028375,0.0097022951537252,0.7493875,0.007995594490092649,0.7493875,0.007995594490092649,0.7865499999999999,0.007712449351535495,0.7865499999999999,0.007712449351535495,0.8192124999999999,0.006212399395563672,0.8192124999999999,0.006212399395563672,0.5909749999999999,0.012739554544802568,0.5909749999999999,0.012739554544802568,0.6584000000000001,0.010840145294229213,0.6584000000000001,0.010840145294229213,0.6934541666666667,0.00901488834126945,0.6934541666666667,0.00901488834126945,0.7423333333333334,0.007164049909870184,0.7423333333333334,0.007164049909870184,0.5346646883888068,0.01412926052728228,0.5346646883888068,0.01412926052728228,0.9297852601269273,0.006942911711802789,0.9297852601269273,0.006942911711802789,0.6417902440766259,0.01639050545272377,0.6417902440766259,0.01639050545272377,0.9654171304037359,0.0036486428821259596,0.9654171304037359,0.0036486428821259596,0.41484207531684597,0.014179076499172426,0.41484207531684597,0.014179076499172426,0.859952561676111,0.011279660660931763,0.859952561676111,0.011279660660931763,0.5304323359274262,0.01368767550223879,0.5304323359274262,0.01368767550223879,0.9183849840689249,0.006868708249684638,0.9183849840689249,0.006868708249684638,0.1623195748390786,0.037783738407673774,0.42546636807620714,0.057462096310082526,0.37799224337932913,0.03400725620240241,0.4939517589273777,0.046242469917046884,0.9013709761152032,0.017600647496150194,0.9157085437131682,0.010896617823570301,0.4005196630706692,0.027940709854753148,0.8668494722318041,0.01875760965960921,0.8571128134701622,0.019775795234778876
E:\MSImaging-data\_msi_visual\Extractions\NRL4485-s2\5_bins\1.npy,random,parametric_umap,10,5000.0,0.0,0.7707460286521781,0.0,63269.0,0.0,46.5,2.8722813232690143,4.0,0.0,0.0,0.0,35.00880102000665,0.3273827874722236,0.5346720365262189,0.06165724906568103,0.8500394971292777,0.05975204299154853,0.7872907880869116,0.04810569251600938,0.8741319514009694,0.03383510591436236,0.9418947985297533,0.014399441643998593,0.9566416838256349,0.011414060774260867,0.5224559130706691,0.044537533311101773,0.9468622447395655,0.01720638750966166,0.9291140841669542,0.01710940296682253,0.0,0.0,63269.0,0.0,64.0,0.0,0.26097136717047154,0.07880458591221613,0.23609083584199145,0.06486703628237238,0.2686373480314797,0.09751956761621991,0.2620009337894876,0.015181636987094474,0.6360228893256672,0.04505284578933825,0.25580278464579026,0.02681239392896505,0.6213843785826486,0.046094281856628255,0.232363082793018,0.021631594523337343,5.0,0.0,0.6257936577169576,0.050652058781780196,0.24321158690176325,0.07737733436646171,0.34311157316312096,0.0913812205254797,0.34311157316312096,0.0913812205254797,0.5980799620129627,0.08102267880743039,0.33694794290512176,0.04089088530085535,0.4286347349062975,0.04542068865858847,0.4286347349062975,0.04542068865858847,0.6419482283541338,0.04191550352984596,0.4479958477380146,0.042500072805907015,0.6406777969680063,0.04300658776816803,0.3273289045605582,0.03364274306946476,0.6360228893256672,0.04505284578933825,0.25580278464579026,0.02681239392896505,0.620646486260435,0.048526786575339646,0.17217311339358657,0.019584146985472332,0.5854811039172809,0.05888877745800318,0.08320021284358595,0.018152355170747717,0.8309374999999999,0.031962343566296895,0.8309374999999999,0.031962343566296895,0.8705250000000001,0.03347376771443574,0.8705250000000001,0.03347376771443574,0.9283375000000001,0.02693261556644658,0.9283375000000001,0.02693261556644658,0.9439249999999999,0.025759476411604334,0.9439249999999999,0.025759476411604334,0.650225,0.02648589247127611,0.650225,0.02648589247127611,0.7379875,0.024160753946224457,0.7379875,0.024160753946224457,0.8031666666666666,0.02510462136517676,0.8031666666666666,0.02510462136517676,0.8508125,0.025822317879974407,0.8508125,0.025822317879974407,0.7711394327605121,0.050891549161242354,0.7711394327605121,0.050891549161242354,0.958722648208948,0.010232262186248946,0.958722648208948,0.010232262186248946,0.894092741264981,0.046843732120584895,0.894092741264981,0.046843732120584895,0.9873311832550445,0.004222191059895446,0.9873311832550445,0.004222191059895446,0.5780070091653504,0.03717482293879469,0.5780070091653504,0.03717482293879469,0.8682481034257397,0.021313398328109197,0.8682481034257397,0.021313398328109197,0.7477463943969478,0.04005722133683152,0.7477463943969478,0.04005722133683152,0.9381006449632441,0.010625904628860568,0.9381006449632441,0.010625904628860568,0.5346720365262189,0.06165724906568103,0.8500394971292777,0.05975204299154853,0.7872907880869116,0.04810569251600938,0.8741319514009694,0.03383510591436236,0.9418947985297533,0.014399441643998593,0.9566416838256349,0.011414060774260867,0.5224559130706691,0.044537533311101773,0.9468622447395655,0.01720638750966166,0.9291140841669542,0.01710940296682253
E:\MSImaging-data\_msi_visual\Extractions\NRL4485-s2\5_bins\1.npy,random,pca,10,5000.0,0.0,0.7707460286521781,0.0,63269.0,0.0,46.5,2.8722813232690143,-1.0,0.0,0.0,0.0,3.8078428299864755,0.07036890457601877,0.6786475007441364,0.006474991298750847,0.8508629551518881,0.0039042775424689125,0.8873941296313792,0.004430302219825514,0.8595320323290954,0.0034871475075334067,0.9167574605766522,0.002965384887602992,0.9452935417021606,0.0010661252945891467,0.4527615380706692,0.005225962418839685,0.9278439884442911,0.0017835879996637265,0.9217261680751984,0.001965411748577079,0.0,0.0,63269.0,0.0,64.0,0.0,0.30126287595956336,3.5887703252207957e-06,0.23026123953606498,1.1830364225852698e-06,0.3846474187029819,3.687719313085369e-06,0.2729431422030247,6.666777348615398e-07,0.6807179081819721,2.885971355948867e-06,0.2699680119714571,5.884886758117842e-07,0.6776488168963268,1.4443096029900432e-06,0.24967957995559079,4.4382913368791103e-07,5.0,0.0,0.6034149484536082,0.0,0.15726280436607892,0.0,0.24950046623151728,2.7755575615628914e-17,0.24950046623151728,2.7755575615628914e-17,0.6684636118598383,0.0,0.2811083123425693,0.0,0.39577976770990336,0.0,0.39577976770990336,0.0,0.6686558614369046,1.3351094655767901e-06,0.44885432230100547,5.982771149533441e-07,0.6780083164995324,2.2655083401605648e-06,0.3358341480744884,6.20573584917506e-07,0.6807179081819721,2.885971355948867e-06,0.2699680119714571,5.884886758117842e-07,0.6791798503849454,2.7106638912526976e-06,0.1956129415284124,5.497731227584681e-07,0.6784453962308481,2.9093151060318973e-06,0.11272782111814306,6.298144715880544e-07,0.87905,0.0034605815985177925,0.87905,0.0034605815985177925,0.9186125,0.002659564109022391,0.9186125,0.002659564109022391,0.94565,0.0026924663414795037,0.94565,0.0026924663414795037,0.9638124999999998,0.002793547252150925,0.9638124999999998,0.002793547252150925,0.6809875,0.004906134552781837,0.6809875,0.004906134552781837,0.811825,0.003471851091276795,0.811825,0.003471851091276795,0.8352291666666668,0.0029689510165863235,0.8352291666666668,0.0029689510165863235,0.8980833333333333,0.0024890733438593412,0.8980833333333333,0.0024890733438593412,0.8764460364021653,0.004491514011597133,0.8764460364021653,0.004491514011597133,0.9516492904713234,0.0010689088621522152,0.9516492904713234,0.0010689088621522152,0.9391302555734338,0.003334608739070082,0.9391302555734338,0.003334608739070082,0.9845721274948671,0.0014418412929160752,0.9845721274948671,0.0014418412929160752,0.6546324514794082,0.008081702459561496,0.6546324514794082,0.008081702459561496,0.8647202242128802,0.0044885507051463085,0.8647202242128802,0.0044885507051463085,0.8234029144850025,0.004432135025185913,0.8234029144850025,0.004432135025185913,0.9336472140596903,0.0016039113078968794,0.9336472140596903,0.0016039113078968794,0.6786475007441364,0.006474991298750847,0.8508629551518881,0.0039042775424689125,0.8873941296313792,0.004430302219825514,0.8595320323290954,0.0034871475075334067,0.9167574605766522,0.002965384887602992,0.9452935417021606,0.0010661252945891467,0.4527615380706692,0.005225962418839685,0.9278439884442911,0.0017835879996637265,0.9217261680751984,0.001965411748577079
E:\MSImaging-data\_msi_visual\Extractions\NRL4485-s2\5_bins\1.npy,random,top3,10,5000.0,0.0,0.7707460286521781,0.0,63269.0,0.0,46.5,2.8722813232690143,-1.0,0.0,0.0,0.0,0.7485242600319907,0.013535470354725429,0.5041367205537547,0.004638599253083923,0.9076600413029228,0.004527862123526178,0.7474808318349851,0.0038557217981887494,0.8961494471722237,0.002804659298292072,0.8647286507462495,0.003551255777676764,0.9167769376216018,0.0024292847893314365,0.34817028807066913,0.006223783296004521,0.8795052155915835,0.003663240805264923,0.8895314181614349,0.0033431395344747043,0.0,0.0,63269.0,0.0,64.0,0.0,0.13962098516769975,0.0,0.17502603903591202,0.0,0.1368977533831472,0.0,0.268816162559509,5.551115123125783e-17,0.5968818691627735,0.0,0.2485826506719147,2.7755575615628914e-17,0.5780157111334983,0.0,0.2235227358151078,2.7755575615628914e-17,5.0,0.0,0.5928030303030303,0.0,0.2628043660789253,5.551115123125783e-17,0.3641652123327516,0.0,0.3641652123327516,0.0,0.5204527759477751,0.0,0.36481947942905124,0.0,0.4289557469704075,0.0,0.4289557469704075,0.0,0.6022832649256344,0.0,0.4230790405075452,0.0,0.6020756407894607,0.0,0.3134544391247589,0.0,0.5968818691627735,0.0,0.2485826506719147,2.7755575615628914e-17,0.578263546262378,0.0,0.1686501695968851,0.0,0.5324522740492802,0.0,0.08058878649128096,1.3877787807814457e-17,0.8286875,0.00355547553078347,0.8286875,0.00355547553078347,0.8536125,0.0032946215640039665,0.8536125,0.0032946215640039665,0.9136875,0.00223414553017478,0.9136875,0.00223414553017478,0.9256250000000001,0.0015742061491430949,0.9256250000000001,0.0015742061491430949,0.6627000000000001,0.004672793596982445,0.6627000000000001,0.004672793596982445,0.7097749999999999,0.003813135192987534,0.7097749999999999,0.003813135192987534,0.8016916666666667,0.003171991137720545,0.8016916666666667,0.003171991137720545,0.8296708333333334,0.0025549142462234324,0.8296708333333334,0.0025549142462234324,0.7807688857237698,0.003344043710309253,0.7807688857237698,0.003344043710309253,0.94255844546719,0.003265739992533694,0.94255844546719,0.003265739992533694,0.8773231076910244,0.0027279158114732675,0.8773231076910244,0.0027279158114732675,0.9795557746109653,0.0010428800955187326,0.9795557746109653,0.0010428800955187326,0.5995700218986653,0.005811778134696294,0.5995700218986653,0.005811778134696294,0.8481915682429344,0.003114587668452242,0.8481915682429344,0.003114587668452242,0.7525540051044864,0.003283197545305057,0.7525540051044864,0.003283197545305057,0.9234352627736968,0.002166956725549733,0.9234352627736968,0.002166956725549733,0.5041367205537547,0.004638599253083923,0.9076600413029228,0.004527862123526178,0.7474808318349851,0.0038557217981887494,0.8961494471722237,0.002804659298292072,0.8647286507462495,0.003551255777676764,0.9167769376216018,0.0024292847893314365,0.34817028807066913,0.006223783296004521,0.8795052155915835,0.003663240805264923,0.8895314181614349,0.0033431395344747043
E:\MSImaging-data\_msi_visual\Extractions\NRL4485-s2\5_bins\1.npy,random,nmf_3d,10,5000.0,0.0,0.7707460286521781,0.0,63269.0,0.0,46.5,2.8722813232690143,-1.0,0.0,0.0,0.0,36.4795097600203,0.18052686733546677,0.4706562246338635,0.008658331549136195,0.7199758261860957,0.008473198564014834,0.7966600918240131,0.003520118918941554,0.7868040984285,0.002217609683053375,0.9038325314610555,0.0035515640907053856,0.9467563817911631,0.0008122599480868986,0.4255565380706692,0.005938935385708878,0.9081807011038288,0.002421618898170567,0.904801485426009,0.0027517147854418753,0.0,0.0,63269.0,0.0,64.0,0.0,0.2525076232003004,2.7300055733811054e-06,0.20608791816579924,3.366849096720903e-06,0.29963972611089146,6.10624404236305e-06,0.2508587400325382,1.2520410618142528e-06,0.6266261181826509,1.7304653337664123e-06,0.24551925017438453,1.2679517977343495e-06,0.605991142403276,3.6391994599080406e-06,0.21964504729749504,1.4234059644332074e-06,5.0,0.0,0.6353826030085024,1.1102230246251565e-16,0.2447103274559194,0.0,0.35333697035824685,5.551115123125783e-17,0.35333697035824685,5.551115123125783e-17,0.6532616561563114,0.0,0.2652812762384551,0.0,0.377332576956379,5.551115123125783e-17,0.377332576956379,5.551115123125783e-17,0.6399445859763019,1.6086258758292225e-06,0.44576789030720104,1.7619507236095072e-06,0.6345255885405467,4.253641347840364e-06,0.32087722345256403,2.6500633058065465e-06,0.6266261181826509,1.7304653337664123e-06,0.24551925017438453,1.2679517977343495e-06,0.6040426238024349,2.588240292626879e-06,0.15470223717461992,1.1771616894568984e-06,0.5525510284835503,7.987382936252012e-06,0.06265976065702525,1.246209624642934e-06,0.8191,0.0024327196714788255,0.8191,0.0024327196714788255,0.8773250000000001,0.002317191187623508,0.8773250000000001,0.002317191187623508,0.90825,0.0026339134382131926,0.90825,0.0026339134382131926,0.9298125,0.0018330728981685348,0.9298125,0.0018330728981685348,0.6537,0.003858513314736644,0.6537,0.003858513314736644,0.7830375,0.0034273942361508535,0.7830375,0.0034273942361508535,0.7936833333333333,0.0017160597632691187,0.7936833333333333,0.0017160597632691187,0.8633916666666666,0.0012378857423491038,0.8633916666666666,0.0012378857423491038,0.759830840294619,0.005213989256086052,0.759830840294619,0.005213989256086052,0.9512461096878623,0.0021852625960169163,0.9512461096878623,0.0021852625960169163,0.8637764715620462,0.004093313608020115,0.8637764715620462,0.004093313608020115,0.9826653792043649,0.0013041028241255362,0.9826653792043649,0.0013041028241255362,0.5707937128519373,0.005903028517650292,0.5707937128519373,0.005903028517650292,0.867632004842592,0.003957954659343624,0.867632004842592,0.003957954659343624,0.7314670082362007,0.004085186104200688,0.7314670082362007,0.004085186104200688,0.9338478312449399,0.0015129079659329636,0.9338478312449399,0.0015129079659329636,0.4706562246338635,0.008658331549136195,0.7199758261860957,0.008473198564014834,0.7966600918240131,0.003520118918941554,0.7868040984285,0.002217609683053375,0.9038325314610555,0.0035515640907053856,0.9467563817911631,0.0008122599480868986,0.4255565380706692,0.005938935385708878,0.9081807011038288,0.002421618898170567,0.904801485426009,0.0027517147854418753
E:\MSImaging-data\_msi_visual\Extractions\NRL4485-s2\5_bins\1.npy,superpixel,parametric_mics_lmc__mics1,10,5000.0,0.0,0.7707460286521781,0.0,63269.0,0.0,46.5,2.8722813232690143,4.0,0.0,0.0,0.0,41.10015702999662,0.8079677983338033,0.5221415935711833,0.0874868210298166,0.7447503343800204,0.06522286864252143,0.7582911813778568,0.03970080005478435,0.7952977814513777,0.06465114563004212,0.9207724456128158,0.02598756573636199,0.942293669668312,0.015911874048947727,0.45892716307066916,0.05632237241429911,0.9136752863056227,0.027832123607321266,0.9025607519834425,0.028998884097176436,0.0,0.0,63269.0,0.0,64.0,0.0,0.14203493867135225,0.08236025467060214,0.18674163290115695,0.07719881680487911,0.2843216700061829,0.10154143065566414,0.2538217177052598,0.016527409051873505,0.6363698576287937,0.06234158350803566,0.25383674796244166,0.042719459834969484,0.6419723060574808,0.07035450446705889,0.23867817064862468,0.04104126879239766,5.0,0.0,0.5468409882858628,0.06745404135644466,0.20656171284634758,0.05267767824762924,0.29317877668908787,0.05199009713903036,0.29317877668908787,0.05199009713903036,0.6165826670658182,0.06868995116077535,0.3515785054575987,0.03254934953132231,0.4465482844057906,0.03829645094363853,0.4465482844057906,0.03829645094363853,0.6003068218931016,0.04711753949964129,0.4059422633796882,0.041611661344336796,0.6232389058081722,0.05497170163486253,0.3091359637860517,0.04264088804548144,0.6363698576287937,0.06234158350803566,0.25383674796244166,0.042719459834969484,0.6511453209271303,0.07477665359968108,0.1940224774952455,0.04378225030865461,0.6741308549166646,0.10210785257484799,0.12584342970550003,0.044014303478590665,0.806625,0.021243601978007395,0.806625,0.021243601978007395,0.8582625,0.014446068885686527,0.8582625,0.014446068885686527,0.9031,0.021137851120679223,0.9031,0.021137851120679223,0.9254749999999999,0.012061016748185051,0.9254749999999999,0.012061016748185051,0.6358125,0.012296245616040698,0.6358125,0.012296245616040698,0.73935,0.012943965775603684,0.73935,0.012943965775603684,0.7818458333333334,0.016689703350169737,0.7818458333333334,0.016689703350169737,0.8410291666666666,0.01217177475532819,0.8410291666666666,0.01217177475532819,0.7344629422939677,0.04021115511404354,0.7344629422939677,0.04021115511404354,0.9494144397002561,0.00852743708716298,0.9494144397002561,0.00852743708716298,0.8557429602865054,0.033612192125820846,0.8557429602865054,0.033612192125820846,0.9815857661472787,0.004615201977133781,0.9815857661472787,0.004615201977133781,0.5441183660944259,0.03072092439440307,0.5441183660944259,0.03072092439440307,0.864105925138209,0.010448018231179246,0.864105925138209,0.010448018231179246,0.7114414228916329,0.03272677681764647,0.7114414228916329,0.03272677681764647,0.9317020436619146,0.007553685856530736,0.9317020436619146,0.007553685856530736,0.5221415935711833,0.0874868210298166,0.7447503343800204,0.06522286864252143,0.7582911813778568,0.03970080005478435,0.7952977814513777,0.06465114563004212,0.9207724456128158,0.02598756573636199,0.942293669668312,0.015911874048947727,0.45892716307066916,0.05632237241429911,0.9136752863056227,0.027832123607321266,0.9025607519834425,0.028998884097176436
E:\MSImaging-data\_msi_visual\Extractions\NRL4485-s2\5_bins\1.npy,superpixel,parametric_mics_lmc__mics2,10,5000.0,0.0,0.7707460286521781,0.0,63269.0,0.0,46.5,2.8722813232690143,4.0,0.0,0.0,0.0,843.2386477399617,13.76306985487758,0.14396559410204107,0.050409947763648155,0.4268349179423245,0.13001345309824913,0.4240468926821041,0.08256966456325991,0.4984827810519824,0.12180568788129117,0.9052331169628605,0.014249167197849954,0.9492600435616181,0.004859193410493794,0.4552765380706692,0.02099835377662083,0.8826279156605725,0.017765032729747155,0.8691390626077957,0.022699942194473802,0.0,0.0,63269.0,0.0,64.0,0.0,0.13283972468742433,0.12456604449314254,0.1494344424185043,0.1012011424438095,0.21302122139342466,0.12449460531082032,0.2573880040855982,0.013263313998097086,0.5699683615035388,0.062042663468064065,0.21703290929834357,0.041388895979927426,0.560363923527057,0.06295694090172461,0.20019183242155697,0.03503308076774605,5.0,0.0,0.5415152232804165,0.09315427976552311,0.24869017632241813,0.03284433539395423,0.3375153853391879,0.03998389894365695,0.3375153853391879,0.03998389894365695,0.5458481461972705,0.05511528345055613,0.34850125944584387,0.042857934562769553,0.42417342701008537,0.04269961421581782,0.42417342701008537,0.04269961421581782,0.573984675286501,0.06421746119798821,0.39395028380544667,0.06154815641694017,0.5731625796444837,0.06232376226189593,0.28080792480567396,0.0508445862759478,0.5699683615035388,0.062042663468064065,0.21703290929834357,0.041388895979927426,0.559448656927948,0.06275433837168248,0.14607196749119455,0.02865044447421663,0.5370252545298151,0.07291829934703685,0.07291590139238728,0.01844476797347835,0.704475,0.029926148683049755,0.704475,0.029926148683049755,0.75905,0.02675737047992572,0.75905,0.02675737047992572,0.7901625,0.03032377625313181,0.7901625,0.03032377625313181,0.8306125,0.019739589819699893,0.8306125,0.019739589819699893,0.593125,0.019823833509187865,0.593125,0.019823833509187865,0.6647874999999999,0.027903351613202284,0.6647874999999999,0.027903351613202284,0.6959208333333333,0.02583377990205417,0.6959208333333333,0.02583377990205417,0.7514833333333334,0.023647661089418556,0.7514833333333334,0.023647661089418556,0.5246333841259874,0.06078211714679694,0.5246333841259874,0.06078211714679694,0.9347704514823747,0.011044338883936291,0.9347704514823747,0.011044338883936291,0.6385712961621361,0.05595495014885692,0.6385712961621361,0.05595495014885692,0.9675004010669841,0.007296358465893243,0.9675004010669841,0.007296358465893243,0.4029965808416104,0.048238434052925674,0.4029965808416104,0.048238434052925674,0.8666401404362454,0.01557385774424196,0.8666401404362454,0.01557385774424196,0.5220670870432447,0.054339651043306576,0.5220670870432447,0.054339651043306576,0.9229703309952015,0.010424742357341728,0.9229703309952015,0.010424742357341728,0.14396559410204107,0.050409947763648155,0.4268349179423245,0.13001345309824913,0.4240468926821041,0.08256966456325991,0.4984827810519824,0.12180568788129117,0.9052331169628605,0.014249167197849954,0.9492600435616181,0.004859193410493794,0.4552765380706692,0.02099835377662083,0.8826279156605725,0.017765032729747155,0.8691390626077957,0.022699942194473802
E:\MSImaging-data\_msi_visual\Extractions\NRL4485-s2\5_bins\1.npy,superpixel,parametric_mics_lmc__mics3,10,5000.0,0.0,0.7707460286521781,0.0,63269.0,0.0,46.5,2.8722813232690143,4.0,0.0,0.0,0.0,44.24124404999893,0.6854631864008952,0.15843745918967794,0.06504488300978595,0.40642390935943135,0.10091061958046693,0.3850737042280891,0.08578379447706336,0.47339546460950965,0.10050861031654103,0.8851863134137241,0.024221815854330357,0.911982000573694,0.013901554738639922,0.38330091307066916,0.02827408309742334,0.8421082890651949,0.025611655514233455,0.8358197719041047,0.02568267481273615,0.0,0.0,63269.0,0.0,64.0,0.0,0.06305972698012938,0.0881703644554869,0.1275673174579361,0.07887786624903668,0.15048884493835538,0.07679996222991439,0.2514132496897682,0.009033571717934463,0.544766534921216,0.05387423332456131,0.20383316804560403,0.031676591573376635,0.5426465904147284,0.06037421434406407,0.19422228745995324,0.027539827734797094,5.0,0.0,0.48134308982335205,0.08740223741898075,0.1901931150293871,0.06128813168369422,0.26545199575583245,0.07341632050558744,0.26545199575583245,0.07341632050558744,0.4993584681587797,0.051563850237195265,0.34038623005877416,0.05444455529875823,0.4013335531255553,0.04601833939106703,0.4013335531255553,0.04601833939106703,0.5371339812917192,0.04354998111637874,0.356107431011638,0.04309111593289749,0.5422102648253102,0.04790840912879892,0.25643933292035104,0.0364514146677437,0.544766534921216,0.05387423332456131,0.20383316804560403,0.031676591573376635,0.5439847774862259,0.06652741811052025,0.1498380102621776,0.02656053786734698,0.543050840180548,0.09021493825441826,0.09434946072542191,0.022682659140503488,0.7045875,0.021313804945386927,0.7045875,0.021313804945386927,0.7556624999999999,0.016295709749808384,0.7556624999999999,0.016295709749808384,0.7880874999999999,0.024128370878490738,0.7880874999999999,0.024128370878490738,0.8262124999999999,0.019247325301194457,0.8262124999999999,0.019247325301194457,0.59155,0.01468249382768471,0.59155,0.01468249382768471,0.6611375,0.0146054837732271,0.6611375,0.0146054837732271,0.6947416666666666,0.01914247386195305,0.6947416666666666,0.01914247386195305,0.7476708333333333,0.01558856251390742,0.7476708333333333,0.01558856251390742,0.537905788205234,0.04136036418637269,0.537905788205234,0.04136036418637269,0.9277727569291871,0.00723688624918245,0.9277727569291871,0.00723688624918245,0.6442671280960169,0.04463351640050944,0.6442671280960169,0.04463351640050944,0.9650864170375366,0.004789239874253567,0.9650864170375366,0.004789239874253567,0.41517780170663715,0.0341481911425705,0.41517780170663715,0.0341481911425705,0.8547771688148147,0.015306181307291139,0.8547771688148147,0.015306181307291139,0.5324502393359628,0.03979904238343843,0.5324502393359628,0.03979904238343843,0.9158787809271793,0.007649534687453389,0.9158787809271793,0.007649534687453389,0.15843745918967794,0.06504488300978595,0.40642390935943135,0.10091061958046693,0.3850737042280891,0.08578379447706336,0.47339546460950965,0.10050861031654103,0.8851863134137241,0.024221815854330357,0.911982000573694,0.013901554738639922,0.38330091307066916,0.02827408309742334,0.8421082890651949,0.025611655514233455,0.8358197719041047,0.02568267481273615
E:\MSImaging-data\_msi_visual\Extractions\NRL4485-s2\5_bins\1.npy,superpixel,parametric_umap,10,5000.0,0.0,0.7707460286521781,0.0,63269.0,0.0,46.5,2.8722813232690143,4.0,0.0,0.0,0.0,38.24573745001108,0.3152075011018452,0.5024982614931093,0.05302619127550915,0.8574930007296482,0.042189776117490065,0.7721735813877166,0.03964475707206477,0.8751664067445375,0.02285019405053,0.9250223806797873,0.034675706368722505,0.9494207289315236,0.019740986555956727,0.4827671630706692,0.06953324261189753,0.9318059097964817,0.0340572196550657,0.9187627923421869,0.02763623367317467,0.0,0.0,63269.0,0.0,64.0,0.0,0.24019487030153258,0.0773019180132654,0.23010528112749182,0.056457716567723866,0.28635744427892484,0.07456208497104837,0.269360844408588,0.01360911941379061,0.6347618227601182,0.04162700160158912,0.2593582821022168,0.02129318838048754,0.6199748874053401,0.04536246876741717,0.23661173170792704,0.019585253278137166,5.0,0.0,0.6268436789774837,0.04105259505081448,0.26211586901763223,0.040866843892948826,0.36738622719440867,0.04231645191455207,0.36738622719440867,0.04231645191455207,0.6253462513630241,0.05421020252180097,0.3410453400503778,0.059569087362709314,0.4382413782842054,0.05563569249513828,0.4382413782842054,0.05563569249513828,0.6371339035524534,0.03947442310051487,0.4429922334833532,0.029490492038339696,0.6380562288373317,0.03980989455914927,0.32773493278634647,0.024513391625166716,0.6347618227601182,0.04162700160158912,0.2593582821022168,0.02129318838048754,0.6214266799015545,0.045963411858701474,0.18042940878070055,0.01902772448303108,0.5846956750570615,0.06022675310192377,0.09215522683372415,0.017643789269572083,0.8209250000000001,0.022035284205110663,0.8209250000000001,0.022035284205110663,0.8579999999999999,0.021436461345100785,0.8579999999999999,0.021436461345100785,0.9203875,0.022143738533725515,0.9203875,0.022143738533725515,0.9345624999999999,0.02368928093568904,0.9345624999999999,0.02368928093568904,0.6587375,0.025192288626680975,0.6587375,0.025192288626680975,0.7365625,0.02037785639487138,0.7365625,0.02037785639487138,0.8000166666666667,0.0177593207139863,0.8000166666666667,0.0177593207139863,0.8430416666666666,0.015119684557262132,0.8430416666666666,0.015119684557262132,0.7552212211219409,0.041261146458567564,0.7552212211219409,0.041261146458567564,0.9559816192795365,0.005454917464276868,0.9559816192795365,0.005454917464276868,0.8817647804789303,0.04026044205649471,0.8817647804789303,0.04026044205649471,0.9853528289066673,0.004501923134408809,0.9853528289066673,0.004501923134408809,0.5862462760953249,0.040305287723459704,0.5862462760953249,0.040305287723459704,0.8698183143766535,0.014475363180912047,0.8698183143766535,0.014475363180912047,0.7410774258987319,0.035161108168137466,0.7410774258987319,0.035161108168137466,0.9370509208542858,0.005393490266980893,0.9370509208542858,0.005393490266980893,0.5024982614931093,0.05302619127550915,0.8574930007296482,0.042189776117490065,0.7721735813877166,0.03964475707206477,0.8751664067445375,0.02285019405053,0.9250223806797873,0.034675706368722505,0.9494207289315236,0.019740986555956727,0.4827671630706692,0.06953324261189753,0.9318059097964817,0.0340572196550657,0.9187627923421869,0.02763623367317467
E:\MSImaging-data\_msi_visual\Extractions\NRL4485-s2\5_bins\1.npy,superpixel,pca,10,5000.0,0.0,0.7707460286521781,0.0,63269.0,0.0,46.5,2.8722813232690143,-1.0,0.0,0.0,0.0,3.812287540035322,0.057548704246098446,0.6786483116500931,0.006474612644115541,0.8508643379615212,0.0039036636885167466,0.8873968609864985,0.004429813318738984,0.8595353256481021,0.0034865897888075705,0.9167658596659827,0.0029546366006416255,0.945293884375453,0.0010664766111863524,0.4527640380706692,0.005225051023973331,0.9278451043463264,0.0017820785746040482,0.9217262974301483,0.001965296582628631,0.0,0.0,63269.0,0.0,64.0,0.0,0.3012632529639853,3.642923195899908e-06,0.23026151063930067,1.4052514875126354e-06,0.38464841267073135,3.608870523929407e-06,0.27294291113558067,7.004955514254354e-07,0.680718219502155,1.8640928823548802e-06,0.2699683103582241,6.50655966198016e-07,0.6776497441537439,1.8598246723884812e-06,0.24967996066511464,7.618354440478562e-07,5.0,0.0,0.6034149484536082,0.0,0.15726280436607892,0.0,0.24950046623151728,2.7755575615628914e-17,0.24950046623151728,2.7755575615628914e-17,0.6684636118598383,0.0,0.2811083123425693,0.0,0.39577976770990336,0.0,0.39577976770990336,0.0,0.6686565016111334,1.4796735935965139e-06,0.4488546712611181,8.297382606073046e-07,0.6780085623299357,1.5041446757858436e-06,0.3358344186780119,6.483920375312136e-07,0.680718219502155,1.8640928823548802e-06,0.2699683103582241,6.50655966198016e-07,0.6791810175585263,2.5741940651565713e-06,0.19561339180444387,8.90590315056637e-07,0.6784472403487745,4.181314482424275e-06,0.11272830061367516,1.04868287842478e-06,0.8790749999999999,0.0034420197558991394,0.8790749999999999,0.0034420197558991394,0.9186250000000001,0.0026386549603917573,0.9186250000000001,0.0026386549603917573,0.9456624999999999,0.002675146024051785,0.9456624999999999,0.002675146024051785,0.9638249999999999,0.00277837632440243,0.9638249999999999,0.00277837632440243,0.6809874999999999,0.004875144228635686,0.6809874999999999,0.004875144228635686,0.81185,0.003484250278036841,0.81185,0.003484250278036841,0.8352416666666667,0.0029480337138129737,0.8352416666666667,0.0029480337138129737,0.8981,0.0024876919244775954,0.8981,0.0024876919244775954,0.8764498669116335,0.00448801727144147,0.8764498669116335,0.00448801727144147,0.9516719187820492,0.0010489362462057937,0.9516719187820492,0.0010489362462057937,0.9391345243174166,0.0033302815368590082,0.9391345243174166,0.0033302815368590082,0.984586914122259,0.001422771587015042,0.984586914122259,0.001422771587015042,0.6546305032292286,0.008079070006714104,0.6546305032292286,0.008079070006714104,0.8647677558966071,0.004426883934606632,0.8647677558966071,0.004426883934606632,0.8234049648194262,0.004427650888377286,0.8234049648194262,0.004427650888377286,0.9336755296003053,0.0016147927055381885,0.9336755296003053,0.0016147927055381885,0.6786483116500931,0.006474612644115541,0.8508643379615212,0.0039036636885167466,0.8873968609864985,0.004429813318738984,0.8595353256481021,0.0034865897888075705,0.9167658596659827,0.0029546366006416255,0.945293884375453,0.0010664766111863524,0.4527640380706692,0.005225051023973331,0.9278451043463264,0.0017820785746040482,0.9217262974301483,0.001965296582628631
E:\MSImaging-data\_msi_visual\Extractions\NRL4485-s2\5_bins\1.npy,superpixel,top3,10,5000.0,0.0,0.7707460286521781,0.0,63269.0,0.0,46.5,2.8722813232690143,-1.0,0.0,0.0,0.0,0.7473243199987337,0.007812146671020304,0.5041367205537547,0.004638599253083923,0.9076600413029228,0.004527862123526178,0.7474808318349851,0.0038557217981887494,0.8961494471722237,0.002804659298292072,0.8647286507462495,0.003551255777676764,0.9167769376216018,0.0024292847893314365,0.34817028807066913,0.006223783296004521,0.8795052155915835,0.003663240805264923,0.8895314181614349,0.0033431395344747043,0.0,0.0,63269.0,0.0,64.0,0.0,0.13962098516769975,0.0,0.17502603903591202,0.0,0.1368977533831472,0.0,0.268816162559509,5.551115123125783e-17,0.5968818691627735,0.0,0.2485826506719147,2.7755575615628914e-17,0.5780157111334983,0.0,0.2235227358151078,2.7755575615628914e-17,5.0,0.0,0.5928030303030303,0.0,0.2628043660789253,5.551115123125783e-17,0.3641652123327516,0.0,0.3641652123327516,0.0,0.5204527759477751,0.0,0.36481947942905124,0.0,0.4289557469704075,0.0,0.4289557469704075,0.0,0.6022832649256344,0.0,0.4230790405075452,0.0,0.6020756407894607,0.0,0.3134544391247589,0.0,0.5968818691627735,0.0,0.2485826506719147,2.7755575615628914e-17,0.578263546262378,0.0,0.1686501695968851,0.0,0.5324522740492802,0.0,0.08058878649128096,1.3877787807814457e-17,0.8286875,0.00355547553078347,0.8286875,0.00355547553078347,0.8536125,0.0032946215640039665,0.8536125,0.0032946215640039665,0.9136875,0.00223414553017478,0.9136875,0.00223414553017478,0.9256250000000001,0.0015742061491430949,0.9256250000000001,0.0015742061491430949,0.6627000000000001,0.004672793596982445,0.6627000000000001,0.004672793596982445,0.7097749999999999,0.003813135192987534,0.7097749999999999,0.003813135192987534,0.8016916666666667,0.003171991137720545,0.8016916666666667,0.003171991137720545,0.8296708333333334,0.0025549142462234324,0.8296708333333334,0.0025549142462234324,0.7807688857237698,0.003344043710309253,0.7807688857237698,0.003344043710309253,0.94255844546719,0.003265739992533694,0.94255844546719,0.003265739992533694,0.8773231076910244,0.0027279158114732675,0.8773231076910244,0.0027279158114732675,0.9795557746109653,0.0010428800955187326,0.9795557746109653,0.0010428800955187326,0.5995700218986653,0.005811778134696294,0.5995700218986653,0.005811778134696294,0.8481915682429344,0.003114587668452242,0.8481915682429344,0.003114587668452242,0.7525540051044864,0.003283197545305057,0.7525540051044864,0.003283197545305057,0.9234352627736968,0.002166956725549733,0.9234352627736968,0.002166956725549733,0.5041367205537547,0.004638599253083923,0.9076600413029228,0.004527862123526178,0.7474808318349851,0.0038557217981887494,0.8961494471722237,0.002804659298292072,0.8647286507462495,0.003551255777676764,0.9167769376216018,0.0024292847893314365,0.34817028807066913,0.006223783296004521,0.8795052155915835,0.003663240805264923,0.8895314181614349,0.0033431395344747043
E:\MSImaging-data\_msi_visual\Extractions\NRL4485-s2\5_bins\1.npy,superpixel,nmf_3d,10,5000.0,0.0,0.7707460286521781,0.0,63269.0,0.0,46.5,2.8722813232690143,-1.0,0.0,0.0,0.0,36.53588495994918,0.2337325559052417,0.4706562246338635,0.008658331549136195,0.7199758261860957,0.008473198564014834,0.7966600918240131,0.003520118918941554,0.7868040984285,0.002217609683053375,0.9038325314610555,0.0035515640907053856,0.9467563817911631,0.0008122599480868986,0.4255565380706692,0.005938935385708878,0.9081807011038288,0.002421618898170567,0.904801485426009,0.0027517147854418753,0.0,0.0,63269.0,0.0,64.0,0.0,0.2525076232003004,2.7300055733811054e-06,0.20608791816579924,3.366849096720903e-06,0.29963972611089146,6.10624404236305e-06,0.2508587400325382,1.2520410618142528e-06,0.6266261181826509,1.7304653337664123e-06,0.24551925017438453,1.2679517977343495e-06,0.605991142403276,3.6391994599080406e-06,0.21964504729749504,1.4234059644332074e-06,5.0,0.0,0.6353826030085024,1.1102230246251565e-16,0.2447103274559194,0.0,0.35333697035824685,5.551115123125783e-17,0.35333697035824685,5.551115123125783e-17,0.6532616561563114,0.0,0.2652812762384551,0.0,0.377332576956379,5.551115123125783e-17,0.377332576956379,5.551115123125783e-17,0.6399445859763019,1.6086258758292225e-06,0.44576789030720104,1.7619507236095072e-06,0.6345255885405467,4.253641347840364e-06,0.32087722345256403,2.6500633058065465e-06,0.6266261181826509,1.7304653337664123e-06,0.24551925017438453,1.2679517977343495e-06,0.6040426238024349,2.588240292626879e-06,0.15470223717461992,1.1771616894568984e-06,0.5525510284835503,7.987382936252012e-06,0.06265976065702525,1.246209624642934e-06,0.8191,0.0024327196714788255,0.8191,0.0024327196714788255,0.8773250000000001,0.002317191187623508,0.8773250000000001,0.002317191187623508,0.90825,0.0026339134382131926,0.90825,0.0026339134382131926,0.9298125,0.0018330728981685348,0.9298125,0.0018330728981685348,0.6537,0.003858513314736644,0.6537,0.003858513314736644,0.7830375,0.0034273942361508535,0.7830375,0.0034273942361508535,0.7936833333333333,0.0017160597632691187,0.7936833333333333,0.0017160597632691187,0.8633916666666666,0.0012378857423491038,0.8633916666666666,0.0012378857423491038,0.759830840294619,0.005213989256086052,0.759830840294619,0.005213989256086052,0.9512461096878623,0.0021852625960169163,0.9512461096878623,0.0021852625960169163,0.8637764715620462,0.004093313608020115,0.8637764715620462,0.004093313608020115,0.9826653792043649,0.0013041028241255362,0.9826653792043649,0.0013041028241255362,0.5707937128519373,0.005903028517650292,0.5707937128519373,0.005903028517650292,0.867632004842592,0.003957954659343624,0.867632004842592,0.003957954659343624,0.7314670082362007,0.004085186104200688,0.7314670082362007,0.004085186104200688,0.9338478312449399,0.0015129079659329636,0.9338478312449399,0.0015129079659329636,0.4706562246338635,0.008658331549136195,0.7199758261860957,0.008473198564014834,0.7966600918240131,0.003520118918941554,0.7868040984285,0.002217609683053375,0.9038325314610555,0.0035515640907053856,0.9467563817911631,0.0008122599480868986,0.4255565380706692,0.005938935385708878,0.9081807011038288,0.002421618898170567,0.904801485426009,0.0027517147854418753
E:\MSImaging-data\_msi_visual\Extractions\NRL4485-s2\5_bins\2.npy,random,parametric_mics_lmc__mics1,10,5000.0,0.0,0.7160697146845825,0.0,65655.0,0.0,46.5,2.8722813232690143,4.0,0.0,0.0,0.0,38.31083916001953,1.3391280914211228,0.6480441302467461,0.12604248621635594,0.6919771212213254,0.0510859636900035,0.7335822343184996,0.07884475261429513,0.7117206049683708,0.07009250480551693,0.8925210446528341,0.047055539731155956,0.9232901408524798,0.03363279491550807,0.41209528807066914,0.07267650514705991,0.8771995507071404,0.04250976492887317,0.8657189729216972,0.04496510409678255,0.0,0.0,65655.0,0.0,64.0,0.0,0.1852842820570697,0.06689938515731675,0.19436357407394503,0.061366424533814495,0.22349342505560554,0.07202322988970929,0.2807814497928177,0.014528388739936185,0.6801614874516682,0.04918006101192741,0.27597896359463325,0.04448150522384622,0.6868691658076603,0.0504374815590124,0.2558094541810353,0.04000326953489635,5.0,0.0,0.500748501410986,0.08363432017641803,0.15764540843854538,0.07322668964382292,0.22600986347835822,0.08993827554671222,0.22600986347835822,0.08993827554671222,0.4717589151918373,0.07842408625502342,0.3793136937520233,0.05323843291328053,0.4163481340467518,0.049988615561842954,0.4163481340467518,0.049988615561842954,0.6328701448865981,0.041734261472907194,0.42320025897523816,0.04268792579400547,0.6612648355286794,0.046943036094827854,0.3284644638828791,0.04473535426111964,0.6801614874516682,0.04918006101192741,0.27597896359463325,0.04448150522384622,0.702152031932584,0.05324627963651839,0.21479468386579423,0.042922015908590606,0.7259976618529612,0.0685199019598283,0.13406850442555746,0.037429312403823134,0.7741499999999999,0.03317429351169366,0.7741499999999999,0.03317429351169366,0.8457375,0.03512848959534127,0.8457375,0.03512848959534127,0.8776625000000001,0.03117731797717693,0.8776625000000001,0.03117731797717693,0.9221625,0.027028344497027557,0.9221625,0.027028344497027557,0.61105,0.02503324040151417,0.61105,0.02503324040151417,0.7198749999999999,0.03603262410649548,0.7198749999999999,0.03603262410649548,0.7542874999999999,0.027462414024039823,0.7542874999999999,0.027462414024039823,0.8292583333333333,0.03167827528449112,0.8292583333333333,0.03167827528449112,0.7084594656269226,0.044950542402383296,0.7084594656269226,0.044950542402383296,0.9295060417114678,0.015545285847360821,0.9295060417114678,0.015545285847360821,0.8311799283935402,0.04426476361062043,0.8311799283935402,0.04426476361062043,0.9723659232882825,0.009323168681433307,0.9723659232882825,0.009323168681433307,0.5292729572861613,0.03823661821925286,0.5292729572861613,0.03823661821925286,0.8369559651396928,0.02141725243011565,0.8369559651396928,0.02141725243011565,0.6896374504355414,0.03939440762713581,0.6896374504355414,0.03939440762713581,0.9129426433798142,0.014178733449272795,0.9129426433798142,0.014178733449272795,0.6480441302467461,0.12604248621635594,0.6919771212213254,0.0510859636900035,0.7335822343184996,0.07884475261429513,0.7117206049683708,0.07009250480551693,0.8925210446528341,0.047055539731155956,0.9232901408524798,0.03363279491550807,0.41209528807066914,0.07267650514705991,0.8771995507071404,0.04250976492887317,0.8657189729216972,0.04496510409678255
E:\MSImaging-data\_msi_visual\Extractions\NRL4485-s2\5_bins\2.npy,random,parametric_mics_lmc__mics2,10,5000.0,0.0,0.7160697146845825,0.0,65655.0,0.0,46.5,2.8722813232690143,4.0,0.0,0.0,0.0,794.0482032099972,14.421058152783884,0.1653876923659886,0.05188792852967771,0.4588647073230657,0.06497080745040033,0.4335272536388869,0.07397748043865178,0.5316511924749612,0.061808768862438995,0.9165345177880149,0.007972138225801968,0.9498332948632232,0.007979474013508897,0.46966403807066914,0.029077810113824338,0.8992617747499138,0.010498999704565706,0.8867893769403242,0.013461453393180712,0.0,0.0,65655.0,0.0,64.0,0.0,0.030322224075652167,0.08253197336079167,0.030683804612839777,0.06888210596088301,0.06656545157546127,0.09302157030581615,0.27944405532907346,0.012263040489051153,0.5151317409094216,0.05908473304266549,0.1778784006015368,0.02839047929584117,0.5100767897805227,0.05930432850642117,0.16797021754527086,0.02446205048388799,5.0,0.0,0.3476559287792525,0.05085010433914855,0.1878277759792813,0.04705438296818499,0.24130241071552244,0.050618608397058826,0.24130241071552244,0.050618608397058826,0.35616594912078886,0.05218658111067002,0.2658519477716629,0.04604608150255636,0.3024287598542187,0.04524216809689553,0.3024287598542187,0.04524216809689553,0.526446911019187,0.04912202943415793,0.3364066634391298,0.03417183489361182,0.5204146392925717,0.054558505664032794,0.23151423140419744,0.030841103674567737,0.5151317409094216,0.05908473304266549,0.1778784006015368,0.02839047929584117,0.5071730384642522,0.06430333937548424,0.12275388012307302,0.02382684866326148,0.49241723662915754,0.07255028361424488,0.06410821610053309,0.0160808103922238,0.7080875,0.0240045601136534,0.7080875,0.0240045601136534,0.760025,0.02827431475739068,0.760025,0.02827431475739068,0.79595,0.023813612178751897,0.79595,0.023813612178751897,0.8314,0.023558225739643487,0.8314,0.023558225739643487,0.5933124999999999,0.01883225706732998,0.5933124999999999,0.01883225706732998,0.6668875,0.025872611604745268,0.6668875,0.025872611604745268,0.6991166666666667,0.02146354952782352,0.6991166666666667,0.02146354952782352,0.7527708333333333,0.025151673583039685,0.7527708333333333,0.025151673583039685,0.537912883451512,0.03478445731267339,0.537912883451512,0.03478445731267339,0.9319558090506014,0.008487412980468362,0.9319558090506014,0.008487412980468362,0.652680788353645,0.03469672349463886,0.652680788353645,0.03469672349463886,0.966482684355803,0.006211182777090082,0.966482684355803,0.006211182777090082,0.41269587544036324,0.0311872512413402,0.41269587544036324,0.0311872512413402,0.8648603683468696,0.007042334494882244,0.8648603683468696,0.007042334494882244,0.53442984908184,0.03250727460714517,0.53442984908184,0.03250727460714517,0.9210996205844246,0.0068874410006764895,0.9210996205844246,0.0068874410006764895,0.1653876923659886,0.05188792852967771,0.4588647073230657,0.06497080745040033,0.4335272536388869,0.07397748043865178,0.5316511924749612,0.061808768862438995,0.9165345177880149,0.007972138225801968,0.9498332948632232,0.007979474013508897,0.46966403807066914,0.029077810113824338,0.8992617747499138,0.010498999704565706,0.8867893769403242,0.013461453393180712
E:\MSImaging-data\_msi_visual\Extractions\NRL4485-s2\5_bins\2.npy,random,parametric_mics_lmc__mics3,10,5000.0,0.0,0.7160697146845825,0.0,65655.0,0.0,46.5,2.8722813232690143,4.0,0.0,0.0,0.0,40.930891989986414,0.5879066822689387,0.2356177795124296,0.08235224617744172,0.36445756727963624,0.10231853532598241,0.3582863943704472,0.09861975857513781,0.41658684213892216,0.10161075970652414,0.8771465535140865,0.03387216762257603,0.9170846953547038,0.01366035169015303,0.40014153807066927,0.04152264851202443,0.8358728121766127,0.03486351385106174,0.8241526836840289,0.0345093392824102,0.0,0.0,65655.0,0.0,64.0,0.0,0.019783901703310767,0.07945704741954406,0.07593377490869486,0.0662679871448229,0.06091124510587209,0.10387987789408533,0.28134779314931935,0.007982089893396611,0.5091783229929299,0.056428722632662236,0.1840496965497447,0.02634448338599435,0.5124606427894288,0.06469676691670749,0.17689917233033475,0.025187497112865685,5.0,0.0,0.389104728264159,0.08596843630969833,0.13455810942052446,0.07434175945011087,0.18107560020129687,0.08480859112694653,0.18107560020129687,0.08480859112694653,0.3234929911969747,0.05702505288839647,0.3019693536203734,0.05454080303313983,0.31178258321189184,0.054024517125966606,0.31178258321189184,0.054024517125966606,0.5098842229457291,0.043956902211694314,0.33073479259235056,0.031780995893602254,0.5079933476135495,0.05053407454053325,0.23187545186041952,0.02886051092491366,0.5091783229929299,0.056428722632662236,0.1840496965497447,0.02634448338599435,0.5117800784947875,0.06858969328104593,0.13588056929068207,0.02446130275151938,0.5202659034737562,0.0961933396918816,0.085480382176266,0.02148961686602244,0.6881625,0.018863825334486096,0.6881625,0.018863825334486096,0.744375,0.022113273728690645,0.744375,0.022113273728690645,0.7764875000000001,0.020230272026099894,0.7764875000000001,0.020230272026099894,0.8197875,0.020933006980603623,0.8197875,0.020933006980603623,0.5764875,0.011492042083546325,0.5764875,0.011492042083546325,0.6476124999999999,0.01666128090063905,0.6476124999999999,0.01666128090063905,0.6803791666666668,0.016174723615189755,0.6803791666666668,0.016174723615189755,0.7372583333333333,0.01979598900170323,0.7372583333333333,0.01979598900170323,0.5130945328368817,0.038280024312209615,0.5130945328368817,0.038280024312209615,0.9241313052975902,0.005049931183268823,0.9241313052975902,0.005049931183268823,0.6246545905898434,0.04126220833458268,0.6246545905898434,0.04126220833458268,0.9617103713351763,0.0028637866351411655,0.9617103713351763,0.0028637866351411655,0.39083331552043393,0.026674032099034562,0.39083331552043393,0.026674032099034562,0.8543427750725037,0.005125033628525662,0.8543427750725037,0.005125033628525662,0.509527479649053,0.035133778069536,0.509527479649053,0.035133778069536,0.9133948172350902,0.0038234046722396605,0.9133948172350902,0.0038234046722396605,0.2356177795124296,0.08235224617744172,0.36445756727963624,0.10231853532598241,0.3582863943704472,0.09861975857513781,0.41658684213892216,0.10161075970652414,0.8771465535140865,0.03387216762257603,0.9170846953547038,0.01366035169015303,0.40014153807066927,0.04152264851202443,0.8358728121766127,0.03486351385106174,0.8241526836840289,0.0345093392824102
E:\MSImaging-data\_msi_visual\Extractions\NRL4485-s2\5_bins\2.npy,random,parametric_umap,10,5000.0,0.0,0.7160697146845825,0.0,65655.0,0.0,46.5,2.8722813232690143,4.0,0.0,0.0,0.0,35.72263144999742,0.42153861673081466,0.6203106728824541,0.05332660913498953,0.7627587422226195,0.05627965654554111,0.7949284692395736,0.05374896366931345,0.7930375278959056,0.04411678837278015,0.9326339728504086,0.02371772382737425,0.9572918491786371,0.011520269442601072,0.5069709130706691,0.06384379076112257,0.937745201793722,0.028392018327353802,0.9248489949120385,0.029964739369559484,0.0,0.0,65655.0,0.0,64.0,0.0,0.13101101837645435,0.07618174164560321,0.10639274936790047,0.040294323359156003,0.1188350867281249,0.11187423735599689,0.27325358029803243,0.010573405163791275,0.5958891748832086,0.062493524457798544,0.22287129779286233,0.02936548116753513,0.5898661382229892,0.06191781890666077,0.20716015020982112,0.0252328605724933,5.0,0.0,0.4212177341328447,0.046774102315667754,0.15232006042948093,0.05133729996188445,0.22017648036327464,0.06093057636960003,0.22017648036327464,0.06093057636960003,0.41978699697539723,0.06387098418446294,0.2766159490665803,0.038315419585159084,0.3308439998608781,0.038651961683606455,0.3308439998608781,0.038651961683606455,0.5951549826536372,0.05110213381367948,0.39060392274871414,0.03242687445003962,0.5980976536992033,0.05773347452083974,0.28309029475105907,0.030803540627830223,0.5958891748832086,0.062493524457798544,0.22287129779286233,0.02936548116753513,0.5909096821205814,0.06961343454631778,0.15825651478369446,0.02727044725497498,0.5753989712203819,0.08091875411592658,0.08503039898097406,0.02014428148824531,0.7946875,0.02534211230836926,0.7946875,0.02534211230836926,0.8744249999999999,0.027827324700732552,0.8744249999999999,0.027827324700732552,0.9055,0.026255535130711,0.9055,0.026255535130711,0.943725,0.025887364195684336,0.943725,0.025887364195684336,0.6162249999999999,0.029220647665649035,0.6162249999999999,0.029220647665649035,0.7419374999999999,0.0397371932985962,0.7419374999999999,0.0397371932985962,0.7721375,0.0228875804052232,0.7721375,0.0228875804052232,0.8533625,0.026543688109835487,0.8533625,0.026543688109835487,0.7374007203114209,0.03974981256878619,0.7374007203114209,0.03974981256878619,0.9466018965367674,0.008330205385592145,0.9466018965367674,0.008330205385592145,0.8722732303358732,0.04013691674102559,0.8722732303358732,0.04013691674102559,0.9818320668969719,0.006366959706633826,0.9818320668969719,0.006366959706633826,0.5328968807278974,0.04955739376803902,0.5328968807278974,0.04955739376803902,0.8591410436149391,0.009322086597041208,0.8591410436149391,0.009322086597041208,0.7141902771250639,0.03733228436906906,0.7141902771250639,0.03733228436906906,0.9291916690162262,0.007368353034705567,0.9291916690162262,0.007368353034705567,0.6203106728824541,0.05332660913498953,0.7627587422226195,0.05627965654554111,0.7949284692395736,0.05374896366931345,0.7930375278959056,0.04411678837278015,0.9326339728504086,0.02371772382737425,0.9572918491786371,0.011520269442601072,0.5069709130706691,0.06384379076112257,0.937745201793722,0.028392018327353802,0.9248489949120385,0.029964739369559484
E:\MSImaging-data\_msi_visual\Extractions\NRL4485-s2\5_bins\2.npy,random,pca,10,5000.0,0.0,0.7160697146845825,0.0,65655.0,0.0,46.5,2.8722813232690143,-1.0,0.0,0.0,0.0,4.479196440032683,0.029968204834199295,0.7148906019197314,0.004746461780359693,0.852350967523601,0.0022288574401068974,0.8915369112861043,0.00252686419854167,0.8626078475092769,0.002730181299976404,0.940669155298363,0.0012742593057139331,0.9590904645681402,0.0007286249333498443,0.5197334130706692,0.0038038869922751442,0.9501310201793721,0.0009222233561058659,0.9444132989824077,0.0009481943264165607,0.0,0.0,65655.0,0.0,64.0,0.0,0.1463600424269909,1.5236057182890865e-05,0.08989347008869233,4.09806753700144e-06,0.28180055488001754,7.66090947385058e-06,0.2880144918196924,3.70620267959079e-06,0.6160581693218897,7.651001934993129e-06,0.22854110424708995,3.109632017475358e-06,0.6054607562193126,2.222466044023676e-06,0.20749022153431698,6.664834775723452e-07,5.0,0.0,0.44640883977900553,0.0,0.15258443940865438,0.0,0.22743174232980828,5.551115123125783e-17,0.22743174232980828,5.551115123125783e-17,0.4643642072213501,0.0,0.3191971511816122,0.0,0.3783334399181429,0.0,0.3783334399181429,0.0,0.6042870090359305,1.050602275770441e-05,0.39361875567224053,4.511637339861469e-06,0.6141365834981996,1.4267802408303509e-05,0.2891456453793597,5.3070387066163145e-06,0.6160581693218897,7.651001934993129e-06,0.22854110424708995,3.109632017475358e-06,0.6113129936979426,2.7128411800647662e-06,0.15873591407586324,1.225050327457539e-06,0.5862094136565064,2.1968225558365133e-06,0.07543401465670929,5.876330798374343e-07,0.8656874999999999,0.0035219179788859266,0.8656874999999999,0.0035219179788859266,0.9246500000000001,0.0022282279955157204,0.9246500000000001,0.0022282279955157204,0.9482250000000001,0.0022035482749420566,0.9482250000000001,0.0022035482749420566,0.9694750000000001,0.0018922539470166172,0.9694750000000001,0.0018922539470166172,0.6666125,0.003042639684550239,0.6666125,0.003042639684550239,0.820725,0.0034784155875915673,0.820725,0.0034784155875915673,0.8268416666666667,0.0025927784324928137,0.8268416666666667,0.0025927784324928137,0.90495,0.0022159303288285435,0.90495,0.0022159303288285435,0.8502774509541018,0.004987687080261738,0.8502774509541018,0.004987687080261738,0.9582426760922351,0.0017003648404898624,0.9582426760922351,0.0017003648404898624,0.9399294648357938,0.002200387660538226,0.9399294648357938,0.002200387660538226,0.9872045804141836,0.0012886215723548465,0.9872045804141836,0.0012886215723548465,0.6102460550972494,0.005405713889074117,0.6102460550972494,0.005405713889074117,0.8814264154761886,0.002322703056272216,0.8814264154761886,0.002322703056272216,0.8001509902957149,0.0034800297966485557,0.8001509902957149,0.0034800297966485557,0.9422912239942025,0.0014745470048921766,0.9422912239942025,0.0014745470048921766,0.7148906019197314,0.004746461780359693,0.852350967523601,0.0022288574401068974,0.8915369112861043,0.00252686419854167,0.8626078475092769,0.002730181299976404,0.940669155298363,0.0012742593057139331,0.9590904645681402,0.0007286249333498443,0.5197334130706692,0.0038038869922751442,0.9501310201793721,0.0009222233561058659,0.9444132989824077,0.0009481943264165607
E:\MSImaging-data\_msi_visual\Extractions\NRL4485-s2\5_bins\2.npy,random,top3,10,5000.0,0.0,0.7160697146845825,0.0,65655.0,0.0,46.5,2.8722813232690143,-1.0,0.0,0.0,0.0,0.7758318000705913,0.0354631032977142,0.520530525071702,0.012131217811549052,0.8795380606317892,0.0021902305832661845,0.6938360691039275,0.007774094215696331,0.8529344742303266,0.004010820076994526,0.8595271217133934,0.004047888608906967,0.9239273941940098,0.0014790148231605584,0.3457977880706692,0.005201076698927355,0.8707127104173853,0.003945246135378562,0.8726567087788892,0.0038048473148119054,0.0,0.0,65655.0,0.0,64.0,0.0,0.004496324261803179,0.0,-0.008538756065284482,0.0,0.05984798651509386,1.3877787807814457e-17,0.2888078554567376,5.551115123125783e-17,0.4879477361136715,0.0,0.1665222140861522,0.0,0.47529494273878103,5.551115123125783e-17,0.15749695912349287,2.7755575615628914e-17,5.0,0.0,0.3464701850582591,0.0,0.16364519261897054,0.0,0.22229551451187338,0.0,0.22229551451187338,0.0,0.35343539955190445,5.551115123125783e-17,0.3064098413726125,0.0,0.3282469221432288,5.551115123125783e-17,0.3282469221432288,5.551115123125783e-17,0.5111551934652583,0.0,0.3242842768715013,0.0,0.49991178244319523,1.1102230246251565e-16,0.22092393931949506,0.0,0.4879477361136715,0.0,0.1665222140861522,0.0,0.46992086471293887,0.0,0.11253600015697832,2.7755575615628914e-17,0.4330623219307757,0.0,0.05509095029289986,0.0,0.8159000000000001,0.0040120132103471295,0.8159000000000001,0.0040120132103471295,0.8451000000000001,0.004123029832538217,0.8451000000000001,0.004123029832538217,0.896175,0.0033429964104078782,0.896175,0.0033429964104078782,0.9127374999999999,0.0033346898281549535,0.9127374999999999,0.0033346898281549535,0.667075,0.003244321963061007,0.667075,0.003244321963061007,0.716075,0.004300508690841119,0.716075,0.004300508690841119,0.79305,0.0028535917912538068,0.79305,0.0028535917912538068,0.8246375,0.003263968379646656,0.8246375,0.003263968379646656,0.7677146968823222,0.0048140782600329685,0.7677146968823222,0.0048140782600329685,0.9388151332153336,0.00307429446043666,0.9388151332153336,0.00307429446043666,0.8554781320965137,0.005881916003296843,0.8554781320965137,0.005881916003296843,0.9759113164503427,0.0014810940697173713,0.9759113164503427,0.0014810940697173713,0.6037370041058521,0.005465335546154455,0.6037370041058521,0.005465335546154455,0.8539127258362672,0.0033755076358912336,0.8539127258362672,0.0033755076358912336,0.7423099443615625,0.004355051337169766,0.7423099443615625,0.004355051337169766,0.9228797251673146,0.001785598488214818,0.9228797251673146,0.001785598488214818,0.520530525071702,0.012131217811549052,0.8795380606317892,0.0021902305832661845,0.6938360691039275,0.007774094215696331,0.8529344742303266,0.004010820076994526,0.8595271217133934,0.004047888608906967,0.9239273941940098,0.0014790148231605584,0.3457977880706692,0.005201076698927355,0.8707127104173853,0.003945246135378562,0.8726567087788892,0.0038048473148119054
E:\MSImaging-data\_msi_visual\Extractions\NRL4485-s2\5_bins\2.npy,random,nmf_3d,10,5000.0,0.0,0.7160697146845825,0.0,65655.0,0.0,46.5,2.8722813232690143,-1.0,0.0,0.0,0.0,41.663902150047946,0.17600767730353645,0.3731919632452124,0.01046541393887472,0.6391270848858069,0.004843937083854859,0.6753809575533692,0.006450649407400318,0.6953284115816549,0.0042122880038959875,0.9003763279730286,0.0012805978758672763,0.9453699229480754,0.0006786052230563861,0.42701091307066913,0.0028339887415972562,0.8974988358054503,0.0022995574947538913,0.8918689686098654,0.0020593618936385867,0.0,0.0,65655.0,0.0,64.0,0.0,0.04667082862705966,8.51210439556998e-06,0.037987651525153536,2.6757726868873137e-06,0.14225411606794075,1.1811913543361415e-05,0.27430090843498856,5.206977825374533e-06,0.4970625122829623,1.6253816680681458e-06,0.17599910754604553,7.583050217990953e-07,0.48295503439825405,1.758134652612562e-06,0.16580376048156892,7.116747758836691e-07,5.0,0.0,0.40808314087759817,0.0,0.1906765943671091,0.0,0.25991027432521874,5.551115123125783e-17,0.25991027432521874,5.551115123125783e-17,0.41464422219307123,1.2234280130796193e-05,0.30328045753749866,0.0,0.3503250214005108,4.366672334765731e-06,0.3503250214005108,4.366672334765731e-06,0.5351735158688554,4.003382677318946e-06,0.35416441938831605,2.0400585869009835e-06,0.5166883793094362,2.4903793961557335e-06,0.2397329868632708,1.1204928282241818e-06,0.4970625122829623,1.6253816680681458e-06,0.17599910754604553,7.583050217990953e-07,0.4668969630508323,2.056954508665013e-06,0.11187852497564037,4.975404376769615e-07,0.4338004508591499,1.9380869154212843e-06,0.0513460039797655,1.3604235313014566e-07,0.7711999999999999,0.001680029761641135,0.7711999999999999,0.001680029761641135,0.848325,0.0029570889401571996,0.848325,0.0029570889401571996,0.8544875,0.0033351583545613156,0.8544875,0.0033351583545613156,0.8949125,0.0030685145021655128,0.8949125,0.0030685145021655128,0.6538125000000001,0.0034087433534955624,0.6538125000000001,0.0034087433534955624,0.77135,0.0027775888824662395,0.77135,0.0027775888824662395,0.7598333333333335,0.0013320306135954987,0.7598333333333335,0.0013320306135954987,0.8381958333333334,0.0024047876147847754,0.8381958333333334,0.0024047876147847754,0.6645752435802134,0.003471445543000048,0.6645752435802134,0.003471445543000048,0.9458064069990284,0.0016965978463157694,0.9458064069990284,0.0016965978463157694,0.7732225053815165,0.005903701114228279,0.7732225053815165,0.005903701114228279,0.9743459824900332,0.0009921587731729204,0.9743459824900332,0.0009921587731729204,0.5227559140238469,0.003825631065271125,0.5227559140238469,0.003825631065271125,0.8852107470698014,0.0034336130825501658,0.8852107470698014,0.0034336130825501658,0.6535178876618589,0.0033245773307158015,0.6535178876618589,0.0033245773307158015,0.9351210455196209,0.001432276278699745,0.9351210455196209,0.001432276278699745,0.3731919632452124,0.01046541393887472,0.6391270848858069,0.004843937083854859,0.6753809575533692,0.006450649407400318,0.6953284115816549,0.0042122880038959875,0.9003763279730286,0.0012805978758672763,0.9453699229480754,0.0006786052230563861,0.42701091307066913,0.0028339887415972562,0.8974988358054503,0.0022995574947538913,0.8918689686098654,0.0020593618936385867
E:\MSImaging-data\_msi_visual\Extractions\NRL4485-s2\5_bins\2.npy,superpixel,parametric_mics_lmc__mics1,10,5000.0,0.0,0.7160697146845825,0.0,65655.0,0.0,46.5,2.8722813232690143,4.0,0.0,0.0,0.0,56.67282833002973,0.5662500086331563,0.528026811538051,0.12331676568149799,0.7186052472161889,0.06438280347323722,0.6945793134406006,0.06467475146610975,0.7612323302481907,0.05722863144459955,0.9293244989856756,0.027498421060296388,0.9530290553076558,0.01300681224995956,0.49059716307066914,0.05332406233059798,0.9212322926008968,0.027705395310585017,0.9126715440669196,0.024650315354688083,0.0,0.0,65655.0,0.0,64.0,0.0,0.1202637525992241,0.0954153275515374,0.10924905828198743,0.11784659694688884,0.17555410130291121,0.08724990418192226,0.2813198238754718,0.015527307689492764,0.6194994819582381,0.06758660486529061,0.2317256883226177,0.06531663768225043,0.6227921885529097,0.06456396384483104,0.21474352847486528,0.056855129725383466,5.0,0.0,0.4157099146183912,0.12310253286156397,0.15239020179130244,0.05833682452694204,0.21869259670482483,0.07226673680643497,0.21869259670482483,0.07226673680643497,0.4330969750175428,0.07036158829492362,0.30680371209668716,0.06105740912630393,0.353945372719639,0.055180473702693016,0.353945372719639,0.055180473702693016,0.5892655452548338,0.05918665796476766,0.3816451514777843,0.06693726260603358,0.6068527723778361,0.06516191955578059,0.28400420884892,0.06843156918389642,0.6194994819582381,0.06758660486529061,0.2317256883226177,0.06531663768225043,0.6343444390021594,0.06838002874935423,0.17277403624315604,0.05708053067260868,0.6445660824242248,0.06710110629212972,0.09908374731902937,0.039245729145452816,0.7707875000000001,0.02949936704829444,0.7707875000000001,0.02949936704829444,0.8257499999999999,0.03041617579512584,0.8257499999999999,0.03041617579512584,0.87295,0.024139904722264332,0.87295,0.024139904722264332,0.9033999999999999,0.02028683378450172,0.9033999999999999,0.02028683378450172,0.6157125,0.02348317549331861,0.6157125,0.02348317549331861,0.7049874999999999,0.03570580528779601,0.7049874999999999,0.03570580528779601,0.75315,0.02538807955189466,0.75315,0.02538807955189466,0.8113791666666668,0.028413052372789693,0.8113791666666668,0.028413052372789693,0.6913844812705365,0.04661130719064019,0.6913844812705365,0.04661130719064019,0.9329696266346964,0.010771192256055113,0.9329696266346964,0.010771192256055113,0.8183041592796693,0.039204255203218276,0.8183041592796693,0.039204255203218276,0.9712415873912971,0.006141990178899174,0.9712415873912971,0.006141990178899174,0.512917499592284,0.043672284990858214,0.512917499592284,0.043672284990858214,0.8512636143903596,0.010897332555130453,0.8512636143903596,0.010897332555130453,0.6742020467141632,0.0428520883144682,0.6742020467141632,0.0428520883144682,0.9184916094721176,0.00848848144616389,0.9184916094721176,0.00848848144616389,0.528026811538051,0.12331676568149799,0.7186052472161889,0.06438280347323722,0.6945793134406006,0.06467475146610975,0.7612323302481907,0.05722863144459955,0.9293244989856756,0.027498421060296388,0.9530290553076558,0.01300681224995956,0.49059716307066914,0.05332406233059798,0.9212322926008968,0.027705395310585017,0.9126715440669196,0.024650315354688083
E:\MSImaging-data\_msi_visual\Extractions\NRL4485-s2\5_bins\2.npy,superpixel,parametric_mics_lmc__mics2,10,5000.0,0.0,0.7160697146845825,0.0,65655.0,0.0,46.5,2.8722813232690143,4.0,0.0,0.0,0.0,1080.1745747900568,7.698176539747535,0.21877096090227913,0.045177439753688826,0.5225511076642967,0.08842728155825993,0.43417088208380256,0.05252252074348753,0.5708415251746516,0.07692907231571189,0.9129099080551049,0.02171926547950323,0.9482410738640258,0.011084463745610071,0.46155841307066925,0.046371037667654144,0.8905259498965161,0.029380370588698034,0.878521083994481,0.031408734037791916,0.0,0.0,65655.0,0.0,64.0,0.0,0.028181148437493253,0.1199014581615644,0.047840652716829905,0.09630107117816641,0.015740831196972015,0.11133715392599249,0.2823676836930492,0.015784486610383897,0.5283613274890149,0.0816103323117632,0.18139644642836766,0.040843233170202276,0.5352525936623798,0.08143848143990777,0.17252129574056216,0.037158814486853035,5.0,0.0,0.3318521374385762,0.08273501029168341,0.1735243336570627,0.032687551193219776,0.22430510597456205,0.040559082385215585,0.22430510597456205,0.040559082385215585,0.3136520985620546,0.07770338235337855,0.27236969893169305,0.05187966836996787,0.29007301542537667,0.06075337841991977,0.29007301542537667,0.06075337841991977,0.5193155699817905,0.07436411412948564,0.33092974599171976,0.05043670864803666,0.522884303011357,0.07935910449393556,0.2310119683085909,0.04524493629047363,0.5283613274890149,0.0816103323117632,0.18139644642836766,0.040843233170202276,0.5376958267008976,0.08370146814230658,0.13036881556071586,0.03459621190901984,0.5560002597778367,0.09578587336886395,0.07576455502824139,0.02700341969963611,0.7036625000000001,0.022156689875746333,0.7036625000000001,0.022156689875746333,0.752475,0.0224324541680129,0.752475,0.0224324541680129,0.7947500000000001,0.02099657710199453,0.7947500000000001,0.02099657710199453,0.8282124999999999,0.018066720960096774,0.8282124999999999,0.018066720960096774,0.5863375,0.018982561899016683,0.5863375,0.018982561899016683,0.6538625,0.021413156732485752,0.6538625,0.021413156732485752,0.6949166666666667,0.019547751362582175,0.6949166666666667,0.019547751362582175,0.7448499999999999,0.01976350803880731,0.7448499999999999,0.01976350803880731,0.5492138404748976,0.03754729878576781,0.5492138404748976,0.03754729878576781,0.9254390632356897,0.008211344189801805,0.9254390632356897,0.008211344189801805,0.666684141359768,0.03697688187359628,0.666684141359768,0.03697688187359628,0.9626786798640982,0.00565604753044202,0.9626786798640982,0.00565604753044202,0.41878485997556136,0.03245634189217401,0.41878485997556136,0.03245634189217401,0.8540925021828525,0.01276420841107385,0.8540925021828525,0.01276420841107385,0.5448942806034089,0.034597432131980084,0.5448942806034089,0.034597432131980084,0.9140700817608802,0.007971036459098562,0.9140700817608802,0.007971036459098562,0.21877096090227913,0.045177439753688826,0.5225511076642967,0.08842728155825993,0.43417088208380256,0.05252252074348753,0.5708415251746516,0.07692907231571189,0.9129099080551049,0.02171926547950323,0.9482410738640258,0.011084463745610071,0.46155841307066925,0.046371037667654144,0.8905259498965161,0.029380370588698034,0.878521083994481,0.031408734037791916
E:\MSImaging-data\_msi_visual\Extractions\NRL4485-s2\5_bins\2.npy,superpixel,parametric_mics_lmc__mics3,10,5000.0,0.0,0.7160697146845825,0.0,65655.0,0.0,46.5,2.8722813232690143,4.0,0.0,0.0,0.0,60.48767037000507,0.30317120387639057,0.22009979374709795,0.0663375506293613,0.42826338056339763,0.07225385050337611,0.4103751700044763,0.054894696443038474,0.49499334749363877,0.06652737304358551,0.9072166202732935,0.023753112499681234,0.9405246882692244,0.00736275074618454,0.4450377880706692,0.030594990149788025,0.8717436426353915,0.029024887103565402,0.861918747412901,0.02946241456518364,0.0,0.0,65655.0,0.0,64.0,0.0,0.05278435015064011,0.07536051220511737,0.09020354806307929,0.0762654127681644,0.0826619103828963,0.06466893595698871,0.2842270771501634,0.009576638962943545,0.5518139769931769,0.05952869952541911,0.20134657812170964,0.037716171056700026,0.5548991857991761,0.06253523212057797,0.1902398345461521,0.034383358070592326,5.0,0.0,0.40340878584387596,0.09731585940136991,0.15159166936441137,0.06118703902473625,0.20789138888507241,0.06442433734925951,0.20789138888507241,0.06442433734925951,0.3476579533223436,0.051621351219484045,0.2897269882378332,0.041548637046879375,0.3112279037740499,0.027513494627931675,0.3112279037740499,0.027513494627931675,0.5378591179344571,0.04739168861809147,0.3514511333743211,0.04039371660708354,0.5458730372510685,0.054943652903942854,0.25239425392159165,0.04049857856965644,0.5518139769931769,0.05952869952541911,0.20134657812170964,0.037716171056700026,0.5601653868212768,0.06710698187571201,0.14770671957441356,0.03393159616479856,0.5682950958921775,0.07992015260865543,0.08791832326380726,0.027316270562363916,0.6918124999999999,0.012888857833415666,0.6918124999999999,0.012888857833415666,0.747825,0.015061664914610218,0.747825,0.015061664914610218,0.7862750000000001,0.018089085106770895,0.7862750000000001,0.018089085106770895,0.829775,0.016675187405243767,0.829775,0.016675187405243767,0.5734125,0.008717269139472541,0.5734125,0.008717269139472541,0.6448,0.013874121593816319,0.6448,0.013874121593816319,0.6838333333333334,0.010504744298543322,0.6838333333333334,0.010504744298543322,0.7408,0.013985133475706743,0.7408,0.013985133475706743,0.5218515599395267,0.027159336730734708,0.5218515599395267,0.027159336730734708,0.9256265500331848,0.006953801390481139,0.9256265500331848,0.006953801390481139,0.6447273947566952,0.03299476807494355,0.6447273947566952,0.03299476807494355,0.9641948746717812,0.004794607813864636,0.9641948746717812,0.004794607813864636,0.39049482955750536,0.017129880203562927,0.39049482955750536,0.017129880203562927,0.8510584744820621,0.009510525210394704,0.8510584744820621,0.009510525210394704,0.5190245947512425,0.024894638050423502,0.5190245947512425,0.024894638050423502,0.9136266330623428,0.0055302115306269375,0.9136266330623428,0.0055302115306269375,0.22009979374709795,0.0663375506293613,0.42826338056339763,0.07225385050337611,0.4103751700044763,0.054894696443038474,0.49499334749363877,0.06652737304358551,0.9072166202732935,0.023753112499681234,0.9405246882692244,0.00736275074618454,0.4450377880706692,0.030594990149788025,0.8717436426353915,0.029024887103565402,0.861918747412901,0.02946241456518364
E:\MSImaging-data\_msi_visual\Extractions\NRL4485-s2\5_bins\2.npy,superpixel,parametric_umap,10,5000.0,0.0,0.7160697146845825,0.0,65655.0,0.0,46.5,2.8722813232690143,4.0,0.0,0.0,0.0,43.17984469002113,0.3637767194272399,0.626817872795452,0.05155058046470526,0.8010084505511077,0.038382174376194955,0.7726466160921448,0.08164970133770798,0.8165244887311085,0.04459660833840538,0.9313313481251401,0.027885420708860156,0.9531992710404411,0.013364407329434093,0.48733028807066925,0.07214385874818541,0.9326774909451535,0.03382237482994452,0.9213179514487754,0.027768925863971845,0.0,0.0,65655.0,0.0,64.0,0.0,0.09938200732558854,0.05292625535614906,0.08430282498429456,0.04322410341705491,0.08984963814406143,0.09044610298783083,0.272869024316802,0.008792234962876996,0.5944348868902399,0.044699499574751216,0.22219535513478714,0.03166814568415832,0.5880028897806288,0.043638272036724,0.20594166004998296,0.02776087160890777,5.0,0.0,0.41643520308830506,0.06594697301056349,0.10479119456134671,0.058445009792163306,0.15787871665444916,0.0654525310922918,0.15787871665444916,0.0654525310922918,0.4090201551878702,0.06299792133383593,0.2410165101974749,0.0674924480612154,0.2961055256154469,0.06001489744221943,0.2961055256154469,0.06001489744221943,0.5829978142597239,0.03500867854396745,0.37660605515648315,0.027275966824509258,0.5908702189956951,0.040584973620328965,0.27599284335354074,0.030357617824651947,0.5944348868902399,0.044699499574751216,0.22219535513478714,0.03166814568415832,0.5954138635830254,0.050295652837306144,0.16290523827726947,0.03076427535728636,0.5768864239811443,0.06097441972153474,0.08921910716429285,0.024346128782970385,0.8102375,0.035102014276249156,0.8102375,0.035102014276249156,0.8684499999999999,0.04895716239734488,0.8684499999999999,0.04895716239734488,0.9127124999999999,0.0334725657255311,0.9127124999999999,0.0334725657255311,0.9391625000000001,0.03489551591895438,0.9391625000000001,0.03489551591895438,0.625425,0.02936075186366997,0.625425,0.02936075186366997,0.7308250000000001,0.049799102652557894,0.7308250000000001,0.049799102652557894,0.7827916666666666,0.026372031165190445,0.7827916666666666,0.026372031165190445,0.8461458333333333,0.04039977847333376,0.8461458333333333,0.04039977847333376,0.7610077918169147,0.049541237032511495,0.7610077918169147,0.049541237032511495,0.9471894842090975,0.016300159376289754,0.9471894842090975,0.016300159376289754,0.8837636744341063,0.04829156681841416,0.8837636744341063,0.04829156681841416,0.9815130368463099,0.009220954819866144,0.9815130368463099,0.009220954819866144,0.5473951296351732,0.05077166199242991,0.5473951296351732,0.05077166199242991,0.860718930895817,0.019146722916165593,0.860718930895817,0.019146722916165593,0.7307221986287312,0.04006335936025358,0.7307221986287312,0.04006335936025358,0.929807150650408,0.014198354692698248,0.929807150650408,0.014198354692698248,0.626817872795452,0.05155058046470526,0.8010084505511077,0.038382174376194955,0.7726466160921448,0.08164970133770798,0.8165244887311085,0.04459660833840538,0.9313313481251401,0.027885420708860156,0.9531992710404411,0.013364407329434093,0.48733028807066925,0.07214385874818541,0.9326774909451535,0.03382237482994452,0.9213179514487754,0.027768925863971845
E:\MSImaging-data\_msi_visual\Extractions\NRL4485-s2\5_bins\2.npy,superpixel,pca,10,5000.0,0.0,0.7160697146845825,0.0,65655.0,0.0,46.5,2.8722813232690143,-1.0,0.0,0.0,0.0,4.501288450066932,0.04816384824642069,0.7148906995639074,0.004746474117134538,0.8523511808237598,0.0022287774403492167,0.8915371144152999,0.0025271527393770023,0.8626081947871151,0.002730302473186734,0.9406689409330655,0.0012743598947583437,0.9590903702205843,0.0007285951016833531,0.5197346630706692,0.0038024352805143143,0.9501308593480509,0.0009220075672243306,0.9444136137461193,0.0009476076993933005,0.0,0.0,65655.0,0.0,64.0,0.0,0.14634346935063355,5.164010120278728e-06,0.08988885197800664,1.609013409740589e-06,0.28179436486553067,5.9572094709323175e-06,0.288011203489748,2.1270069001479218e-06,0.6160677651743564,2.1809518596427675e-06,0.22854481861973203,6.103103420780703e-07,0.6054593130513576,1.9422571879598648e-06,0.2074896127265279,4.466249355739803e-07,5.0,0.0,0.44640883977900553,0.0,0.15258443940865438,0.0,0.22743174232980828,5.551115123125783e-17,0.22743174232980828,5.551115123125783e-17,0.4643642072213501,0.0,0.3191971511816122,0.0,0.3783334399181429,0.0,0.3783334399181429,0.0,0.6042758763984933,3.0479021520076934e-06,0.39361374805273325,1.1843189490752924e-06,0.6141197036603453,1.4422277188193234e-06,0.289139139200168,5.655026778438793e-07,0.6160677651743564,2.1809518596427675e-06,0.22854481861973203,6.103103420780703e-07,0.6113159137060562,1.9983627242237494e-06,0.15873733768897375,3.1613024330425836e-07,0.5862114247200318,2.9759271540804984e-06,0.0754346911416067,1.7542057305361285e-07,0.8656874999999999,0.0035219179788859266,0.8656874999999999,0.0035219179788859266,0.9246500000000001,0.0022282279955157204,0.9246500000000001,0.0022282279955157204,0.9482250000000001,0.0022035482749420566,0.9482250000000001,0.0022035482749420566,0.9694750000000001,0.0018922539470166172,0.9694750000000001,0.0018922539470166172,0.6666125,0.003059028644847905,0.6666125,0.003059028644847905,0.8207375000000001,0.0034845417560993588,0.8207375000000001,0.0034845417560993588,0.8268416666666667,0.0025977287087847155,0.8268416666666667,0.0025977287087847155,0.9049541666666666,0.0022148057665026285,0.9049541666666666,0.0022148057665026285,0.8502774509541018,0.004987687080261738,0.8502774509541018,0.004987687080261738,0.9582426760922351,0.0017003648404898624,0.9582426760922351,0.0017003648404898624,0.9399294648357938,0.002200387660538226,0.9399294648357938,0.002200387660538226,0.9872045804141836,0.0012886215723548465,0.9872045804141836,0.0012886215723548465,0.6102430169824201,0.005410873360393064,0.6102430169824201,0.005410873360393064,0.8814499557424783,0.002349365646085411,0.8814499557424783,0.002349365646085411,0.8001499775907718,0.003481984418360272,0.8001499775907718,0.003481984418360272,0.9422990707496324,0.0014778294224013842,0.9422990707496324,0.0014778294224013842,0.7148906995639074,0.004746474117134538,0.8523511808237598,0.0022287774403492167,0.8915371144152999,0.0025271527393770023,0.8626081947871151,0.002730302473186734,0.9406689409330655,0.0012743598947583437,0.9590903702205843,0.0007285951016833531,0.5197346630706692,0.0038024352805143143,0.9501308593480509,0.0009220075672243306,0.9444136137461193,0.0009476076993933005
E:\MSImaging-data\_msi_visual\Extractions\NRL4485-s2\5_bins\2.npy,superpixel,top3,10,5000.0,0.0,0.7160697146845825,0.0,65655.0,0.0,46.5,2.8722813232690143,-1.0,0.0,0.0,0.0,0.7591380599886179,0.015761648912248634,0.520530525071702,0.012131217811549052,0.8795380606317892,0.0021902305832661845,0.6938360691039275,0.007774094215696331,0.8529344742303266,0.004010820076994526,0.8595271217133934,0.004047888608906967,0.9239273941940098,0.0014790148231605584,0.3457977880706692,0.005201076698927355,0.8707127104173853,0.003945246135378562,0.8726567087788892,0.0038048473148119054,0.0,0.0,65655.0,0.0,64.0,0.0,0.004496324261803179,0.0,-0.008538756065284482,0.0,0.05984798651509386,1.3877787807814457e-17,0.2888078554567376,5.551115123125783e-17,0.4879477361136715,0.0,0.1665222140861522,0.0,0.47529494273878103,5.551115123125783e-17,0.15749695912349287,2.7755575615628914e-17,5.0,0.0,0.3464701850582591,0.0,0.16364519261897054,0.0,0.22229551451187338,0.0,0.22229551451187338,0.0,0.35343539955190445,5.551115123125783e-17,0.3064098413726125,0.0,0.3282469221432288,5.551115123125783e-17,0.3282469221432288,5.551115123125783e-17,0.5111551934652583,0.0,0.3242842768715013,0.0,0.49991178244319523,1.1102230246251565e-16,0.22092393931949506,0.0,0.4879477361136715,0.0,0.1665222140861522,0.0,0.46992086471293887,0.0,0.11253600015697832,2.7755575615628914e-17,0.4330623219307757,0.0,0.05509095029289986,0.0,0.8159000000000001,0.0040120132103471295,0.8159000000000001,0.0040120132103471295,0.8451000000000001,0.004123029832538217,0.8451000000000001,0.004123029832538217,0.896175,0.0033429964104078782,0.896175,0.0033429964104078782,0.9127374999999999,0.0033346898281549535,0.9127374999999999,0.0033346898281549535,0.667075,0.003244321963061007,0.667075,0.003244321963061007,0.716075,0.004300508690841119,0.716075,0.004300508690841119,0.79305,0.0028535917912538068,0.79305,0.0028535917912538068,0.8246375,0.003263968379646656,0.8246375,0.003263968379646656,0.7677146968823222,0.0048140782600329685,0.7677146968823222,0.0048140782600329685,0.9388151332153336,0.00307429446043666,0.9388151332153336,0.00307429446043666,0.8554781320965137,0.005881916003296843,0.8554781320965137,0.005881916003296843,0.9759113164503427,0.0014810940697173713,0.9759113164503427,0.0014810940697173713,0.6037370041058521,0.005465335546154455,0.6037370041058521,0.005465335546154455,0.8539127258362672,0.0033755076358912336,0.8539127258362672,0.0033755076358912336,0.7423099443615625,0.004355051337169766,0.7423099443615625,0.004355051337169766,0.9228797251673146,0.001785598488214818,0.9228797251673146,0.001785598488214818,0.520530525071702,0.012131217811549052,0.8795380606317892,0.0021902305832661845,0.6938360691039275,0.007774094215696331,0.8529344742303266,0.004010820076994526,0.8595271217133934,0.004047888608906967,0.9239273941940098,0.0014790148231605584,0.3457977880706692,0.005201076698927355,0.8707127104173853,0.003945246135378562,0.8726567087788892,0.0038048473148119054
E:\MSImaging-data\_msi_visual\Extractions\NRL4485-s2\5_bins\2.npy,superpixel,nmf_3d,10,5000.0,0.0,0.7160697146845825,0.0,65655.0,0.0,46.5,2.8722813232690143,-1.0,0.0,0.0,0.0,41.70938891998958,0.22691718434490352,0.3731919632452124,0.01046541393887472,0.6391270848858069,0.004843937083854859,0.6753809575533692,0.006450649407400318,0.6953284115816549,0.0042122880038959875,0.9003763279730286,0.0012805978758672763,0.9453699229480754,0.0006786052230563861,0.42701091307066913,0.0028339887415972562,0.8974988358054503,0.0022995574947538913,0.8918689686098654,0.0020593618936385867,0.0,0.0,65655.0,0.0,64.0,0.0,0.04667082862705966,8.51210439556998e-06,0.037987651525153536,2.6757726868873137e-06,0.14225411606794075,1.1811913543361415e-05,0.27430090843498856,5.206977825374533e-06,0.4970625122829623,1.6253816680681458e-06,0.17599910754604553,7.583050217990953e-07,0.48295503439825405,1.758134652612562e-06,0.16580376048156892,7.116747758836691e-07,5.0,0.0,0.40808314087759817,0.0,0.1906765943671091,0.0,0.25991027432521874,5.551115123125783e-17,0.25991027432521874,5.551115123125783e-17,0.41464422219307123,1.2234280130796193e-05,0.30328045753749866,0.0,0.3503250214005108,4.366672334765731e-06,0.3503250214005108,4.366672334765731e-06,0.5351735158688554,4.003382677318946e-06,0.35416441938831605,2.0400585869009835e-06,0.5166883793094362,2.4903793961557335e-06,0.2397329868632708,1.1204928282241818e-06,0.4970625122829623,1.6253816680681458e-06,0.17599910754604553,7.583050217990953e-07,0.4668969630508323,2.056954508665013e-06,0.11187852497564037,4.975404376769615e-07,0.4338004508591499,1.9380869154212843e-06,0.0513460039797655,1.3604235313014566e-07,0.7711999999999999,0.001680029761641135,0.7711999999999999,0.001680029761641135,0.848325,0.0029570889401571996,0.848325,0.0029570889401571996,0.8544875,0.0033351583545613156,0.8544875,0.0033351583545613156,0.8949125,0.0030685145021655128,0.8949125,0.0030685145021655128,0.6538125000000001,0.0034087433534955624,0.6538125000000001,0.0034087433534955624,0.77135,0.0027775888824662395,0.77135,0.0027775888824662395,0.7598333333333335,0.0013320306135954987,0.7598333333333335,0.0013320306135954987,0.8381958333333334,0.0024047876147847754,0.8381958333333334,0.0024047876147847754,0.6645752435802134,0.003471445543000048,0.6645752435802134,0.003471445543000048,0.9458064069990284,0.0016965978463157694,0.9458064069990284,0.0016965978463157694,0.7732225053815165,0.005903701114228279,0.7732225053815165,0.005903701114228279,0.9743459824900332,0.0009921587731729204,0.9743459824900332,0.0009921587731729204,0.5227559140238469,0.003825631065271125,0.5227559140238469,0.003825631065271125,0.8852107470698014,0.0034336130825501658,0.8852107470698014,0.0034336130825501658,0.6535178876618589,0.0033245773307158015,0.6535178876618589,0.0033245773307158015,0.9351210455196209,0.001432276278699745,0.9351210455196209,0.001432276278699745,0.3731919632452124,0.01046541393887472,0.6391270848858069,0.004843937083854859,0.6753809575533692,0.006450649407400318,0.6953284115816549,0.0042122880038959875,0.9003763279730286,0.0012805978758672763,0.9453699229480754,0.0006786052230563861,0.42701091307066913,0.0028339887415972562,0.8974988358054503,0.0022995574947538913,0.8918689686098654,0.0020593618936385867
E:\MSImaging-data\_msi_visual\Extractions\NRL4485-s2\5_bins\3.npy,random,parametric_mics_lmc__mics1,10,5000.0,0.0,0.7863671918650128,0.0,70372.0,0.0,46.5,2.8722813232690143,4.0,0.0,0.0,0.0,36.31258427996654,0.5870586107939466,0.5324925240925206,0.11166584217234314,0.6555973677800104,0.06735716705366944,0.688532695951462,0.09868118284651939,0.6937082845740111,0.07049443710048106,0.9222913413682878,0.020008995034349684,0.9427879178079683,0.009695106462252126,0.4493609130706691,0.02940283016777468,0.914072303811659,0.02418331716355869,0.9037687211107277,0.02372441147123856,0.0,0.0,70372.0,0.0,64.0,0.0,0.0851673115362017,0.058081621169780356,0.10598138278651585,0.06540297072267022,0.1121188235295727,0.05612184524843072,0.22374091641258284,0.018017627236582186,0.5749232165960708,0.04040179384824913,0.20279158297902472,0.030695532884441518,0.5853736321752236,0.041601007079316264,0.1918067070324073,0.029097682534624688,5.0,0.0,0.46244476377174404,0.07210293450702517,0.1556808222452394,0.041030550449050913,0.22682319824533265,0.048637238977092795,0.22682319824533265,0.048637238977092795,0.43447179902063027,0.05748178766059922,0.3140108357899769,0.03059458580304076,0.36143141124290884,0.0231946139279337,0.36143141124290884,0.0231946139279337,0.5508355391030142,0.031924549040262803,0.3518951343961717,0.029512697540094127,0.564747202029985,0.036352915570123163,0.25419425639063975,0.029861388443814276,0.5749232165960708,0.04040179384824913,0.20279158297902472,0.030695532884441518,0.5928587249447269,0.04458283601614112,0.14885646511996645,0.030655296827937457,0.6204008687524818,0.05407707892119757,0.09040145725970095,0.030352372487083945,0.7544875,0.03251343232035031,0.7544875,0.03251343232035031,0.8257749999999999,0.04268539709315118,0.8257749999999999,0.04268539709315118,0.851525,0.034416329699722505,0.851525,0.034416329699722505,0.9041499999999999,0.036426458447123285,0.9041499999999999,0.036426458447123285,0.6130625000000001,0.018603280120720652,0.6130625000000001,0.018603280120720652,0.7048499999999999,0.033628800900418664,0.7048499999999999,0.033628800900418664,0.7396916666666667,0.026881253794336982,0.7396916666666667,0.026881253794336982,0.8115916666666667,0.03711435874429194,0.8115916666666667,0.03711435874429194,0.6623261311603523,0.04595304602831549,0.6623261311603523,0.04595304602831549,0.9274775071865236,0.02033479857383488,0.9274775071865236,0.02033479857383488,0.781962654280714,0.04929702300272004,0.781962654280714,0.04929702300272004,0.9690229156925817,0.012579840737216163,0.9690229156925817,0.012579840737216163,0.5089876275900915,0.03493226546835384,0.5089876275900915,0.03493226546835384,0.8373309848070989,0.01929021359407067,0.8373309848070989,0.01929021359407067,0.6510921376770525,0.04098421998899801,0.6510921376770525,0.04098421998899801,0.9112771358954014,0.016380086004655077,0.9112771358954014,0.016380086004655077,0.5324925240925206,0.11166584217234314,0.6555973677800104,0.06735716705366944,0.688532695951462,0.09868118284651939,0.6937082845740111,0.07049443710048106,0.9222913413682878,0.020008995034349684,0.9427879178079683,0.009695106462252126,0.4493609130706691,0.02940283016777468,0.914072303811659,0.02418331716355869,0.9037687211107277,0.02372441147123856
E:\MSImaging-data\_msi_visual\Extractions\NRL4485-s2\5_bins\3.npy,random,parametric_mics_lmc__mics2,10,5000.0,0.0,0.7863671918650128,0.0,70372.0,0.0,46.5,2.8722813232690143,4.0,0.0,0.0,0.0,772.2015993699897,12.929003942355775,0.18694236183249147,0.04258259159262448,0.4303831111900888,0.0951329132768981,0.47400628579034343,0.042006802139957986,0.5215156749646875,0.07824617051857703,0.9084382916793226,0.013603144439156731,0.9451785762823187,0.009913696162077419,0.44339903807066916,0.03367995955149924,0.8927130079337703,0.02172067077416139,0.8795917230079338,0.023333615567115693,0.0,0.0,70372.0,0.0,64.0,0.0,0.0780457252275429,0.0459581771903785,0.09909733072674769,0.055678573267655594,0.07901016356333948,0.053562665439154715,0.22821631888176475,0.011825579234182364,0.557932280615081,0.04499285775393083,0.19354142431438995,0.02602800326794818,0.5625239636362822,0.050187569110671605,0.18253783558488967,0.0233549967334873,5.0,0.0,0.4461247873500057,0.04246820160128781,0.19544259421560037,0.05707605257097701,0.264417016243987,0.05284227740577467,0.264417016243987,0.05284227740577467,0.3998336327424999,0.04774455561105877,0.283216476774759,0.041359921328715285,0.3300783028470341,0.03904059289662591,0.3300783028470341,0.03904059289662591,0.5459043954255456,0.028333335577612865,0.3474557599925093,0.023492821996571683,0.5538102510186792,0.03688161094651359,0.24702604404563977,0.02533826137087548,0.557932280615081,0.04499285775393083,0.19354142431438995,0.02602800326794818,0.5675143100750597,0.05560208246410617,0.13874369734439396,0.02474893860397929,0.5769236033769304,0.07370568464747439,0.07776323474624577,0.019416608573623585,0.7149,0.014419583038354467,0.7149,0.014419583038354467,0.7753749999999999,0.011365655502433628,0.7753749999999999,0.011365655502433628,0.8040125000000001,0.014558765615600782,0.8040125000000001,0.014558765615600782,0.8497875,0.007833431958598988,0.8497875,0.007833431958598988,0.5906499999999999,0.018675502001285,0.5906499999999999,0.018675502001285,0.6683375,0.01923912436287057,0.6683375,0.01923912436287057,0.7031875000000001,0.01355958109910968,0.7031875000000001,0.01355958109910968,0.7645000000000001,0.011375625745914405,0.7645000000000001,0.011375625745914405,0.5440422850775466,0.023727184483957227,0.5440422850775466,0.023727184483957227,0.9372070294221627,0.010045809990118608,0.9372070294221627,0.010045809990118608,0.6592097269403551,0.02559686457816003,0.6592097269403551,0.02559686457816003,0.9716703014161773,0.005394466464042862,0.9716703014161773,0.005394466464042862,0.4125379753449635,0.027923853760049862,0.4125379753449635,0.027923853760049862,0.8580537927214522,0.014154673975633353,0.8580537927214522,0.014154673975633353,0.5385966624542885,0.02344197155526583,0.5385966624542885,0.02344197155526583,0.9223103745199308,0.008875400722403063,0.9223103745199308,0.008875400722403063,0.18694236183249147,0.04258259159262448,0.4303831111900888,0.0951329132768981,0.47400628579034343,0.042006802139957986,0.5215156749646875,0.07824617051857703,0.9084382916793226,0.013603144439156731,0.9451785762823187,0.009913696162077419,0.44339903807066916,0.03367995955149924,0.8927130079337703,0.02172067077416139,0.8795917230079338,0.023333615567115693
E:\MSImaging-data\_msi_visual\Extractions\NRL4485-s2\5_bins\3.npy,random,parametric_mics_lmc__mics3,10,5000.0,0.0,0.7863671918650128,0.0,70372.0,0.0,46.5,2.8722813232690143,4.0,0.0,0.0,0.0,39.3579864599742,0.900096742733693,0.1813019032463707,0.06434868616117867,0.3897643699637591,0.08321589293052528,0.3733684208870528,0.07472845937115936,0.45480022669331516,0.07919871379302443,0.8839523622559178,0.02309081607065613,0.9128969603891092,0.015374827098233575,0.3723709130706692,0.03327923036125536,0.8497288935839944,0.03072194157826809,0.8390071658330458,0.03360908088253821,0.0,0.0,70372.0,0.0,64.0,0.0,0.05371518010608918,0.061042188597212284,0.09945776384061582,0.05224778108647171,0.13596902168537062,0.06907934327216914,0.23153668061643623,0.0067327220686887665,0.5334824146265296,0.04986381926284579,0.1888222110733328,0.028853624359173102,0.5392687691255738,0.04928862048388812,0.1795525351174212,0.025172215029750162,5.0,0.0,0.4171671620447593,0.0692233939993191,0.16639709983268264,0.04604677400766207,0.23165688732045445,0.04707841839733887,0.23165688732045445,0.04707841839733887,0.41226888043863613,0.046981337043047765,0.3320651740897139,0.030788634102444614,0.3667420917095794,0.031754564362704206,0.3667420917095794,0.031754564362704206,0.5206543575208654,0.04041629747707336,0.3346682148520192,0.031641438513726285,0.5268294922535773,0.045890756832485634,0.23695258200747146,0.030429180336107912,0.5334824146265296,0.04986381926284579,0.1888222110733328,0.028853624359173102,0.5452907933898626,0.05357271057794265,0.13853630026060973,0.02507461839296368,0.5574238941736291,0.05635281728223463,0.08402133985568816,0.01711091683126846,0.6975,0.018645793761596738,0.6975,0.018645793761596738,0.7527624999999999,0.017986231713452372,0.7527624999999999,0.017986231713452372,0.7862750000000001,0.020122266895158697,0.7862750000000001,0.020122266895158697,0.8275124999999999,0.01552733979952779,0.8275124999999999,0.01552733979952779,0.5775,0.015805062480104264,0.5775,0.015805062480104264,0.6506375,0.017340023248254312,0.6506375,0.017340023248254312,0.6870916666666667,0.017015432129556828,0.6870916666666667,0.017015432129556828,0.7436375000000001,0.01626913456774307,0.7436375000000001,0.01626913456774307,0.5284356896121967,0.03180801637195233,0.5284356896121967,0.03180801637195233,0.9295647610958511,0.00920387109072014,0.9295647610958511,0.00920387109072014,0.6417117900841455,0.03558072882199106,0.6417117900841455,0.03558072882199106,0.9655525926745954,0.006062969376605624,0.9655525926745954,0.006062969376605624,0.4019006729226411,0.0258145024896151,0.4019006729226411,0.0258145024896151,0.8508703206553434,0.011421294270702001,0.8508703206553434,0.011421294270702001,0.5240160508729945,0.02987534901255037,0.5240160508729945,0.02987534901255037,0.9153292248085967,0.008433240872174357,0.9153292248085967,0.008433240872174357,0.1813019032463707,0.06434868616117867,0.3897643699637591,0.08321589293052528,0.3733684208870528,0.07472845937115936,0.45480022669331516,0.07919871379302443,0.8839523622559178,0.02309081607065613,0.9128969603891092,0.015374827098233575,0.3723709130706692,0.03327923036125536,0.8497288935839944,0.03072194157826809,0.8390071658330458,0.03360908088253821
E:\MSImaging-data\_msi_visual\Extractions\NRL4485-s2\5_bins\3.npy,random,parametric_umap,10,5000.0,0.0,0.7863671918650128,0.0,70372.0,0.0,46.5,2.8722813232690143,4.0,0.0,0.0,0.0,35.2873563000001,0.30864042656722024,0.5624505629077785,0.04009834989748648,0.7561705316550007,0.044155400687984084,0.8222419733231231,0.043560238886021965,0.8122135531349025,0.03252396922318921,0.9307920309473726,0.016261508539052148,0.9532435993546102,0.006611470941002374,0.46891966307066923,0.03509112225246578,0.9400427384442912,0.014986216098502167,0.9273297688858226,0.01532448959678538,0.0,0.0,70372.0,0.0,64.0,0.0,0.07623508238110988,0.05446685460841328,0.11321768650146571,0.03754659399948428,0.1592774664455787,0.05777979225845966,0.21683391944909663,0.009666830561820092,0.5807171824972103,0.05910342407172682,0.21884507021186977,0.03714354584558428,0.5849636484722118,0.06307724602652086,0.2049446725409659,0.033141084815756325,5.0,0.0,0.504293880644457,0.051779358311587614,0.11033383794119991,0.03681064459531806,0.17631902742229952,0.0428158153708972,0.17631902742229952,0.0428158153708972,0.5480223776459315,0.07082681331677673,0.22657955541391125,0.050302451590891875,0.3129124152467625,0.03957716433059555,0.3129124152467625,0.03957716433059555,0.5561583516375822,0.04019151546358767,0.36371138045230395,0.030118455705403908,0.5701049557297473,0.050152293360384605,0.2681839838370627,0.0347361023663318,0.5807171824972103,0.05910342407172682,0.21884507021186977,0.03714354584558428,0.5943694766420237,0.069989383870776,0.16436440932874058,0.03634347418038177,0.6060977311908122,0.08478155684784436,0.09919190775272961,0.028966864074560263,0.81705,0.026047804609985847,0.81705,0.026047804609985847,0.8938625,0.027935777351811783,0.8938625,0.027935777351811783,0.9192874999999999,0.021753667075920795,0.9192874999999999,0.021753667075920795,0.9556375000000001,0.020638893048077936,0.9556375000000001,0.020638893048077936,0.6241125000000001,0.02218300658725052,0.6241125000000001,0.02218300658725052,0.7599,0.03081242647050049,0.7599,0.03081242647050049,0.7868166666666667,0.01890571636069659,0.7868166666666667,0.01890571636069659,0.8698,0.023769836745103825,0.8698,0.023769836745103825,0.7598471172284907,0.04201667464134911,0.7598471172284907,0.04201667464134911,0.9552189534958762,0.009788844074974698,0.9552189534958762,0.009788844074974698,0.88476383929764,0.03263056267731712,0.88476383929764,0.03263056267731712,0.9872000883961203,0.00515428536469804,0.9872000883961203,0.00515428536469804,0.5423612522650438,0.04169542633242438,0.5423612522650438,0.04169542633242438,0.8628158710676056,0.017097176800054476,0.8628158710676056,0.017097176800054476,0.7289907362637249,0.031672964827443716,0.7289907362637249,0.031672964827443716,0.9350783043198673,0.009868966202415686,0.9350783043198673,0.009868966202415686,0.5624505629077785,0.04009834989748648,0.7561705316550007,0.044155400687984084,0.8222419733231231,0.043560238886021965,0.8122135531349025,0.03252396922318921,0.9307920309473726,0.016261508539052148,0.9532435993546102,0.006611470941002374,0.46891966307066923,0.03509112225246578,0.9400427384442912,0.014986216098502167,0.9273297688858226,0.01532448959678538
E:\MSImaging-data\_msi_visual\Extractions\NRL4485-s2\5_bins\3.npy,random,pca,10,5000.0,0.0,0.7863671918650128,0.0,70372.0,0.0,46.5,2.8722813232690143,-1.0,0.0,0.0,0.0,4.223380460031331,0.11277739127563345,0.6626266793845873,0.004246577779745718,0.827328939770698,0.0023969071222766205,0.8905218811537242,0.002870353953953384,0.8569426350542674,0.001631882206020627,0.9470454414809296,0.0020924711925039007,0.9538010865277065,0.002614624138570352,0.5028277880706692,0.010937552874872192,0.9555661378923765,0.001916491537539359,0.9450357239565369,0.002216215919957523,0.0,0.0,70372.0,0.0,64.0,0.0,0.1250378024507143,6.2731087673708084e-06,0.11662125871209632,2.378411235291395e-06,0.1379123323491343,2.908169353946591e-06,0.2360323626635686,2.2116512000323426e-06,0.6101127803994901,2.791587075691159e-06,0.2189251602113534,8.911274724183174e-07,0.6108303920595484,1.68505445729519e-06,0.20334120199327033,5.416187871750369e-07,5.0,0.0,0.4861863488624053,1.1102230246251565e-16,0.1430164927097442,2.7755575615628914e-17,0.22101828479960597,2.7755575615628914e-17,0.22101828479960597,2.7755575615628914e-17,0.44201983181273874,1.5281298686148312e-05,0.28856664807585053,1.951629147305136e-05,0.3491775024843792,1.8605157750430217e-05,0.3491775024843792,1.8605157750430217e-05,0.5859037096893056,1.8804874038527159e-06,0.37389021765857844,9.176801954033125e-07,0.6003670440307213,2.0066293463653096e-06,0.2733649824202223,7.996952369661098e-07,0.6101127803994901,2.791587075691159e-06,0.2189251602113534,8.911274724183174e-07,0.6213201058151915,1.553086376130107e-06,0.1587771530102586,5.579315856461914e-07,0.6229438805716698,1.1238285788738905e-06,0.08860794184304795,2.1030271940910404e-07,0.8455250000000001,0.001398436627094707,0.8455250000000001,0.001398436627094707,0.9305999999999999,0.0015439397656644655,0.9305999999999999,0.0015439397656644655,0.9465625,0.0018021254812026649,0.9465625,0.0018021254812026649,0.9729125,0.001551259568866534,0.9729125,0.001551259568866534,0.64635,0.0029462900400333914,0.64635,0.0029462900400333914,0.818725,0.0035350035360661313,0.818725,0.0035350035360661313,0.8128125,0.001420979953334236,0.8128125,0.001420979953334236,0.9074124999999998,0.001520627839998296,0.9074124999999998,0.001520627839998296,0.8067369920546632,0.003618620551776924,0.8067369920546632,0.003618620551776924,0.9681604240907141,0.0013028688377203525,0.9681604240907141,0.0013028688377203525,0.9322109129623986,0.002739460231876128,0.9322109129623986,0.002739460231876128,0.990620589943912,0.0006220519957963966,0.990620589943912,0.0006220519957963966,0.5820666735711568,0.004326981839469071,0.5820666735711568,0.004326981839469071,0.8898337180703718,0.0027756343198356505,0.8898337180703718,0.0027756343198356505,0.7736715261960727,0.0023500028157135513,0.7736715261960727,0.0023500028157135513,0.9495382440349994,0.001189449536707767,0.9495382440349994,0.001189449536707767,0.6626266793845873,0.004246577779745718,0.827328939770698,0.0023969071222766205,0.8905218811537242,0.002870353953953384,0.8569426350542674,0.001631882206020627,0.9470454414809296,0.0020924711925039007,0.9538010865277065,0.002614624138570352,0.5028277880706692,0.010937552874872192,0.9555661378923765,0.001916491537539359,0.9450357239565369,0.002216215919957523
E:\MSImaging-data\_msi_visual\Extractions\NRL4485-s2\5_bins\3.npy,random,top3,10,5000.0,0.0,0.7863671918650128,0.0,70372.0,0.0,46.5,2.8722813232690143,-1.0,0.0,0.0,0.0,0.7708831900032237,0.02723208055556753,0.5390838853001304,0.006448128026646225,0.8984761777451649,0.0021071241378333287,0.7024475639698224,0.0053820280464546575,0.8771024596211868,0.002170308417685458,0.8518527171415394,0.0033474549882856006,0.9158231752924451,0.0024846366211290754,0.32679966307066916,0.006232359981379437,0.8644031812694033,0.003068832152973761,0.8736826069334253,0.002335291700127812,0.0,0.0,70372.0,0.0,64.0,0.0,0.024266642606070195,0.0,0.056888152092609647,6.938893903907228e-18,0.05656858824516823,0.0,0.23041671688865004,0.0,0.5310580850429634,0.0,0.19175588728136184,0.0,0.5261032113684774,0.0,0.17995758492671804,0.0,5.0,0.0,0.4470833747391435,1.1102230246251565e-16,0.1792287467134093,0.0,0.25587942556519266,0.0,0.25587942556519266,0.0,0.43095004897159656,5.551115123125783e-17,0.29798422436459243,5.551115123125783e-17,0.35233990437834156,5.551115123125783e-17,0.35233990437834156,5.551115123125783e-17,0.5300950212250823,0.0,0.34316964607731204,5.551115123125783e-17,0.5325346709318326,0.0,0.2438717073460018,0.0,0.5310580850429634,0.0,0.19175588728136184,0.0,0.5301860453786402,0.0,0.13768895064220946,0.0,0.5117440836916554,0.0,0.07451090571019635,0.0,0.817475,0.003360989437650776,0.817475,0.003360989437650776,0.8470875,0.003091343761214508,0.8470875,0.003091343761214508,0.9037500000000002,0.002349201992166698,0.9037500000000002,0.002349201992166698,0.9203000000000001,0.0017140959716421863,0.9203000000000001,0.0017140959716421863,0.6611499999999999,0.0035230491055334512,0.6611499999999999,0.0035230491055334512,0.7122375,0.0036752763501538047,0.7122375,0.0036752763501538047,0.794125,0.0026502751429490308,0.794125,0.0026502751429490308,0.8265416666666667,0.0022881791645080725,0.8265416666666667,0.0022881791645080725,0.7741683843898123,0.00386445476719635,0.7741683843898123,0.00386445476719635,0.9400136673058281,0.00183202605572638,0.9400136673058281,0.00183202605572638,0.8701565389194077,0.003329540212088467,0.8701565389194077,0.003329540212088467,0.9782714726110223,0.0006122965514305642,0.9782714726110223,0.0006122965514305642,0.6050095198236882,0.003984594027309747,0.6050095198236882,0.003984594027309747,0.8518674417277821,0.003881858698984287,0.8518674417277821,0.003881858698984287,0.7497781477109692,0.0031327562978342837,0.7497781477109692,0.0031327562978342837,0.9233841938815441,0.00137260944148075,0.9233841938815441,0.00137260944148075,0.5390838853001304,0.006448128026646225,0.8984761777451649,0.0021071241378333287,0.7024475639698224,0.0053820280464546575,0.8771024596211868,0.002170308417685458,0.8518527171415394,0.0033474549882856006,0.9158231752924451,0.0024846366211290754,0.32679966307066916,0.006232359981379437,0.8644031812694033,0.003068832152973761,0.8736826069334253,0.002335291700127812
E:\MSImaging-data\_msi_visual\Extractions\NRL4485-s2\5_bins\3.npy,random,nmf_3d,10,5000.0,0.0,0.7863671918650128,0.0,70372.0,0.0,46.5,2.8722813232690143,-1.0,0.0,0.0,0.0,40.169739840063265,0.13762921773740155,0.3482960171495274,0.015191722492252526,0.6154441573814691,0.003318232308182223,0.6999577831025575,0.007974790006182893,0.6890097539245666,0.003273538244775057,0.8768893214400035,0.004326091881387526,0.934281675622319,0.0009480140157773732,0.3665109130706692,0.006136988267872106,0.8747761288375303,0.002896245474206599,0.8647050573473611,0.0031707915312975984,0.0,0.0,70372.0,0.0,64.0,0.0,0.05773123923129055,7.777946138407206e-06,0.06945917969561671,2.8170427055975632e-06,0.16290213261145842,4.944847279796978e-06,0.22338031800303443,3.0581580096195083e-06,0.5324496153335556,4.620580385936558e-06,0.18254697588537266,1.2031902085403012e-06,0.5204417797580387,3.4516087269599943e-06,0.17019398919678325,9.338366736544029e-07,5.0,0.0,0.47206132879046,0.0,0.1103896103896104,1.3877787807814457e-17,0.1789358129923802,0.0,0.1789358129923802,0.0,0.44444926243154714,3.286256774497947e-05,0.36752848378615255,2.5508422585576995e-05,0.4023454195441324,2.7710252623962792e-05,0.4023454195441324,2.7710252623962792e-05,0.5421537772388685,5.224792247861278e-06,0.34309691935332404,2.3224788808780283e-06,0.5404964512146646,3.364362045114925e-06,0.23945642133622536,1.2868109041849385e-06,0.5324496153335556,4.620580385936558e-06,0.18254697588537266,1.2031902085403012e-06,0.5184815567024182,2.8330696176036107e-06,0.12264208620203867,6.127894944000406e-07,0.4865783459340987,4.651302529912358e-06,0.05999079384751939,7.211301962267485e-07,0.7719875,0.003289400591293195,0.7719875,0.003289400591293195,0.855475,0.00314880929876676,0.855475,0.00314880929876676,0.8486,0.0020545680811304523,0.8486,0.0020545680811304523,0.9003625000000002,0.001990956114533909,0.9003625000000002,0.001990956114533909,0.6576875,0.0032472344002242807,0.6576875,0.0032472344002242807,0.7820375,0.0024874999999999767,0.7820375,0.0024874999999999767,0.759425,0.002452167408640767,0.759425,0.002452167408640767,0.8459583333333335,0.0021574322443332562,0.8459583333333335,0.0021574322443332562,0.6589173419048071,0.003347022299369269,0.6589173419048071,0.003347022299369269,0.9518053453686001,0.0023456846111763736,0.9518053453686001,0.0023456846111763736,0.7598549497415595,0.0032545050910379888,0.7598549497415595,0.0032545050910379888,0.9775158237514777,0.0008554866983883277,0.9775158237514777,0.0008554866983883277,0.5240984380095063,0.004670215476516265,0.5240984380095063,0.004670215476516265,0.8933726640637876,0.002694367216759509,0.8933726640637876,0.002694367216759509,0.6476235765519577,0.002756622171649133,0.6476235765519577,0.002756622171649133,0.9408979443946219,0.001469007575070699,0.9408979443946219,0.001469007575070699,0.3482960171495274,0.015191722492252526,0.6154441573814691,0.003318232308182223,0.6999577831025575,0.007974790006182893,0.6890097539245666,0.003273538244775057,0.8768893214400035,0.004326091881387526,0.934281675622319,0.0009480140157773732,0.3665109130706692,0.006136988267872106,0.8747761288375303,0.002896245474206599,0.8647050573473611,0.0031707915312975984
E:\MSImaging-data\_msi_visual\Extractions\NRL4485-s2\5_bins\3.npy,superpixel,parametric_mics_lmc__mics1,10,5000.0,0.0,0.7863671918650128,0.0,70372.0,0.0,46.5,2.8722813232690143,4.0,0.0,0.0,0.0,54.7522011499852,0.5566549621058309,0.540290467776708,0.08205250443251419,0.6983867018077292,0.08865042169414543,0.7254661227657961,0.05326356565672336,0.7290467253553146,0.06681407136891684,0.9286739401616193,0.01970052233096475,0.9451445169538406,0.01191848744496553,0.4635577880706691,0.042068109604582044,0.9196581398758192,0.020624991886773487,0.9090718433080373,0.02223424363278321,0.0,0.0,70372.0,0.0,64.0,0.0,0.1319293903359759,0.06866623603150226,0.16416289910712206,0.07187981837436089,0.159939022397596,0.054784927000412445,0.23349191391015686,0.011756931184570872,0.6106753385163282,0.05091698019679668,0.23258196088972793,0.04341718068963585,0.6203931090761566,0.04969553244621208,0.21863971887159717,0.039232837142854186,5.0,0.0,0.4824631576543907,0.06970122114242913,0.19377340450960084,0.04856002910700612,0.2723296570021631,0.048849016115870274,0.2723296570021631,0.048849016115870274,0.46186717029794366,0.056751221783274464,0.3194127957931639,0.043002279957197256,0.37405767897996306,0.03147337807578905,0.37405767897996306,0.03147337807578905,0.5772711762639547,0.04433309223130034,0.37780256643358123,0.04278746001531203,0.5963596432281205,0.04847781265548185,0.2827686955882528,0.04386425191551576,0.6106753385163282,0.05091698019679668,0.23258196088972793,0.04341718068963585,0.6317901514125042,0.05247987530850519,0.17745295684565526,0.040130332258357215,0.6583993696387679,0.05837392801934369,0.11255181524708942,0.034237721250978584,0.7736375000000001,0.02189923300597536,0.7736375000000001,0.02189923300597536,0.8446625000000001,0.020766187210222307,0.8446625000000001,0.020766187210222307,0.8733625,0.022780162011056912,0.8733625,0.022780162011056912,0.9186624999999999,0.01674991138036258,0.9186624999999999,0.01674991138036258,0.6153500000000001,0.013237352454324086,0.6153500000000001,0.013237352454324086,0.7166125,0.02366494308571225,0.7166125,0.02366494308571225,0.7541166666666668,0.018106214402795515,0.7541166666666668,0.018106214402795515,0.8266458333333333,0.01922432676541191,0.8266458333333333,0.01922432676541191,0.6855614477612345,0.04897304740574628,0.6855614477612345,0.04897304740574628,0.9405175590497283,0.010192650603227623,0.9405175590497283,0.010192650603227623,0.8094835414319927,0.0471731919893086,0.8094835414319927,0.0471731919893086,0.9777869531969634,0.005256087532588336,0.9777869531969634,0.005256087532588336,0.5171313191720341,0.035343043611849256,0.5171313191720341,0.035343043611849256,0.8467330351013634,0.015248045965314096,0.8467330351013634,0.015248045965314096,0.6707254361217537,0.04352362167030457,0.6707254361217537,0.04352362167030457,0.9216791824493518,0.009670550726621065,0.9216791824493518,0.009670550726621065,0.540290467776708,0.08205250443251419,0.6983867018077292,0.08865042169414543,0.7254661227657961,0.05326356565672336,0.7290467253553146,0.06681407136891684,0.9286739401616193,0.01970052233096475,0.9451445169538406,0.01191848744496553,0.4635577880706691,0.042068109604582044,0.9196581398758192,0.020624991886773487,0.9090718433080373,0.02223424363278321
E:\MSImaging-data\_msi_visual\Extractions\NRL4485-s2\5_bins\3.npy,superpixel,parametric_mics_lmc__mics2,10,5000.0,0.0,0.7863671918650128,0.0,70372.0,0.0,46.5,2.8722813232690143,4.0,0.0,0.0,0.0,1068.5529087700183,12.498822863482882,0.20575559406998983,0.03851108704825221,0.4664694586079495,0.043509698756975246,0.4167815934209612,0.049255034271748065,0.5312091440817608,0.04003413154717206,0.9011349596784217,0.02250542730872633,0.940007803152666,0.010295141843635159,0.4238577880706692,0.03762879603462787,0.8793391152121421,0.031220305264041775,0.8703222438771991,0.033329954508104886,0.0,0.0,70372.0,0.0,64.0,0.0,0.032198651250624204,0.04264875735486163,0.06754756761184512,0.03851761061085293,0.07977005051279959,0.07653454052287399,0.22712076294784495,0.009376489689293143,0.5311447749636715,0.04124200423810592,0.17841869201651625,0.02027334216204608,0.5393954020756482,0.04277405099540423,0.16926966881207225,0.017866165346979917,5.0,0.0,0.40837603582368337,0.05453034921180497,0.16826149310811886,0.05677951616251196,0.22961507493265776,0.05420423348592389,0.22961507493265776,0.05420423348592389,0.38883743174543134,0.06334141897459301,0.30810294000478045,0.032208055569164805,0.3428625502906276,0.04168114348130438,0.3428625502906276,0.04168114348130438,0.5142252675231933,0.029922571475672125,0.32436449372233905,0.023011215746978952,0.5235353643173412,0.036380704263411,0.22744512867399327,0.02186057062957585,0.5311447749636715,0.04124200423810592,0.17841869201651625,0.02027334216204608,0.5455228379926507,0.04742003738593766,0.12822400295164862,0.01728888485268888,0.5654138453904962,0.0543902579588075,0.07332292262267846,0.012394909086748888,0.7029124999999998,0.0151187022012473,0.7029124999999998,0.0151187022012473,0.7580875,0.017190481559572434,0.7580875,0.017190481559572434,0.796375,0.013532368602724361,0.796375,0.013532368602724361,0.8361749999999999,0.013987405048828753,0.8361749999999999,0.013987405048828753,0.5778874999999999,0.019713451150166487,0.5778874999999999,0.019713451150166487,0.6517000000000001,0.020525304504440362,0.6517000000000001,0.020525304504440362,0.6923916666666667,0.01272289056953824,0.6923916666666667,0.01272289056953824,0.7486541666666666,0.01486763414733122,0.7486541666666666,0.01486763414733122,0.5479128202256007,0.026665014406983018,0.5479128202256007,0.026665014406983018,0.924803472747661,0.01013929927354951,0.924803472747661,0.01013929927354951,0.663812954616592,0.025793142923445388,0.663812954616592,0.025793142923445388,0.9654235267869812,0.006966369224406566,0.9654235267869812,0.006966369224406566,0.417006217999856,0.026551229893157606,0.417006217999856,0.026551229893157606,0.8398472484501168,0.010726458742823351,0.8398472484501168,0.010726458742823351,0.542910664280683,0.023430634210282807,0.542910664280683,0.023430634210282807,0.910024749328253,0.007808280866958355,0.910024749328253,0.007808280866958355,0.20575559406998983,0.03851108704825221,0.4664694586079495,0.043509698756975246,0.4167815934209612,0.049255034271748065,0.5312091440817608,0.04003413154717206,0.9011349596784217,0.02250542730872633,0.940007803152666,0.010295141843635159,0.4238577880706692,0.03762879603462787,0.8793391152121421,0.031220305264041775,0.8703222438771991,0.033329954508104886
E:\MSImaging-data\_msi_visual\Extractions\NRL4485-s2\5_bins\3.npy,superpixel,parametric_mics_lmc__mics3,10,5000.0,0.0,0.7863671918650128,0.0,70372.0,0.0,46.5,2.8722813232690143,4.0,0.0,0.0,0.0,59.21564941999968,1.3150157065128565,0.24586573242634846,0.05249702580766061,0.3972834525112909,0.06241129654526147,0.43229157682246244,0.05798232746885236,0.4612715560299681,0.05088095265533594,0.8927873847568716,0.015027098007196793,0.9124378786648176,0.011145277738114186,0.3740177880706692,0.030189657977991807,0.8545980665746808,0.02146574143549399,0.8456452837185238,0.019632467654377154,0.0,0.0,70372.0,0.0,64.0,0.0,0.11394772188127451,0.05164569563505546,0.16262211588446893,0.05534015567085378,0.12008456128012202,0.049262047961487546,0.22854098786151794,0.007239626123614173,0.5850880923837776,0.041507826103278904,0.22349175294377055,0.04080392944881134,0.5938917864659315,0.044583464234921336,0.21187488226133283,0.03742714062911883,5.0,0.0,0.5130772341191493,0.08642022853131505,0.13602103418054337,0.07548418286181416,0.20053416629155452,0.09319769703104656,0.20053416629155452,0.09319769703104656,0.4051742371352628,0.04536950821668304,0.3020476456059279,0.02489033093223931,0.3446019661025111,0.023366833703338034,0.3446019661025111,0.023366833703338034,0.5607783570757787,0.030285329116685515,0.36739121708506506,0.0330186359034083,0.5734874438286592,0.03622727449801974,0.2715759599009891,0.03761875537611173,0.5850880923837776,0.041507826103278904,0.22349175294377055,0.04080392944881134,0.6016145905109285,0.04850792828914828,0.17117763450141738,0.041488873754544686,0.6264563929888547,0.06197454353724688,0.11232905164023747,0.03565805458558382,0.6964125,0.008811577965949125,0.6964125,0.008811577965949125,0.7590749999999999,0.014424826688733565,0.7590749999999999,0.014424826688733565,0.7882499999999999,0.010095481662605304,0.7882499999999999,0.010095481662605304,0.8398,0.011602828318991884,0.8398,0.011602828318991884,0.5738,0.010206339941428564,0.5738,0.010206339941428564,0.6480875,0.016628293846633807,0.6480875,0.016628293846633807,0.6861541666666667,0.007624591291414303,0.6861541666666667,0.007624591291414303,0.7489874999999999,0.013472593709082143,0.7489874999999999,0.013472593709082143,0.5338400571794765,0.020411177514097194,0.5338400571794765,0.020411177514097194,0.9233476397179619,0.007786579643042554,0.9233476397179619,0.007786579643042554,0.6500583413594307,0.023086942767619377,0.6500583413594307,0.023086942767619377,0.9644929805415938,0.004200036080352147,0.9644929805415938,0.004200036080352147,0.4059331236090524,0.016082519306890624,0.4059331236090524,0.016082519306890624,0.8377299605173253,0.014930659932964021,0.8377299605173253,0.014930659932964021,0.5299438407159867,0.019273187971225056,0.5299438407159867,0.019273187971225056,0.9085235269256271,0.008318026694608153,0.9085235269256271,0.008318026694608153,0.24586573242634846,0.05249702580766061,0.3972834525112909,0.06241129654526147,0.43229157682246244,0.05798232746885236,0.4612715560299681,0.05088095265533594,0.8927873847568716,0.015027098007196793,0.9124378786648176,0.011145277738114186,0.3740177880706692,0.030189657977991807,0.8545980665746808,0.02146574143549399,0.8456452837185238,0.019632467654377154
E:\MSImaging-data\_msi_visual\Extractions\NRL4485-s2\5_bins\3.npy,superpixel,parametric_umap,10,5000.0,0.0,0.7863671918650128,0.0,70372.0,0.0,46.5,2.8722813232690143,4.0,0.0,0.0,0.0,43.10399833000265,0.7853493399190616,0.5521901649898446,0.05700020565341141,0.7963315589161072,0.07931795760619759,0.7953022810431508,0.04847503895680391,0.833645811051106,0.051915119050894076,0.9380644051392067,0.017941889981743453,0.9560037651226185,0.010855142602103083,0.4893321630706692,0.05061532185267618,0.9447224879268713,0.017482355397941286,0.9345109141083132,0.019364002035621768,0.0,0.0,70372.0,0.0,64.0,0.0,0.0977783909489536,0.05104110213243402,0.1233210303582321,0.04543199175051773,0.13358507774921957,0.0606824464836834,0.21355668901590716,0.012734197891875135,0.6066908597537944,0.06200551405301257,0.23271995149202235,0.03977344224226632,0.6091894227068293,0.06831174720752563,0.2168225088724826,0.036643167010476256,5.0,0.0,0.514023814483461,0.04448145901125638,0.10090032666719784,0.034630066735791644,0.16543029511137478,0.04783559333377988,0.16543029511137478,0.04783559333377988,0.5045202748075763,0.06973817120568596,0.2444745438610469,0.032383098256224055,0.32500558255180717,0.02771916224729776,0.32500558255180717,0.02771916224729776,0.5772114479307006,0.039950832636523693,0.3773458289093496,0.030764099118360012,0.59495946734666,0.05154024204235219,0.28272519604635626,0.036275533812241655,0.6066908597537944,0.06200551405301257,0.23271995149202235,0.03977344224226632,0.6201505005246366,0.07494590093396966,0.1762107780128619,0.04028835177281104,0.6288050656674444,0.09696864247368395,0.10665680592991353,0.03492329272316802,0.8178875,0.02843586259022221,0.8178875,0.02843586259022221,0.882,0.029616559979173826,0.882,0.029616559979173826,0.9180375000000002,0.020455443193683195,0.9180375000000002,0.020455443193683195,0.9465,0.020421725563722584,0.9465,0.020421725563722584,0.6407,0.019410709028781,0.6407,0.019410709028781,0.7543,0.024487637186956193,0.7543,0.024487637186956193,0.7922083333333333,0.019094656393289142,0.7922083333333333,0.019094656393289142,0.8609333333333336,0.02279586493935542,0.8609333333333336,0.02279586493935542,0.7587386774267333,0.05591727516639279,0.7587386774267333,0.05591727516639279,0.9557954983263256,0.007949045143084355,0.9557954983263256,0.007949045143084355,0.8808584426753383,0.040770821674881594,0.8808584426753383,0.040770821674881594,0.9864105470758565,0.00458850258724107,0.9864105470758565,0.00458850258724107,0.5686621408816983,0.04425573328948746,0.5686621408816983,0.04425573328948746,0.8685596340564297,0.00995184379158724,0.8685596340564297,0.00995184379158724,0.7360864203279233,0.04199608788039163,0.7360864203279233,0.04199608788039163,0.9369218931528704,0.006297501109923958,0.9369218931528704,0.006297501109923958,0.5521901649898446,0.05700020565341141,0.7963315589161072,0.07931795760619759,0.7953022810431508,0.04847503895680391,0.833645811051106,0.051915119050894076,0.9380644051392067,0.017941889981743453,0.9560037651226185,0.010855142602103083,0.4893321630706692,0.05061532185267618,0.9447224879268713,0.017482355397941286,0.9345109141083132,0.019364002035621768
E:\MSImaging-data\_msi_visual\Extractions\NRL4485-s2\5_bins\3.npy,superpixel,pca,10,5000.0,0.0,0.7863671918650128,0.0,70372.0,0.0,46.5,2.8722813232690143,-1.0,0.0,0.0,0.0,4.184889349970035,0.03540597880599129,0.6626275146012677,0.004246439347673107,0.8273283769117427,0.00239746446605649,0.8905225318822072,0.002870058688516793,0.8569432101248502,0.001631657510742004,0.9470464810255017,0.00209941219414556,0.9538013411807814,0.002614591235333439,0.5028259130706692,0.010937283283567266,0.9555662038634012,0.0019165105317648654,0.945036268109693,0.002216369394552802,0.0,0.0,70372.0,0.0,64.0,0.0,0.1250383634761612,6.289960338106888e-06,0.11662149882144186,2.3083037842830252e-06,0.13791156714025546,2.1583527376364313e-06,0.23603265041258498,2.3443058979812973e-06,0.6101134578432849,2.805785392508414e-06,0.2189254022851496,9.004172259220078e-07,0.6108306980324458,1.7574911838686223e-06,0.20334134957738664,5.482430799647397e-07,5.0,0.0,0.4861863488624053,1.1102230246251565e-16,0.1430164927097442,2.7755575615628914e-17,0.22101828479960597,2.7755575615628914e-17,0.22101828479960597,2.7755575615628914e-17,0.4420171344082184,1.668078286872256e-05,0.28856664807585053,1.951629147305136e-05,0.34917666090901406,1.949256839699527e-05,0.34917666090901406,1.949256839699527e-05,0.5859039419540307,2.009259049801643e-06,0.3738904560323256,9.745472007944676e-07,0.6003674106476212,2.0806245590136706e-06,0.27336519587671526,8.175255816934671e-07,0.6101134578432849,2.805785392508414e-06,0.2189254022851496,9.004172259220078e-07,0.6213202565741377,1.5946475086461541e-06,0.1587772270658809,5.826339914358267e-07,0.622944025481321,1.1743638803387916e-06,0.08860798376959766,1.6919130479290298e-07,0.8455125000000001,0.00141802018673924,0.8455125000000001,0.00141802018673924,0.9305999999999999,0.0015439397656644655,0.9305999999999999,0.0015439397656644655,0.9465625,0.0018021254812026649,0.9465625,0.0018021254812026649,0.9729125,0.001551259568866534,0.9729125,0.001551259568866534,0.64635,0.0029462900400333914,0.64635,0.0029462900400333914,0.8187125,0.00352759213203568,0.8187125,0.00352759213203568,0.8128083333333332,0.0014229273425660986,0.8128083333333332,0.0014229273425660986,0.9074083333333333,0.0015191828944096123,0.9074083333333333,0.0015191828944096123,0.8067337948656593,0.003624911124149372,0.8067337948656593,0.003624911124149372,0.9681604240907141,0.0013028688377203525,0.9681604240907141,0.0013028688377203525,0.9322109129623986,0.002739460231876128,0.9322109129623986,0.002739460231876128,0.990620589943912,0.0006220519957963966,0.990620589943912,0.0006220519957963966,0.5820667667198263,0.00432701065287659,0.5820667667198263,0.00432701065287659,0.8898039865108964,0.002757964030985185,0.8898039865108964,0.002757964030985185,0.7736704915159613,0.002351434854682511,0.7736704915159613,0.002351434854682511,0.9495283335151743,0.0011838758203374987,0.9495283335151743,0.0011838758203374987,0.6626275146012677,0.004246439347673107,0.8273283769117427,0.00239746446605649,0.8905225318822072,0.002870058688516793,0.8569432101248502,0.001631657510742004,0.9470464810255017,0.00209941219414556,0.9538013411807814,0.002614591235333439,0.5028259130706692,0.010937283283567266,0.9555662038634012,0.0019165105317648654,0.945036268109693,0.002216369394552802
E:\MSImaging-data\_msi_visual\Extractions\NRL4485-s2\5_bins\3.npy,superpixel,top3,10,5000.0,0.0,0.7863671918650128,0.0,70372.0,0.0,46.5,2.8722813232690143,-1.0,0.0,0.0,0.0,0.7596311000175774,0.024942581113459775,0.5390838853001304,0.006448128026646225,0.8984761777451649,0.0021071241378333287,0.7024475639698224,0.0053820280464546575,0.8771024596211868,0.002170308417685458,0.8518527171415394,0.0033474549882856006,0.9158231752924451,0.0024846366211290754,0.32679966307066916,0.006232359981379437,0.8644031812694033,0.003068832152973761,0.8736826069334253,0.002335291700127812,0.0,0.0,70372.0,0.0,64.0,0.0,0.024266642606070195,0.0,0.056888152092609647,6.938893903907228e-18,0.05656858824516823,0.0,0.23041671688865004,0.0,0.5310580850429634,0.0,0.19175588728136184,0.0,0.5261032113684774,0.0,0.17995758492671804,0.0,5.0,0.0,0.4470833747391435,1.1102230246251565e-16,0.1792287467134093,0.0,0.25587942556519266,0.0,0.25587942556519266,0.0,0.43095004897159656,5.551115123125783e-17,0.29798422436459243,5.551115123125783e-17,0.35233990437834156,5.551115123125783e-17,0.35233990437834156,5.551115123125783e-17,0.5300950212250823,0.0,0.34316964607731204,5.551115123125783e-17,0.5325346709318326,0.0,0.2438717073460018,0.0,0.5310580850429634,0.0,0.19175588728136184,0.0,0.5301860453786402,0.0,0.13768895064220946,0.0,0.5117440836916554,0.0,0.07451090571019635,0.0,0.817475,0.003360989437650776,0.817475,0.003360989437650776,0.8470875,0.003091343761214508,0.8470875,0.003091343761214508,0.9037500000000002,0.002349201992166698,0.9037500000000002,0.002349201992166698,0.9203000000000001,0.0017140959716421863,0.9203000000000001,0.0017140959716421863,0.6611499999999999,0.0035230491055334512,0.6611499999999999,0.0035230491055334512,0.7122375,0.0036752763501538047,0.7122375,0.0036752763501538047,0.794125,0.0026502751429490308,0.794125,0.0026502751429490308,0.8265416666666667,0.0022881791645080725,0.8265416666666667,0.0022881791645080725,0.7741683843898123,0.00386445476719635,0.7741683843898123,0.00386445476719635,0.9400136673058281,0.00183202605572638,0.9400136673058281,0.00183202605572638,0.8701565389194077,0.003329540212088467,0.8701565389194077,0.003329540212088467,0.9782714726110223,0.0006122965514305642,0.9782714726110223,0.0006122965514305642,0.6050095198236882,0.003984594027309747,0.6050095198236882,0.003984594027309747,0.8518674417277821,0.003881858698984287,0.8518674417277821,0.003881858698984287,0.7497781477109692,0.0031327562978342837,0.7497781477109692,0.0031327562978342837,0.9233841938815441,0.00137260944148075,0.9233841938815441,0.00137260944148075,0.5390838853001304,0.006448128026646225,0.8984761777451649,0.0021071241378333287,0.7024475639698224,0.0053820280464546575,0.8771024596211868,0.002170308417685458,0.8518527171415394,0.0033474549882856006,0.9158231752924451,0.0024846366211290754,0.32679966307066916,0.006232359981379437,0.8644031812694033,0.003068832152973761,0.8736826069334253,0.002335291700127812
E:\MSImaging-data\_msi_visual\Extractions\NRL4485-s2\5_bins\3.npy,superpixel,nmf_3d,10,5000.0,0.0,0.7863671918650128,0.0,70372.0,0.0,46.5,2.8722813232690143,-1.0,0.0,0.0,0.0,40.20710550998338,0.17786218135729473,0.3482960171495274,0.015191722492252526,0.6154441573814691,0.003318232308182223,0.6999577831025575,0.007974790006182893,0.6890097539245666,0.003273538244775057,0.8768893214400035,0.004326091881387526,0.934281675622319,0.0009480140157773732,0.3665109130706692,0.006136988267872106,0.8747761288375303,0.002896245474206599,0.8647050573473611,0.0031707915312975984,0.0,0.0,70372.0,0.0,64.0,0.0,0.05773123923129055,7.777946138407206e-06,0.06945917969561671,2.8170427055975632e-06,0.16290213261145842,4.944847279796978e-06,0.22338031800303443,3.0581580096195083e-06,0.5324496153335556,4.620580385936558e-06,0.18254697588537266,1.2031902085403012e-06,0.5204417797580387,3.4516087269599943e-06,0.17019398919678325,9.338366736544029e-07,5.0,0.0,0.47206132879046,0.0,0.1103896103896104,1.3877787807814457e-17,0.1789358129923802,0.0,0.1789358129923802,0.0,0.44444926243154714,3.286256774497947e-05,0.36752848378615255,2.5508422585576995e-05,0.4023454195441324,2.7710252623962792e-05,0.4023454195441324,2.7710252623962792e-05,0.5421537772388685,5.224792247861278e-06,0.34309691935332404,2.3224788808780283e-06,0.5404964512146646,3.364362045114925e-06,0.23945642133622536,1.2868109041849385e-06,0.5324496153335556,4.620580385936558e-06,0.18254697588537266,1.2031902085403012e-06,0.5184815567024182,2.8330696176036107e-06,0.12264208620203867,6.127894944000406e-07,0.4865783459340987,4.651302529912358e-06,0.05999079384751939,7.211301962267485e-07,0.7719875,0.003289400591293195,0.7719875,0.003289400591293195,0.855475,0.00314880929876676,0.855475,0.00314880929876676,0.8486,0.0020545680811304523,0.8486,0.0020545680811304523,0.9003625000000002,0.001990956114533909,0.9003625000000002,0.001990956114533909,0.6576875,0.0032472344002242807,0.6576875,0.0032472344002242807,0.7820375,0.0024874999999999767,0.7820375,0.0024874999999999767,0.759425,0.002452167408640767,0.759425,0.002452167408640767,0.8459583333333335,0.0021574322443332562,0.8459583333333335,0.0021574322443332562,0.6589173419048071,0.003347022299369269,0.6589173419048071,0.003347022299369269,0.9518053453686001,0.0023456846111763736,0.9518053453686001,0.0023456846111763736,0.7598549497415595,0.0032545050910379888,0.7598549497415595,0.0032545050910379888,0.9775158237514777,0.0008554866983883277,0.9775158237514777,0.0008554866983883277,0.5240984380095063,0.004670215476516265,0.5240984380095063,0.004670215476516265,0.8933726640637876,0.002694367216759509,0.8933726640637876,0.002694367216759509,0.6476235765519577,0.002756622171649133,0.6476235765519577,0.002756622171649133,0.9408979443946219,0.001469007575070699,0.9408979443946219,0.001469007575070699,0.3482960171495274,0.015191722492252526,0.6154441573814691,0.003318232308182223,0.6999577831025575,0.007974790006182893,0.6890097539245666,0.003273538244775057,0.8768893214400035,0.004326091881387526,0.934281675622319,0.0009480140157773732,0.3665109130706692,0.006136988267872106,0.8747761288375303,0.002896245474206599,0.8647050573473611,0.0031707915312975984
