[2026-01-31 19:58:39] INFO compute_initial_viz START | RSS=508MB GPU_alloc=0MB GPU_reserved=0MB
[2026-01-31 19:58:39] INFO config loaded | RSS=520MB GPU_alloc=0MB GPU_reserved=0MB
[2026-01-31 19:58:39] ERROR compute_initial_viz FAILED: Invalid data.input_path: r"E:\MSImaging-data\_msi_visual\Extractions\NRL4558_5um\5bins\1" | RSS=523MB GPU_alloc=0MB GPU_reserved=0MB
[2026-01-31 19:59:18] INFO compute_initial_viz START | RSS=508MB GPU_alloc=0MB GPU_reserved=0MB
[2026-01-31 19:59:18] INFO config loaded | RSS=520MB GPU_alloc=0MB GPU_reserved=0MB
[2026-01-31 19:59:18] ERROR compute_initial_viz FAILED: Invalid data.input_path: r"E:\MSImaging-data\_msi_visual\Extractions\NRL4558_5um\5bins\1\*.npy" | RSS=522MB GPU_alloc=0MB GPU_reserved=0MB
[2026-01-31 20:00:04] INFO compute_initial_viz START | RSS=508MB GPU_alloc=0MB GPU_reserved=0MB
[2026-01-31 20:00:04] INFO config loaded | RSS=520MB GPU_alloc=0MB GPU_reserved=0MB
[2026-01-31 20:00:04] ERROR compute_initial_viz FAILED: Invalid data.input_path: r"E:\MSImaging-data\_msi_visual\Extractions\NRL4558_5um\5bins\1\*.npy" | RSS=522MB GPU_alloc=0MB GPU_reserved=0MB
[2026-01-31 20:00:46] INFO compute_initial_viz START | RSS=508MB GPU_alloc=0MB GPU_reserved=0MB
[2026-01-31 20:00:46] INFO config loaded | RSS=520MB GPU_alloc=0MB GPU_reserved=0MB
[2026-01-31 20:00:46] ERROR compute_initial_viz FAILED: Invalid data.input_path: r"E:\MSImaging-data\_msi_visual\Extractions\NRL4558_5um\5bins\1\0.npy" | RSS=522MB GPU_alloc=0MB GPU_reserved=0MB
[2026-01-31 20:02:37] INFO compute_initial_viz START | RSS=508MB GPU_alloc=0MB GPU_reserved=0MB
[2026-01-31 20:02:37] INFO config loaded | RSS=520MB GPU_alloc=0MB GPU_reserved=0MB
[2026-01-31 20:02:37] ERROR compute_initial_viz FAILED: Invalid data.input_path: r"E:\MSImaging-data\_msi_visual\Extractions\NRL4558_5um\5bins\1\" | RSS=523MB GPU_alloc=0MB GPU_reserved=0MB
[2026-01-31 20:03:34] INFO compute_initial_viz START | RSS=508MB GPU_alloc=0MB GPU_reserved=0MB
[2026-01-31 20:03:34] INFO config loaded | RSS=520MB GPU_alloc=0MB GPU_reserved=0MB
[2026-01-31 20:03:34] ERROR compute_initial_viz FAILED: Invalid data.input_path: r"E:\MSImaging-data\_msi_visual\Extractions\NRL4558_5um\5bins\1\" | RSS=522MB GPU_alloc=0MB GPU_reserved=0MB
[2026-01-31 20:04:30] INFO compute_initial_viz START | RSS=508MB GPU_alloc=0MB GPU_reserved=0MB
[2026-01-31 20:04:30] INFO config loaded | RSS=520MB GPU_alloc=0MB GPU_reserved=0MB
[2026-01-31 20:05:49] INFO image loaded shape=(1054,1382,5005) from E:\MSImaging-data\_msi_visual\Extractions\NRL4558_5um\5bins\1\0.npy | RSS=28333MB GPU_alloc=0MB GPU_reserved=0MB
[2026-01-31 20:05:49] INFO creating new model and fitting | RSS=28333MB GPU_alloc=0MB GPU_reserved=0MB
[2026-01-31 20:07:45] INFO running predict (train) | RSS=29910MB GPU_alloc=382MB GPU_reserved=816MB
[2026-01-31 20:07:59] INFO compute_initial_viz DONE | RSS=29963MB GPU_alloc=382MB GPU_reserved=2210MB
[2026-01-31 20:13:00] INFO reload_viz using ROI (149 points) | RSS=29976MB GPU_alloc=382MB GPU_reserved=2210MB
[2026-01-31 20:13:00] INFO recompute_viz START | RSS=29976MB GPU_alloc=382MB GPU_reserved=2210MB
[2026-01-31 20:13:00] INFO releasing previous model (GPU + large tensors) | RSS=29976MB GPU_alloc=382MB GPU_reserved=2210MB
[2026-01-31 20:13:00] INFO after release + gc + cuda empty_cache | RSS=29956MB GPU_alloc=16MB GPU_reserved=40MB
[2026-01-31 20:13:00] INFO ROI mask built H=1054 W=1382 roi_pixels=156613 | RSS=29957MB GPU_alloc=16MB GPU_reserved=40MB
[2026-01-31 20:13:00] INFO creating new MSIParametricMiCSLMC | RSS=29957MB GPU_alloc=16MB GPU_reserved=40MB
[2026-01-31 20:13:00] INFO calling set_image(roi_mask=..., category_annotations=...) | RSS=29957MB GPU_alloc=16MB GPU_reserved=40MB
[2026-01-31 20:13:57] INFO training 100 epochs | RSS=29988MB GPU_alloc=123MB GPU_reserved=134MB
[2026-01-31 20:13:58] INFO epoch 1/100 | RSS=29988MB GPU_alloc=340MB GPU_reserved=644MB
[2026-01-31 20:13:58] INFO epoch 20/100 | RSS=29988MB GPU_alloc=340MB GPU_reserved=688MB
[2026-01-31 20:13:59] INFO epoch 40/100 | RSS=29988MB GPU_alloc=340MB GPU_reserved=688MB
[2026-01-31 20:14:00] INFO epoch 60/100 | RSS=29988MB GPU_alloc=340MB GPU_reserved=688MB
[2026-01-31 20:14:00] INFO epoch 80/100 | RSS=29988MB GPU_alloc=340MB GPU_reserved=688MB
[2026-01-31 20:14:01] INFO epoch 100/100 | RSS=29988MB GPU_alloc=340MB GPU_reserved=688MB
[2026-01-31 20:14:01] INFO running predict | RSS=29988MB GPU_alloc=340MB GPU_reserved=688MB
[2026-01-31 20:14:16] INFO recompute_viz DONE | RSS=30028MB GPU_alloc=340MB GPU_reserved=2082MB
[2026-01-31 20:16:18] INFO reload_viz using ROI (149 points) | RSS=30029MB GPU_alloc=340MB GPU_reserved=370MB
[2026-01-31 20:16:18] INFO recompute_viz START | RSS=30029MB GPU_alloc=340MB GPU_reserved=370MB
[2026-01-31 20:16:18] INFO releasing previous model (GPU + large tensors) | RSS=30029MB GPU_alloc=340MB GPU_reserved=370MB
[2026-01-31 20:16:18] INFO after release + gc + cuda empty_cache | RSS=30107MB GPU_alloc=16MB GPU_reserved=40MB
[2026-01-31 20:16:18] INFO ROI mask built H=1054 W=1382 roi_pixels=156613 | RSS=30108MB GPU_alloc=16MB GPU_reserved=40MB
[2026-01-31 20:16:18] INFO creating new MSIParametricMiCSLMC | RSS=30108MB GPU_alloc=16MB GPU_reserved=40MB
[2026-01-31 20:16:18] INFO category_annotations: 2 polygons | RSS=30108MB GPU_alloc=16MB GPU_reserved=40MB
[2026-01-31 20:16:18] INFO calling set_image(roi_mask=..., category_annotations=...) | RSS=30108MB GPU_alloc=16MB GPU_reserved=40MB
[2026-01-31 20:18:23] INFO training 100 epochs | RSS=30093MB GPU_alloc=157MB GPU_reserved=178MB
[2026-01-31 20:18:24] INFO epoch 1/100 | RSS=30093MB GPU_alloc=373MB GPU_reserved=808MB
[2026-01-31 20:18:26] INFO epoch 20/100 | RSS=30093MB GPU_alloc=373MB GPU_reserved=810MB
[2026-01-31 20:18:28] INFO epoch 40/100 | RSS=30093MB GPU_alloc=373MB GPU_reserved=810MB
[2026-01-31 20:18:31] INFO epoch 60/100 | RSS=30093MB GPU_alloc=373MB GPU_reserved=810MB
[2026-01-31 20:18:33] INFO epoch 80/100 | RSS=30093MB GPU_alloc=373MB GPU_reserved=810MB
[2026-01-31 20:18:36] INFO epoch 100/100 | RSS=30093MB GPU_alloc=373MB GPU_reserved=810MB
[2026-01-31 20:18:36] INFO running predict | RSS=30093MB GPU_alloc=373MB GPU_reserved=810MB
[2026-01-31 20:18:51] INFO recompute_viz DONE | RSS=30133MB GPU_alloc=373MB GPU_reserved=2204MB
[2026-01-31 20:19:43] INFO reload_viz using ROI (149 points) | RSS=30133MB GPU_alloc=373MB GPU_reserved=414MB
[2026-01-31 20:19:43] INFO recompute_viz START | RSS=30133MB GPU_alloc=373MB GPU_reserved=414MB
[2026-01-31 20:19:43] INFO releasing previous model (GPU + large tensors) | RSS=30133MB GPU_alloc=373MB GPU_reserved=414MB
[2026-01-31 20:19:43] INFO after release + gc + cuda empty_cache | RSS=30128MB GPU_alloc=16MB GPU_reserved=40MB
[2026-01-31 20:19:43] INFO ROI mask built H=1054 W=1382 roi_pixels=156613 | RSS=30129MB GPU_alloc=16MB GPU_reserved=40MB
[2026-01-31 20:19:43] INFO creating new MSIParametricMiCSLMC | RSS=30129MB GPU_alloc=16MB GPU_reserved=40MB
[2026-01-31 20:19:43] INFO category_annotations: 2 polygons | RSS=30129MB GPU_alloc=16MB GPU_reserved=40MB
[2026-01-31 20:19:43] INFO calling set_image(roi_mask=..., category_annotations=...) | RSS=30129MB GPU_alloc=16MB GPU_reserved=40MB
[2026-01-31 20:21:48] INFO training 100 epochs | RSS=30095MB GPU_alloc=157MB GPU_reserved=178MB
[2026-01-31 20:21:48] INFO epoch 1/100 | RSS=30095MB GPU_alloc=373MB GPU_reserved=808MB
[2026-01-31 20:21:50] INFO epoch 20/100 | RSS=30095MB GPU_alloc=373MB GPU_reserved=810MB
[2026-01-31 20:21:53] INFO epoch 40/100 | RSS=30095MB GPU_alloc=373MB GPU_reserved=810MB
[2026-01-31 20:21:55] INFO epoch 60/100 | RSS=30095MB GPU_alloc=373MB GPU_reserved=810MB
[2026-01-31 20:21:58] INFO epoch 80/100 | RSS=30095MB GPU_alloc=373MB GPU_reserved=810MB
[2026-01-31 20:22:00] INFO epoch 100/100 | RSS=30095MB GPU_alloc=373MB GPU_reserved=810MB
[2026-01-31 20:22:00] INFO running predict | RSS=30095MB GPU_alloc=373MB GPU_reserved=810MB
[2026-01-31 20:22:16] INFO recompute_viz DONE | RSS=30135MB GPU_alloc=373MB GPU_reserved=2204MB
[2026-01-31 20:23:10] INFO reload_viz using ROI (149 points) | RSS=30136MB GPU_alloc=373MB GPU_reserved=414MB
[2026-01-31 20:23:10] INFO recompute_viz START | RSS=30136MB GPU_alloc=373MB GPU_reserved=414MB
[2026-01-31 20:23:10] INFO releasing previous model (GPU + large tensors) | RSS=30136MB GPU_alloc=373MB GPU_reserved=414MB
[2026-01-31 20:23:10] INFO after release + gc + cuda empty_cache | RSS=30131MB GPU_alloc=16MB GPU_reserved=40MB
[2026-01-31 20:23:10] INFO ROI mask built H=1054 W=1382 roi_pixels=156613 | RSS=30132MB GPU_alloc=16MB GPU_reserved=40MB
[2026-01-31 20:23:10] INFO creating new MSIParametricMiCSLMC | RSS=30132MB GPU_alloc=16MB GPU_reserved=40MB
[2026-01-31 20:23:10] INFO category_annotations: 2 polygons | RSS=30132MB GPU_alloc=16MB GPU_reserved=40MB
[2026-01-31 20:23:10] INFO calling set_image(roi_mask=..., category_annotations=...) | RSS=30132MB GPU_alloc=16MB GPU_reserved=40MB
[2026-01-31 20:25:36] INFO training 100 epochs | RSS=30106MB GPU_alloc=157MB GPU_reserved=178MB
[2026-01-31 20:25:36] INFO epoch 1/100 | RSS=30106MB GPU_alloc=373MB GPU_reserved=812MB
[2026-01-31 20:25:39] INFO epoch 20/100 | RSS=30106MB GPU_alloc=373MB GPU_reserved=812MB
[2026-01-31 20:25:41] INFO epoch 40/100 | RSS=30106MB GPU_alloc=373MB GPU_reserved=812MB
[2026-01-31 20:25:44] INFO epoch 60/100 | RSS=30106MB GPU_alloc=373MB GPU_reserved=812MB
[2026-01-31 20:25:46] INFO epoch 80/100 | RSS=30106MB GPU_alloc=373MB GPU_reserved=812MB
[2026-01-31 20:25:48] INFO epoch 100/100 | RSS=30106MB GPU_alloc=373MB GPU_reserved=812MB
[2026-01-31 20:25:48] INFO running predict | RSS=30106MB GPU_alloc=373MB GPU_reserved=812MB
[2026-01-31 20:26:04] INFO recompute_viz DONE | RSS=30146MB GPU_alloc=373MB GPU_reserved=2206MB
[2026-01-31 20:26:45] INFO reload_viz using ROI (149 points) | RSS=30146MB GPU_alloc=373MB GPU_reserved=414MB
[2026-01-31 20:26:45] INFO recompute_viz START | RSS=30146MB GPU_alloc=373MB GPU_reserved=414MB
[2026-01-31 20:26:45] INFO releasing previous model (GPU + large tensors) | RSS=30146MB GPU_alloc=373MB GPU_reserved=414MB
[2026-01-31 20:26:46] INFO after release + gc + cuda empty_cache | RSS=30140MB GPU_alloc=16MB GPU_reserved=40MB
[2026-01-31 20:26:46] INFO ROI mask built H=1054 W=1382 roi_pixels=156613 | RSS=30142MB GPU_alloc=16MB GPU_reserved=40MB
[2026-01-31 20:26:46] INFO creating new MSIParametricMiCSLMC | RSS=30142MB GPU_alloc=16MB GPU_reserved=40MB
[2026-01-31 20:26:46] INFO category_annotations: 2 polygons | RSS=30142MB GPU_alloc=16MB GPU_reserved=40MB
[2026-01-31 20:26:46] INFO calling set_image(roi_mask=..., category_annotations=...) | RSS=30142MB GPU_alloc=16MB GPU_reserved=40MB
[2026-01-31 20:28:26] INFO training 100 epochs | RSS=30106MB GPU_alloc=157MB GPU_reserved=178MB
[2026-01-31 20:28:27] INFO epoch 1/100 | RSS=30106MB GPU_alloc=373MB GPU_reserved=806MB
[2026-01-31 20:28:29] INFO epoch 20/100 | RSS=30106MB GPU_alloc=373MB GPU_reserved=808MB
[2026-01-31 20:28:31] INFO epoch 40/100 | RSS=30106MB GPU_alloc=373MB GPU_reserved=808MB
[2026-01-31 20:28:34] INFO epoch 60/100 | RSS=30106MB GPU_alloc=373MB GPU_reserved=808MB
[2026-01-31 20:28:36] INFO epoch 80/100 | RSS=30106MB GPU_alloc=373MB GPU_reserved=808MB
[2026-01-31 20:28:38] INFO epoch 100/100 | RSS=30106MB GPU_alloc=373MB GPU_reserved=808MB
[2026-01-31 20:28:38] INFO running predict | RSS=30106MB GPU_alloc=373MB GPU_reserved=808MB
[2026-01-31 20:28:53] INFO recompute_viz DONE | RSS=30146MB GPU_alloc=373MB GPU_reserved=2202MB
[2026-02-01 05:42:14] INFO compute_initial_viz START | RSS=508MB GPU_alloc=0MB GPU_reserved=0MB
[2026-02-01 05:42:14] INFO config loaded | RSS=520MB GPU_alloc=0MB GPU_reserved=0MB
[2026-02-01 05:42:33] INFO image loaded shape=(1054,1382,5005) from E:\MSImaging-data\_msi_visual\Extractions\NRL4558_5um\5bins\1\0.npy | RSS=28334MB GPU_alloc=0MB GPU_reserved=0MB
[2026-02-01 05:42:33] INFO creating new model and fitting | RSS=28334MB GPU_alloc=0MB GPU_reserved=0MB
[2026-02-01 05:44:10] INFO running predict (train) | RSS=29911MB GPU_alloc=382MB GPU_reserved=820MB
[2026-02-01 05:44:25] INFO compute_initial_viz DONE | RSS=29964MB GPU_alloc=382MB GPU_reserved=2214MB
[2026-02-01 05:45:21] INFO recompute_viz START | RSS=29977MB GPU_alloc=382MB GPU_reserved=2214MB
[2026-02-01 05:45:21] INFO releasing previous model (GPU + large tensors) | RSS=29977MB GPU_alloc=382MB GPU_reserved=2214MB
[2026-02-01 05:45:22] INFO after release + gc + cuda empty_cache | RSS=29956MB GPU_alloc=16MB GPU_reserved=40MB
[2026-02-01 05:45:22] INFO ROI mask built H=1054 W=1382 roi_pixels=186425 | RSS=29957MB GPU_alloc=16MB GPU_reserved=40MB
[2026-02-01 05:45:22] INFO creating new MSIParametricMiCSLMC | RSS=29957MB GPU_alloc=16MB GPU_reserved=40MB
[2026-02-01 05:45:22] INFO calling set_image(roi_mask=..., category_annotations=...) | RSS=29958MB GPU_alloc=16MB GPU_reserved=40MB
[2026-02-01 05:46:44] INFO training 100 epochs | RSS=30103MB GPU_alloc=164MB GPU_reserved=186MB
[2026-02-01 05:46:44] INFO epoch 1/100 | RSS=30103MB GPU_alloc=380MB GPU_reserved=816MB
[2026-02-01 05:46:47] INFO epoch 20/100 | RSS=30103MB GPU_alloc=380MB GPU_reserved=816MB
[2026-02-01 05:46:50] INFO epoch 40/100 | RSS=30103MB GPU_alloc=380MB GPU_reserved=816MB
[2026-02-01 05:46:52] INFO epoch 60/100 | RSS=30103MB GPU_alloc=380MB GPU_reserved=816MB
[2026-02-01 05:46:55] INFO epoch 80/100 | RSS=30103MB GPU_alloc=380MB GPU_reserved=816MB
[2026-02-01 05:46:58] INFO epoch 100/100 | RSS=30103MB GPU_alloc=380MB GPU_reserved=816MB
[2026-02-01 05:46:58] INFO running predict | RSS=30103MB GPU_alloc=380MB GPU_reserved=816MB
[2026-02-01 05:47:12] INFO recompute_viz DONE | RSS=30143MB GPU_alloc=380MB GPU_reserved=2210MB
[2026-02-01 05:48:33] INFO reload_viz using ROI (153 points) | RSS=30144MB GPU_alloc=380MB GPU_reserved=426MB
[2026-02-01 05:48:33] INFO recompute_viz START | RSS=30144MB GPU_alloc=380MB GPU_reserved=426MB
[2026-02-01 05:48:33] INFO releasing previous model (GPU + large tensors) | RSS=30144MB GPU_alloc=380MB GPU_reserved=426MB
[2026-02-01 05:48:33] INFO after release + gc + cuda empty_cache | RSS=30120MB GPU_alloc=16MB GPU_reserved=40MB
[2026-02-01 05:48:33] INFO ROI mask built H=1054 W=1382 roi_pixels=186425 | RSS=30121MB GPU_alloc=16MB GPU_reserved=40MB
[2026-02-01 05:48:33] INFO creating new MSIParametricMiCSLMC | RSS=30121MB GPU_alloc=16MB GPU_reserved=40MB
[2026-02-01 05:48:33] INFO calling set_image(roi_mask=..., category_annotations=...) | RSS=30121MB GPU_alloc=16MB GPU_reserved=40MB
[2026-02-01 05:50:00] INFO training 200 epochs | RSS=30105MB GPU_alloc=164MB GPU_reserved=186MB
[2026-02-01 05:50:01] INFO epoch 1/200 | RSS=30105MB GPU_alloc=380MB GPU_reserved=816MB
[2026-02-01 05:50:04] INFO epoch 20/200 | RSS=30105MB GPU_alloc=380MB GPU_reserved=816MB
[2026-02-01 05:50:06] INFO epoch 40/200 | RSS=30105MB GPU_alloc=380MB GPU_reserved=816MB
[2026-02-01 05:50:09] INFO epoch 60/200 | RSS=30105MB GPU_alloc=380MB GPU_reserved=816MB
[2026-02-01 05:50:12] INFO epoch 80/200 | RSS=30105MB GPU_alloc=380MB GPU_reserved=816MB
[2026-02-01 05:50:15] INFO epoch 100/200 | RSS=30105MB GPU_alloc=380MB GPU_reserved=816MB
[2026-02-01 05:50:18] INFO epoch 120/200 | RSS=30105MB GPU_alloc=380MB GPU_reserved=816MB
[2026-02-01 05:50:21] INFO epoch 140/200 | RSS=30105MB GPU_alloc=380MB GPU_reserved=816MB
[2026-02-01 05:50:24] INFO epoch 160/200 | RSS=30105MB GPU_alloc=380MB GPU_reserved=816MB
[2026-02-01 05:50:27] INFO epoch 180/200 | RSS=30105MB GPU_alloc=380MB GPU_reserved=818MB
[2026-02-01 05:50:30] INFO epoch 200/200 | RSS=30105MB GPU_alloc=380MB GPU_reserved=818MB
[2026-02-01 05:50:30] INFO running predict | RSS=30105MB GPU_alloc=380MB GPU_reserved=818MB
[2026-02-01 05:50:46] INFO recompute_viz DONE | RSS=30145MB GPU_alloc=380MB GPU_reserved=2212MB
[2026-02-01 05:51:24] INFO reload_viz using ROI (153 points) | RSS=30145MB GPU_alloc=380MB GPU_reserved=426MB
[2026-02-01 05:51:24] INFO recompute_viz START | RSS=30145MB GPU_alloc=380MB GPU_reserved=426MB
[2026-02-01 05:51:24] INFO releasing previous model (GPU + large tensors) | RSS=30145MB GPU_alloc=380MB GPU_reserved=426MB
[2026-02-01 05:51:24] INFO after release + gc + cuda empty_cache | RSS=30121MB GPU_alloc=16MB GPU_reserved=40MB
[2026-02-01 05:51:24] INFO ROI mask built H=1054 W=1382 roi_pixels=186425 | RSS=30122MB GPU_alloc=16MB GPU_reserved=40MB
[2026-02-01 05:51:24] INFO creating new MSIParametricMiCSLMC | RSS=30122MB GPU_alloc=16MB GPU_reserved=40MB
[2026-02-01 05:51:24] INFO calling set_image(roi_mask=..., category_annotations=...) | RSS=30122MB GPU_alloc=16MB GPU_reserved=40MB
[2026-02-01 05:52:55] INFO training 200 epochs | RSS=30105MB GPU_alloc=164MB GPU_reserved=186MB
[2026-02-01 05:52:55] INFO epoch 1/200 | RSS=30105MB GPU_alloc=380MB GPU_reserved=816MB
[2026-02-01 05:52:58] INFO epoch 20/200 | RSS=30105MB GPU_alloc=380MB GPU_reserved=816MB
[2026-02-01 05:53:01] INFO epoch 40/200 | RSS=30105MB GPU_alloc=380MB GPU_reserved=816MB
[2026-02-01 05:53:04] INFO epoch 60/200 | RSS=30105MB GPU_alloc=380MB GPU_reserved=816MB
[2026-02-01 05:53:06] INFO epoch 80/200 | RSS=30105MB GPU_alloc=380MB GPU_reserved=816MB
[2026-02-01 05:53:09] INFO epoch 100/200 | RSS=30105MB GPU_alloc=380MB GPU_reserved=816MB
[2026-02-01 05:53:12] INFO epoch 120/200 | RSS=30105MB GPU_alloc=380MB GPU_reserved=816MB
[2026-02-01 05:53:16] INFO epoch 140/200 | RSS=30105MB GPU_alloc=380MB GPU_reserved=816MB
[2026-02-01 05:53:19] INFO epoch 160/200 | RSS=30105MB GPU_alloc=380MB GPU_reserved=816MB
[2026-02-01 05:53:22] INFO epoch 180/200 | RSS=30105MB GPU_alloc=380MB GPU_reserved=818MB
[2026-02-01 05:53:25] INFO epoch 200/200 | RSS=30105MB GPU_alloc=380MB GPU_reserved=818MB
[2026-02-01 05:53:25] INFO running predict | RSS=30105MB GPU_alloc=380MB GPU_reserved=818MB
[2026-02-01 05:53:41] INFO recompute_viz DONE | RSS=30146MB GPU_alloc=380MB GPU_reserved=2212MB
[2026-02-01 06:19:42] INFO compute_initial_viz START | RSS=508MB GPU_alloc=0MB GPU_reserved=0MB
[2026-02-01 06:19:42] INFO config loaded | RSS=519MB GPU_alloc=0MB GPU_reserved=0MB
[2026-02-01 06:20:01] INFO image loaded shape=(1054,1382,5005) from E:\MSImaging-data\_msi_visual\Extractions\NRL4558_5um\5bins\1\0.npy | RSS=28334MB GPU_alloc=0MB GPU_reserved=0MB
[2026-02-01 06:20:01] INFO creating new model and fitting | RSS=28334MB GPU_alloc=0MB GPU_reserved=0MB
[2026-02-01 06:21:54] INFO running predict (train) | RSS=29912MB GPU_alloc=382MB GPU_reserved=816MB
[2026-02-01 06:22:10] INFO compute_initial_viz DONE | RSS=29966MB GPU_alloc=382MB GPU_reserved=2210MB
[2026-02-01 06:26:32] INFO reload_viz using full image (no ROI) | RSS=29977MB GPU_alloc=382MB GPU_reserved=2210MB
[2026-02-01 06:26:32] INFO compute_initial_viz START | RSS=29977MB GPU_alloc=382MB GPU_reserved=2210MB
[2026-02-01 06:26:32] INFO config loaded | RSS=29957MB GPU_alloc=16MB GPU_reserved=40MB
[2026-02-01 06:26:32] INFO reusing cached image (path unchanged): E:\MSImaging-data\_msi_visual\Extractions\NRL4558_5um\5bins\1\0.npy | RSS=29957MB GPU_alloc=16MB GPU_reserved=40MB
[2026-02-01 06:26:32] INFO creating new model and fitting | RSS=29957MB GPU_alloc=16MB GPU_reserved=40MB
[2026-02-01 06:27:50] INFO running predict (train) | RSS=30109MB GPU_alloc=382MB GPU_reserved=816MB
[2026-02-01 06:28:05] INFO compute_initial_viz DONE | RSS=30150MB GPU_alloc=382MB GPU_reserved=2210MB
[2026-02-01 06:28:52] INFO reload_viz using ROI (176 points) | RSS=30150MB GPU_alloc=382MB GPU_reserved=2210MB
[2026-02-01 06:28:52] INFO recompute_viz START | RSS=30150MB GPU_alloc=382MB GPU_reserved=2210MB
[2026-02-01 06:28:52] INFO releasing previous model (GPU + large tensors) | RSS=30150MB GPU_alloc=382MB GPU_reserved=2210MB
[2026-02-01 06:28:53] INFO after release + gc + cuda empty_cache | RSS=30123MB GPU_alloc=16MB GPU_reserved=40MB
[2026-02-01 06:28:53] INFO ROI mask built H=1054 W=1382 roi_pixels=194986 | RSS=30124MB GPU_alloc=16MB GPU_reserved=40MB
[2026-02-01 06:28:53] INFO creating new MSIParametricMiCSLMC | RSS=30124MB GPU_alloc=16MB GPU_reserved=40MB
[2026-02-01 06:28:53] INFO calling set_image(roi_mask=..., category_annotations=...) | RSS=30124MB GPU_alloc=16MB GPU_reserved=40MB
[2026-02-01 06:29:55] INFO training 100 epochs | RSS=30111MB GPU_alloc=166MB GPU_reserved=186MB
[2026-02-01 06:29:55] INFO epoch 1/100 | RSS=30112MB GPU_alloc=382MB GPU_reserved=816MB
[2026-02-01 06:29:58] INFO epoch 20/100 | RSS=30112MB GPU_alloc=382MB GPU_reserved=816MB
[2026-02-01 06:30:01] INFO epoch 40/100 | RSS=30112MB GPU_alloc=382MB GPU_reserved=818MB
[2026-02-01 06:30:03] INFO epoch 60/100 | RSS=30112MB GPU_alloc=382MB GPU_reserved=818MB
[2026-02-01 06:30:06] INFO epoch 80/100 | RSS=30112MB GPU_alloc=382MB GPU_reserved=818MB
[2026-02-01 06:30:09] INFO epoch 100/100 | RSS=30112MB GPU_alloc=382MB GPU_reserved=818MB
[2026-02-01 06:30:09] INFO running predict | RSS=30112MB GPU_alloc=382MB GPU_reserved=818MB
[2026-02-01 06:30:23] INFO recompute_viz DONE | RSS=30152MB GPU_alloc=382MB GPU_reserved=2212MB
[2026-02-01 06:32:21] INFO reload_viz using ROI (176 points) | RSS=30154MB GPU_alloc=382MB GPU_reserved=426MB
[2026-02-01 06:32:21] INFO recompute_viz START | RSS=30154MB GPU_alloc=382MB GPU_reserved=426MB
[2026-02-01 06:32:21] INFO releasing previous model (GPU + large tensors) | RSS=30154MB GPU_alloc=382MB GPU_reserved=426MB
[2026-02-01 06:32:22] INFO after release + gc + cuda empty_cache | RSS=30125MB GPU_alloc=16MB GPU_reserved=40MB
[2026-02-01 06:32:22] INFO ROI mask built H=1054 W=1382 roi_pixels=194986 | RSS=30127MB GPU_alloc=16MB GPU_reserved=40MB
[2026-02-01 06:32:22] INFO creating new MSIParametricMiCSLMC | RSS=30127MB GPU_alloc=16MB GPU_reserved=40MB
[2026-02-01 06:32:22] INFO calling set_image(roi_mask=..., category_annotations=...) | RSS=30127MB GPU_alloc=16MB GPU_reserved=40MB
[2026-02-01 06:33:29] INFO training 100 epochs | RSS=30115MB GPU_alloc=166MB GPU_reserved=186MB
[2026-02-01 06:33:30] INFO epoch 1/100 | RSS=30115MB GPU_alloc=382MB GPU_reserved=814MB
[2026-02-01 06:33:32] INFO epoch 20/100 | RSS=30115MB GPU_alloc=382MB GPU_reserved=816MB
[2026-02-01 06:33:35] INFO epoch 40/100 | RSS=30115MB GPU_alloc=382MB GPU_reserved=816MB
[2026-02-01 06:33:38] INFO epoch 60/100 | RSS=30115MB GPU_alloc=382MB GPU_reserved=816MB
[2026-02-01 06:33:41] INFO epoch 80/100 | RSS=30115MB GPU_alloc=382MB GPU_reserved=816MB
[2026-02-01 06:33:43] INFO epoch 100/100 | RSS=30115MB GPU_alloc=382MB GPU_reserved=816MB
[2026-02-01 06:33:43] INFO running predict | RSS=30115MB GPU_alloc=382MB GPU_reserved=816MB
[2026-02-01 06:33:59] INFO recompute_viz DONE | RSS=30155MB GPU_alloc=382MB GPU_reserved=2210MB
[2026-02-01 06:40:24] INFO reload_viz using ROI (176 points) | RSS=30155MB GPU_alloc=382MB GPU_reserved=426MB
[2026-02-01 06:40:24] INFO recompute_viz START | RSS=30155MB GPU_alloc=382MB GPU_reserved=426MB
[2026-02-01 06:40:24] INFO releasing previous model (GPU + large tensors) | RSS=30155MB GPU_alloc=382MB GPU_reserved=426MB
[2026-02-01 06:40:25] INFO after release + gc + cuda empty_cache | RSS=30127MB GPU_alloc=16MB GPU_reserved=40MB
[2026-02-01 06:40:25] INFO ROI mask built H=1054 W=1382 roi_pixels=194986 | RSS=30128MB GPU_alloc=16MB GPU_reserved=40MB
[2026-02-01 06:40:25] INFO creating new MSIParametricMiCSLMC | RSS=30128MB GPU_alloc=16MB GPU_reserved=40MB
[2026-02-01 06:40:25] INFO calling set_image(roi_mask=..., category_annotations=...) | RSS=30128MB GPU_alloc=16MB GPU_reserved=40MB
[2026-02-01 06:41:33] INFO training 100 epochs | RSS=30115MB GPU_alloc=166MB GPU_reserved=186MB
[2026-02-01 06:41:34] INFO epoch 1/100 | RSS=30115MB GPU_alloc=382MB GPU_reserved=814MB
[2026-02-01 06:41:36] INFO epoch 20/100 | RSS=30115MB GPU_alloc=382MB GPU_reserved=816MB
[2026-02-01 06:41:39] INFO epoch 40/100 | RSS=30115MB GPU_alloc=382MB GPU_reserved=816MB
[2026-02-01 06:41:42] INFO epoch 60/100 | RSS=30115MB GPU_alloc=382MB GPU_reserved=816MB
[2026-02-01 06:41:45] INFO epoch 80/100 | RSS=30115MB GPU_alloc=382MB GPU_reserved=816MB
[2026-02-01 06:41:47] INFO epoch 100/100 | RSS=30115MB GPU_alloc=382MB GPU_reserved=816MB
[2026-02-01 06:41:47] INFO running predict | RSS=30115MB GPU_alloc=382MB GPU_reserved=816MB
[2026-02-01 06:42:02] INFO recompute_viz DONE | RSS=30155MB GPU_alloc=382MB GPU_reserved=2210MB
[2026-02-03 13:56:20] INFO recompute_viz START | RSS=30157MB GPU_alloc=382MB GPU_reserved=426MB
[2026-02-03 13:56:20] INFO releasing previous model (GPU + large tensors) | RSS=30157MB GPU_alloc=382MB GPU_reserved=426MB
[2026-02-03 13:56:21] INFO after release + gc + cuda empty_cache | RSS=30128MB GPU_alloc=16MB GPU_reserved=40MB
[2026-02-03 13:56:21] INFO ROI mask built H=1054 W=1382 roi_pixels=194986 | RSS=30129MB GPU_alloc=16MB GPU_reserved=40MB
[2026-02-03 13:56:21] INFO creating new MSIParametricMiCSLMC | RSS=30129MB GPU_alloc=16MB GPU_reserved=40MB
[2026-02-03 13:56:21] INFO calling set_image(roi_mask=..., category_annotations=...) | RSS=30129MB GPU_alloc=16MB GPU_reserved=40MB
[2026-02-03 13:56:50] INFO reload_viz using ROI (176 points) | RSS=30277MB GPU_alloc=16MB GPU_reserved=40MB
[2026-02-03 13:56:50] INFO recompute_viz START | RSS=30277MB GPU_alloc=16MB GPU_reserved=40MB
[2026-02-03 13:56:50] INFO releasing previous model (GPU + large tensors) | RSS=30277MB GPU_alloc=16MB GPU_reserved=40MB
[2026-02-03 13:56:51] INFO after release + gc + cuda empty_cache | RSS=30199MB GPU_alloc=16MB GPU_reserved=40MB
[2026-02-03 13:56:51] INFO ROI mask built H=1054 W=1382 roi_pixels=194986 | RSS=30211MB GPU_alloc=16MB GPU_reserved=40MB
[2026-02-03 13:56:51] INFO creating new MSIParametricMiCSLMC | RSS=30211MB GPU_alloc=16MB GPU_reserved=40MB
[2026-02-03 13:56:51] INFO calling set_image(roi_mask=..., category_annotations=...) | RSS=30211MB GPU_alloc=16MB GPU_reserved=40MB
[2026-02-03 13:57:38] INFO training 100 epochs | RSS=30775MB GPU_alloc=258MB GPU_reserved=278MB
[2026-02-03 13:57:38] INFO epoch 1/100 | RSS=30776MB GPU_alloc=474MB GPU_reserved=906MB
[2026-02-03 13:57:41] INFO epoch 20/100 | RSS=30782MB GPU_alloc=474MB GPU_reserved=908MB
[2026-02-03 13:57:44] INFO epoch 40/100 | RSS=30788MB GPU_alloc=474MB GPU_reserved=908MB
[2026-02-03 13:57:46] INFO epoch 60/100 | RSS=30795MB GPU_alloc=474MB GPU_reserved=908MB
[2026-02-03 13:57:49] INFO epoch 80/100 | RSS=30802MB GPU_alloc=474MB GPU_reserved=908MB
[2026-02-03 13:57:52] INFO epoch 100/100 | RSS=30808MB GPU_alloc=474MB GPU_reserved=908MB
[2026-02-03 13:57:52] INFO running predict | RSS=30808MB GPU_alloc=474MB GPU_reserved=908MB
[2026-02-03 13:58:09] INFO recompute_viz DONE | RSS=30501MB GPU_alloc=474MB GPU_reserved=2302MB
[2026-02-03 13:58:17] INFO training 30 epochs | RSS=30342MB GPU_alloc=557MB GPU_reserved=596MB
[2026-02-03 13:58:17] INFO epoch 1/30 | RSS=30342MB GPU_alloc=781MB GPU_reserved=1248MB
[2026-02-03 13:58:21] INFO epoch 20/30 | RSS=30342MB GPU_alloc=781MB GPU_reserved=1248MB
[2026-02-03 13:58:23] INFO running predict | RSS=30342MB GPU_alloc=781MB GPU_reserved=1248MB
[2026-02-03 13:58:39] INFO recompute_viz DONE | RSS=30378MB GPU_alloc=781MB GPU_reserved=2642MB
[2026-02-03 14:00:00] INFO reload_viz using ROI (176 points) | RSS=30244MB GPU_alloc=415MB GPU_reserved=466MB
[2026-02-03 14:00:00] INFO recompute_viz START | RSS=30244MB GPU_alloc=415MB GPU_reserved=466MB
[2026-02-03 14:00:00] INFO releasing previous model (GPU + large tensors) | RSS=30244MB GPU_alloc=415MB GPU_reserved=466MB
[2026-02-03 14:00:01] INFO after release + gc + cuda empty_cache | RSS=30154MB GPU_alloc=24MB GPU_reserved=60MB
[2026-02-03 14:00:01] INFO reload_viz using ROI (176 points) | RSS=30155MB GPU_alloc=24MB GPU_reserved=60MB
[2026-02-03 14:00:01] INFO ROI mask built H=1054 W=1382 roi_pixels=194986 | RSS=30155MB GPU_alloc=24MB GPU_reserved=60MB
[2026-02-03 14:00:01] INFO recompute_viz START | RSS=30155MB GPU_alloc=24MB GPU_reserved=60MB
[2026-02-03 14:00:01] INFO creating new MSIParametricMiCSLMC | RSS=30155MB GPU_alloc=24MB GPU_reserved=60MB
[2026-02-03 14:00:01] INFO releasing previous model (GPU + large tensors) | RSS=30155MB GPU_alloc=24MB GPU_reserved=60MB
[2026-02-03 14:00:01] INFO after release + gc + cuda empty_cache | RSS=30155MB GPU_alloc=24MB GPU_reserved=60MB
[2026-02-03 14:00:01] INFO calling set_image(roi_mask=..., category_annotations=...) | RSS=30156MB GPU_alloc=24MB GPU_reserved=60MB
[2026-02-03 14:00:01] INFO ROI mask built H=1054 W=1382 roi_pixels=194986 | RSS=30157MB GPU_alloc=24MB GPU_reserved=60MB
[2026-02-03 14:00:01] INFO creating new MSIParametricMiCSLMC | RSS=30157MB GPU_alloc=24MB GPU_reserved=60MB
[2026-02-03 14:00:01] INFO calling set_image(roi_mask=..., category_annotations=...) | RSS=30157MB GPU_alloc=24MB GPU_reserved=60MB
[2026-02-03 14:00:34] INFO reload_viz using ROI (176 points) | RSS=30189MB GPU_alloc=24MB GPU_reserved=60MB
[2026-02-03 14:00:34] INFO recompute_viz START | RSS=30189MB GPU_alloc=24MB GPU_reserved=60MB
[2026-02-03 14:00:34] INFO releasing previous model (GPU + large tensors) | RSS=30189MB GPU_alloc=24MB GPU_reserved=60MB
[2026-02-03 14:00:34] INFO after release + gc + cuda empty_cache | RSS=30189MB GPU_alloc=24MB GPU_reserved=60MB
[2026-02-03 14:00:34] INFO ROI mask built H=1054 W=1382 roi_pixels=194986 | RSS=30190MB GPU_alloc=24MB GPU_reserved=60MB
[2026-02-03 14:00:34] INFO creating new MSIParametricMiCSLMC | RSS=30190MB GPU_alloc=24MB GPU_reserved=60MB
[2026-02-03 14:00:34] INFO calling set_image(roi_mask=..., category_annotations=...) | RSS=30190MB GPU_alloc=24MB GPU_reserved=60MB
[2026-02-03 14:01:49] INFO training 100 epochs | RSS=31182MB GPU_alloc=465MB GPU_reserved=494MB
[2026-02-03 14:01:49] INFO training 100 epochs | RSS=31161MB GPU_alloc=663MB GPU_reserved=734MB
[2026-02-03 14:01:49] INFO epoch 1/100 | RSS=31162MB GPU_alloc=983MB GPU_reserved=1720MB
[2026-02-03 14:01:49] INFO epoch 1/100 | RSS=31171MB GPU_alloc=898MB GPU_reserved=1720MB
[2026-02-03 14:01:56] INFO epoch 20/100 | RSS=31176MB GPU_alloc=998MB GPU_reserved=1760MB
[2026-02-03 14:01:56] INFO epoch 20/100 | RSS=31187MB GPU_alloc=898MB GPU_reserved=1760MB
[2026-02-03 14:02:02] INFO epoch 40/100 | RSS=30673MB GPU_alloc=1086MB GPU_reserved=1838MB
[2026-02-03 14:02:02] INFO epoch 40/100 | RSS=30678MB GPU_alloc=974MB GPU_reserved=1838MB
[2026-02-03 14:02:08] INFO training 100 epochs | RSS=30692MB GPU_alloc=1217MB GPU_reserved=1838MB
[2026-02-03 14:02:09] INFO epoch 1/100 | RSS=30674MB GPU_alloc=1444MB GPU_reserved=2382MB
[2026-02-03 14:02:10] INFO epoch 60/100 | RSS=30653MB GPU_alloc=1438MB GPU_reserved=2382MB
[2026-02-03 14:02:10] INFO epoch 60/100 | RSS=30669MB GPU_alloc=1323MB GPU_reserved=2382MB
[2026-02-03 14:02:18] INFO epoch 20/100 | RSS=30673MB GPU_alloc=1450MB GPU_reserved=2422MB
[2026-02-03 14:02:19] INFO epoch 80/100 | RSS=30653MB GPU_alloc=1421MB GPU_reserved=2422MB
[2026-02-03 14:02:19] INFO epoch 80/100 | RSS=30669MB GPU_alloc=1323MB GPU_reserved=2422MB
[2026-02-03 14:02:28] INFO epoch 40/100 | RSS=30677MB GPU_alloc=1442MB GPU_reserved=2422MB
[2026-02-03 14:02:29] INFO epoch 100/100 | RSS=30653MB GPU_alloc=1459MB GPU_reserved=2422MB
[2026-02-03 14:02:29] INFO running predict | RSS=30653MB GPU_alloc=1459MB GPU_reserved=2422MB
[2026-02-03 14:02:30] INFO epoch 100/100 | RSS=30654MB GPU_alloc=1958MB GPU_reserved=3816MB
[2026-02-03 14:02:30] INFO running predict | RSS=30654MB GPU_alloc=1958MB GPU_reserved=3816MB
[2026-02-03 14:02:54] INFO epoch 60/100 | RSS=30736MB GPU_alloc=1771MB GPU_reserved=5210MB
[2026-02-03 14:02:55] INFO recompute_viz DONE | RSS=30748MB GPU_alloc=1520MB GPU_reserved=5210MB
[2026-02-03 14:02:55] INFO recompute_viz DONE | RSS=30711MB GPU_alloc=1323MB GPU_reserved=2002MB
[2026-02-03 14:02:59] INFO epoch 80/100 | RSS=30497MB GPU_alloc=813MB GPU_reserved=1584MB
[2026-02-03 14:03:03] INFO epoch 100/100 | RSS=30497MB GPU_alloc=813MB GPU_reserved=1584MB
[2026-02-03 14:03:03] INFO running predict | RSS=30497MB GPU_alloc=813MB GPU_reserved=1584MB
[2026-02-03 14:03:18] INFO recompute_viz DONE | RSS=30501MB GPU_alloc=813MB GPU_reserved=2722MB
[2026-02-03 14:04:31] INFO compute_initial_viz START | RSS=508MB GPU_alloc=0MB GPU_reserved=0MB
[2026-02-03 14:04:31] INFO config loaded | RSS=520MB GPU_alloc=0MB GPU_reserved=0MB
[2026-02-03 14:04:50] INFO image loaded shape=(1054,1382,5005) from E:\MSImaging-data\_msi_visual\Extractions\NRL4558_5um\5bins\1\0.npy | RSS=28333MB GPU_alloc=0MB GPU_reserved=0MB
[2026-02-03 14:04:50] INFO creating new model and fitting | RSS=28333MB GPU_alloc=0MB GPU_reserved=0MB
[2026-02-03 14:06:44] INFO running predict (train) | RSS=29915MB GPU_alloc=382MB GPU_reserved=816MB
[2026-02-03 14:06:59] INFO compute_initial_viz DONE | RSS=29970MB GPU_alloc=382MB GPU_reserved=2210MB
[2026-02-03 14:07:43] INFO compute_initial_viz START | RSS=508MB GPU_alloc=0MB GPU_reserved=0MB
[2026-02-03 14:07:43] INFO config loaded | RSS=520MB GPU_alloc=0MB GPU_reserved=0MB
[2026-02-03 14:09:12] INFO image loaded shape=(1274,1283,5005) from E:\MSImaging-data\_msi_visual\Extractions\NRL4558_5um\5bins\2\0.npy | RSS=31730MB GPU_alloc=0MB GPU_reserved=0MB
[2026-02-03 14:09:12] INFO creating new model and fitting | RSS=31730MB GPU_alloc=0MB GPU_reserved=0MB
[2026-02-03 14:10:55] INFO running predict (train) | RSS=33279MB GPU_alloc=371MB GPU_reserved=808MB
[2026-02-03 14:11:12] INFO compute_initial_viz DONE | RSS=33338MB GPU_alloc=371MB GPU_reserved=2202MB
[2026-02-03 14:32:22] INFO recompute_viz START | RSS=33350MB GPU_alloc=371MB GPU_reserved=2202MB
[2026-02-03 14:32:22] INFO releasing previous model (GPU + large tensors) | RSS=33350MB GPU_alloc=371MB GPU_reserved=2202MB
[2026-02-03 14:32:23] INFO after release + gc + cuda empty_cache | RSS=33353MB GPU_alloc=16MB GPU_reserved=40MB
[2026-02-03 14:32:23] INFO ROI mask built H=1274 W=1283 roi_pixels=94832 | RSS=33355MB GPU_alloc=16MB GPU_reserved=40MB
[2026-02-03 14:32:23] INFO creating new MSIParametricMiCSLMC | RSS=33355MB GPU_alloc=16MB GPU_reserved=40MB
[2026-02-03 14:32:23] INFO calling set_image(roi_mask=..., category_annotations=...) | RSS=33355MB GPU_alloc=16MB GPU_reserved=40MB
[2026-02-03 14:33:48] INFO training 100 epochs | RSS=33445MB GPU_alloc=143MB GPU_reserved=162MB
[2026-02-03 14:33:48] INFO epoch 1/100 | RSS=33446MB GPU_alloc=359MB GPU_reserved=792MB
[2026-02-03 14:33:50] INFO epoch 20/100 | RSS=33446MB GPU_alloc=359MB GPU_reserved=794MB
[2026-02-03 14:33:51] INFO epoch 40/100 | RSS=33446MB GPU_alloc=359MB GPU_reserved=794MB
[2026-02-03 14:33:53] INFO epoch 60/100 | RSS=33446MB GPU_alloc=359MB GPU_reserved=794MB
[2026-02-03 14:33:54] INFO epoch 80/100 | RSS=33446MB GPU_alloc=359MB GPU_reserved=794MB
[2026-02-03 14:33:56] INFO epoch 100/100 | RSS=33446MB GPU_alloc=359MB GPU_reserved=794MB
[2026-02-03 14:33:56] INFO running predict | RSS=33446MB GPU_alloc=359MB GPU_reserved=794MB
[2026-02-03 14:34:14] INFO recompute_viz DONE | RSS=33491MB GPU_alloc=359MB GPU_reserved=2188MB
[2026-02-03 14:43:51] INFO recompute_viz START | RSS=33491MB GPU_alloc=359MB GPU_reserved=398MB
[2026-02-03 14:43:51] INFO releasing previous model (GPU + large tensors) | RSS=33491MB GPU_alloc=359MB GPU_reserved=398MB
[2026-02-03 14:43:51] INFO after release + gc + cuda empty_cache | RSS=33520MB GPU_alloc=16MB GPU_reserved=40MB
[2026-02-03 14:43:51] INFO ROI mask built H=1274 W=1283 roi_pixels=200542 | RSS=33522MB GPU_alloc=16MB GPU_reserved=40MB
[2026-02-03 14:43:51] INFO creating new MSIParametricMiCSLMC | RSS=33522MB GPU_alloc=16MB GPU_reserved=40MB
[2026-02-03 14:43:51] INFO calling set_image(roi_mask=..., category_annotations=...) | RSS=33522MB GPU_alloc=16MB GPU_reserved=40MB
[2026-02-03 14:44:59] INFO training 100 epochs | RSS=33406MB GPU_alloc=127MB GPU_reserved=134MB
[2026-02-03 14:44:59] INFO epoch 1/100 | RSS=33406MB GPU_alloc=343MB GPU_reserved=664MB
[2026-02-03 14:45:00] INFO epoch 20/100 | RSS=33406MB GPU_alloc=343MB GPU_reserved=706MB
[2026-02-03 14:45:00] INFO epoch 40/100 | RSS=33406MB GPU_alloc=343MB GPU_reserved=706MB
[2026-02-03 14:45:01] INFO epoch 60/100 | RSS=33406MB GPU_alloc=343MB GPU_reserved=706MB
[2026-02-03 14:45:02] INFO epoch 80/100 | RSS=33406MB GPU_alloc=343MB GPU_reserved=706MB
[2026-02-03 14:45:03] INFO epoch 100/100 | RSS=33406MB GPU_alloc=343MB GPU_reserved=706MB
[2026-02-03 14:45:03] INFO running predict | RSS=33406MB GPU_alloc=343MB GPU_reserved=706MB
[2026-02-03 14:45:20] INFO recompute_viz DONE | RSS=33451MB GPU_alloc=343MB GPU_reserved=2100MB
[2026-02-03 14:45:46] INFO recompute_viz START | RSS=33451MB GPU_alloc=343MB GPU_reserved=374MB
[2026-02-03 14:45:46] INFO releasing previous model (GPU + large tensors) | RSS=33451MB GPU_alloc=343MB GPU_reserved=374MB
[2026-02-03 14:45:46] INFO after release + gc + cuda empty_cache | RSS=33521MB GPU_alloc=16MB GPU_reserved=40MB
[2026-02-03 14:45:46] INFO ROI mask built H=1274 W=1283 roi_pixels=30690 | RSS=33522MB GPU_alloc=16MB GPU_reserved=40MB
[2026-02-03 14:45:46] INFO creating new MSIParametricMiCSLMC | RSS=33522MB GPU_alloc=16MB GPU_reserved=40MB
[2026-02-03 14:45:46] INFO calling set_image(roi_mask=..., category_annotations=...) | RSS=33522MB GPU_alloc=16MB GPU_reserved=40MB
[2026-02-03 14:46:48] INFO training 100 epochs | RSS=33402MB GPU_alloc=124MB GPU_reserved=134MB
[2026-02-03 14:46:49] INFO epoch 1/100 | RSS=33402MB GPU_alloc=341MB GPU_reserved=644MB
[2026-02-03 14:46:49] INFO epoch 20/100 | RSS=33402MB GPU_alloc=341MB GPU_reserved=690MB
[2026-02-03 14:46:50] INFO epoch 40/100 | RSS=33402MB GPU_alloc=341MB GPU_reserved=690MB
[2026-02-03 14:46:51] INFO epoch 60/100 | RSS=33402MB GPU_alloc=341MB GPU_reserved=690MB
[2026-02-03 14:46:52] INFO epoch 80/100 | RSS=33402MB GPU_alloc=341MB GPU_reserved=690MB
[2026-02-03 14:46:52] INFO epoch 100/100 | RSS=33402MB GPU_alloc=341MB GPU_reserved=690MB
[2026-02-03 14:46:52] INFO running predict | RSS=33402MB GPU_alloc=341MB GPU_reserved=690MB
[2026-02-03 14:47:10] INFO recompute_viz DONE | RSS=33447MB GPU_alloc=341MB GPU_reserved=2084MB
[2026-02-03 15:21:32] INFO recompute_viz START | RSS=33447MB GPU_alloc=341MB GPU_reserved=372MB
[2026-02-03 15:21:32] INFO releasing previous model (GPU + large tensors) | RSS=33447MB GPU_alloc=341MB GPU_reserved=372MB
[2026-02-03 15:21:33] INFO after release + gc + cuda empty_cache | RSS=33521MB GPU_alloc=16MB GPU_reserved=40MB
[2026-02-03 15:21:33] INFO ROI mask built H=1274 W=1283 roi_pixels=1503 | RSS=33522MB GPU_alloc=16MB GPU_reserved=40MB
[2026-02-03 15:21:33] INFO creating new MSIParametricMiCSLMC | RSS=33522MB GPU_alloc=16MB GPU_reserved=40MB
[2026-02-03 15:21:33] INFO calling set_image(roi_mask=..., category_annotations=...) | RSS=33522MB GPU_alloc=16MB GPU_reserved=40MB
[2026-02-03 15:22:25] INFO training 100 epochs | RSS=33381MB GPU_alloc=99MB GPU_reserved=114MB
[2026-02-03 15:22:25] INFO epoch 1/100 | RSS=33381MB GPU_alloc=315MB GPU_reserved=442MB
[2026-02-03 15:22:25] INFO epoch 20/100 | RSS=33381MB GPU_alloc=315MB GPU_reserved=484MB
[2026-02-03 15:22:26] INFO epoch 40/100 | RSS=33381MB GPU_alloc=315MB GPU_reserved=484MB
[2026-02-03 15:22:26] INFO epoch 60/100 | RSS=33381MB GPU_alloc=315MB GPU_reserved=484MB
[2026-02-03 15:22:26] INFO epoch 80/100 | RSS=33381MB GPU_alloc=315MB GPU_reserved=484MB
[2026-02-03 15:22:26] INFO epoch 100/100 | RSS=33381MB GPU_alloc=315MB GPU_reserved=484MB
[2026-02-03 15:22:26] INFO running predict | RSS=33381MB GPU_alloc=315MB GPU_reserved=484MB
[2026-02-03 15:22:44] INFO recompute_viz DONE | RSS=33426MB GPU_alloc=315MB GPU_reserved=1878MB
[2026-02-04 07:46:52] INFO reload_viz using ROI (36 points) | RSS=33426MB GPU_alloc=315MB GPU_reserved=334MB
[2026-02-04 07:46:52] INFO recompute_viz START | RSS=33426MB GPU_alloc=315MB GPU_reserved=334MB
[2026-02-04 07:46:52] INFO releasing previous model (GPU + large tensors) | RSS=33426MB GPU_alloc=315MB GPU_reserved=334MB
[2026-02-04 07:46:52] INFO after release + gc + cuda empty_cache | RSS=33521MB GPU_alloc=16MB GPU_reserved=40MB
[2026-02-04 07:46:52] INFO ROI mask built H=1274 W=1283 roi_pixels=1503 | RSS=33522MB GPU_alloc=16MB GPU_reserved=40MB
[2026-02-04 07:46:52] INFO creating new MSIParametricMiCSLMC | RSS=33522MB GPU_alloc=16MB GPU_reserved=40MB
[2026-02-04 07:46:52] INFO calling set_image(roi_mask=..., category_annotations=...) | RSS=33522MB GPU_alloc=16MB GPU_reserved=40MB
[2026-02-04 07:47:42] INFO training 100 epochs | RSS=33381MB GPU_alloc=99MB GPU_reserved=114MB
[2026-02-04 07:47:42] INFO epoch 1/100 | RSS=33381MB GPU_alloc=315MB GPU_reserved=442MB
[2026-02-04 07:47:42] INFO epoch 20/100 | RSS=33381MB GPU_alloc=315MB GPU_reserved=484MB
[2026-02-04 07:47:42] INFO epoch 40/100 | RSS=33381MB GPU_alloc=315MB GPU_reserved=484MB
[2026-02-04 07:47:42] INFO epoch 60/100 | RSS=33381MB GPU_alloc=315MB GPU_reserved=484MB
[2026-02-04 07:47:43] INFO epoch 80/100 | RSS=33381MB GPU_alloc=315MB GPU_reserved=484MB
[2026-02-04 07:47:43] INFO epoch 100/100 | RSS=33381MB GPU_alloc=315MB GPU_reserved=484MB
[2026-02-04 07:47:43] INFO running predict | RSS=33381MB GPU_alloc=315MB GPU_reserved=484MB
[2026-02-04 07:47:59] INFO recompute_viz DONE | RSS=33426MB GPU_alloc=315MB GPU_reserved=1878MB
[2026-02-04 07:48:27] INFO reload_viz using ROI (36 points) | RSS=33426MB GPU_alloc=315MB GPU_reserved=334MB
[2026-02-04 07:48:27] INFO recompute_viz START | RSS=33426MB GPU_alloc=315MB GPU_reserved=334MB
[2026-02-04 07:48:27] INFO releasing previous model (GPU + large tensors) | RSS=33426MB GPU_alloc=315MB GPU_reserved=334MB
[2026-02-04 07:48:27] INFO after release + gc + cuda empty_cache | RSS=33521MB GPU_alloc=16MB GPU_reserved=40MB
[2026-02-04 07:48:27] INFO ROI mask built H=1274 W=1283 roi_pixels=1503 | RSS=33522MB GPU_alloc=16MB GPU_reserved=40MB
[2026-02-04 07:48:27] INFO creating new MSIParametricMiCSLMC | RSS=33522MB GPU_alloc=16MB GPU_reserved=40MB
[2026-02-04 07:48:27] INFO calling set_image(roi_mask=..., category_annotations=...) | RSS=33522MB GPU_alloc=16MB GPU_reserved=40MB
[2026-02-04 07:48:42] INFO reload_viz using ROI (36 points) | RSS=41347MB GPU_alloc=16MB GPU_reserved=40MB
[2026-02-04 07:48:42] INFO recompute_viz START | RSS=41348MB GPU_alloc=16MB GPU_reserved=40MB
[2026-02-04 07:48:42] INFO releasing previous model (GPU + large tensors) | RSS=41348MB GPU_alloc=16MB GPU_reserved=40MB
[2026-02-04 07:48:43] INFO after release + gc + cuda empty_cache | RSS=41390MB GPU_alloc=16MB GPU_reserved=40MB
[2026-02-04 07:48:43] INFO ROI mask built H=1274 W=1283 roi_pixels=1503 | RSS=41349MB GPU_alloc=16MB GPU_reserved=40MB
[2026-02-04 07:48:43] INFO creating new MSIParametricMiCSLMC | RSS=41349MB GPU_alloc=16MB GPU_reserved=40MB
[2026-02-04 07:48:43] INFO calling set_image(roi_mask=..., category_annotations=...) | RSS=41349MB GPU_alloc=16MB GPU_reserved=40MB
[2026-02-04 07:48:45] INFO reload_viz using ROI (36 points) | RSS=41355MB GPU_alloc=16MB GPU_reserved=40MB
[2026-02-04 07:48:45] INFO recompute_viz START | RSS=41355MB GPU_alloc=16MB GPU_reserved=40MB
[2026-02-04 07:48:45] INFO releasing previous model (GPU + large tensors) | RSS=41355MB GPU_alloc=16MB GPU_reserved=40MB
[2026-02-04 07:48:45] INFO after release + gc + cuda empty_cache | RSS=41397MB GPU_alloc=16MB GPU_reserved=40MB
[2026-02-04 07:48:45] INFO ROI mask built H=1274 W=1283 roi_pixels=1503 | RSS=41399MB GPU_alloc=16MB GPU_reserved=40MB
[2026-02-04 07:48:45] INFO creating new MSIParametricMiCSLMC | RSS=41357MB GPU_alloc=16MB GPU_reserved=40MB
[2026-02-04 07:48:45] INFO calling set_image(roi_mask=..., category_annotations=...) | RSS=41357MB GPU_alloc=16MB GPU_reserved=40MB
[2026-02-04 07:48:53] INFO reload_viz using ROI (36 points) | RSS=33544MB GPU_alloc=16MB GPU_reserved=40MB
[2026-02-04 07:48:53] INFO recompute_viz START | RSS=33544MB GPU_alloc=16MB GPU_reserved=40MB
[2026-02-04 07:48:53] INFO releasing previous model (GPU + large tensors) | RSS=33544MB GPU_alloc=16MB GPU_reserved=40MB
[2026-02-04 07:48:53] INFO after release + gc + cuda empty_cache | RSS=33544MB GPU_alloc=16MB GPU_reserved=40MB
[2026-02-04 07:48:53] INFO ROI mask built H=1274 W=1283 roi_pixels=1503 | RSS=33546MB GPU_alloc=16MB GPU_reserved=40MB
[2026-02-04 07:48:53] INFO creating new MSIParametricMiCSLMC | RSS=33546MB GPU_alloc=16MB GPU_reserved=40MB
[2026-02-04 07:48:53] INFO calling set_image(roi_mask=..., category_annotations=...) | RSS=33546MB GPU_alloc=16MB GPU_reserved=40MB
[2026-02-04 07:49:28] INFO training 100 epochs | RSS=33724MB GPU_alloc=127MB GPU_reserved=134MB
[2026-02-04 07:49:28] INFO epoch 1/100 | RSS=33649MB GPU_alloc=351MB GPU_reserved=664MB
[2026-02-04 07:49:30] INFO epoch 20/100 | RSS=33794MB GPU_alloc=351MB GPU_reserved=704MB
[2026-02-04 07:49:32] INFO epoch 40/100 | RSS=33899MB GPU_alloc=351MB GPU_reserved=704MB
[2026-02-04 07:49:33] INFO epoch 60/100 | RSS=33846MB GPU_alloc=427MB GPU_reserved=744MB
[2026-02-04 07:49:34] INFO epoch 80/100 | RSS=33874MB GPU_alloc=427MB GPU_reserved=744MB
[2026-02-04 07:49:35] INFO epoch 100/100 | RSS=33890MB GPU_alloc=427MB GPU_reserved=744MB
[2026-02-04 07:49:35] INFO running predict | RSS=33891MB GPU_alloc=427MB GPU_reserved=744MB
[2026-02-04 07:49:38] INFO training 100 epochs | RSS=33827MB GPU_alloc=1060MB GPU_reserved=2138MB
[2026-02-04 07:49:41] INFO epoch 1/100 | RSS=33832MB GPU_alloc=1788MB GPU_reserved=2138MB
[2026-02-04 07:49:48] INFO epoch 20/100 | RSS=33869MB GPU_alloc=1201MB GPU_reserved=2178MB
[2026-02-04 07:49:48] INFO epoch 40/100 | RSS=33869MB GPU_alloc=1202MB GPU_reserved=2178MB
[2026-02-04 07:49:48] INFO epoch 60/100 | RSS=33869MB GPU_alloc=1201MB GPU_reserved=2178MB
[2026-02-04 07:49:48] INFO epoch 80/100 | RSS=33869MB GPU_alloc=1201MB GPU_reserved=2178MB
[2026-02-04 07:49:49] INFO epoch 100/100 | RSS=33869MB GPU_alloc=1201MB GPU_reserved=2178MB
[2026-02-04 07:49:49] INFO running predict | RSS=33869MB GPU_alloc=1201MB GPU_reserved=2178MB
[2026-02-04 07:49:54] INFO recompute_viz DONE | RSS=33570MB GPU_alloc=1428MB GPU_reserved=2804MB
[2026-02-04 07:49:59] INFO training 100 epochs | RSS=33531MB GPU_alloc=1441MB GPU_reserved=2548MB
[2026-02-04 07:49:59] INFO training 100 epochs | RSS=33517MB GPU_alloc=1445MB GPU_reserved=2548MB
[2026-02-04 07:50:01] INFO epoch 1/100 | RSS=33542MB GPU_alloc=1811MB GPU_reserved=2550MB
[2026-02-04 07:50:01] INFO epoch 1/100 | RSS=33542MB GPU_alloc=1811MB GPU_reserved=2550MB
[2026-02-04 07:50:02] INFO epoch 20/100 | RSS=33542MB GPU_alloc=1815MB GPU_reserved=2552MB
[2026-02-04 07:50:02] INFO epoch 20/100 | RSS=33543MB GPU_alloc=1810MB GPU_reserved=2552MB
[2026-02-04 07:50:02] INFO epoch 40/100 | RSS=33542MB GPU_alloc=1829MB GPU_reserved=2552MB
[2026-02-04 07:50:02] INFO epoch 40/100 | RSS=33542MB GPU_alloc=1810MB GPU_reserved=2552MB
[2026-02-04 07:50:02] INFO epoch 60/100 | RSS=33542MB GPU_alloc=1815MB GPU_reserved=2552MB
[2026-02-04 07:50:02] INFO epoch 60/100 | RSS=33543MB GPU_alloc=1810MB GPU_reserved=2552MB
[2026-02-04 07:50:03] INFO epoch 80/100 | RSS=33542MB GPU_alloc=1815MB GPU_reserved=2552MB
[2026-02-04 07:50:03] INFO epoch 80/100 | RSS=33542MB GPU_alloc=1810MB GPU_reserved=2552MB
[2026-02-04 07:50:03] INFO epoch 100/100 | RSS=33542MB GPU_alloc=1815MB GPU_reserved=2552MB
[2026-02-04 07:50:03] INFO running predict | RSS=33542MB GPU_alloc=1815MB GPU_reserved=2552MB
[2026-02-04 07:50:03] INFO epoch 100/100 | RSS=33542MB GPU_alloc=2436MB GPU_reserved=3178MB
[2026-02-04 07:50:03] INFO running predict | RSS=33542MB GPU_alloc=2436MB GPU_reserved=3178MB
[2026-02-04 07:50:08] INFO recompute_viz DONE | RSS=33540MB GPU_alloc=2510MB GPU_reserved=5084MB
[2026-02-04 07:50:33] INFO recompute_viz DONE | RSS=33556MB GPU_alloc=1483MB GPU_reserved=4774MB
[2026-02-04 07:50:34] INFO recompute_viz DONE | RSS=33519MB GPU_alloc=633MB GPU_reserved=2606MB
[2026-02-04 07:50:56] INFO reload_viz using ROI (36 points) | RSS=33502MB GPU_alloc=633MB GPU_reserved=1980MB
[2026-02-04 07:50:56] INFO recompute_viz START | RSS=33502MB GPU_alloc=633MB GPU_reserved=1980MB
[2026-02-04 07:50:56] INFO releasing previous model (GPU + large tensors) | RSS=33502MB GPU_alloc=633MB GPU_reserved=1980MB
[2026-02-04 07:50:57] INFO after release + gc + cuda empty_cache | RSS=33588MB GPU_alloc=41MB GPU_reserved=316MB
[2026-02-04 07:50:57] INFO ROI mask built H=1274 W=1283 roi_pixels=1503 | RSS=33590MB GPU_alloc=41MB GPU_reserved=316MB
[2026-02-04 07:50:57] INFO creating new MSIParametricMiCSLMC | RSS=33590MB GPU_alloc=41MB GPU_reserved=316MB
[2026-02-04 07:50:57] INFO calling set_image(roi_mask=..., category_annotations=...) | RSS=33590MB GPU_alloc=41MB GPU_reserved=316MB
[2026-02-04 07:51:16] INFO training 100 epochs | RSS=33482MB GPU_alloc=149MB GPU_reserved=318MB
[2026-02-04 07:51:16] INFO epoch 1/100 | RSS=33483MB GPU_alloc=365MB GPU_reserved=632MB
[2026-02-04 07:51:17] INFO epoch 20/100 | RSS=33483MB GPU_alloc=365MB GPU_reserved=672MB
[2026-02-04 07:51:18] INFO epoch 40/100 | RSS=33483MB GPU_alloc=365MB GPU_reserved=672MB
[2026-02-04 07:51:18] INFO epoch 60/100 | RSS=33483MB GPU_alloc=365MB GPU_reserved=672MB
[2026-02-04 07:51:19] INFO epoch 80/100 | RSS=33483MB GPU_alloc=365MB GPU_reserved=672MB
[2026-02-04 07:51:20] INFO epoch 100/100 | RSS=33483MB GPU_alloc=365MB GPU_reserved=672MB
[2026-02-04 07:51:20] INFO running predict | RSS=33483MB GPU_alloc=365MB GPU_reserved=672MB
[2026-02-04 07:51:36] INFO recompute_viz DONE | RSS=33524MB GPU_alloc=365MB GPU_reserved=2066MB
[2026-02-04 07:53:58] INFO recompute_viz START | RSS=33524MB GPU_alloc=365MB GPU_reserved=478MB
[2026-02-04 07:53:58] INFO releasing previous model (GPU + large tensors) | RSS=33524MB GPU_alloc=365MB GPU_reserved=478MB
[2026-02-04 07:53:58] INFO after release + gc + cuda empty_cache | RSS=33593MB GPU_alloc=41MB GPU_reserved=316MB
[2026-02-04 07:53:58] INFO ROI mask built H=1274 W=1283 roi_pixels=169225 | RSS=33594MB GPU_alloc=41MB GPU_reserved=316MB
[2026-02-04 07:53:58] INFO creating new MSIParametricMiCSLMC | RSS=33594MB GPU_alloc=41MB GPU_reserved=316MB
[2026-02-04 07:53:58] INFO calling set_image(roi_mask=..., category_annotations=...) | RSS=33594MB GPU_alloc=41MB GPU_reserved=316MB
[2026-02-04 07:54:47] INFO training 100 epochs | RSS=33557MB GPU_alloc=175MB GPU_reserved=318MB
[2026-02-04 07:54:47] INFO epoch 1/100 | RSS=33557MB GPU_alloc=393MB GPU_reserved=812MB
[2026-02-04 07:54:49] INFO epoch 20/100 | RSS=33557MB GPU_alloc=392MB GPU_reserved=812MB
[2026-02-04 07:54:51] INFO epoch 40/100 | RSS=33557MB GPU_alloc=393MB GPU_reserved=812MB
[2026-02-04 07:54:53] INFO epoch 60/100 | RSS=33557MB GPU_alloc=392MB GPU_reserved=812MB
[2026-02-04 07:54:55] INFO epoch 80/100 | RSS=33557MB GPU_alloc=392MB GPU_reserved=812MB
[2026-02-04 07:54:57] INFO epoch 100/100 | RSS=33557MB GPU_alloc=392MB GPU_reserved=812MB
[2026-02-04 07:54:57] INFO running predict | RSS=33557MB GPU_alloc=392MB GPU_reserved=812MB
[2026-02-04 07:55:15] INFO recompute_viz DONE | RSS=33599MB GPU_alloc=392MB GPU_reserved=2206MB
[2026-02-04 07:56:40] INFO recompute_viz START | RSS=33599MB GPU_alloc=392MB GPU_reserved=478MB
[2026-02-04 07:56:40] INFO releasing previous model (GPU + large tensors) | RSS=33599MB GPU_alloc=392MB GPU_reserved=478MB
[2026-02-04 07:56:40] INFO after release + gc + cuda empty_cache | RSS=33604MB GPU_alloc=41MB GPU_reserved=316MB
[2026-02-04 07:56:40] INFO ROI mask built H=1274 W=1283 roi_pixels=169225 | RSS=33606MB GPU_alloc=41MB GPU_reserved=316MB
[2026-02-04 07:56:40] INFO creating new MSIParametricMiCSLMC | RSS=33606MB GPU_alloc=41MB GPU_reserved=316MB
[2026-02-04 07:56:40] INFO category_annotations: 3 polygons | RSS=33606MB GPU_alloc=41MB GPU_reserved=316MB
[2026-02-04 07:56:40] INFO calling set_image(roi_mask=..., category_annotations=...) | RSS=33606MB GPU_alloc=41MB GPU_reserved=316MB
[2026-02-04 07:57:28] INFO training 100 epochs | RSS=33561MB GPU_alloc=175MB GPU_reserved=318MB
[2026-02-04 07:57:29] INFO epoch 1/100 | RSS=33561MB GPU_alloc=393MB GPU_reserved=812MB
[2026-02-04 07:57:31] INFO epoch 20/100 | RSS=33561MB GPU_alloc=392MB GPU_reserved=812MB
[2026-02-04 07:57:33] INFO epoch 40/100 | RSS=33561MB GPU_alloc=393MB GPU_reserved=812MB
[2026-02-04 07:57:35] INFO epoch 60/100 | RSS=33561MB GPU_alloc=392MB GPU_reserved=812MB
[2026-02-04 07:57:37] INFO epoch 80/100 | RSS=33561MB GPU_alloc=392MB GPU_reserved=812MB
[2026-02-04 07:57:39] INFO epoch 100/100 | RSS=33561MB GPU_alloc=392MB GPU_reserved=812MB
[2026-02-04 07:57:39] INFO running predict | RSS=33561MB GPU_alloc=392MB GPU_reserved=812MB
[2026-02-04 07:57:57] INFO recompute_viz DONE | RSS=33606MB GPU_alloc=392MB GPU_reserved=2206MB
[2026-02-04 08:43:50] INFO reload_viz using ROI (171 points) | RSS=33607MB GPU_alloc=392MB GPU_reserved=478MB
[2026-02-04 08:43:50] INFO recompute_viz START | RSS=33607MB GPU_alloc=392MB GPU_reserved=478MB
[2026-02-04 08:43:50] INFO releasing previous model (GPU + large tensors) | RSS=33607MB GPU_alloc=392MB GPU_reserved=478MB
[2026-02-04 08:43:50] INFO after release + gc + cuda empty_cache | RSS=33612MB GPU_alloc=41MB GPU_reserved=316MB
[2026-02-04 08:43:50] INFO ROI mask built H=1274 W=1283 roi_pixels=169225 | RSS=33614MB GPU_alloc=41MB GPU_reserved=316MB
[2026-02-04 08:43:50] INFO creating new MSIParametricMiCSLMC | RSS=33614MB GPU_alloc=41MB GPU_reserved=316MB
[2026-02-04 08:43:50] INFO category_annotations: 3 polygons | RSS=33614MB GPU_alloc=41MB GPU_reserved=316MB
[2026-02-04 08:43:50] INFO calling set_image(roi_mask=..., category_annotations=...) | RSS=33614MB GPU_alloc=41MB GPU_reserved=316MB
[2026-02-04 08:44:41] INFO training 100 epochs | RSS=33562MB GPU_alloc=175MB GPU_reserved=318MB
[2026-02-04 08:44:41] INFO epoch 1/100 | RSS=33563MB GPU_alloc=393MB GPU_reserved=812MB
[2026-02-04 08:44:43] INFO epoch 20/100 | RSS=33563MB GPU_alloc=392MB GPU_reserved=812MB
[2026-02-04 08:44:45] INFO epoch 40/100 | RSS=33563MB GPU_alloc=393MB GPU_reserved=812MB
[2026-02-04 08:44:47] INFO epoch 60/100 | RSS=33563MB GPU_alloc=392MB GPU_reserved=812MB
[2026-02-04 08:44:49] INFO epoch 80/100 | RSS=33563MB GPU_alloc=392MB GPU_reserved=812MB
[2026-02-04 08:44:51] INFO epoch 100/100 | RSS=33563MB GPU_alloc=392MB GPU_reserved=812MB
[2026-02-04 08:44:51] INFO running predict | RSS=33563MB GPU_alloc=392MB GPU_reserved=812MB
[2026-02-04 08:45:09] INFO recompute_viz DONE | RSS=33604MB GPU_alloc=392MB GPU_reserved=2206MB
[2026-02-04 08:45:51] INFO recompute_viz START | RSS=33604MB GPU_alloc=392MB GPU_reserved=478MB
[2026-02-04 08:45:51] INFO releasing previous model (GPU + large tensors) | RSS=33604MB GPU_alloc=392MB GPU_reserved=478MB
[2026-02-04 08:45:52] INFO after release + gc + cuda empty_cache | RSS=33606MB GPU_alloc=41MB GPU_reserved=316MB
[2026-02-04 08:45:52] INFO ROI mask built H=1274 W=1283 roi_pixels=18934 | RSS=33608MB GPU_alloc=41MB GPU_reserved=316MB
[2026-02-04 08:45:52] INFO creating new MSIParametricMiCSLMC | RSS=33608MB GPU_alloc=41MB GPU_reserved=316MB
[2026-02-04 08:45:52] INFO calling set_image(roi_mask=..., category_annotations=...) | RSS=33608MB GPU_alloc=41MB GPU_reserved=316MB
[2026-02-04 08:46:41] INFO training 100 epochs | RSS=33567MB GPU_alloc=175MB GPU_reserved=318MB
[2026-02-04 08:46:41] INFO epoch 1/100 | RSS=33567MB GPU_alloc=393MB GPU_reserved=812MB
[2026-02-04 08:46:43] INFO epoch 20/100 | RSS=33567MB GPU_alloc=392MB GPU_reserved=812MB
[2026-02-04 08:46:45] INFO epoch 40/100 | RSS=33567MB GPU_alloc=393MB GPU_reserved=812MB
[2026-02-04 08:46:47] INFO epoch 60/100 | RSS=33567MB GPU_alloc=392MB GPU_reserved=812MB
[2026-02-04 08:46:49] INFO epoch 80/100 | RSS=33567MB GPU_alloc=392MB GPU_reserved=812MB
[2026-02-04 08:46:51] INFO epoch 100/100 | RSS=33567MB GPU_alloc=392MB GPU_reserved=812MB
[2026-02-04 08:46:51] INFO running predict | RSS=33567MB GPU_alloc=392MB GPU_reserved=812MB
[2026-02-04 08:47:08] INFO recompute_viz DONE | RSS=33607MB GPU_alloc=392MB GPU_reserved=2206MB
[2026-02-04 11:09:25] INFO reload_viz using ROI (119 points) | RSS=33606MB GPU_alloc=392MB GPU_reserved=478MB
[2026-02-04 11:09:25] INFO recompute_viz START | RSS=33606MB GPU_alloc=392MB GPU_reserved=478MB
[2026-02-04 11:09:25] INFO releasing previous model (GPU + large tensors) | RSS=33606MB GPU_alloc=392MB GPU_reserved=478MB
[2026-02-04 11:09:25] INFO after release + gc + cuda empty_cache | RSS=33608MB GPU_alloc=41MB GPU_reserved=316MB
[2026-02-04 11:09:25] INFO ROI mask built H=1274 W=1283 roi_pixels=18934 | RSS=33610MB GPU_alloc=41MB GPU_reserved=316MB
[2026-02-04 11:09:25] INFO creating new MSIParametricMiCSLMC | RSS=33610MB GPU_alloc=41MB GPU_reserved=316MB
[2026-02-04 11:09:25] INFO calling set_image(roi_mask=..., category_annotations=...) | RSS=33610MB GPU_alloc=41MB GPU_reserved=316MB
[2026-02-04 11:10:15] INFO training 100 epochs | RSS=33566MB GPU_alloc=175MB GPU_reserved=318MB
[2026-02-04 11:10:15] INFO epoch 1/100 | RSS=33566MB GPU_alloc=393MB GPU_reserved=812MB
[2026-02-04 11:10:17] INFO epoch 20/100 | RSS=33566MB GPU_alloc=392MB GPU_reserved=812MB
[2026-02-04 11:10:19] INFO epoch 40/100 | RSS=33566MB GPU_alloc=393MB GPU_reserved=812MB
[2026-02-04 11:10:21] INFO epoch 60/100 | RSS=33566MB GPU_alloc=392MB GPU_reserved=812MB
[2026-02-04 11:10:23] INFO epoch 80/100 | RSS=33566MB GPU_alloc=392MB GPU_reserved=812MB
[2026-02-04 11:10:25] INFO epoch 100/100 | RSS=33566MB GPU_alloc=392MB GPU_reserved=812MB
[2026-02-04 11:10:25] INFO running predict | RSS=33566MB GPU_alloc=392MB GPU_reserved=812MB
[2026-02-04 11:10:42] INFO recompute_viz DONE | RSS=33606MB GPU_alloc=392MB GPU_reserved=2206MB
[2026-02-04 11:34:50] INFO reload_viz using ROI (119 points) | RSS=33607MB GPU_alloc=392MB GPU_reserved=478MB
[2026-02-04 11:34:50] INFO recompute_viz START | RSS=33607MB GPU_alloc=392MB GPU_reserved=478MB
[2026-02-04 11:34:50] INFO releasing previous model (GPU + large tensors) | RSS=33607MB GPU_alloc=392MB GPU_reserved=478MB
[2026-02-04 11:34:51] INFO after release + gc + cuda empty_cache | RSS=33609MB GPU_alloc=41MB GPU_reserved=316MB
[2026-02-04 11:34:51] INFO ROI mask built H=1274 W=1283 roi_pixels=18934 | RSS=33611MB GPU_alloc=41MB GPU_reserved=316MB
[2026-02-04 11:34:51] INFO creating new MSIParametricMiCSLMC | RSS=33611MB GPU_alloc=41MB GPU_reserved=316MB
[2026-02-04 11:34:51] INFO calling set_image(roi_mask=..., category_annotations=...) | RSS=33611MB GPU_alloc=41MB GPU_reserved=316MB
[2026-02-04 11:36:33] INFO training 100 epochs | RSS=33486MB GPU_alloc=141MB GPU_reserved=318MB
[2026-02-04 11:36:33] INFO epoch 1/100 | RSS=33486MB GPU_alloc=357MB GPU_reserved=600MB
[2026-02-04 11:36:34] INFO epoch 20/100 | RSS=33486MB GPU_alloc=357MB GPU_reserved=640MB
[2026-02-04 11:36:34] INFO epoch 40/100 | RSS=33486MB GPU_alloc=357MB GPU_reserved=640MB
[2026-02-04 11:36:35] INFO epoch 60/100 | RSS=33486MB GPU_alloc=357MB GPU_reserved=640MB
[2026-02-04 11:36:35] INFO epoch 80/100 | RSS=33486MB GPU_alloc=357MB GPU_reserved=640MB
[2026-02-04 11:36:36] INFO epoch 100/100 | RSS=33486MB GPU_alloc=357MB GPU_reserved=640MB
[2026-02-04 11:36:36] INFO running predict | RSS=33486MB GPU_alloc=357MB GPU_reserved=640MB
[2026-02-04 11:36:53] INFO recompute_viz DONE | RSS=33531MB GPU_alloc=357MB GPU_reserved=2034MB
[2026-02-04 11:37:35] INFO reload_viz using ROI (119 points) | RSS=33530MB GPU_alloc=357MB GPU_reserved=466MB
[2026-02-04 11:37:35] INFO recompute_viz START | RSS=33530MB GPU_alloc=357MB GPU_reserved=466MB
[2026-02-04 11:37:35] INFO releasing previous model (GPU + large tensors) | RSS=33530MB GPU_alloc=357MB GPU_reserved=466MB
[2026-02-04 11:37:35] INFO after release + gc + cuda empty_cache | RSS=33611MB GPU_alloc=41MB GPU_reserved=316MB
[2026-02-04 11:37:35] INFO ROI mask built H=1274 W=1283 roi_pixels=18934 | RSS=33613MB GPU_alloc=41MB GPU_reserved=316MB
[2026-02-04 11:37:35] INFO creating new MSIParametricMiCSLMC | RSS=33613MB GPU_alloc=41MB GPU_reserved=316MB
[2026-02-04 11:37:35] INFO calling set_image(roi_mask=..., category_annotations=...) | RSS=33613MB GPU_alloc=41MB GPU_reserved=316MB
[2026-02-04 11:37:49] INFO reload_viz using ROI (119 points) | RSS=41438MB GPU_alloc=41MB GPU_reserved=316MB
[2026-02-04 11:37:49] INFO recompute_viz START | RSS=41438MB GPU_alloc=41MB GPU_reserved=316MB
[2026-02-04 11:37:49] INFO releasing previous model (GPU + large tensors) | RSS=41438MB GPU_alloc=41MB GPU_reserved=316MB
[2026-02-04 11:37:49] INFO after release + gc + cuda empty_cache | RSS=41438MB GPU_alloc=41MB GPU_reserved=316MB
[2026-02-04 11:37:49] INFO ROI mask built H=1274 W=1283 roi_pixels=18934 | RSS=41439MB GPU_alloc=41MB GPU_reserved=316MB
[2026-02-04 11:37:49] INFO creating new MSIParametricMiCSLMC | RSS=41439MB GPU_alloc=41MB GPU_reserved=316MB
[2026-02-04 11:37:49] INFO calling set_image(roi_mask=..., category_annotations=...) | RSS=41439MB GPU_alloc=41MB GPU_reserved=316MB
[2026-02-04 11:39:34] INFO training 100 epochs | RSS=33665MB GPU_alloc=141MB GPU_reserved=318MB
[2026-02-04 11:39:34] INFO epoch 1/100 | RSS=33665MB GPU_alloc=357MB GPU_reserved=602MB
[2026-02-04 11:39:35] INFO epoch 20/100 | RSS=33665MB GPU_alloc=357MB GPU_reserved=642MB
[2026-02-04 11:39:35] INFO epoch 40/100 | RSS=33665MB GPU_alloc=357MB GPU_reserved=642MB
[2026-02-04 11:39:35] INFO epoch 60/100 | RSS=33634MB GPU_alloc=447MB GPU_reserved=738MB
[2026-02-04 11:39:36] INFO epoch 80/100 | RSS=33635MB GPU_alloc=447MB GPU_reserved=738MB
[2026-02-04 11:39:36] INFO epoch 100/100 | RSS=33635MB GPU_alloc=447MB GPU_reserved=738MB
[2026-02-04 11:39:36] INFO running predict | RSS=33635MB GPU_alloc=447MB GPU_reserved=738MB
[2026-02-04 11:39:50] INFO training 100 epochs | RSS=33550MB GPU_alloc=1011MB GPU_reserved=2132MB
[2026-02-04 11:39:50] INFO epoch 1/100 | RSS=33550MB GPU_alloc=1225MB GPU_reserved=2132MB
[2026-02-04 11:39:50] INFO epoch 20/100 | RSS=33550MB GPU_alloc=1225MB GPU_reserved=2132MB
[2026-02-04 11:39:50] INFO epoch 40/100 | RSS=33550MB GPU_alloc=1225MB GPU_reserved=2132MB
[2026-02-04 11:39:51] INFO epoch 60/100 | RSS=33550MB GPU_alloc=1225MB GPU_reserved=2132MB
[2026-02-04 11:39:51] INFO epoch 80/100 | RSS=33550MB GPU_alloc=1225MB GPU_reserved=2132MB
[2026-02-04 11:39:52] INFO epoch 100/100 | RSS=33550MB GPU_alloc=1225MB GPU_reserved=2132MB
[2026-02-04 11:39:52] INFO running predict | RSS=33550MB GPU_alloc=1225MB GPU_reserved=2132MB
[2026-02-04 11:39:55] INFO recompute_viz DONE | RSS=33555MB GPU_alloc=1299MB GPU_reserved=3014MB
[2026-02-04 11:40:09] INFO recompute_viz DONE | RSS=33552MB GPU_alloc=673MB GPU_reserved=2438MB
[2026-02-04 11:53:06] INFO recompute_viz START | RSS=33530MB GPU_alloc=356MB GPU_reserved=1388MB
[2026-02-04 11:53:06] INFO releasing previous model (GPU + large tensors) | RSS=33530MB GPU_alloc=356MB GPU_reserved=1388MB
[2026-02-04 11:53:06] INFO after release + gc + cuda empty_cache | RSS=33611MB GPU_alloc=41MB GPU_reserved=316MB
[2026-02-04 11:53:06] INFO ROI mask built H=1274 W=1283 roi_pixels=85487 | RSS=33613MB GPU_alloc=41MB GPU_reserved=316MB
[2026-02-04 11:53:06] INFO creating new MSIParametricMiCSLMC | RSS=33613MB GPU_alloc=41MB GPU_reserved=316MB
[2026-02-04 11:53:06] INFO calling set_image(roi_mask=..., category_annotations=...) | RSS=33613MB GPU_alloc=41MB GPU_reserved=316MB
[2026-02-04 11:54:49] INFO training 100 epochs | RSS=33491MB GPU_alloc=145MB GPU_reserved=318MB
[2026-02-04 11:54:50] INFO epoch 1/100 | RSS=33494MB GPU_alloc=361MB GPU_reserved=674MB
[2026-02-04 11:54:50] INFO epoch 20/100 | RSS=33494MB GPU_alloc=361MB GPU_reserved=676MB
[2026-02-04 11:54:51] INFO epoch 40/100 | RSS=33494MB GPU_alloc=362MB GPU_reserved=676MB
[2026-02-04 11:54:52] INFO epoch 60/100 | RSS=33494MB GPU_alloc=361MB GPU_reserved=676MB
[2026-02-04 11:54:52] INFO epoch 80/100 | RSS=33494MB GPU_alloc=361MB GPU_reserved=676MB
[2026-02-04 11:54:53] INFO epoch 100/100 | RSS=33494MB GPU_alloc=361MB GPU_reserved=676MB
[2026-02-04 11:54:53] INFO running predict | RSS=33494MB GPU_alloc=361MB GPU_reserved=676MB
[2026-02-04 11:55:10] INFO recompute_viz DONE | RSS=33535MB GPU_alloc=361MB GPU_reserved=2070MB
[2026-02-04 11:56:01] INFO reload_viz using ROI (101 points) | RSS=33535MB GPU_alloc=361MB GPU_reserved=478MB
[2026-02-04 11:56:01] INFO recompute_viz START | RSS=33535MB GPU_alloc=361MB GPU_reserved=478MB
[2026-02-04 11:56:01] INFO releasing previous model (GPU + large tensors) | RSS=33535MB GPU_alloc=361MB GPU_reserved=478MB
[2026-02-04 11:56:01] INFO after release + gc + cuda empty_cache | RSS=33614MB GPU_alloc=41MB GPU_reserved=316MB
[2026-02-04 11:56:01] INFO ROI mask built H=1274 W=1283 roi_pixels=24392 | RSS=33615MB GPU_alloc=41MB GPU_reserved=316MB
[2026-02-04 11:56:01] INFO creating new MSIParametricMiCSLMC | RSS=33615MB GPU_alloc=41MB GPU_reserved=316MB
[2026-02-04 11:56:01] INFO calling set_image(roi_mask=..., category_annotations=...) | RSS=33615MB GPU_alloc=41MB GPU_reserved=316MB
[2026-02-04 11:57:46] ERROR recompute_viz FAILED: n_samples=1029 should be >= n_clusters=4096. | RSS=33526MB GPU_alloc=145MB GPU_reserved=318MB
[2026-02-04 12:04:27] INFO reload_viz using ROI (101 points) | RSS=33470MB GPU_alloc=41MB GPU_reserved=318MB
[2026-02-04 12:04:27] INFO recompute_viz START | RSS=33470MB GPU_alloc=41MB GPU_reserved=318MB
[2026-02-04 12:04:27] INFO releasing previous model (GPU + large tensors) | RSS=33470MB GPU_alloc=41MB GPU_reserved=318MB
[2026-02-04 12:04:27] INFO after release + gc + cuda empty_cache | RSS=33470MB GPU_alloc=41MB GPU_reserved=316MB
[2026-02-04 12:04:27] INFO ROI mask built H=1274 W=1283 roi_pixels=24392 | RSS=33471MB GPU_alloc=41MB GPU_reserved=316MB
[2026-02-04 12:04:27] INFO creating new MSIParametricMiCSLMC | RSS=33471MB GPU_alloc=41MB GPU_reserved=316MB
[2026-02-04 12:04:27] INFO calling set_image(roi_mask=..., category_annotations=...) | RSS=33471MB GPU_alloc=41MB GPU_reserved=316MB
[2026-02-04 12:06:16] ERROR recompute_viz FAILED: n_samples=1029 should be >= n_clusters=4096. | RSS=33527MB GPU_alloc=145MB GPU_reserved=318MB
[2026-02-04 13:55:51] INFO reload_viz using ROI (262 points) | RSS=33470MB GPU_alloc=41MB GPU_reserved=318MB
[2026-02-04 13:55:51] INFO recompute_viz START | RSS=33470MB GPU_alloc=41MB GPU_reserved=318MB
[2026-02-04 13:55:51] INFO releasing previous model (GPU + large tensors) | RSS=33470MB GPU_alloc=41MB GPU_reserved=318MB
[2026-02-04 13:55:51] INFO after release + gc + cuda empty_cache | RSS=33470MB GPU_alloc=41MB GPU_reserved=316MB
[2026-02-04 13:55:51] INFO ROI mask built H=1274 W=1283 roi_pixels=240940 | RSS=33472MB GPU_alloc=41MB GPU_reserved=316MB
[2026-02-04 13:55:51] INFO creating new MSIParametricMiCSLMC | RSS=33472MB GPU_alloc=41MB GPU_reserved=316MB
[2026-02-04 13:55:51] INFO calling set_image(roi_mask=..., category_annotations=...) | RSS=33472MB GPU_alloc=41MB GPU_reserved=316MB
[2026-02-04 13:58:27] INFO training 100 epochs | RSS=33497MB GPU_alloc=146MB GPU_reserved=318MB
[2026-02-04 13:58:28] INFO epoch 1/100 | RSS=33497MB GPU_alloc=362MB GPU_reserved=676MB
[2026-02-04 13:58:28] INFO epoch 20/100 | RSS=33497MB GPU_alloc=362MB GPU_reserved=680MB
[2026-02-04 13:58:29] INFO epoch 40/100 | RSS=33497MB GPU_alloc=362MB GPU_reserved=680MB
[2026-02-04 13:58:30] INFO epoch 60/100 | RSS=33497MB GPU_alloc=362MB GPU_reserved=680MB
[2026-02-04 13:58:31] INFO epoch 80/100 | RSS=33497MB GPU_alloc=362MB GPU_reserved=680MB
[2026-02-04 13:58:32] INFO epoch 100/100 | RSS=33497MB GPU_alloc=362MB GPU_reserved=680MB
[2026-02-04 13:58:32] INFO running predict | RSS=33497MB GPU_alloc=362MB GPU_reserved=680MB
[2026-02-04 13:58:49] INFO recompute_viz DONE | RSS=33531MB GPU_alloc=362MB GPU_reserved=2074MB
[2026-02-04 14:33:38] INFO compute_initial_viz START | RSS=515MB GPU_alloc=0MB GPU_reserved=0MB
[2026-02-04 14:33:38] INFO config loaded | RSS=527MB GPU_alloc=0MB GPU_reserved=0MB
[2026-02-04 14:34:00] INFO image loaded shape=(1274,1283,5005) from E:\MSImaging-data\_msi_visual\Extractions\NRL4558_5um\5bins\2\0.npy | RSS=31737MB GPU_alloc=0MB GPU_reserved=0MB
[2026-02-04 14:34:00] INFO creating new model and fitting | RSS=31737MB GPU_alloc=0MB GPU_reserved=0MB
[2026-02-04 14:35:50] INFO running predict (train) | RSS=33290MB GPU_alloc=371MB GPU_reserved=808MB
[2026-02-04 14:36:08] INFO compute_initial_viz DONE | RSS=33349MB GPU_alloc=371MB GPU_reserved=2202MB
[2026-02-04 14:38:23] INFO reload_viz using full image (no ROI) | RSS=33360MB GPU_alloc=371MB GPU_reserved=2202MB
[2026-02-04 14:38:23] INFO compute_initial_viz START | RSS=33360MB GPU_alloc=371MB GPU_reserved=2202MB
[2026-02-04 14:38:23] INFO config loaded | RSS=33362MB GPU_alloc=16MB GPU_reserved=40MB
[2026-02-04 14:38:23] INFO reusing cached image (path unchanged): E:\MSImaging-data\_msi_visual\Extractions\NRL4558_5um\5bins\2\0.npy | RSS=33362MB GPU_alloc=16MB GPU_reserved=40MB
[2026-02-04 14:38:23] INFO creating new model and fitting | RSS=33362MB GPU_alloc=16MB GPU_reserved=40MB
[2026-02-04 14:41:37] INFO running predict (train) | RSS=33614MB GPU_alloc=422MB GPU_reserved=858MB
[2026-02-04 14:41:55] INFO compute_initial_viz DONE | RSS=33659MB GPU_alloc=422MB GPU_reserved=2252MB
[2026-02-04 14:45:06] INFO reload_viz using full image (no ROI) | RSS=33660MB GPU_alloc=422MB GPU_reserved=2252MB
[2026-02-04 14:45:06] INFO compute_initial_viz START | RSS=33660MB GPU_alloc=422MB GPU_reserved=2252MB
[2026-02-04 14:45:06] INFO config loaded | RSS=33532MB GPU_alloc=16MB GPU_reserved=40MB
[2026-02-04 14:45:06] INFO reusing cached image (path unchanged): E:\MSImaging-data\_msi_visual\Extractions\NRL4558_5um\5bins\2\0.npy | RSS=33532MB GPU_alloc=16MB GPU_reserved=40MB
[2026-02-04 14:45:06] INFO creating new model and fitting | RSS=33532MB GPU_alloc=16MB GPU_reserved=40MB
[2026-02-04 14:54:51] INFO running predict (train) | RSS=33645MB GPU_alloc=422MB GPU_reserved=860MB
[2026-02-04 14:55:12] INFO compute_initial_viz DONE | RSS=33690MB GPU_alloc=422MB GPU_reserved=2254MB
[2026-02-04 15:04:03] INFO recompute_viz START | RSS=33690MB GPU_alloc=422MB GPU_reserved=2254MB
[2026-02-04 15:04:03] INFO releasing previous model (GPU + large tensors) | RSS=33690MB GPU_alloc=422MB GPU_reserved=2254MB
[2026-02-04 15:04:04] INFO after release + gc + cuda empty_cache | RSS=33562MB GPU_alloc=16MB GPU_reserved=40MB
[2026-02-04 15:04:04] INFO ROI mask built H=1274 W=1283 roi_pixels=77741 | RSS=33564MB GPU_alloc=16MB GPU_reserved=40MB
[2026-02-04 15:04:04] INFO creating new MSIParametricMiCSLMC | RSS=33564MB GPU_alloc=16MB GPU_reserved=40MB
[2026-02-04 15:04:04] INFO calling set_image(roi_mask=..., category_annotations=...) | RSS=33564MB GPU_alloc=16MB GPU_reserved=40MB
[2026-02-04 15:07:13] INFO training 100 epochs | RSS=33453MB GPU_alloc=139MB GPU_reserved=160MB
[2026-02-04 15:07:14] INFO epoch 1/100 | RSS=33453MB GPU_alloc=355MB GPU_reserved=800MB
[2026-02-04 15:07:15] INFO epoch 20/100 | RSS=33453MB GPU_alloc=355MB GPU_reserved=802MB
[2026-02-04 15:07:17] INFO epoch 40/100 | RSS=33453MB GPU_alloc=355MB GPU_reserved=802MB
[2026-02-04 15:07:19] INFO epoch 60/100 | RSS=33453MB GPU_alloc=355MB GPU_reserved=802MB
[2026-02-04 15:07:21] INFO epoch 80/100 | RSS=33453MB GPU_alloc=355MB GPU_reserved=802MB
[2026-02-04 15:07:23] INFO epoch 100/100 | RSS=33453MB GPU_alloc=355MB GPU_reserved=802MB
[2026-02-04 15:07:23] INFO running predict | RSS=33453MB GPU_alloc=355MB GPU_reserved=802MB
[2026-02-04 15:07:41] INFO recompute_viz DONE | RSS=33499MB GPU_alloc=355MB GPU_reserved=2196MB
[2026-02-04 15:10:54] INFO recompute_viz START | RSS=33499MB GPU_alloc=355MB GPU_reserved=394MB
[2026-02-04 15:10:54] INFO releasing previous model (GPU + large tensors) | RSS=33499MB GPU_alloc=355MB GPU_reserved=394MB
[2026-02-04 15:10:54] INFO after release + gc + cuda empty_cache | RSS=33536MB GPU_alloc=16MB GPU_reserved=40MB
[2026-02-04 15:10:54] INFO ROI mask built H=1274 W=1283 roi_pixels=193043 | RSS=33538MB GPU_alloc=16MB GPU_reserved=40MB
[2026-02-04 15:10:54] INFO creating new MSIParametricMiCSLMC | RSS=33538MB GPU_alloc=16MB GPU_reserved=40MB
[2026-02-04 15:10:54] INFO calling set_image(roi_mask=..., category_annotations=...) | RSS=33538MB GPU_alloc=16MB GPU_reserved=40MB
[2026-02-04 15:12:41] INFO training 100 epochs | RSS=33419MB GPU_alloc=125MB GPU_reserved=134MB
[2026-02-04 15:12:42] INFO epoch 1/100 | RSS=33419MB GPU_alloc=341MB GPU_reserved=666MB
[2026-02-04 15:12:42] INFO epoch 20/100 | RSS=33419MB GPU_alloc=341MB GPU_reserved=708MB
[2026-02-04 15:12:43] INFO epoch 40/100 | RSS=33419MB GPU_alloc=341MB GPU_reserved=708MB
[2026-02-04 15:12:44] INFO epoch 60/100 | RSS=33419MB GPU_alloc=341MB GPU_reserved=708MB
[2026-02-04 15:12:45] INFO epoch 80/100 | RSS=33419MB GPU_alloc=341MB GPU_reserved=708MB
[2026-02-04 15:12:46] INFO epoch 100/100 | RSS=33419MB GPU_alloc=341MB GPU_reserved=708MB
[2026-02-04 15:12:46] INFO running predict | RSS=33419MB GPU_alloc=341MB GPU_reserved=708MB
[2026-02-04 15:13:04] INFO recompute_viz DONE | RSS=33464MB GPU_alloc=341MB GPU_reserved=2102MB
[2026-02-04 15:46:03] INFO recompute_viz START | RSS=33464MB GPU_alloc=341MB GPU_reserved=370MB
[2026-02-04 15:46:03] INFO releasing previous model (GPU + large tensors) | RSS=33464MB GPU_alloc=341MB GPU_reserved=370MB
[2026-02-04 15:46:04] INFO after release + gc + cuda empty_cache | RSS=33537MB GPU_alloc=16MB GPU_reserved=40MB
[2026-02-04 15:46:04] INFO ROI mask built H=1274 W=1283 roi_pixels=2693 | RSS=33538MB GPU_alloc=16MB GPU_reserved=40MB
[2026-02-04 15:46:04] INFO creating new MSIParametricMiCSLMC | RSS=33538MB GPU_alloc=16MB GPU_reserved=40MB
[2026-02-04 15:46:04] INFO calling set_image(roi_mask=..., category_annotations=...) | RSS=33538MB GPU_alloc=16MB GPU_reserved=40MB
[2026-02-04 15:46:42] ERROR recompute_viz FAILED: n_samples=183 should be >= n_clusters=256. | RSS=33413MB GPU_alloc=99MB GPU_reserved=114MB
[2026-02-04 16:07:33] INFO reload_viz using ROI (124 points) | RSS=33388MB GPU_alloc=16MB GPU_reserved=114MB
[2026-02-04 16:07:33] INFO recompute_viz START | RSS=33388MB GPU_alloc=16MB GPU_reserved=114MB
[2026-02-04 16:07:33] INFO releasing previous model (GPU + large tensors) | RSS=33388MB GPU_alloc=16MB GPU_reserved=114MB
[2026-02-04 16:07:33] INFO after release + gc + cuda empty_cache | RSS=33388MB GPU_alloc=16MB GPU_reserved=40MB
[2026-02-04 16:07:33] INFO ROI mask built H=1274 W=1283 roi_pixels=26836 | RSS=33390MB GPU_alloc=16MB GPU_reserved=40MB
[2026-02-04 16:07:33] INFO creating new MSIParametricMiCSLMC | RSS=33390MB GPU_alloc=16MB GPU_reserved=40MB
[2026-02-04 16:07:33] INFO calling set_image(roi_mask=..., category_annotations=...) | RSS=33390MB GPU_alloc=16MB GPU_reserved=40MB
[2026-02-04 16:08:15] ERROR recompute_viz FAILED: n_samples=482 should be >= n_clusters=512. | RSS=33424MB GPU_alloc=107MB GPU_reserved=114MB
[2026-02-04 16:26:41] INFO compute_initial_viz START | RSS=508MB GPU_alloc=0MB GPU_reserved=0MB
[2026-02-04 16:26:41] INFO config loaded | RSS=520MB GPU_alloc=0MB GPU_reserved=0MB
[2026-02-04 16:27:02] INFO image loaded shape=(1274,1283,5005) from E:\MSImaging-data\_msi_visual\Extractions\NRL4558_5um\5bins\2\0.npy | RSS=31730MB GPU_alloc=0MB GPU_reserved=0MB
[2026-02-04 16:27:02] INFO creating new model and fitting | RSS=31730MB GPU_alloc=0MB GPU_reserved=0MB
[2026-02-04 16:28:49] INFO running predict (train) | RSS=33282MB GPU_alloc=371MB GPU_reserved=810MB
[2026-02-04 16:29:06] INFO compute_initial_viz DONE | RSS=33341MB GPU_alloc=371MB GPU_reserved=2204MB
[2026-02-04 16:29:58] INFO recompute_viz START | RSS=33351MB GPU_alloc=371MB GPU_reserved=2204MB
[2026-02-04 16:29:58] INFO releasing previous model (GPU + large tensors) | RSS=33351MB GPU_alloc=371MB GPU_reserved=2204MB
[2026-02-04 16:29:58] INFO after release + gc + cuda empty_cache | RSS=33354MB GPU_alloc=16MB GPU_reserved=40MB
[2026-02-04 16:29:58] INFO ROI mask built H=1274 W=1283 roi_pixels=15851 | RSS=33356MB GPU_alloc=16MB GPU_reserved=40MB
[2026-02-04 16:29:58] INFO creating new MSIParametricMiCSLMC | RSS=33356MB GPU_alloc=16MB GPU_reserved=40MB
[2026-02-04 16:29:58] INFO calling set_image(roi_mask=..., category_annotations=...) | RSS=33356MB GPU_alloc=16MB GPU_reserved=40MB
[2026-02-04 16:30:51] INFO training 100 epochs | RSS=33375MB GPU_alloc=107MB GPU_reserved=114MB
[2026-02-04 16:30:52] INFO epoch 1/100 | RSS=33375MB GPU_alloc=323MB GPU_reserved=538MB
[2026-02-04 16:30:52] INFO epoch 20/100 | RSS=33375MB GPU_alloc=323MB GPU_reserved=578MB
[2026-02-04 16:30:52] INFO epoch 40/100 | RSS=33375MB GPU_alloc=323MB GPU_reserved=578MB
[2026-02-04 16:30:53] INFO epoch 60/100 | RSS=33375MB GPU_alloc=323MB GPU_reserved=578MB
[2026-02-04 16:30:53] INFO epoch 80/100 | RSS=33375MB GPU_alloc=323MB GPU_reserved=578MB
[2026-02-04 16:30:53] INFO epoch 100/100 | RSS=33375MB GPU_alloc=323MB GPU_reserved=578MB
[2026-02-04 16:30:53] INFO running predict | RSS=33375MB GPU_alloc=323MB GPU_reserved=578MB
[2026-02-04 16:31:10] INFO recompute_viz DONE | RSS=33420MB GPU_alloc=323MB GPU_reserved=1972MB
[2026-02-04 16:31:50] INFO recompute_viz START | RSS=33421MB GPU_alloc=323MB GPU_reserved=338MB
[2026-02-04 16:31:50] INFO releasing previous model (GPU + large tensors) | RSS=33421MB GPU_alloc=323MB GPU_reserved=338MB
[2026-02-04 16:31:50] INFO after release + gc + cuda empty_cache | RSS=33507MB GPU_alloc=16MB GPU_reserved=40MB
[2026-02-04 16:31:50] INFO ROI mask built H=1274 W=1283 roi_pixels=113448 | RSS=33508MB GPU_alloc=16MB GPU_reserved=40MB
[2026-02-04 16:31:50] INFO creating new MSIParametricMiCSLMC | RSS=33508MB GPU_alloc=16MB GPU_reserved=40MB
[2026-02-04 16:31:50] INFO calling set_image(roi_mask=..., category_annotations=...) | RSS=33508MB GPU_alloc=16MB GPU_reserved=40MB
[2026-02-04 16:36:08] INFO training 100 epochs | RSS=33499MB GPU_alloc=122MB GPU_reserved=132MB
[2026-02-04 16:36:08] INFO epoch 1/100 | RSS=33499MB GPU_alloc=339MB GPU_reserved=610MB
[2026-02-04 16:36:10] INFO epoch 20/100 | RSS=33499MB GPU_alloc=339MB GPU_reserved=614MB
[2026-02-04 16:36:12] INFO epoch 40/100 | RSS=33499MB GPU_alloc=339MB GPU_reserved=614MB
[2026-02-04 16:36:15] INFO epoch 60/100 | RSS=33499MB GPU_alloc=339MB GPU_reserved=614MB
[2026-02-04 16:36:17] INFO epoch 80/100 | RSS=33499MB GPU_alloc=339MB GPU_reserved=614MB
[2026-02-04 16:36:19] INFO epoch 100/100 | RSS=33499MB GPU_alloc=339MB GPU_reserved=614MB
[2026-02-04 16:36:19] INFO running predict | RSS=33499MB GPU_alloc=339MB GPU_reserved=614MB
[2026-02-04 16:36:39] INFO recompute_viz DONE | RSS=33544MB GPU_alloc=339MB GPU_reserved=2008MB
[2026-02-04 16:37:18] INFO recompute_viz START | RSS=33544MB GPU_alloc=339MB GPU_reserved=372MB
[2026-02-04 16:37:18] INFO releasing previous model (GPU + large tensors) | RSS=33544MB GPU_alloc=339MB GPU_reserved=372MB
[2026-02-04 16:37:18] INFO after release + gc + cuda empty_cache | RSS=33556MB GPU_alloc=16MB GPU_reserved=40MB
[2026-02-04 16:37:18] INFO ROI mask built H=1274 W=1283 roi_pixels=234985 | RSS=33557MB GPU_alloc=16MB GPU_reserved=40MB
[2026-02-04 16:37:18] INFO creating new MSIParametricMiCSLMC | RSS=33557MB GPU_alloc=16MB GPU_reserved=40MB
[2026-02-04 16:37:18] INFO calling set_image(roi_mask=..., category_annotations=...) | RSS=33557MB GPU_alloc=16MB GPU_reserved=40MB
[2026-02-04 16:39:28] INFO training 100 epochs | RSS=33417MB GPU_alloc=111MB GPU_reserved=134MB
[2026-02-04 16:39:29] INFO epoch 1/100 | RSS=33417MB GPU_alloc=327MB GPU_reserved=582MB
[2026-02-04 16:39:30] INFO epoch 20/100 | RSS=33417MB GPU_alloc=327MB GPU_reserved=624MB
[2026-02-04 16:39:30] INFO epoch 40/100 | RSS=33417MB GPU_alloc=327MB GPU_reserved=624MB
[2026-02-04 16:39:31] INFO epoch 60/100 | RSS=33417MB GPU_alloc=327MB GPU_reserved=624MB
[2026-02-04 16:39:32] INFO epoch 80/100 | RSS=33417MB GPU_alloc=327MB GPU_reserved=624MB
[2026-02-04 16:39:33] INFO epoch 100/100 | RSS=33417MB GPU_alloc=327MB GPU_reserved=624MB
[2026-02-04 16:39:33] INFO running predict | RSS=33417MB GPU_alloc=327MB GPU_reserved=624MB
[2026-02-04 16:39:51] INFO recompute_viz DONE | RSS=33462MB GPU_alloc=327MB GPU_reserved=2018MB
[2026-02-04 16:58:47] INFO reload_viz using ROI (249 points) | RSS=33462MB GPU_alloc=327MB GPU_reserved=366MB
[2026-02-04 16:58:47] INFO recompute_viz START | RSS=33462MB GPU_alloc=327MB GPU_reserved=366MB
[2026-02-04 16:58:47] INFO releasing previous model (GPU + large tensors) | RSS=33462MB GPU_alloc=327MB GPU_reserved=366MB
[2026-02-04 16:58:47] INFO after release + gc + cuda empty_cache | RSS=33528MB GPU_alloc=16MB GPU_reserved=40MB
[2026-02-04 16:58:47] INFO ROI mask built H=1274 W=1283 roi_pixels=234985 | RSS=33530MB GPU_alloc=16MB GPU_reserved=40MB
[2026-02-04 16:58:47] INFO creating new MSIParametricMiCSLMC | RSS=33530MB GPU_alloc=16MB GPU_reserved=40MB
[2026-02-04 16:58:47] INFO calling set_image(roi_mask=..., category_annotations=...) | RSS=33530MB GPU_alloc=16MB GPU_reserved=40MB
[2026-02-04 17:00:57] INFO training 30 epochs | RSS=33417MB GPU_alloc=149MB GPU_reserved=170MB
[2026-02-04 17:00:58] INFO epoch 1/30 | RSS=33417MB GPU_alloc=365MB GPU_reserved=868MB
[2026-02-04 17:00:58] INFO epoch 20/30 | RSS=33417MB GPU_alloc=365MB GPU_reserved=924MB
[2026-02-04 17:00:59] INFO running predict | RSS=33417MB GPU_alloc=365MB GPU_reserved=924MB
[2026-02-04 17:01:17] INFO recompute_viz DONE | RSS=33462MB GPU_alloc=365MB GPU_reserved=2318MB
[2026-02-04 17:02:15] INFO recompute_viz START | RSS=33462MB GPU_alloc=365MB GPU_reserved=402MB
[2026-02-04 17:02:15] INFO releasing previous model (GPU + large tensors) | RSS=33462MB GPU_alloc=365MB GPU_reserved=402MB
[2026-02-04 17:02:16] INFO after release + gc + cuda empty_cache | RSS=33528MB GPU_alloc=16MB GPU_reserved=40MB
[2026-02-04 17:02:16] INFO ROI mask built H=1274 W=1283 roi_pixels=158761 | RSS=33530MB GPU_alloc=16MB GPU_reserved=40MB
[2026-02-04 17:02:16] INFO creating new MSIParametricMiCSLMC | RSS=33530MB GPU_alloc=16MB GPU_reserved=40MB
[2026-02-04 17:02:16] INFO calling set_image(roi_mask=..., category_annotations=...) | RSS=33530MB GPU_alloc=16MB GPU_reserved=40MB
[2026-02-04 17:06:54] INFO recompute_viz START | RSS=33657MB GPU_alloc=419MB GPU_reserved=440MB
[2026-02-04 17:06:54] INFO releasing previous model (GPU + large tensors) | RSS=33658MB GPU_alloc=419MB GPU_reserved=440MB
[2026-02-04 17:06:54] INFO after release + gc + cuda empty_cache | RSS=33657MB GPU_alloc=419MB GPU_reserved=440MB
[2026-02-04 17:06:54] INFO ROI mask built H=1274 W=1283 roi_pixels=34202 | RSS=33659MB GPU_alloc=419MB GPU_reserved=440MB
[2026-02-04 17:06:54] INFO creating new MSIParametricMiCSLMC | RSS=33659MB GPU_alloc=419MB GPU_reserved=440MB
[2026-02-04 17:06:54] INFO calling set_image(roi_mask=..., category_annotations=...) | RSS=33665MB GPU_alloc=419MB GPU_reserved=440MB
[2026-02-04 18:14:00] INFO compute_initial_viz START | RSS=508MB GPU_alloc=0MB GPU_reserved=0MB
[2026-02-04 18:14:00] INFO config loaded | RSS=520MB GPU_alloc=0MB GPU_reserved=0MB
[2026-02-04 18:14:22] INFO image loaded shape=(1274,1283,5005) from E:\MSImaging-data\_msi_visual\Extractions\NRL4558_5um\5bins\2\0.npy | RSS=31730MB GPU_alloc=0MB GPU_reserved=0MB
[2026-02-04 18:14:22] INFO creating new model and fitting | RSS=31730MB GPU_alloc=0MB GPU_reserved=0MB
[2026-02-04 18:16:33] INFO compute_initial_viz START | RSS=508MB GPU_alloc=0MB GPU_reserved=0MB
[2026-02-04 18:16:33] INFO config loaded | RSS=519MB GPU_alloc=0MB GPU_reserved=0MB
[2026-02-04 18:16:55] INFO image loaded shape=(1274,1283,5005) from E:\MSImaging-data\_msi_visual\Extractions\NRL4558_5um\5bins\2\0.npy | RSS=31729MB GPU_alloc=0MB GPU_reserved=0MB
[2026-02-04 18:16:55] INFO creating new model and fitting | RSS=31729MB GPU_alloc=0MB GPU_reserved=0MB
[2026-02-04 18:18:29] INFO compute_initial_viz START | RSS=33282MB GPU_alloc=506MB GPU_reserved=812MB
[2026-02-04 18:18:29] INFO config loaded | RSS=33282MB GPU_alloc=490MB GPU_reserved=812MB
[2026-02-04 18:18:29] INFO reusing cached image (path unchanged): E:\MSImaging-data\_msi_visual\Extractions\NRL4558_5um\5bins\2\0.npy | RSS=33282MB GPU_alloc=490MB GPU_reserved=812MB
[2026-02-04 18:18:29] INFO creating new model and fitting | RSS=33282MB GPU_alloc=490MB GPU_reserved=812MB
[2026-02-04 18:18:32] INFO running predict (train) | RSS=33288MB GPU_alloc=372MB GPU_reserved=812MB
[2026-02-04 18:18:52] INFO compute_initial_viz DONE | RSS=33555MB GPU_alloc=372MB GPU_reserved=2206MB
[2026-02-04 18:20:06] INFO running predict (train) | RSS=33460MB GPU_alloc=733MB GPU_reserved=2206MB
[2026-02-04 18:20:23] INFO compute_initial_viz DONE | RSS=33501MB GPU_alloc=733MB GPU_reserved=2462MB
[2026-02-04 18:21:34] INFO recompute_viz START | RSS=33502MB GPU_alloc=733MB GPU_reserved=2462MB
[2026-02-04 18:21:34] INFO releasing previous model (GPU + large tensors) | RSS=33502MB GPU_alloc=733MB GPU_reserved=2462MB
[2026-02-04 18:21:35] INFO after release + gc + cuda empty_cache | RSS=33495MB GPU_alloc=380MB GPU_reserved=432MB
[2026-02-04 18:21:35] INFO ROI mask built H=1274 W=1283 roi_pixels=22640 | RSS=33497MB GPU_alloc=380MB GPU_reserved=432MB
[2026-02-04 18:21:35] INFO creating new MSIParametricMiCSLMC | RSS=33497MB GPU_alloc=380MB GPU_reserved=432MB
[2026-02-04 18:21:35] INFO calling set_image(roi_mask=..., category_annotations=...) | RSS=33497MB GPU_alloc=380MB GPU_reserved=432MB
[2026-02-04 18:22:21] INFO training 100 epochs | RSS=33375MB GPU_alloc=486MB GPU_reserved=524MB
[2026-02-04 18:22:21] INFO epoch 1/100 | RSS=33375MB GPU_alloc=703MB GPU_reserved=994MB
[2026-02-04 18:22:22] INFO epoch 20/100 | RSS=33375MB GPU_alloc=703MB GPU_reserved=1076MB
[2026-02-04 18:22:22] INFO epoch 40/100 | RSS=33375MB GPU_alloc=703MB GPU_reserved=1076MB
[2026-02-04 18:22:22] INFO epoch 60/100 | RSS=33375MB GPU_alloc=703MB GPU_reserved=1076MB
[2026-02-04 18:22:23] INFO epoch 80/100 | RSS=33375MB GPU_alloc=703MB GPU_reserved=1076MB
[2026-02-04 18:22:23] INFO epoch 100/100 | RSS=33375MB GPU_alloc=703MB GPU_reserved=1076MB
[2026-02-04 18:22:23] INFO running predict | RSS=33375MB GPU_alloc=703MB GPU_reserved=1076MB
[2026-02-04 18:22:40] INFO recompute_viz DONE | RSS=33416MB GPU_alloc=703MB GPU_reserved=2470MB
[2026-02-04 18:23:24] INFO recompute_viz START | RSS=33416MB GPU_alloc=703MB GPU_reserved=760MB
[2026-02-04 18:23:24] INFO releasing previous model (GPU + large tensors) | RSS=33416MB GPU_alloc=703MB GPU_reserved=760MB
[2026-02-04 18:23:25] INFO after release + gc + cuda empty_cache | RSS=33495MB GPU_alloc=380MB GPU_reserved=432MB
[2026-02-04 18:23:25] INFO ROI mask built H=1274 W=1283 roi_pixels=159875 | RSS=33497MB GPU_alloc=380MB GPU_reserved=432MB
[2026-02-04 18:23:25] INFO creating new MSIParametricMiCSLMC | RSS=33497MB GPU_alloc=380MB GPU_reserved=432MB
[2026-02-04 18:23:25] INFO calling set_image(roi_mask=..., category_annotations=...) | RSS=33497MB GPU_alloc=380MB GPU_reserved=432MB
[2026-02-04 18:24:14] INFO training 100 epochs | RSS=33378MB GPU_alloc=487MB GPU_reserved=524MB
[2026-02-04 18:24:14] INFO epoch 1/100 | RSS=33378MB GPU_alloc=703MB GPU_reserved=1046MB
[2026-02-04 18:24:15] INFO epoch 20/100 | RSS=33378MB GPU_alloc=703MB GPU_reserved=1088MB
[2026-02-04 18:24:15] INFO epoch 40/100 | RSS=33378MB GPU_alloc=703MB GPU_reserved=1088MB
[2026-02-04 18:24:16] INFO epoch 60/100 | RSS=33378MB GPU_alloc=703MB GPU_reserved=1088MB
[2026-02-04 18:24:17] INFO epoch 80/100 | RSS=33378MB GPU_alloc=703MB GPU_reserved=1088MB
[2026-02-04 18:24:18] INFO epoch 100/100 | RSS=33378MB GPU_alloc=703MB GPU_reserved=1088MB
[2026-02-04 18:24:18] INFO running predict | RSS=33378MB GPU_alloc=703MB GPU_reserved=1088MB
[2026-02-04 18:24:35] INFO recompute_viz DONE | RSS=33418MB GPU_alloc=703MB GPU_reserved=2482MB
[2026-02-04 18:25:21] INFO reload_viz using ROI (209 points) | RSS=33418MB GPU_alloc=703MB GPU_reserved=758MB
[2026-02-04 18:25:21] INFO recompute_viz START | RSS=33418MB GPU_alloc=703MB GPU_reserved=758MB
[2026-02-04 18:25:21] INFO releasing previous model (GPU + large tensors) | RSS=33418MB GPU_alloc=703MB GPU_reserved=758MB
[2026-02-04 18:25:22] INFO after release + gc + cuda empty_cache | RSS=33494MB GPU_alloc=380MB GPU_reserved=432MB
[2026-02-04 18:25:22] INFO ROI mask built H=1274 W=1283 roi_pixels=159875 | RSS=33496MB GPU_alloc=380MB GPU_reserved=432MB
[2026-02-04 18:25:22] INFO creating new MSIParametricMiCSLMC | RSS=33496MB GPU_alloc=380MB GPU_reserved=432MB
[2026-02-04 18:25:22] INFO calling set_image(roi_mask=..., category_annotations=...) | RSS=33496MB GPU_alloc=380MB GPU_reserved=432MB
[2026-02-04 18:26:23] INFO training 100 epochs | RSS=33379MB GPU_alloc=487MB GPU_reserved=524MB
[2026-02-04 18:26:24] INFO epoch 1/100 | RSS=33379MB GPU_alloc=703MB GPU_reserved=1046MB
[2026-02-04 18:26:24] INFO epoch 20/100 | RSS=33379MB GPU_alloc=703MB GPU_reserved=1088MB
[2026-02-04 18:26:25] INFO epoch 40/100 | RSS=33379MB GPU_alloc=703MB GPU_reserved=1088MB
[2026-02-04 18:26:26] INFO epoch 60/100 | RSS=33379MB GPU_alloc=703MB GPU_reserved=1088MB
[2026-02-04 18:26:27] INFO epoch 80/100 | RSS=33379MB GPU_alloc=703MB GPU_reserved=1088MB
[2026-02-04 18:26:27] INFO epoch 100/100 | RSS=33379MB GPU_alloc=703MB GPU_reserved=1088MB
[2026-02-04 18:26:27] INFO running predict | RSS=33379MB GPU_alloc=703MB GPU_reserved=1088MB
[2026-02-04 18:26:44] INFO recompute_viz DONE | RSS=33418MB GPU_alloc=703MB GPU_reserved=2482MB
[2026-02-04 18:28:07] INFO recompute_viz START | RSS=33419MB GPU_alloc=703MB GPU_reserved=758MB
[2026-02-04 18:28:07] INFO releasing previous model (GPU + large tensors) | RSS=33419MB GPU_alloc=703MB GPU_reserved=758MB
[2026-02-04 18:28:08] INFO after release + gc + cuda empty_cache | RSS=33495MB GPU_alloc=380MB GPU_reserved=432MB
[2026-02-04 18:28:08] INFO ROI mask built H=1274 W=1283 roi_pixels=142372 | RSS=33497MB GPU_alloc=380MB GPU_reserved=432MB
[2026-02-04 18:28:08] INFO creating new MSIParametricMiCSLMC | RSS=33497MB GPU_alloc=380MB GPU_reserved=432MB
[2026-02-04 18:28:08] INFO calling set_image(roi_mask=..., category_annotations=...) | RSS=33497MB GPU_alloc=380MB GPU_reserved=432MB
[2026-02-04 18:30:28] INFO training 100 epochs | RSS=33477MB GPU_alloc=519MB GPU_reserved=566MB
[2026-02-04 18:30:28] INFO epoch 1/100 | RSS=33477MB GPU_alloc=735MB GPU_reserved=1196MB
[2026-02-04 18:30:31] INFO epoch 20/100 | RSS=33477MB GPU_alloc=735MB GPU_reserved=1200MB
[2026-02-04 18:30:33] INFO epoch 40/100 | RSS=33477MB GPU_alloc=735MB GPU_reserved=1200MB
[2026-02-04 18:30:35] INFO epoch 60/100 | RSS=33477MB GPU_alloc=735MB GPU_reserved=1200MB
[2026-02-04 18:30:38] INFO epoch 80/100 | RSS=33477MB GPU_alloc=735MB GPU_reserved=1200MB
[2026-02-04 18:30:40] INFO epoch 100/100 | RSS=33477MB GPU_alloc=735MB GPU_reserved=1200MB
[2026-02-04 18:30:40] INFO running predict | RSS=33477MB GPU_alloc=735MB GPU_reserved=1200MB
[2026-02-04 18:30:58] INFO recompute_viz DONE | RSS=33516MB GPU_alloc=735MB GPU_reserved=2594MB
[2026-02-04 18:32:38] INFO recompute_viz START | RSS=33517MB GPU_alloc=735MB GPU_reserved=798MB
[2026-02-04 18:32:38] INFO releasing previous model (GPU + large tensors) | RSS=33517MB GPU_alloc=735MB GPU_reserved=798MB
[2026-02-04 18:32:39] INFO after release + gc + cuda empty_cache | RSS=33514MB GPU_alloc=380MB GPU_reserved=432MB
[2026-02-04 18:32:39] INFO ROI mask built H=1274 W=1283 roi_pixels=120520 | RSS=33516MB GPU_alloc=380MB GPU_reserved=432MB
[2026-02-04 18:32:39] INFO creating new MSIParametricMiCSLMC | RSS=33516MB GPU_alloc=380MB GPU_reserved=432MB
[2026-02-04 18:32:39] INFO category_annotations: 2 polygons | RSS=33516MB GPU_alloc=380MB GPU_reserved=432MB
[2026-02-04 18:32:39] INFO calling set_image(roi_mask=..., category_annotations=...) | RSS=33516MB GPU_alloc=380MB GPU_reserved=432MB
[2026-02-04 18:34:41] INFO training 100 epochs | RSS=33451MB GPU_alloc=511MB GPU_reserved=558MB
[2026-02-04 18:34:42] INFO epoch 1/100 | RSS=33451MB GPU_alloc=728MB GPU_reserved=1190MB
[2026-02-04 18:34:44] INFO epoch 20/100 | RSS=33451MB GPU_alloc=728MB GPU_reserved=1196MB
[2026-02-04 18:34:46] INFO epoch 40/100 | RSS=33451MB GPU_alloc=728MB GPU_reserved=1196MB
[2026-02-04 18:34:48] INFO epoch 60/100 | RSS=33451MB GPU_alloc=728MB GPU_reserved=1196MB
[2026-02-04 18:34:50] INFO epoch 80/100 | RSS=33451MB GPU_alloc=728MB GPU_reserved=1196MB
[2026-02-04 18:34:52] INFO epoch 100/100 | RSS=33451MB GPU_alloc=728MB GPU_reserved=1196MB
[2026-02-04 18:34:52] INFO running predict | RSS=33451MB GPU_alloc=728MB GPU_reserved=1196MB
[2026-02-04 18:35:09] INFO recompute_viz DONE | RSS=33491MB GPU_alloc=728MB GPU_reserved=2590MB
[2026-02-04 18:39:47] INFO recompute_viz START | RSS=33491MB GPU_alloc=728MB GPU_reserved=792MB
[2026-02-04 18:39:47] INFO releasing previous model (GPU + large tensors) | RSS=33491MB GPU_alloc=728MB GPU_reserved=792MB
[2026-02-04 18:39:47] INFO after release + gc + cuda empty_cache | RSS=33507MB GPU_alloc=380MB GPU_reserved=432MB
[2026-02-04 18:39:47] INFO ROI mask built H=1274 W=1283 roi_pixels=120520 | RSS=33508MB GPU_alloc=380MB GPU_reserved=432MB
[2026-02-04 18:39:47] INFO creating new MSIParametricMiCSLMC | RSS=33508MB GPU_alloc=380MB GPU_reserved=432MB
[2026-02-04 18:39:47] INFO category_annotations: 2 polygons | RSS=33508MB GPU_alloc=380MB GPU_reserved=432MB
[2026-02-04 18:39:47] INFO calling set_image(roi_mask=..., category_annotations=...) | RSS=33508MB GPU_alloc=380MB GPU_reserved=432MB
[2026-02-04 18:41:54] INFO training 100 epochs | RSS=33454MB GPU_alloc=511MB GPU_reserved=558MB
[2026-02-04 18:41:55] INFO epoch 1/100 | RSS=33454MB GPU_alloc=728MB GPU_reserved=1190MB
[2026-02-04 18:41:57] INFO epoch 20/100 | RSS=33454MB GPU_alloc=728MB GPU_reserved=1196MB
[2026-02-04 18:41:59] INFO epoch 40/100 | RSS=33454MB GPU_alloc=728MB GPU_reserved=1196MB
[2026-02-04 18:42:01] INFO epoch 60/100 | RSS=33454MB GPU_alloc=728MB GPU_reserved=1196MB
[2026-02-04 18:42:03] INFO epoch 80/100 | RSS=33454MB GPU_alloc=728MB GPU_reserved=1196MB
[2026-02-04 18:42:05] INFO epoch 100/100 | RSS=33454MB GPU_alloc=728MB GPU_reserved=1196MB
[2026-02-04 18:42:05] INFO running predict | RSS=33454MB GPU_alloc=728MB GPU_reserved=1196MB
[2026-02-04 18:42:24] INFO recompute_viz DONE | RSS=33494MB GPU_alloc=728MB GPU_reserved=2590MB
[2026-02-04 18:45:16] INFO recompute_viz START | RSS=33494MB GPU_alloc=728MB GPU_reserved=790MB
[2026-02-04 18:45:16] INFO releasing previous model (GPU + large tensors) | RSS=33494MB GPU_alloc=728MB GPU_reserved=790MB
[2026-02-04 18:45:16] INFO after release + gc + cuda empty_cache | RSS=33509MB GPU_alloc=380MB GPU_reserved=432MB
[2026-02-04 18:45:16] INFO ROI mask built H=1274 W=1283 roi_pixels=120520 | RSS=33511MB GPU_alloc=380MB GPU_reserved=432MB
[2026-02-04 18:45:16] INFO creating new MSIParametricMiCSLMC | RSS=33511MB GPU_alloc=380MB GPU_reserved=432MB
[2026-02-04 18:45:16] INFO category_annotations: 4 polygons | RSS=33511MB GPU_alloc=380MB GPU_reserved=432MB
[2026-02-04 18:45:16] INFO calling set_image(roi_mask=..., category_annotations=...) | RSS=33511MB GPU_alloc=380MB GPU_reserved=432MB
[2026-02-04 18:47:18] INFO training 100 epochs | RSS=33454MB GPU_alloc=511MB GPU_reserved=558MB
[2026-02-04 18:47:18] INFO epoch 1/100 | RSS=33454MB GPU_alloc=728MB GPU_reserved=1190MB
[2026-02-04 18:47:20] INFO epoch 20/100 | RSS=33454MB GPU_alloc=728MB GPU_reserved=1196MB
[2026-02-04 18:47:22] INFO epoch 40/100 | RSS=33454MB GPU_alloc=728MB GPU_reserved=1196MB
[2026-02-04 18:47:24] INFO epoch 60/100 | RSS=33454MB GPU_alloc=728MB GPU_reserved=1196MB
[2026-02-04 18:47:26] INFO epoch 80/100 | RSS=33454MB GPU_alloc=728MB GPU_reserved=1196MB
[2026-02-04 18:47:28] INFO epoch 100/100 | RSS=33454MB GPU_alloc=728MB GPU_reserved=1196MB
[2026-02-04 18:47:28] INFO running predict | RSS=33454MB GPU_alloc=728MB GPU_reserved=1196MB
[2026-02-04 18:47:46] INFO recompute_viz DONE | RSS=33494MB GPU_alloc=728MB GPU_reserved=2590MB
[2026-02-04 18:51:01] INFO reload_viz using ROI (71 points) | RSS=33494MB GPU_alloc=728MB GPU_reserved=792MB
[2026-02-04 18:51:01] INFO recompute_viz START | RSS=33494MB GPU_alloc=728MB GPU_reserved=792MB
[2026-02-04 18:51:01] INFO releasing previous model (GPU + large tensors) | RSS=33494MB GPU_alloc=728MB GPU_reserved=792MB
[2026-02-04 18:51:02] INFO after release + gc + cuda empty_cache | RSS=33510MB GPU_alloc=380MB GPU_reserved=432MB
[2026-02-04 18:51:02] INFO ROI mask built H=1274 W=1283 roi_pixels=120520 | RSS=33511MB GPU_alloc=380MB GPU_reserved=432MB
[2026-02-04 18:51:02] INFO creating new MSIParametricMiCSLMC | RSS=33511MB GPU_alloc=380MB GPU_reserved=432MB
[2026-02-04 18:51:02] INFO category_annotations: 4 polygons | RSS=33511MB GPU_alloc=380MB GPU_reserved=432MB
[2026-02-04 18:51:02] INFO calling set_image(roi_mask=..., category_annotations=...) | RSS=33511MB GPU_alloc=380MB GPU_reserved=432MB
[2026-02-04 18:52:50] INFO training 100 epochs | RSS=33479MB GPU_alloc=517MB GPU_reserved=564MB
[2026-02-04 18:52:50] INFO epoch 1/100 | RSS=33479MB GPU_alloc=733MB GPU_reserved=1194MB
[2026-02-04 18:52:52] INFO epoch 20/100 | RSS=33479MB GPU_alloc=733MB GPU_reserved=1194MB
[2026-02-04 18:52:54] INFO epoch 40/100 | RSS=33479MB GPU_alloc=733MB GPU_reserved=1194MB
[2026-02-04 18:52:57] INFO epoch 60/100 | RSS=33479MB GPU_alloc=733MB GPU_reserved=1194MB
[2026-02-04 18:52:59] INFO epoch 80/100 | RSS=33479MB GPU_alloc=733MB GPU_reserved=1194MB
[2026-02-04 18:53:01] INFO epoch 100/100 | RSS=33479MB GPU_alloc=733MB GPU_reserved=1194MB
[2026-02-04 18:53:01] INFO running predict | RSS=33479MB GPU_alloc=733MB GPU_reserved=1194MB
[2026-02-04 18:53:19] INFO recompute_viz DONE | RSS=33519MB GPU_alloc=733MB GPU_reserved=2588MB
[2026-02-04 18:55:59] INFO recompute_viz START | RSS=33519MB GPU_alloc=733MB GPU_reserved=800MB
[2026-02-04 18:56:00] INFO releasing previous model (GPU + large tensors) | RSS=33519MB GPU_alloc=733MB GPU_reserved=800MB
[2026-02-04 18:56:00] INFO after release + gc + cuda empty_cache | RSS=33522MB GPU_alloc=380MB GPU_reserved=432MB
[2026-02-04 18:56:00] INFO ROI mask built H=1274 W=1283 roi_pixels=724392 | RSS=33523MB GPU_alloc=380MB GPU_reserved=432MB
[2026-02-04 18:56:00] INFO creating new MSIParametricMiCSLMC | RSS=33523MB GPU_alloc=380MB GPU_reserved=432MB
[2026-02-04 18:56:00] INFO category_annotations: 3 polygons | RSS=33523MB GPU_alloc=380MB GPU_reserved=432MB
[2026-02-04 18:56:00] INFO calling set_image(roi_mask=..., category_annotations=...) | RSS=33523MB GPU_alloc=380MB GPU_reserved=432MB
[2026-02-04 18:57:49] INFO training 100 epochs | RSS=33480MB GPU_alloc=517MB GPU_reserved=564MB
[2026-02-04 18:57:49] INFO epoch 1/100 | RSS=33480MB GPU_alloc=733MB GPU_reserved=1194MB
[2026-02-04 18:57:52] INFO epoch 20/100 | RSS=33480MB GPU_alloc=733MB GPU_reserved=1194MB
[2026-02-04 18:57:54] INFO epoch 40/100 | RSS=33480MB GPU_alloc=733MB GPU_reserved=1194MB
[2026-02-04 18:57:56] INFO epoch 60/100 | RSS=33480MB GPU_alloc=733MB GPU_reserved=1194MB
[2026-02-04 18:57:58] INFO epoch 80/100 | RSS=33480MB GPU_alloc=733MB GPU_reserved=1194MB
[2026-02-04 18:58:01] INFO epoch 100/100 | RSS=33480MB GPU_alloc=733MB GPU_reserved=1194MB
[2026-02-04 18:58:01] INFO running predict | RSS=33480MB GPU_alloc=733MB GPU_reserved=1194MB
[2026-02-04 18:58:19] INFO recompute_viz DONE | RSS=33519MB GPU_alloc=733MB GPU_reserved=2588MB
[2026-02-04 19:22:25] INFO reload_viz using ROI (84 points) | RSS=33519MB GPU_alloc=733MB GPU_reserved=800MB
[2026-02-04 19:22:25] INFO recompute_viz START | RSS=33519MB GPU_alloc=733MB GPU_reserved=800MB
[2026-02-04 19:22:25] INFO releasing previous model (GPU + large tensors) | RSS=33519MB GPU_alloc=733MB GPU_reserved=800MB
[2026-02-04 19:22:25] INFO after release + gc + cuda empty_cache | RSS=33522MB GPU_alloc=380MB GPU_reserved=432MB
[2026-02-04 19:22:25] INFO ROI mask built H=1274 W=1283 roi_pixels=724392 | RSS=33523MB GPU_alloc=380MB GPU_reserved=432MB
[2026-02-04 19:22:25] INFO creating new MSIParametricMiCSLMC | RSS=33523MB GPU_alloc=380MB GPU_reserved=432MB
[2026-02-04 19:22:25] INFO category_annotations: 3 polygons | RSS=33523MB GPU_alloc=380MB GPU_reserved=432MB
[2026-02-04 19:22:25] INFO calling set_image(roi_mask=..., category_annotations=...) | RSS=33523MB GPU_alloc=380MB GPU_reserved=432MB
[2026-02-04 19:27:54] INFO training 100 epochs | RSS=33500MB GPU_alloc=517MB GPU_reserved=564MB
[2026-02-04 19:27:55] INFO epoch 1/100 | RSS=33500MB GPU_alloc=733MB GPU_reserved=1194MB
[2026-02-04 19:27:57] INFO epoch 20/100 | RSS=33500MB GPU_alloc=733MB GPU_reserved=1196MB
[2026-02-04 19:27:59] INFO epoch 40/100 | RSS=33500MB GPU_alloc=733MB GPU_reserved=1196MB
[2026-02-04 19:28:02] INFO epoch 60/100 | RSS=33500MB GPU_alloc=733MB GPU_reserved=1196MB
[2026-02-04 19:28:04] INFO epoch 80/100 | RSS=33500MB GPU_alloc=733MB GPU_reserved=1196MB
[2026-02-04 19:28:07] INFO epoch 100/100 | RSS=33500MB GPU_alloc=733MB GPU_reserved=1196MB
[2026-02-04 19:28:07] INFO running predict | RSS=33500MB GPU_alloc=733MB GPU_reserved=1196MB
[2026-02-04 19:28:27] INFO recompute_viz DONE | RSS=33539MB GPU_alloc=733MB GPU_reserved=2590MB
[2026-02-04 19:29:18] INFO compute_initial_viz START | RSS=508MB GPU_alloc=0MB GPU_reserved=0MB
[2026-02-04 19:29:18] INFO config loaded | RSS=520MB GPU_alloc=0MB GPU_reserved=0MB
[2026-02-04 19:29:18] ERROR compute_initial_viz FAILED: No .npy files found | RSS=522MB GPU_alloc=0MB GPU_reserved=0MB
[2026-02-04 19:30:38] INFO compute_initial_viz START | RSS=508MB GPU_alloc=0MB GPU_reserved=0MB
[2026-02-04 19:30:38] INFO config loaded | RSS=520MB GPU_alloc=0MB GPU_reserved=0MB
[2026-02-04 19:31:06] INFO image loaded shape=(550,824,5255) from E:\MSImaging-data\_msi_visual\Extractions\Metaspace_datasets\Dataset4_kidney\5bins\0.npy | RSS=9607MB GPU_alloc=0MB GPU_reserved=0MB
[2026-02-04 19:31:06] INFO creating new model and fitting | RSS=9607MB GPU_alloc=0MB GPU_reserved=0MB
[2026-02-04 19:32:27] INFO running predict (train) | RSS=11182MB GPU_alloc=383MB GPU_reserved=818MB
[2026-02-04 19:32:33] INFO compute_initial_viz DONE | RSS=11199MB GPU_alloc=383MB GPU_reserved=2244MB
[2026-02-04 19:33:21] INFO recompute_viz START | RSS=11218MB GPU_alloc=383MB GPU_reserved=2244MB
[2026-02-04 19:33:21] INFO releasing previous model (GPU + large tensors) | RSS=11218MB GPU_alloc=383MB GPU_reserved=2244MB
[2026-02-04 19:33:22] INFO after release + gc + cuda empty_cache | RSS=11229MB GPU_alloc=16MB GPU_reserved=40MB
[2026-02-04 19:33:22] INFO ROI mask built H=550 W=824 roi_pixels=16929 | RSS=11229MB GPU_alloc=16MB GPU_reserved=40MB
[2026-02-04 19:33:22] INFO creating new MSIParametricMiCSLMC | RSS=11229MB GPU_alloc=16MB GPU_reserved=40MB
[2026-02-04 19:33:22] INFO calling set_image(roi_mask=..., category_annotations=...) | RSS=11229MB GPU_alloc=16MB GPU_reserved=40MB
[2026-02-04 19:34:02] INFO training 100 epochs | RSS=11344MB GPU_alloc=137MB GPU_reserved=164MB
[2026-02-04 19:34:02] INFO epoch 1/100 | RSS=11344MB GPU_alloc=360MB GPU_reserved=782MB
[2026-02-04 19:34:03] INFO epoch 20/100 | RSS=11344MB GPU_alloc=360MB GPU_reserved=786MB
[2026-02-04 19:34:05] INFO epoch 40/100 | RSS=11344MB GPU_alloc=360MB GPU_reserved=786MB
[2026-02-04 19:34:06] INFO epoch 60/100 | RSS=11344MB GPU_alloc=360MB GPU_reserved=786MB
[2026-02-04 19:34:08] INFO epoch 80/100 | RSS=11344MB GPU_alloc=360MB GPU_reserved=786MB
[2026-02-04 19:34:09] INFO epoch 100/100 | RSS=11344MB GPU_alloc=360MB GPU_reserved=786MB
[2026-02-04 19:34:09] INFO running predict | RSS=11344MB GPU_alloc=360MB GPU_reserved=786MB
[2026-02-04 19:34:14] INFO recompute_viz DONE | RSS=11323MB GPU_alloc=360MB GPU_reserved=2212MB
[2026-02-04 19:35:15] INFO recompute_viz START | RSS=11323MB GPU_alloc=360MB GPU_reserved=402MB
[2026-02-04 19:35:15] INFO releasing previous model (GPU + large tensors) | RSS=11323MB GPU_alloc=360MB GPU_reserved=402MB
[2026-02-04 19:35:16] INFO after release + gc + cuda empty_cache | RSS=11393MB GPU_alloc=16MB GPU_reserved=40MB
[2026-02-04 19:35:16] INFO ROI mask built H=550 W=824 roi_pixels=23729 | RSS=11393MB GPU_alloc=16MB GPU_reserved=40MB
[2026-02-04 19:35:16] INFO creating new MSIParametricMiCSLMC | RSS=11393MB GPU_alloc=16MB GPU_reserved=40MB
[2026-02-04 19:35:16] INFO calling set_image(roi_mask=..., category_annotations=...) | RSS=11393MB GPU_alloc=16MB GPU_reserved=40MB
[2026-02-04 19:36:05] INFO training 100 epochs | RSS=11377MB GPU_alloc=143MB GPU_reserved=170MB
[2026-02-04 19:36:05] INFO epoch 1/100 | RSS=11377MB GPU_alloc=366MB GPU_reserved=830MB
[2026-02-04 19:36:07] INFO epoch 20/100 | RSS=11377MB GPU_alloc=366MB GPU_reserved=832MB
[2026-02-04 19:36:08] INFO epoch 40/100 | RSS=11377MB GPU_alloc=366MB GPU_reserved=832MB
[2026-02-04 19:36:10] INFO epoch 60/100 | RSS=11377MB GPU_alloc=366MB GPU_reserved=832MB
[2026-02-04 19:36:11] INFO epoch 80/100 | RSS=11377MB GPU_alloc=366MB GPU_reserved=832MB
[2026-02-04 19:36:13] INFO epoch 100/100 | RSS=11377MB GPU_alloc=366MB GPU_reserved=832MB
[2026-02-04 19:36:13] INFO running predict | RSS=11377MB GPU_alloc=366MB GPU_reserved=832MB
[2026-02-04 19:36:18] INFO recompute_viz DONE | RSS=11348MB GPU_alloc=366MB GPU_reserved=2258MB
[2026-02-04 19:38:19] INFO recompute_viz START | RSS=11348MB GPU_alloc=366MB GPU_reserved=412MB
[2026-02-04 19:38:19] INFO releasing previous model (GPU + large tensors) | RSS=11348MB GPU_alloc=366MB GPU_reserved=412MB
[2026-02-04 19:38:19] INFO after release + gc + cuda empty_cache | RSS=11402MB GPU_alloc=16MB GPU_reserved=40MB
[2026-02-04 19:38:19] INFO ROI mask built H=550 W=824 roi_pixels=161795 | RSS=11402MB GPU_alloc=16MB GPU_reserved=40MB
[2026-02-04 19:38:19] INFO creating new MSIParametricMiCSLMC | RSS=11402MB GPU_alloc=16MB GPU_reserved=40MB
[2026-02-04 19:38:19] INFO category_annotations: 4 polygons | RSS=11402MB GPU_alloc=16MB GPU_reserved=40MB
[2026-02-04 19:38:19] INFO calling set_image(roi_mask=..., category_annotations=...) | RSS=11402MB GPU_alloc=16MB GPU_reserved=40MB
[2026-02-04 19:40:16] INFO training 100 epochs | RSS=11414MB GPU_alloc=152MB GPU_reserved=178MB
[2026-02-04 19:40:16] INFO epoch 1/100 | RSS=11372MB GPU_alloc=375MB GPU_reserved=802MB
[2026-02-04 19:40:19] INFO epoch 20/100 | RSS=11372MB GPU_alloc=375MB GPU_reserved=804MB
[2026-02-04 19:40:21] INFO epoch 40/100 | RSS=11372MB GPU_alloc=375MB GPU_reserved=804MB
[2026-02-04 19:40:24] INFO epoch 60/100 | RSS=11372MB GPU_alloc=375MB GPU_reserved=804MB
[2026-02-04 19:40:26] INFO epoch 80/100 | RSS=11372MB GPU_alloc=375MB GPU_reserved=804MB
[2026-02-04 19:40:29] INFO epoch 100/100 | RSS=11372MB GPU_alloc=375MB GPU_reserved=804MB
[2026-02-04 19:40:29] INFO running predict | RSS=11372MB GPU_alloc=375MB GPU_reserved=804MB
[2026-02-04 19:40:34] INFO recompute_viz DONE | RSS=11384MB GPU_alloc=375MB GPU_reserved=2230MB
[2026-02-04 19:51:37] INFO reload_viz using ROI (304 points) | RSS=11384MB GPU_alloc=375MB GPU_reserved=416MB
[2026-02-04 19:51:37] INFO recompute_viz START | RSS=11384MB GPU_alloc=375MB GPU_reserved=416MB
[2026-02-04 19:51:37] INFO releasing previous model (GPU + large tensors) | RSS=11384MB GPU_alloc=375MB GPU_reserved=416MB
[2026-02-04 19:51:38] INFO after release + gc + cuda empty_cache | RSS=11416MB GPU_alloc=16MB GPU_reserved=40MB
[2026-02-04 19:51:38] INFO ROI mask built H=550 W=824 roi_pixels=161795 | RSS=11416MB GPU_alloc=16MB GPU_reserved=40MB
[2026-02-04 19:51:38] INFO creating new MSIParametricMiCSLMC | RSS=11416MB GPU_alloc=16MB GPU_reserved=40MB
[2026-02-04 19:51:38] INFO category_annotations: 4 polygons | RSS=11416MB GPU_alloc=16MB GPU_reserved=40MB
[2026-02-04 19:51:38] INFO calling set_image(roi_mask=..., category_annotations=...) | RSS=11416MB GPU_alloc=16MB GPU_reserved=40MB
[2026-02-04 19:55:15] INFO training 100 epochs | RSS=11378MB GPU_alloc=150MB GPU_reserved=178MB
[2026-02-04 19:55:15] INFO epoch 1/100 | RSS=11378MB GPU_alloc=373MB GPU_reserved=796MB
[2026-02-04 19:55:17] INFO epoch 20/100 | RSS=11378MB GPU_alloc=373MB GPU_reserved=796MB
[2026-02-04 19:55:19] INFO epoch 40/100 | RSS=11378MB GPU_alloc=373MB GPU_reserved=796MB
[2026-02-04 19:55:21] INFO epoch 60/100 | RSS=11378MB GPU_alloc=373MB GPU_reserved=798MB
[2026-02-04 19:55:24] INFO epoch 80/100 | RSS=11378MB GPU_alloc=373MB GPU_reserved=798MB
[2026-02-04 19:55:26] INFO epoch 100/100 | RSS=11378MB GPU_alloc=373MB GPU_reserved=798MB
[2026-02-04 19:55:26] INFO running predict | RSS=11378MB GPU_alloc=373MB GPU_reserved=798MB
[2026-02-04 19:55:31] INFO recompute_viz DONE | RSS=11391MB GPU_alloc=373MB GPU_reserved=2224MB
[2026-02-04 20:00:30] INFO compute_initial_viz START | RSS=508MB GPU_alloc=0MB GPU_reserved=0MB
[2026-02-04 20:00:30] INFO config loaded | RSS=520MB GPU_alloc=0MB GPU_reserved=0MB
[2026-02-04 20:04:15] INFO image loaded shape=(521,417,84040) from E:\MSImaging-data\_msi_visual\Extractions\Metaspace_datasets\Dataset5_spinalcord\40bins\0.npy | RSS=70174MB GPU_alloc=0MB GPU_reserved=0MB
[2026-02-04 20:04:15] INFO creating new model and fitting | RSS=70174MB GPU_alloc=0MB GPU_reserved=0MB
[2026-02-04 20:13:33] INFO compute_initial_viz START | RSS=508MB GPU_alloc=0MB GPU_reserved=0MB
[2026-02-04 20:13:33] INFO config loaded | RSS=520MB GPU_alloc=0MB GPU_reserved=0MB
[2026-02-04 20:14:26] INFO image loaded shape=(521,417,84040) from E:\MSImaging-data\_msi_visual\Extractions\Metaspace_datasets\Dataset5_spinalcord\40bins\0.npy | RSS=70174MB GPU_alloc=0MB GPU_reserved=0MB
[2026-02-04 20:14:26] INFO creating new model and fitting | RSS=70174MB GPU_alloc=0MB GPU_reserved=0MB
[2026-02-04 20:16:13] INFO compute_initial_viz START | RSS=508MB GPU_alloc=0MB GPU_reserved=0MB
[2026-02-04 20:16:13] INFO config loaded | RSS=520MB GPU_alloc=0MB GPU_reserved=0MB
[2026-02-04 20:19:08] INFO image loaded shape=(521,417,58020) from E:\MSImaging-data\_msi_visual\Extractions\Metaspace_datasets\Dataset5_spinalcord\20bins\0.npy | RSS=48609MB GPU_alloc=0MB GPU_reserved=0MB
[2026-02-04 20:19:08] INFO creating new model and fitting | RSS=48609MB GPU_alloc=0MB GPU_reserved=0MB
[2026-02-04 20:33:34] INFO running predict (train) | RSS=51354MB GPU_alloc=2242MB GPU_reserved=4048MB
[2026-02-04 20:33:53] INFO compute_initial_viz DONE | RSS=51365MB GPU_alloc=2242MB GPU_reserved=11302MB
[2026-02-04 20:36:42] INFO reload_viz using full image (no ROI) | RSS=51368MB GPU_alloc=2242MB GPU_reserved=11302MB
[2026-02-04 20:36:42] INFO compute_initial_viz START | RSS=51368MB GPU_alloc=2242MB GPU_reserved=11302MB
[2026-02-04 20:36:43] INFO config loaded | RSS=50665MB GPU_alloc=16MB GPU_reserved=40MB
[2026-02-04 20:36:43] INFO reusing cached image (path unchanged): E:\MSImaging-data\_msi_visual\Extractions\Metaspace_datasets\Dataset5_spinalcord\20bins\0.npy | RSS=50665MB GPU_alloc=16MB GPU_reserved=40MB
[2026-02-04 20:36:43] INFO creating new model and fitting | RSS=50665MB GPU_alloc=16MB GPU_reserved=40MB
[2026-02-04 20:49:39] INFO running predict (train) | RSS=52270MB GPU_alloc=2222MB GPU_reserved=4032MB
[2026-02-04 20:50:02] INFO compute_initial_viz DONE | RSS=51789MB GPU_alloc=2222MB GPU_reserved=11286MB
[2026-02-04 20:52:05] INFO compute_initial_viz START | RSS=51789MB GPU_alloc=2222MB GPU_reserved=11286MB
[2026-02-04 20:52:05] INFO config loaded | RSS=51650MB GPU_alloc=16MB GPU_reserved=40MB
[2026-02-04 20:52:30] INFO image loaded shape=(1274,1283,5005) from E:\MSImaging-data\_msi_visual\Extractions\NRL4558_5um\5bins\2\0.npy | RSS=82858MB GPU_alloc=16MB GPU_reserved=40MB
[2026-02-04 20:52:30] INFO creating new model and fitting | RSS=82858MB GPU_alloc=16MB GPU_reserved=40MB
[2026-02-04 20:58:10] INFO compute_initial_viz START | RSS=508MB GPU_alloc=0MB GPU_reserved=0MB
[2026-02-04 20:58:10] INFO config loaded | RSS=520MB GPU_alloc=0MB GPU_reserved=0MB
[2026-02-04 20:59:22] INFO image loaded shape=(1084,1225,5001) from E:\MSImaging-data\_msi_visual\Extractions\NRL4506-5um\Intelli-slide\5_bins\0.npy | RSS=25855MB GPU_alloc=0MB GPU_reserved=0MB
[2026-02-04 20:59:22] INFO creating new model and fitting | RSS=25855MB GPU_alloc=0MB GPU_reserved=0MB
[2026-02-04 21:01:01] INFO running predict (train) | RSS=27429MB GPU_alloc=380MB GPU_reserved=818MB
[2026-02-04 21:01:15] INFO compute_initial_viz DONE | RSS=27479MB GPU_alloc=380MB GPU_reserved=2212MB
[2026-02-04 21:01:51] INFO recompute_viz START | RSS=27493MB GPU_alloc=380MB GPU_reserved=2212MB
[2026-02-04 21:01:51] INFO releasing previous model (GPU + large tensors) | RSS=27493MB GPU_alloc=380MB GPU_reserved=2212MB
[2026-02-04 21:01:52] INFO after release + gc + cuda empty_cache | RSS=27479MB GPU_alloc=16MB GPU_reserved=40MB
[2026-02-04 21:01:52] INFO ROI mask built H=1084 W=1225 roi_pixels=245100 | RSS=27480MB GPU_alloc=16MB GPU_reserved=40MB
[2026-02-04 21:01:52] INFO creating new MSIParametricMiCSLMC | RSS=27480MB GPU_alloc=16MB GPU_reserved=40MB
[2026-02-04 21:01:52] INFO calling set_image(roi_mask=..., category_annotations=...) | RSS=27480MB GPU_alloc=16MB GPU_reserved=40MB
[2026-02-04 21:03:24] INFO training 100 epochs | RSS=27633MB GPU_alloc=167MB GPU_reserved=188MB
[2026-02-04 21:03:24] INFO epoch 1/100 | RSS=27633MB GPU_alloc=384MB GPU_reserved=818MB
[2026-02-04 21:03:27] INFO epoch 20/100 | RSS=27633MB GPU_alloc=384MB GPU_reserved=820MB
[2026-02-04 21:03:30] INFO epoch 40/100 | RSS=27633MB GPU_alloc=384MB GPU_reserved=820MB
[2026-02-04 21:03:33] INFO epoch 60/100 | RSS=27633MB GPU_alloc=384MB GPU_reserved=820MB
[2026-02-04 21:03:36] INFO epoch 80/100 | RSS=27633MB GPU_alloc=384MB GPU_reserved=820MB
[2026-02-04 21:03:39] INFO epoch 100/100 | RSS=27633MB GPU_alloc=384MB GPU_reserved=820MB
[2026-02-04 21:03:39] INFO running predict | RSS=27633MB GPU_alloc=384MB GPU_reserved=820MB
[2026-02-04 21:03:53] INFO recompute_viz DONE | RSS=27670MB GPU_alloc=384MB GPU_reserved=2214MB
[2026-02-05 08:19:41] INFO recompute_viz START | RSS=27673MB GPU_alloc=384MB GPU_reserved=424MB
[2026-02-05 08:19:41] INFO releasing previous model (GPU + large tensors) | RSS=27673MB GPU_alloc=384MB GPU_reserved=424MB
[2026-02-05 08:19:41] INFO after release + gc + cuda empty_cache | RSS=27644MB GPU_alloc=16MB GPU_reserved=40MB
[2026-02-05 08:19:41] INFO ROI mask built H=1084 W=1225 roi_pixels=181348 | RSS=27645MB GPU_alloc=16MB GPU_reserved=40MB
[2026-02-05 08:19:41] INFO creating new MSIParametricMiCSLMC | RSS=27645MB GPU_alloc=16MB GPU_reserved=40MB
[2026-02-05 08:19:41] INFO calling set_image(roi_mask=..., category_annotations=...) | RSS=27645MB GPU_alloc=16MB GPU_reserved=40MB
[2026-02-05 08:21:10] INFO training 100 epochs | RSS=27632MB GPU_alloc=164MB GPU_reserved=186MB
[2026-02-05 08:21:11] INFO epoch 1/100 | RSS=27632MB GPU_alloc=380MB GPU_reserved=816MB
[2026-02-05 08:21:13] INFO epoch 20/100 | RSS=27632MB GPU_alloc=380MB GPU_reserved=816MB
[2026-02-05 08:21:16] INFO epoch 40/100 | RSS=27632MB GPU_alloc=380MB GPU_reserved=818MB
[2026-02-05 08:21:19] INFO epoch 60/100 | RSS=27632MB GPU_alloc=380MB GPU_reserved=818MB
[2026-02-05 08:21:22] INFO epoch 80/100 | RSS=27632MB GPU_alloc=380MB GPU_reserved=818MB
[2026-02-05 08:21:25] INFO epoch 100/100 | RSS=27632MB GPU_alloc=380MB GPU_reserved=818MB
[2026-02-05 08:21:25] INFO running predict | RSS=27632MB GPU_alloc=380MB GPU_reserved=818MB
[2026-02-05 08:21:39] INFO recompute_viz DONE | RSS=27669MB GPU_alloc=380MB GPU_reserved=2212MB
[2026-02-05 08:25:52] INFO reload_viz using ROI (290 points) | RSS=27669MB GPU_alloc=380MB GPU_reserved=426MB
[2026-02-05 08:25:52] INFO recompute_viz START | RSS=27669MB GPU_alloc=380MB GPU_reserved=426MB
[2026-02-05 08:25:52] INFO releasing previous model (GPU + large tensors) | RSS=27669MB GPU_alloc=380MB GPU_reserved=426MB
[2026-02-05 08:25:52] INFO after release + gc + cuda empty_cache | RSS=27647MB GPU_alloc=16MB GPU_reserved=40MB
[2026-02-05 08:25:52] INFO ROI mask built H=1084 W=1225 roi_pixels=181348 | RSS=27648MB GPU_alloc=16MB GPU_reserved=40MB
[2026-02-05 08:25:52] INFO creating new MSIParametricMiCSLMC | RSS=27648MB GPU_alloc=16MB GPU_reserved=40MB
[2026-02-05 08:25:52] INFO calling set_image(roi_mask=..., category_annotations=...) | RSS=27648MB GPU_alloc=16MB GPU_reserved=40MB
[2026-02-05 08:28:22] INFO training 50 epochs | RSS=27642MB GPU_alloc=164MB GPU_reserved=186MB
[2026-02-05 08:28:22] INFO epoch 1/50 | RSS=27642MB GPU_alloc=380MB GPU_reserved=818MB
[2026-02-05 08:28:25] INFO epoch 20/50 | RSS=27642MB GPU_alloc=380MB GPU_reserved=818MB
[2026-02-05 08:28:28] INFO epoch 40/50 | RSS=27642MB GPU_alloc=380MB GPU_reserved=818MB
[2026-02-05 08:28:29] INFO running predict | RSS=27642MB GPU_alloc=380MB GPU_reserved=818MB
[2026-02-05 08:28:43] INFO recompute_viz DONE | RSS=27679MB GPU_alloc=380MB GPU_reserved=2212MB
[2026-02-05 09:48:46] INFO compute_initial_viz START | RSS=27679MB GPU_alloc=380MB GPU_reserved=418MB
[2026-02-05 09:48:47] INFO config loaded | RSS=27657MB GPU_alloc=16MB GPU_reserved=40MB
[2026-02-05 09:48:47] INFO reusing cached image (path unchanged): E:\MSImaging-data\_msi_visual\Extractions\NRL4506-5um\Intelli-slide\5_bins\0.npy | RSS=27657MB GPU_alloc=16MB GPU_reserved=40MB
[2026-02-05 09:48:47] INFO creating new model and fitting | RSS=27657MB GPU_alloc=16MB GPU_reserved=40MB
[2026-02-05 09:50:25] INFO running predict (train) | RSS=27641MB GPU_alloc=380MB GPU_reserved=818MB
[2026-02-05 09:50:39] INFO compute_initial_viz DONE | RSS=27678MB GPU_alloc=380MB GPU_reserved=2212MB
[2026-02-05 10:12:22] INFO compute_initial_viz START | RSS=509MB GPU_alloc=0MB GPU_reserved=0MB
[2026-02-05 10:12:22] INFO config loaded | RSS=520MB GPU_alloc=0MB GPU_reserved=0MB
[2026-02-05 10:12:40] INFO image loaded shape=(1084,1225,5001) from E:\MSImaging-data\_msi_visual\Extractions\NRL4506-5um\Intelli-slide\5_bins\0.npy | RSS=25855MB GPU_alloc=0MB GPU_reserved=0MB
[2026-02-05 10:12:40] INFO creating new model and fitting | RSS=25855MB GPU_alloc=0MB GPU_reserved=0MB
[2026-02-05 10:14:19] INFO running predict (train) | RSS=27429MB GPU_alloc=380MB GPU_reserved=818MB
[2026-02-05 10:14:33] INFO compute_initial_viz DONE | RSS=27478MB GPU_alloc=380MB GPU_reserved=2212MB
[2026-02-05 10:15:48] INFO reload_viz using full image (no ROI) | RSS=27489MB GPU_alloc=380MB GPU_reserved=2212MB
[2026-02-05 10:15:48] INFO compute_initial_viz START | RSS=27489MB GPU_alloc=380MB GPU_reserved=2212MB
[2026-02-05 10:15:48] INFO config loaded | RSS=27475MB GPU_alloc=16MB GPU_reserved=40MB
[2026-02-05 10:16:42] INFO image loaded shape=(327,887,16505) from E:\MSImaging-data\_msi_visual\Extractions\2025_RamonSun_MouseBrains\ADvsWT\59271-gly\0.npy | RSS=45737MB GPU_alloc=16MB GPU_reserved=40MB
[2026-02-05 10:16:42] INFO creating new model and fitting | RSS=45737MB GPU_alloc=16MB GPU_reserved=40MB
[2026-02-05 10:17:58] INFO compute_initial_viz START | RSS=47063MB GPU_alloc=240MB GPU_reserved=268MB
[2026-02-05 10:17:58] INFO config loaded | RSS=47063MB GPU_alloc=240MB GPU_reserved=268MB
[2026-02-05 10:17:58] INFO reusing cached image (path unchanged): E:\MSImaging-data\_msi_visual\Extractions\2025_RamonSun_MouseBrains\ADvsWT\59271-gly\0.npy | RSS=47063MB GPU_alloc=240MB GPU_reserved=268MB
[2026-02-05 10:17:58] INFO creating new model and fitting | RSS=47063MB GPU_alloc=240MB GPU_reserved=268MB
[2026-02-05 10:18:05] INFO reload_viz using full image (no ROI) | RSS=46910MB GPU_alloc=284MB GPU_reserved=312MB
[2026-02-05 10:18:05] INFO compute_initial_viz START | RSS=46919MB GPU_alloc=284MB GPU_reserved=312MB
[2026-02-05 10:18:05] INFO config loaded | RSS=46936MB GPU_alloc=284MB GPU_reserved=312MB
[2026-02-05 10:18:05] INFO reusing cached image (path unchanged): E:\MSImaging-data\_msi_visual\Extractions\2025_RamonSun_MouseBrains\ADvsWT\59271-gly\0.npy | RSS=46942MB GPU_alloc=284MB GPU_reserved=312MB
[2026-02-05 10:18:05] INFO creating new model and fitting | RSS=46946MB GPU_alloc=284MB GPU_reserved=312MB
[2026-02-05 10:20:28] INFO running predict (train) | RSS=47675MB GPU_alloc=1304MB GPU_reserved=1986MB
[2026-02-05 10:20:38] INFO compute_initial_viz DONE | RSS=47659MB GPU_alloc=1304MB GPU_reserved=4818MB
[2026-02-05 10:22:15] INFO running predict (train) | RSS=46851MB GPU_alloc=2449MB GPU_reserved=4822MB
[2026-02-05 10:22:23] INFO compute_initial_viz DONE | RSS=46903MB GPU_alloc=2449MB GPU_reserved=6886MB
[2026-02-05 10:22:25] INFO running predict (train) | RSS=46855MB GPU_alloc=2286MB GPU_reserved=6886MB
[2026-02-05 10:22:32] INFO compute_initial_viz DONE | RSS=46863MB GPU_alloc=2286MB GPU_reserved=6886MB
[2026-02-05 10:23:47] INFO shutdown requested | RSS=46863MB GPU_alloc=2286MB GPU_reserved=6886MB
[2026-02-05 10:28:09] INFO compute_initial_viz START | RSS=509MB GPU_alloc=0MB GPU_reserved=0MB
[2026-02-05 10:28:09] INFO config loaded | RSS=520MB GPU_alloc=0MB GPU_reserved=0MB
[2026-02-05 10:28:18] INFO image loaded shape=(327,631,3655) from E:\MSImaging-data\_msi_visual\Extractions\2025_RamonSun_MouseBrains\ADvsWT\59271-sm\0.npy | RSS=3400MB GPU_alloc=0MB GPU_reserved=0MB
[2026-02-05 10:28:18] INFO creating new model and fitting | RSS=3400MB GPU_alloc=0MB GPU_reserved=0MB
[2026-02-05 10:29:13] INFO running predict (train) | RSS=4534MB GPU_alloc=320MB GPU_reserved=738MB
[2026-02-05 10:29:14] INFO compute_initial_viz DONE | RSS=4545MB GPU_alloc=320MB GPU_reserved=1964MB
[2026-02-05 10:29:50] INFO compute_initial_viz START | RSS=4547MB GPU_alloc=320MB GPU_reserved=1964MB
[2026-02-05 10:29:50] INFO config loaded | RSS=4584MB GPU_alloc=16MB GPU_reserved=40MB
[2026-02-05 10:30:08] INFO image loaded shape=(1084,1225,5001) from E:\MSImaging-data\_msi_visual\Extractions\NRL4506-5um\Intelli-slide\5_bins\0.npy | RSS=29917MB GPU_alloc=16MB GPU_reserved=40MB
[2026-02-05 10:30:08] INFO creating new model and fitting | RSS=29917MB GPU_alloc=16MB GPU_reserved=40MB
[2026-02-05 10:31:44] INFO running predict (train) | RSS=30459MB GPU_alloc=380MB GPU_reserved=818MB
[2026-02-05 10:31:59] INFO compute_initial_viz DONE | RSS=30496MB GPU_alloc=380MB GPU_reserved=2212MB
[2026-02-05 10:37:30] INFO reload_viz using full image (no ROI) | RSS=30497MB GPU_alloc=380MB GPU_reserved=2212MB
[2026-02-05 10:37:30] INFO compute_initial_viz START | RSS=30497MB GPU_alloc=380MB GPU_reserved=2212MB
[2026-02-05 10:37:30] INFO config loaded | RSS=30476MB GPU_alloc=16MB GPU_reserved=40MB
[2026-02-05 10:37:30] INFO reusing cached image (path unchanged): E:\MSImaging-data\_msi_visual\Extractions\NRL4506-5um\Intelli-slide\5_bins\0.npy | RSS=30476MB GPU_alloc=16MB GPU_reserved=40MB
[2026-02-05 10:37:30] INFO creating new model and fitting | RSS=30476MB GPU_alloc=16MB GPU_reserved=40MB
[2026-02-05 10:42:06] INFO running predict (train) | RSS=30494MB GPU_alloc=381MB GPU_reserved=818MB
[2026-02-05 10:42:21] INFO compute_initial_viz DONE | RSS=30531MB GPU_alloc=381MB GPU_reserved=2212MB
[2026-02-05 11:24:51] INFO compute_initial_viz START | RSS=30531MB GPU_alloc=381MB GPU_reserved=2212MB
[2026-02-05 11:24:51] INFO config loaded | RSS=30510MB GPU_alloc=16MB GPU_reserved=40MB
[2026-02-05 11:25:16] INFO image loaded shape=(1274,1283,5005) from E:\MSImaging-data\_msi_visual\Extractions\NRL4558_5um\5bins\2\0.npy | RSS=36385MB GPU_alloc=16MB GPU_reserved=40MB
[2026-02-05 11:25:16] INFO creating new model and fitting | RSS=36385MB GPU_alloc=16MB GPU_reserved=40MB
[2026-02-05 11:26:50] INFO running predict (train) | RSS=36348MB GPU_alloc=372MB GPU_reserved=812MB
[2026-02-05 11:27:08] INFO compute_initial_viz DONE | RSS=36393MB GPU_alloc=372MB GPU_reserved=2206MB
[2026-02-05 11:29:27] INFO reload_viz using full image (no ROI) | RSS=36393MB GPU_alloc=372MB GPU_reserved=2206MB
[2026-02-05 11:29:27] INFO compute_initial_viz START | RSS=36393MB GPU_alloc=372MB GPU_reserved=2206MB
[2026-02-05 11:29:27] INFO config loaded | RSS=36387MB GPU_alloc=16MB GPU_reserved=40MB
[2026-02-05 11:29:27] INFO reusing cached image (path unchanged): E:\MSImaging-data\_msi_visual\Extractions\NRL4558_5um\5bins\2\0.npy | RSS=36387MB GPU_alloc=16MB GPU_reserved=40MB
[2026-02-05 11:29:27] INFO creating new model and fitting | RSS=36387MB GPU_alloc=16MB GPU_reserved=40MB
[2026-02-05 11:33:52] INFO running predict (train) | RSS=36351MB GPU_alloc=372MB GPU_reserved=814MB
[2026-02-05 11:34:11] INFO compute_initial_viz DONE | RSS=36396MB GPU_alloc=372MB GPU_reserved=2208MB
[2026-02-05 11:34:32] INFO reload_viz using full image (no ROI) | RSS=36396MB GPU_alloc=372MB GPU_reserved=2208MB
[2026-02-05 11:34:32] INFO compute_initial_viz START | RSS=36396MB GPU_alloc=372MB GPU_reserved=2208MB
[2026-02-05 11:34:33] INFO config loaded | RSS=36390MB GPU_alloc=16MB GPU_reserved=40MB
[2026-02-05 11:34:33] INFO reusing cached image (path unchanged): E:\MSImaging-data\_msi_visual\Extractions\NRL4558_5um\5bins\2\0.npy | RSS=36390MB GPU_alloc=16MB GPU_reserved=40MB
[2026-02-05 11:34:33] INFO creating new model and fitting | RSS=36390MB GPU_alloc=16MB GPU_reserved=40MB
[2026-02-05 11:42:37] INFO running predict (train) | RSS=36361MB GPU_alloc=372MB GPU_reserved=814MB
[2026-02-05 11:42:57] INFO compute_initial_viz DONE | RSS=36406MB GPU_alloc=372MB GPU_reserved=2208MB
[2026-02-05 11:53:17] INFO reload_viz using full image (no ROI) | RSS=36406MB GPU_alloc=372MB GPU_reserved=2208MB
[2026-02-05 11:53:17] INFO compute_initial_viz START | RSS=36406MB GPU_alloc=372MB GPU_reserved=2208MB
[2026-02-05 11:53:17] INFO config loaded | RSS=36400MB GPU_alloc=16MB GPU_reserved=40MB
[2026-02-05 11:53:17] INFO reusing cached image (path unchanged): E:\MSImaging-data\_msi_visual\Extractions\NRL4558_5um\5bins\2\0.npy | RSS=36400MB GPU_alloc=16MB GPU_reserved=40MB
[2026-02-05 11:53:17] INFO creating new model and fitting | RSS=36400MB GPU_alloc=16MB GPU_reserved=40MB
[2026-02-05 11:55:55] INFO running predict (train) | RSS=36363MB GPU_alloc=372MB GPU_reserved=812MB
[2026-02-05 11:56:12] INFO compute_initial_viz DONE | RSS=36408MB GPU_alloc=372MB GPU_reserved=2206MB
[2026-02-05 12:03:47] INFO recompute_viz START | RSS=36408MB GPU_alloc=372MB GPU_reserved=2206MB
[2026-02-05 12:03:47] INFO releasing previous model (GPU + large tensors) | RSS=36408MB GPU_alloc=372MB GPU_reserved=2206MB
[2026-02-05 12:03:47] INFO after release + gc + cuda empty_cache | RSS=36402MB GPU_alloc=16MB GPU_reserved=40MB
[2026-02-05 12:03:47] INFO ROI mask built H=1274 W=1283 roi_pixels=200982 | RSS=36404MB GPU_alloc=16MB GPU_reserved=40MB
[2026-02-05 12:03:47] INFO creating new MSIParametricMiCSLMC | RSS=36404MB GPU_alloc=16MB GPU_reserved=40MB
[2026-02-05 12:03:47] INFO calling set_image(roi_mask=..., category_annotations=...) | RSS=36404MB GPU_alloc=16MB GPU_reserved=40MB
[2026-02-05 12:06:46] INFO training 100 epochs | RSS=36402MB GPU_alloc=171MB GPU_reserved=190MB
[2026-02-05 12:06:47] INFO epoch 1/100 | RSS=36402MB GPU_alloc=387MB GPU_reserved=830MB
[2026-02-05 12:06:50] INFO epoch 20/100 | RSS=36402MB GPU_alloc=387MB GPU_reserved=832MB
[2026-02-05 12:06:53] INFO epoch 40/100 | RSS=36402MB GPU_alloc=387MB GPU_reserved=832MB
[2026-02-05 12:06:56] INFO epoch 60/100 | RSS=36402MB GPU_alloc=387MB GPU_reserved=832MB
[2026-02-05 12:06:59] INFO epoch 80/100 | RSS=36402MB GPU_alloc=387MB GPU_reserved=832MB
[2026-02-05 12:07:03] INFO epoch 100/100 | RSS=36402MB GPU_alloc=387MB GPU_reserved=832MB
[2026-02-05 12:07:03] INFO running predict | RSS=36402MB GPU_alloc=387MB GPU_reserved=832MB
[2026-02-05 12:07:20] INFO recompute_viz DONE | RSS=36447MB GPU_alloc=387MB GPU_reserved=2226MB
[2026-02-05 12:12:57] INFO recompute_viz START | RSS=36447MB GPU_alloc=387MB GPU_reserved=422MB
[2026-02-05 12:12:57] INFO releasing previous model (GPU + large tensors) | RSS=36447MB GPU_alloc=387MB GPU_reserved=422MB
[2026-02-05 12:12:57] INFO after release + gc + cuda empty_cache | RSS=36403MB GPU_alloc=16MB GPU_reserved=40MB
[2026-02-05 12:12:57] INFO ROI mask built H=1274 W=1283 roi_pixels=69317 | RSS=36404MB GPU_alloc=16MB GPU_reserved=40MB
[2026-02-05 12:12:57] INFO creating new MSIParametricMiCSLMC | RSS=36404MB GPU_alloc=16MB GPU_reserved=40MB
[2026-02-05 12:12:57] INFO calling set_image(roi_mask=..., category_annotations=...) | RSS=36404MB GPU_alloc=16MB GPU_reserved=40MB
[2026-02-05 12:14:27] INFO training 100 epochs | RSS=36278MB GPU_alloc=133MB GPU_reserved=152MB
[2026-02-05 12:14:27] INFO epoch 1/100 | RSS=36278MB GPU_alloc=349MB GPU_reserved=784MB
[2026-02-05 12:14:28] INFO epoch 20/100 | RSS=36278MB GPU_alloc=349MB GPU_reserved=788MB
[2026-02-05 12:14:30] INFO epoch 40/100 | RSS=36278MB GPU_alloc=349MB GPU_reserved=788MB
[2026-02-05 12:14:31] INFO epoch 60/100 | RSS=36278MB GPU_alloc=349MB GPU_reserved=788MB
[2026-02-05 12:14:32] INFO epoch 80/100 | RSS=36278MB GPU_alloc=349MB GPU_reserved=788MB
[2026-02-05 12:14:33] INFO epoch 100/100 | RSS=36278MB GPU_alloc=349MB GPU_reserved=788MB
[2026-02-05 12:14:33] INFO running predict | RSS=36278MB GPU_alloc=349MB GPU_reserved=788MB
[2026-02-05 12:14:50] INFO recompute_viz DONE | RSS=36323MB GPU_alloc=349MB GPU_reserved=2182MB
[2026-02-05 12:22:31] INFO reload_viz using ROI (134 points) | RSS=36323MB GPU_alloc=349MB GPU_reserved=388MB
[2026-02-05 12:22:31] INFO recompute_viz START | RSS=36323MB GPU_alloc=349MB GPU_reserved=388MB
[2026-02-05 12:22:31] INFO releasing previous model (GPU + large tensors) | RSS=36323MB GPU_alloc=349MB GPU_reserved=388MB
[2026-02-05 12:22:31] INFO after release + gc + cuda empty_cache | RSS=36374MB GPU_alloc=16MB GPU_reserved=40MB
[2026-02-05 12:22:31] INFO ROI mask built H=1274 W=1283 roi_pixels=69317 | RSS=36376MB GPU_alloc=16MB GPU_reserved=40MB
[2026-02-05 12:22:31] INFO creating new MSIParametricMiCSLMC | RSS=36376MB GPU_alloc=16MB GPU_reserved=40MB
[2026-02-05 12:22:31] INFO calling set_image(roi_mask=..., category_annotations=...) | RSS=36376MB GPU_alloc=16MB GPU_reserved=40MB
[2026-02-05 12:24:11] INFO training 100 epochs | RSS=36278MB GPU_alloc=133MB GPU_reserved=152MB
[2026-02-05 12:24:12] INFO epoch 1/100 | RSS=36278MB GPU_alloc=349MB GPU_reserved=786MB
[2026-02-05 12:24:13] INFO epoch 20/100 | RSS=36278MB GPU_alloc=349MB GPU_reserved=788MB
[2026-02-05 12:24:14] INFO epoch 40/100 | RSS=36278MB GPU_alloc=349MB GPU_reserved=788MB
[2026-02-05 12:24:15] INFO epoch 60/100 | RSS=36278MB GPU_alloc=349MB GPU_reserved=788MB
[2026-02-05 12:24:17] INFO epoch 80/100 | RSS=36278MB GPU_alloc=349MB GPU_reserved=788MB
[2026-02-05 12:24:18] INFO epoch 100/100 | RSS=36278MB GPU_alloc=349MB GPU_reserved=788MB
[2026-02-05 12:24:18] INFO running predict | RSS=36278MB GPU_alloc=349MB GPU_reserved=788MB
[2026-02-05 12:24:35] INFO recompute_viz DONE | RSS=36323MB GPU_alloc=349MB GPU_reserved=2182MB
[2026-02-05 12:46:29] INFO reload_viz using ROI (134 points) | RSS=36323MB GPU_alloc=349MB GPU_reserved=388MB
[2026-02-05 12:46:29] INFO recompute_viz START | RSS=36323MB GPU_alloc=349MB GPU_reserved=388MB
[2026-02-05 12:46:29] INFO releasing previous model (GPU + large tensors) | RSS=36323MB GPU_alloc=349MB GPU_reserved=388MB
[2026-02-05 12:46:29] INFO after release + gc + cuda empty_cache | RSS=36375MB GPU_alloc=16MB GPU_reserved=40MB
[2026-02-05 12:46:29] INFO ROI mask built H=1274 W=1283 roi_pixels=69317 | RSS=36376MB GPU_alloc=16MB GPU_reserved=40MB
[2026-02-05 12:46:29] INFO creating new MSIParametricMiCSLMC | RSS=36376MB GPU_alloc=16MB GPU_reserved=40MB
[2026-02-05 12:46:29] INFO calling set_image(roi_mask=..., category_annotations=...) | RSS=36376MB GPU_alloc=16MB GPU_reserved=40MB
[2026-02-05 12:48:26] INFO training 100 epochs | RSS=36278MB GPU_alloc=133MB GPU_reserved=152MB
[2026-02-05 12:48:26] INFO epoch 1/100 | RSS=36278MB GPU_alloc=349MB GPU_reserved=786MB
[2026-02-05 12:48:27] INFO epoch 20/100 | RSS=36278MB GPU_alloc=350MB GPU_reserved=788MB
[2026-02-05 12:48:28] INFO epoch 40/100 | RSS=36278MB GPU_alloc=349MB GPU_reserved=788MB
[2026-02-05 12:48:29] INFO epoch 60/100 | RSS=36278MB GPU_alloc=350MB GPU_reserved=788MB
[2026-02-05 12:48:30] INFO epoch 80/100 | RSS=36278MB GPU_alloc=350MB GPU_reserved=790MB
[2026-02-05 12:48:31] INFO epoch 100/100 | RSS=36278MB GPU_alloc=350MB GPU_reserved=790MB
[2026-02-05 12:48:31] INFO running predict | RSS=36278MB GPU_alloc=350MB GPU_reserved=790MB
[2026-02-05 12:48:48] INFO recompute_viz DONE | RSS=36323MB GPU_alloc=350MB GPU_reserved=2184MB
[2026-02-05 12:58:39] INFO reload_viz using ROI (134 points) | RSS=36323MB GPU_alloc=350MB GPU_reserved=390MB
[2026-02-05 12:58:39] INFO recompute_viz START | RSS=36323MB GPU_alloc=350MB GPU_reserved=390MB
[2026-02-05 12:58:39] INFO releasing previous model (GPU + large tensors) | RSS=36323MB GPU_alloc=350MB GPU_reserved=390MB
[2026-02-05 12:58:39] INFO after release + gc + cuda empty_cache | RSS=36374MB GPU_alloc=16MB GPU_reserved=40MB
[2026-02-05 12:58:39] INFO ROI mask built H=1274 W=1283 roi_pixels=69317 | RSS=36376MB GPU_alloc=16MB GPU_reserved=40MB
[2026-02-05 12:58:39] INFO creating new MSIParametricMiCSLMC | RSS=36376MB GPU_alloc=16MB GPU_reserved=40MB
[2026-02-05 12:58:39] INFO calling set_image(roi_mask=..., category_annotations=...) | RSS=36376MB GPU_alloc=16MB GPU_reserved=40MB
[2026-02-05 12:59:31] INFO training 100 epochs | RSS=36278MB GPU_alloc=133MB GPU_reserved=152MB
[2026-02-05 12:59:32] INFO epoch 1/100 | RSS=36278MB GPU_alloc=349MB GPU_reserved=780MB
[2026-02-05 12:59:33] INFO epoch 20/100 | RSS=36278MB GPU_alloc=349MB GPU_reserved=786MB
[2026-02-05 12:59:34] INFO epoch 40/100 | RSS=36278MB GPU_alloc=349MB GPU_reserved=786MB
[2026-02-05 12:59:35] INFO epoch 60/100 | RSS=36278MB GPU_alloc=349MB GPU_reserved=786MB
[2026-02-05 12:59:36] INFO epoch 80/100 | RSS=36278MB GPU_alloc=349MB GPU_reserved=786MB
[2026-02-05 12:59:37] INFO epoch 100/100 | RSS=36278MB GPU_alloc=349MB GPU_reserved=786MB
[2026-02-05 12:59:37] INFO running predict | RSS=36278MB GPU_alloc=349MB GPU_reserved=786MB
[2026-02-05 12:59:55] INFO recompute_viz DONE | RSS=36323MB GPU_alloc=349MB GPU_reserved=2180MB
[2026-02-05 13:28:05] INFO recompute_viz START | RSS=36323MB GPU_alloc=349MB GPU_reserved=388MB
[2026-02-05 13:28:05] INFO releasing previous model (GPU + large tensors) | RSS=36323MB GPU_alloc=349MB GPU_reserved=388MB
[2026-02-05 13:28:05] INFO after release + gc + cuda empty_cache | RSS=36374MB GPU_alloc=16MB GPU_reserved=40MB
[2026-02-05 13:28:05] INFO ROI mask built H=1274 W=1283 roi_pixels=24262 | RSS=36376MB GPU_alloc=16MB GPU_reserved=40MB
[2026-02-05 13:28:05] INFO creating new MSIParametricMiCSLMC | RSS=36376MB GPU_alloc=16MB GPU_reserved=40MB
[2026-02-05 13:28:05] INFO calling set_image(roi_mask=..., category_annotations=...) | RSS=36376MB GPU_alloc=16MB GPU_reserved=40MB
[2026-02-05 13:28:50] INFO training 100 epochs | RSS=36258MB GPU_alloc=124MB GPU_reserved=134MB
[2026-02-05 13:28:50] INFO epoch 1/100 | RSS=36258MB GPU_alloc=340MB GPU_reserved=642MB
[2026-02-05 13:28:51] INFO epoch 20/100 | RSS=36258MB GPU_alloc=340MB GPU_reserved=686MB
[2026-02-05 13:28:52] INFO epoch 40/100 | RSS=36258MB GPU_alloc=340MB GPU_reserved=686MB
[2026-02-05 13:28:52] INFO epoch 60/100 | RSS=36258MB GPU_alloc=340MB GPU_reserved=686MB
[2026-02-05 13:28:53] INFO epoch 80/100 | RSS=36258MB GPU_alloc=340MB GPU_reserved=686MB
[2026-02-05 13:28:54] INFO epoch 100/100 | RSS=36258MB GPU_alloc=340MB GPU_reserved=686MB
[2026-02-05 13:28:54] INFO running predict | RSS=36258MB GPU_alloc=340MB GPU_reserved=686MB
[2026-02-05 13:29:11] INFO recompute_viz DONE | RSS=36303MB GPU_alloc=340MB GPU_reserved=2080MB
[2026-02-05 13:30:23] INFO reload_viz using ROI (112 points) | RSS=36303MB GPU_alloc=340MB GPU_reserved=366MB
[2026-02-05 13:30:23] INFO recompute_viz START | RSS=36303MB GPU_alloc=340MB GPU_reserved=366MB
[2026-02-05 13:30:23] INFO releasing previous model (GPU + large tensors) | RSS=36303MB GPU_alloc=340MB GPU_reserved=366MB
[2026-02-05 13:30:23] INFO after release + gc + cuda empty_cache | RSS=36375MB GPU_alloc=16MB GPU_reserved=40MB
[2026-02-05 13:30:23] INFO ROI mask built H=1274 W=1283 roi_pixels=24262 | RSS=36376MB GPU_alloc=16MB GPU_reserved=40MB
[2026-02-05 13:30:23] INFO creating new MSIParametricMiCSLMC | RSS=36376MB GPU_alloc=16MB GPU_reserved=40MB
[2026-02-05 13:30:23] INFO calling set_image(roi_mask=..., category_annotations=...) | RSS=36376MB GPU_alloc=16MB GPU_reserved=40MB
[2026-02-05 13:31:08] INFO training 100 epochs | RSS=36258MB GPU_alloc=124MB GPU_reserved=134MB
[2026-02-05 13:31:08] INFO epoch 1/100 | RSS=36258MB GPU_alloc=340MB GPU_reserved=642MB
[2026-02-05 13:31:09] INFO epoch 20/100 | RSS=36258MB GPU_alloc=340MB GPU_reserved=686MB
[2026-02-05 13:31:10] INFO epoch 40/100 | RSS=36258MB GPU_alloc=340MB GPU_reserved=686MB
[2026-02-05 13:31:10] INFO epoch 60/100 | RSS=36258MB GPU_alloc=340MB GPU_reserved=686MB
[2026-02-05 13:31:11] INFO epoch 80/100 | RSS=36258MB GPU_alloc=340MB GPU_reserved=686MB
[2026-02-05 13:31:12] INFO epoch 100/100 | RSS=36258MB GPU_alloc=340MB GPU_reserved=686MB
[2026-02-05 13:31:12] INFO running predict | RSS=36258MB GPU_alloc=340MB GPU_reserved=686MB
[2026-02-05 13:31:29] INFO recompute_viz DONE | RSS=36303MB GPU_alloc=340MB GPU_reserved=2080MB
[2026-02-05 13:51:46] INFO recompute_viz START | RSS=36303MB GPU_alloc=340MB GPU_reserved=366MB
[2026-02-05 13:51:46] INFO releasing previous model (GPU + large tensors) | RSS=36303MB GPU_alloc=340MB GPU_reserved=366MB
[2026-02-05 13:51:47] INFO after release + gc + cuda empty_cache | RSS=36375MB GPU_alloc=16MB GPU_reserved=40MB
[2026-02-05 13:51:47] INFO ROI mask built H=1274 W=1283 roi_pixels=24262 | RSS=36377MB GPU_alloc=16MB GPU_reserved=40MB
[2026-02-05 13:51:47] INFO creating new MSIParametricMiCSLMC | RSS=36377MB GPU_alloc=16MB GPU_reserved=40MB
[2026-02-05 13:51:47] INFO category_annotations: 6 polygons | RSS=36377MB GPU_alloc=16MB GPU_reserved=40MB
[2026-02-05 13:51:47] INFO calling set_image(roi_mask=..., category_annotations=...) | RSS=36377MB GPU_alloc=16MB GPU_reserved=40MB
[2026-02-05 13:52:30] INFO training 100 epochs | RSS=36258MB GPU_alloc=124MB GPU_reserved=134MB
[2026-02-05 13:52:30] INFO epoch 1/100 | RSS=36258MB GPU_alloc=340MB GPU_reserved=642MB
[2026-02-05 13:52:31] INFO epoch 20/100 | RSS=36258MB GPU_alloc=340MB GPU_reserved=686MB
[2026-02-05 13:52:31] INFO epoch 40/100 | RSS=36258MB GPU_alloc=340MB GPU_reserved=686MB
[2026-02-05 13:52:32] INFO epoch 60/100 | RSS=36258MB GPU_alloc=340MB GPU_reserved=686MB
[2026-02-05 13:52:33] INFO epoch 80/100 | RSS=36258MB GPU_alloc=340MB GPU_reserved=686MB
[2026-02-05 13:52:33] INFO epoch 100/100 | RSS=36258MB GPU_alloc=340MB GPU_reserved=686MB
[2026-02-05 13:52:33] INFO running predict | RSS=36258MB GPU_alloc=340MB GPU_reserved=686MB
[2026-02-05 13:52:50] INFO recompute_viz DONE | RSS=36303MB GPU_alloc=340MB GPU_reserved=2080MB
[2026-02-05 14:13:06] INFO reload_viz using ROI (112 points) | RSS=36304MB GPU_alloc=340MB GPU_reserved=366MB
[2026-02-05 14:13:06] INFO recompute_viz START | RSS=36304MB GPU_alloc=340MB GPU_reserved=366MB
[2026-02-05 14:13:06] INFO releasing previous model (GPU + large tensors) | RSS=36304MB GPU_alloc=340MB GPU_reserved=366MB
[2026-02-05 14:13:06] INFO after release + gc + cuda empty_cache | RSS=36375MB GPU_alloc=16MB GPU_reserved=40MB
[2026-02-05 14:13:06] INFO ROI mask built H=1274 W=1283 roi_pixels=24262 | RSS=36377MB GPU_alloc=16MB GPU_reserved=40MB
[2026-02-05 14:13:06] INFO creating new MSIParametricMiCSLMC | RSS=36377MB GPU_alloc=16MB GPU_reserved=40MB
[2026-02-05 14:13:06] INFO category_annotations: 6 polygons | RSS=36377MB GPU_alloc=16MB GPU_reserved=40MB
[2026-02-05 14:13:06] INFO calling set_image(roi_mask=..., category_annotations=...) | RSS=36377MB GPU_alloc=16MB GPU_reserved=40MB
[2026-02-05 14:13:52] INFO training 100 epochs | RSS=36258MB GPU_alloc=124MB GPU_reserved=134MB
[2026-02-05 14:13:52] INFO epoch 1/100 | RSS=36258MB GPU_alloc=340MB GPU_reserved=642MB
[2026-02-05 14:13:53] INFO epoch 20/100 | RSS=36258MB GPU_alloc=340MB GPU_reserved=686MB
[2026-02-05 14:13:54] INFO epoch 40/100 | RSS=36258MB GPU_alloc=340MB GPU_reserved=686MB
[2026-02-05 14:13:55] INFO epoch 60/100 | RSS=36258MB GPU_alloc=340MB GPU_reserved=686MB
[2026-02-05 14:13:55] INFO epoch 80/100 | RSS=36258MB GPU_alloc=340MB GPU_reserved=686MB
[2026-02-05 14:13:56] INFO epoch 100/100 | RSS=36258MB GPU_alloc=340MB GPU_reserved=686MB
[2026-02-05 14:13:56] INFO running predict | RSS=36258MB GPU_alloc=340MB GPU_reserved=686MB
[2026-02-05 14:14:13] INFO recompute_viz DONE | RSS=36304MB GPU_alloc=340MB GPU_reserved=2080MB
[2026-02-06 10:27:25] INFO compute_initial_viz START | RSS=509MB GPU_alloc=0MB GPU_reserved=0MB
[2026-02-06 10:27:25] INFO config loaded | RSS=520MB GPU_alloc=0MB GPU_reserved=0MB
[2026-02-06 10:27:27] INFO image loaded shape=(327,631,3655) from E:\MSImaging-data\_msi_visual\Extractions\2025_RamonSun_MouseBrains\ADvsWT\59271-sm\0.npy | RSS=3400MB GPU_alloc=0MB GPU_reserved=0MB
[2026-02-06 10:27:27] INFO creating new model and fitting | RSS=3400MB GPU_alloc=0MB GPU_reserved=0MB
[2026-02-06 10:28:20] INFO running predict (train) | RSS=4535MB GPU_alloc=320MB GPU_reserved=738MB
[2026-02-06 10:28:22] INFO compute_initial_viz DONE | RSS=4546MB GPU_alloc=320MB GPU_reserved=1964MB
[2026-02-06 10:50:19] INFO reload_viz using full image (no ROI) | RSS=4548MB GPU_alloc=320MB GPU_reserved=1964MB
[2026-02-06 10:50:19] INFO compute_initial_viz START | RSS=4548MB GPU_alloc=320MB GPU_reserved=1964MB
[2026-02-06 10:50:19] INFO config loaded | RSS=4585MB GPU_alloc=16MB GPU_reserved=40MB
[2026-02-06 10:50:19] INFO reusing cached image (path unchanged): E:\MSImaging-data\_msi_visual\Extractions\2025_RamonSun_MouseBrains\ADvsWT\59271-sm\0.npy | RSS=4585MB GPU_alloc=16MB GPU_reserved=40MB
[2026-02-06 10:50:19] INFO creating new model and fitting | RSS=4585MB GPU_alloc=16MB GPU_reserved=40MB
[2026-02-06 10:50:59] INFO running predict (train) | RSS=4708MB GPU_alloc=312MB GPU_reserved=732MB
[2026-02-06 10:51:01] INFO compute_initial_viz DONE | RSS=4679MB GPU_alloc=312MB GPU_reserved=1958MB
[2026-02-06 10:55:05] INFO compute_initial_viz START | RSS=508MB GPU_alloc=0MB GPU_reserved=0MB
[2026-02-06 10:55:05] INFO config loaded | RSS=520MB GPU_alloc=0MB GPU_reserved=0MB
[2026-02-06 10:55:07] INFO image loaded shape=(327,631,3655) from E:\MSImaging-data\_msi_visual\Extractions\2025_RamonSun_MouseBrains\ADvsWT\59271-sm\0.npy | RSS=3400MB GPU_alloc=0MB GPU_reserved=0MB
[2026-02-06 10:55:07] INFO creating new model and fitting | RSS=3400MB GPU_alloc=0MB GPU_reserved=0MB
[2026-02-06 10:55:07] INFO building model kwargs | RSS=3400MB GPU_alloc=0MB GPU_reserved=0MB
[2026-02-06 10:55:07] INFO model kwargs built in 0.00s | RSS=3400MB GPU_alloc=0MB GPU_reserved=0MB
[2026-02-06 10:55:07] INFO initializing model | RSS=3400MB GPU_alloc=0MB GPU_reserved=0MB
[2026-02-06 10:55:07] INFO model init done in 0.01s | RSS=3400MB GPU_alloc=0MB GPU_reserved=0MB
[2026-02-06 10:55:07] INFO starting model.fit (train) | RSS=3400MB GPU_alloc=0MB GPU_reserved=0MB
[2026-02-06 10:55:07] INFO [fit] set_image starting: shape=(327, 631, 3655)
[2026-02-06 10:55:07] INFO [set_image] start: shape=(327, 631, 3655), roi_mask=False, category_annotations=False
[2026-02-06 10:55:07] INFO [set_image] reshape+mask done in 0.29s
[2026-02-06 10:55:10] INFO [set_image] sampling done in 3.06s (method=superpixel, sampled=6024)
[2026-02-06 10:55:11] INFO [set_image] model init done in 0.20s (input_dim=3655, n_components=3)
[2026-02-06 10:55:24] INFO [set_image] resample done in 13.67s (points=1000)
[2026-02-06 10:55:25] INFO [set_image] category labels done in 0.31s
[2026-02-06 10:55:50] INFO [set_image] clustering init done in 25.82s (levels=4)
[2026-02-06 10:55:52] INFO [set_image] optimizer init done in 1.15s (lr=1.0, warmup=10)
[2026-02-06 10:55:52] INFO [set_image] total setup time 44.50s
[2026-02-06 10:55:52] INFO [fit] set_image done in 44.50s
[2026-02-06 10:55:52] INFO [fit] training loop starting: epochs=100
[2026-02-06 10:56:03] INFO [fit] training loop finished in 11.42s
[2026-02-06 10:56:03] INFO model.fit completed in 55.93s | RSS=4536MB GPU_alloc=320MB GPU_reserved=738MB
[2026-02-06 10:56:03] INFO running predict (train) | RSS=4536MB GPU_alloc=320MB GPU_reserved=738MB
[2026-02-06 10:56:05] INFO compute_initial_viz DONE | RSS=4547MB GPU_alloc=320MB GPU_reserved=1964MB
[2026-02-06 11:25:55] INFO recompute_viz START | RSS=4549MB GPU_alloc=320MB GPU_reserved=1964MB
[2026-02-06 11:25:55] INFO releasing previous model (GPU + large tensors) | RSS=4549MB GPU_alloc=320MB GPU_reserved=1964MB
[2026-02-06 11:25:55] INFO after release + gc + cuda empty_cache | RSS=4586MB GPU_alloc=16MB GPU_reserved=40MB
[2026-02-06 11:25:55] INFO ROI mask built H=327 W=631 roi_pixels=1527 | RSS=4586MB GPU_alloc=16MB GPU_reserved=40MB
[2026-02-06 11:25:55] INFO creating new MSIParametricMiCSLMC | RSS=4586MB GPU_alloc=16MB GPU_reserved=40MB
[2026-02-06 11:25:55] INFO calling set_image(roi_mask=..., category_annotations=...) | RSS=4586MB GPU_alloc=16MB GPU_reserved=40MB
[2026-02-06 11:25:55] INFO [set_image] start: shape=(327, 631, 3655), roi_mask=True, category_annotations=False
[2026-02-06 11:25:56] INFO [set_image] reshape+mask done in 0.46s
[2026-02-06 11:25:59] INFO [set_image] sampling done in 3.20s (method=superpixel, sampled=673)
[2026-02-06 11:25:59] INFO [set_image] model init done in 0.11s (input_dim=3655, n_components=3)
[2026-02-06 11:26:00] INFO [set_image] resample done in 0.73s (points=673)
[2026-02-06 11:26:00] INFO [set_image] category labels done in 0.24s
[2026-02-06 11:26:03] INFO [set_image] clustering init done in 2.72s (levels=4)
[2026-02-06 11:26:03] INFO [set_image] optimizer init done in 0.00s (lr=1.0, warmup=10)
[2026-02-06 11:26:03] INFO [set_image] total setup time 7.47s
[2026-02-06 11:26:03] INFO training 100 epochs | RSS=4632MB GPU_alloc=91MB GPU_reserved=104MB
[2026-02-06 11:26:03] INFO epoch 1/100 | RSS=4632MB GPU_alloc=273MB GPU_reserved=498MB
[2026-02-06 11:26:03] INFO epoch 20/100 | RSS=4632MB GPU_alloc=273MB GPU_reserved=528MB
[2026-02-06 11:26:03] INFO epoch 40/100 | RSS=4632MB GPU_alloc=273MB GPU_reserved=528MB
[2026-02-06 11:26:04] INFO epoch 60/100 | RSS=4632MB GPU_alloc=273MB GPU_reserved=528MB
[2026-02-06 11:26:04] INFO epoch 80/100 | RSS=4632MB GPU_alloc=273MB GPU_reserved=528MB
[2026-02-06 11:26:04] INFO epoch 100/100 | RSS=4632MB GPU_alloc=273MB GPU_reserved=528MB
[2026-02-06 11:26:04] INFO running predict | RSS=4632MB GPU_alloc=273MB GPU_reserved=528MB
[2026-02-06 11:26:05] INFO recompute_viz DONE | RSS=4603MB GPU_alloc=273MB GPU_reserved=1754MB
[2026-02-06 11:26:25] INFO recompute_viz START | RSS=4603MB GPU_alloc=273MB GPU_reserved=296MB
[2026-02-06 11:26:25] INFO releasing previous model (GPU + large tensors) | RSS=4603MB GPU_alloc=273MB GPU_reserved=296MB
[2026-02-06 11:26:26] INFO after release + gc + cuda empty_cache | RSS=4715MB GPU_alloc=16MB GPU_reserved=40MB
[2026-02-06 11:26:26] INFO ROI mask built H=327 W=631 roi_pixels=1158 | RSS=4715MB GPU_alloc=16MB GPU_reserved=40MB
[2026-02-06 11:26:26] INFO creating new MSIParametricMiCSLMC | RSS=4715MB GPU_alloc=16MB GPU_reserved=40MB
[2026-02-06 11:26:26] INFO calling set_image(roi_mask=..., category_annotations=...) | RSS=4715MB GPU_alloc=16MB GPU_reserved=40MB
[2026-02-06 11:26:26] INFO [set_image] start: shape=(327, 631, 3655), roi_mask=True, category_annotations=False
[2026-02-06 11:26:26] INFO [set_image] reshape+mask done in 0.29s
[2026-02-06 11:26:29] INFO [set_image] sampling done in 3.37s (method=superpixel, sampled=496)
[2026-02-06 11:26:29] INFO [set_image] model init done in 0.11s (input_dim=3655, n_components=3)
[2026-02-06 11:26:30] INFO [set_image] resample done in 0.42s (points=496)
[2026-02-06 11:26:30] INFO [set_image] category labels done in 0.28s
[2026-02-06 11:26:32] INFO [set_image] clustering init done in 2.14s (levels=4)
[2026-02-06 11:26:32] INFO [set_image] optimizer init done in 0.00s (lr=1.0, warmup=10)
[2026-02-06 11:26:32] INFO [set_image] total setup time 6.62s
[2026-02-06 11:26:32] INFO training 100 epochs | RSS=4639MB GPU_alloc=87MB GPU_reserved=104MB
[2026-02-06 11:26:32] INFO epoch 1/100 | RSS=4639MB GPU_alloc=269MB GPU_reserved=438MB
[2026-02-06 11:26:33] INFO epoch 20/100 | RSS=4639MB GPU_alloc=269MB GPU_reserved=474MB
[2026-02-06 11:26:33] INFO epoch 40/100 | RSS=4639MB GPU_alloc=269MB GPU_reserved=474MB
[2026-02-06 11:26:33] INFO epoch 60/100 | RSS=4639MB GPU_alloc=269MB GPU_reserved=474MB
[2026-02-06 11:26:33] INFO epoch 80/100 | RSS=4639MB GPU_alloc=269MB GPU_reserved=474MB
[2026-02-06 11:26:34] INFO epoch 100/100 | RSS=4639MB GPU_alloc=269MB GPU_reserved=474MB
[2026-02-06 11:26:34] INFO running predict | RSS=4639MB GPU_alloc=269MB GPU_reserved=474MB
[2026-02-06 11:26:35] INFO recompute_viz DONE | RSS=4602MB GPU_alloc=269MB GPU_reserved=1700MB
[2026-02-06 11:26:52] INFO recompute_viz START | RSS=4602MB GPU_alloc=269MB GPU_reserved=300MB
[2026-02-06 11:26:52] INFO releasing previous model (GPU + large tensors) | RSS=4602MB GPU_alloc=269MB GPU_reserved=300MB
[2026-02-06 11:26:52] INFO after release + gc + cuda empty_cache | RSS=4716MB GPU_alloc=16MB GPU_reserved=40MB
[2026-02-06 11:26:52] INFO ROI mask built H=327 W=631 roi_pixels=2359 | RSS=4716MB GPU_alloc=16MB GPU_reserved=40MB
[2026-02-06 11:26:52] INFO creating new MSIParametricMiCSLMC | RSS=4716MB GPU_alloc=16MB GPU_reserved=40MB
[2026-02-06 11:26:52] INFO calling set_image(roi_mask=..., category_annotations=...) | RSS=4716MB GPU_alloc=16MB GPU_reserved=40MB
[2026-02-06 11:26:52] INFO [set_image] start: shape=(327, 631, 3655), roi_mask=True, category_annotations=False
[2026-02-06 11:26:52] INFO [set_image] reshape+mask done in 0.28s
[2026-02-06 11:26:56] INFO [set_image] sampling done in 3.23s (method=superpixel, sampled=719)
[2026-02-06 11:26:56] INFO [set_image] model init done in 0.11s (input_dim=3655, n_components=3)
[2026-02-06 11:26:57] INFO [set_image] resample done in 0.92s (points=719)
[2026-02-06 11:26:57] INFO [set_image] category labels done in 0.28s
[2026-02-06 11:27:00] INFO [set_image] clustering init done in 3.06s (levels=4)
[2026-02-06 11:27:00] INFO [set_image] optimizer init done in 0.00s (lr=1.0, warmup=10)
[2026-02-06 11:27:00] INFO [set_image] total setup time 7.88s
[2026-02-06 11:27:00] INFO training 100 epochs | RSS=4647MB GPU_alloc=92MB GPU_reserved=104MB
[2026-02-06 11:27:00] INFO epoch 1/100 | RSS=4647MB GPU_alloc=274MB GPU_reserved=478MB
[2026-02-06 11:27:00] INFO epoch 20/100 | RSS=4647MB GPU_alloc=274MB GPU_reserved=508MB
[2026-02-06 11:27:01] INFO epoch 40/100 | RSS=4647MB GPU_alloc=274MB GPU_reserved=508MB
[2026-02-06 11:27:01] INFO epoch 60/100 | RSS=4647MB GPU_alloc=274MB GPU_reserved=508MB
[2026-02-06 11:27:01] INFO epoch 80/100 | RSS=4647MB GPU_alloc=274MB GPU_reserved=508MB
[2026-02-06 11:27:02] INFO epoch 100/100 | RSS=4647MB GPU_alloc=274MB GPU_reserved=508MB
[2026-02-06 11:27:02] INFO running predict | RSS=4647MB GPU_alloc=274MB GPU_reserved=508MB
[2026-02-06 11:27:03] INFO recompute_viz DONE | RSS=4609MB GPU_alloc=274MB GPU_reserved=1734MB
[2026-02-06 11:27:15] INFO reload_viz using ROI (25 points) | RSS=4609MB GPU_alloc=274MB GPU_reserved=302MB
[2026-02-06 11:27:15] INFO recompute_viz START | RSS=4609MB GPU_alloc=274MB GPU_reserved=302MB
[2026-02-06 11:27:15] INFO releasing previous model (GPU + large tensors) | RSS=4609MB GPU_alloc=274MB GPU_reserved=302MB
[2026-02-06 11:27:16] INFO after release + gc + cuda empty_cache | RSS=4721MB GPU_alloc=16MB GPU_reserved=40MB
[2026-02-06 11:27:16] INFO ROI mask built H=327 W=631 roi_pixels=733 | RSS=4721MB GPU_alloc=16MB GPU_reserved=40MB
[2026-02-06 11:27:16] INFO creating new MSIParametricMiCSLMC | RSS=4721MB GPU_alloc=16MB GPU_reserved=40MB
[2026-02-06 11:27:16] INFO calling set_image(roi_mask=..., category_annotations=...) | RSS=4721MB GPU_alloc=16MB GPU_reserved=40MB
[2026-02-06 11:27:16] INFO [set_image] start: shape=(327, 631, 3655), roi_mask=True, category_annotations=False
[2026-02-06 11:27:16] INFO [set_image] reshape+mask done in 0.29s
[2026-02-06 11:27:16] INFO [set_image] sampling done in 0.28s (method=random, sampled=733)
[2026-02-06 11:27:16] INFO [set_image] model init done in 0.11s (input_dim=3655, n_components=3)
[2026-02-06 11:27:17] INFO [set_image] resample done in 1.02s (points=733)
[2026-02-06 11:27:18] INFO [set_image] category labels done in 0.28s
[2026-02-06 11:27:21] INFO [set_image] clustering init done in 3.22s (levels=4)
[2026-02-06 11:27:21] INFO [set_image] optimizer init done in 0.00s (lr=1.0, warmup=10)
[2026-02-06 11:27:21] INFO [set_image] total setup time 5.21s
[2026-02-06 11:27:21] INFO training 100 epochs | RSS=4647MB GPU_alloc=92MB GPU_reserved=104MB
[2026-02-06 11:27:21] INFO epoch 1/100 | RSS=4647MB GPU_alloc=274MB GPU_reserved=478MB
[2026-02-06 11:27:21] INFO epoch 20/100 | RSS=4647MB GPU_alloc=274MB GPU_reserved=508MB
[2026-02-06 11:27:22] INFO epoch 40/100 | RSS=4647MB GPU_alloc=274MB GPU_reserved=508MB
[2026-02-06 11:27:22] INFO epoch 60/100 | RSS=4647MB GPU_alloc=274MB GPU_reserved=508MB
[2026-02-06 11:27:22] INFO epoch 80/100 | RSS=4647MB GPU_alloc=274MB GPU_reserved=508MB
[2026-02-06 11:27:23] INFO epoch 100/100 | RSS=4647MB GPU_alloc=274MB GPU_reserved=508MB
[2026-02-06 11:27:23] INFO running predict | RSS=4647MB GPU_alloc=274MB GPU_reserved=508MB
[2026-02-06 11:27:24] INFO recompute_viz DONE | RSS=4610MB GPU_alloc=274MB GPU_reserved=1734MB
[2026-02-06 11:27:54] INFO reload_viz using ROI (25 points) | RSS=4610MB GPU_alloc=274MB GPU_reserved=304MB
[2026-02-06 11:27:54] INFO recompute_viz START | RSS=4610MB GPU_alloc=274MB GPU_reserved=304MB
[2026-02-06 11:27:54] INFO releasing previous model (GPU + large tensors) | RSS=4610MB GPU_alloc=274MB GPU_reserved=304MB
[2026-02-06 11:27:55] INFO after release + gc + cuda empty_cache | RSS=4721MB GPU_alloc=16MB GPU_reserved=40MB
[2026-02-06 11:27:55] INFO ROI mask built H=327 W=631 roi_pixels=733 | RSS=4721MB GPU_alloc=16MB GPU_reserved=40MB
[2026-02-06 11:27:55] INFO creating new MSIParametricMiCSLMC | RSS=4721MB GPU_alloc=16MB GPU_reserved=40MB
[2026-02-06 11:27:55] INFO calling set_image(roi_mask=..., category_annotations=...) | RSS=4721MB GPU_alloc=16MB GPU_reserved=40MB
[2026-02-06 11:27:55] INFO [set_image] start: shape=(327, 631, 3655), roi_mask=True, category_annotations=False
[2026-02-06 11:27:55] INFO [set_image] reshape+mask done in 0.29s
[2026-02-06 11:27:55] INFO [set_image] sampling done in 0.26s (method=random, sampled=733)
[2026-02-06 11:27:55] INFO [set_image] model init done in 0.11s (input_dim=3655, n_components=3)
[2026-02-06 11:27:56] INFO [set_image] resample done in 0.99s (points=733)
[2026-02-06 11:27:56] INFO [set_image] category labels done in 0.27s
[2026-02-06 11:28:00] INFO [set_image] clustering init done in 3.16s (levels=4)
[2026-02-06 11:28:00] INFO [set_image] optimizer init done in 0.00s (lr=1.0, warmup=10)
[2026-02-06 11:28:00] INFO [set_image] total setup time 5.08s
[2026-02-06 11:28:00] INFO training 100 epochs | RSS=4647MB GPU_alloc=92MB GPU_reserved=104MB
[2026-02-06 11:28:00] INFO epoch 1/100 | RSS=4647MB GPU_alloc=274MB GPU_reserved=478MB
[2026-02-06 11:28:00] INFO epoch 20/100 | RSS=4647MB GPU_alloc=274MB GPU_reserved=508MB
[2026-02-06 11:28:01] INFO epoch 40/100 | RSS=4647MB GPU_alloc=274MB GPU_reserved=508MB
[2026-02-06 11:28:01] INFO epoch 60/100 | RSS=4647MB GPU_alloc=274MB GPU_reserved=508MB
[2026-02-06 11:28:01] INFO epoch 80/100 | RSS=4647MB GPU_alloc=274MB GPU_reserved=508MB
[2026-02-06 11:28:01] INFO epoch 100/100 | RSS=4647MB GPU_alloc=274MB GPU_reserved=508MB
[2026-02-06 11:28:01] INFO running predict | RSS=4647MB GPU_alloc=274MB GPU_reserved=508MB
[2026-02-06 11:28:03] INFO recompute_viz DONE | RSS=4610MB GPU_alloc=274MB GPU_reserved=1734MB
[2026-02-06 11:28:19] INFO reload_viz using ROI (25 points) | RSS=4610MB GPU_alloc=274MB GPU_reserved=304MB
[2026-02-06 11:28:19] INFO recompute_viz START | RSS=4610MB GPU_alloc=274MB GPU_reserved=304MB
[2026-02-06 11:28:19] INFO releasing previous model (GPU + large tensors) | RSS=4610MB GPU_alloc=274MB GPU_reserved=304MB
[2026-02-06 11:28:20] INFO after release + gc + cuda empty_cache | RSS=4721MB GPU_alloc=16MB GPU_reserved=40MB
[2026-02-06 11:28:20] INFO ROI mask built H=327 W=631 roi_pixels=733 | RSS=4721MB GPU_alloc=16MB GPU_reserved=40MB
[2026-02-06 11:28:20] INFO creating new MSIParametricMiCSLMC | RSS=4721MB GPU_alloc=16MB GPU_reserved=40MB
[2026-02-06 11:28:20] INFO calling set_image(roi_mask=..., category_annotations=...) | RSS=4721MB GPU_alloc=16MB GPU_reserved=40MB
[2026-02-06 11:28:20] INFO [set_image] start: shape=(327, 631, 3655), roi_mask=True, category_annotations=False
[2026-02-06 11:28:20] INFO [set_image] reshape+mask done in 0.26s
[2026-02-06 11:28:20] INFO [set_image] sampling done in 0.24s (method=random, sampled=733)
[2026-02-06 11:28:20] INFO [set_image] model init done in 0.11s (input_dim=3655, n_components=3)
[2026-02-06 11:28:21] INFO [set_image] resample done in 0.93s (points=733)
[2026-02-06 11:28:22] INFO [set_image] category labels done in 0.25s
[2026-02-06 11:28:25] INFO [set_image] clustering init done in 3.08s (levels=4)
[2026-02-06 11:28:25] INFO [set_image] optimizer init done in 0.00s (lr=1.0, warmup=10)
[2026-02-06 11:28:25] INFO [set_image] total setup time 4.88s
[2026-02-06 11:28:25] INFO training 100 epochs | RSS=4648MB GPU_alloc=92MB GPU_reserved=104MB
[2026-02-06 11:28:25] INFO epoch 1/100 | RSS=4648MB GPU_alloc=274MB GPU_reserved=478MB
[2026-02-06 11:28:25] INFO epoch 20/100 | RSS=4648MB GPU_alloc=274MB GPU_reserved=508MB
[2026-02-06 11:28:26] INFO epoch 40/100 | RSS=4648MB GPU_alloc=274MB GPU_reserved=508MB
[2026-02-06 11:28:26] INFO epoch 60/100 | RSS=4648MB GPU_alloc=274MB GPU_reserved=508MB
[2026-02-06 11:28:26] INFO epoch 80/100 | RSS=4648MB GPU_alloc=274MB GPU_reserved=508MB
[2026-02-06 11:28:26] INFO epoch 100/100 | RSS=4648MB GPU_alloc=274MB GPU_reserved=508MB
[2026-02-06 11:28:26] INFO running predict | RSS=4648MB GPU_alloc=274MB GPU_reserved=508MB
[2026-02-06 11:28:28] INFO recompute_viz DONE | RSS=4611MB GPU_alloc=274MB GPU_reserved=1734MB
[2026-02-06 11:28:54] INFO recompute_viz START | RSS=4611MB GPU_alloc=274MB GPU_reserved=304MB
[2026-02-06 11:28:54] INFO releasing previous model (GPU + large tensors) | RSS=4611MB GPU_alloc=274MB GPU_reserved=304MB
[2026-02-06 11:28:54] INFO after release + gc + cuda empty_cache | RSS=4722MB GPU_alloc=16MB GPU_reserved=40MB
[2026-02-06 11:28:54] INFO ROI mask built H=327 W=631 roi_pixels=15814 | RSS=4722MB GPU_alloc=16MB GPU_reserved=40MB
[2026-02-06 11:28:54] INFO creating new MSIParametricMiCSLMC | RSS=4722MB GPU_alloc=16MB GPU_reserved=40MB
[2026-02-06 11:28:54] INFO calling set_image(roi_mask=..., category_annotations=...) | RSS=4722MB GPU_alloc=16MB GPU_reserved=40MB
[2026-02-06 11:28:54] INFO [set_image] start: shape=(327, 631, 3655), roi_mask=True, category_annotations=False
[2026-02-06 11:28:54] INFO [set_image] reshape+mask done in 0.31s
[2026-02-06 11:28:55] INFO [set_image] sampling done in 0.30s (method=random, sampled=5000)
[2026-02-06 11:28:55] INFO [set_image] model init done in 0.12s (input_dim=3655, n_components=3)
[2026-02-06 11:29:06] INFO [set_image] resample done in 11.22s (points=1000)
[2026-02-06 11:29:06] INFO [set_image] category labels done in 0.29s
[2026-02-06 11:29:28] INFO [set_image] clustering init done in 21.58s (levels=4)
[2026-02-06 11:29:28] INFO [set_image] optimizer init done in 0.00s (lr=1.0, warmup=10)
[2026-02-06 11:29:28] INFO [set_image] total setup time 33.81s
[2026-02-06 11:29:28] INFO training 100 epochs | RSS=4726MB GPU_alloc=130MB GPU_reserved=158MB
[2026-02-06 11:29:28] INFO epoch 1/100 | RSS=4726MB GPU_alloc=312MB GPU_reserved=732MB
[2026-02-06 11:29:30] INFO epoch 20/100 | RSS=4726MB GPU_alloc=312MB GPU_reserved=732MB
[2026-02-06 11:29:32] INFO epoch 40/100 | RSS=4726MB GPU_alloc=312MB GPU_reserved=732MB
[2026-02-06 11:29:33] INFO epoch 60/100 | RSS=4726MB GPU_alloc=312MB GPU_reserved=732MB
[2026-02-06 11:29:35] INFO epoch 80/100 | RSS=4726MB GPU_alloc=312MB GPU_reserved=732MB
[2026-02-06 11:29:37] INFO epoch 100/100 | RSS=4726MB GPU_alloc=312MB GPU_reserved=732MB
[2026-02-06 11:29:37] INFO running predict | RSS=4726MB GPU_alloc=312MB GPU_reserved=732MB
[2026-02-06 11:29:38] INFO recompute_viz DONE | RSS=4689MB GPU_alloc=312MB GPU_reserved=1958MB
[2026-02-06 11:29:50] INFO reload_viz using ROI (71 points) | RSS=4689MB GPU_alloc=312MB GPU_reserved=362MB
[2026-02-06 11:29:50] INFO recompute_viz START | RSS=4689MB GPU_alloc=312MB GPU_reserved=362MB
[2026-02-06 11:29:50] INFO releasing previous model (GPU + large tensors) | RSS=4689MB GPU_alloc=312MB GPU_reserved=362MB
[2026-02-06 11:29:51] INFO after release + gc + cuda empty_cache | RSS=4740MB GPU_alloc=16MB GPU_reserved=40MB
[2026-02-06 11:29:51] INFO ROI mask built H=327 W=631 roi_pixels=15814 | RSS=4740MB GPU_alloc=16MB GPU_reserved=40MB
[2026-02-06 11:29:51] INFO creating new MSIParametricMiCSLMC | RSS=4740MB GPU_alloc=16MB GPU_reserved=40MB
[2026-02-06 11:29:51] INFO calling set_image(roi_mask=..., category_annotations=...) | RSS=4740MB GPU_alloc=16MB GPU_reserved=40MB
[2026-02-06 11:29:51] INFO [set_image] start: shape=(327, 631, 3655), roi_mask=True, category_annotations=False
[2026-02-06 11:29:51] INFO [set_image] reshape+mask done in 0.31s
[2026-02-06 11:29:51] INFO [set_image] sampling done in 0.32s (method=random, sampled=5000)
[2026-02-06 11:29:51] INFO [set_image] model init done in 0.11s (input_dim=3655, n_components=3)
[2026-02-06 11:30:02] INFO [set_image] resample done in 10.34s (points=1000)
[2026-02-06 11:30:02] INFO [set_image] category labels done in 0.29s
[2026-02-06 11:30:24] INFO [set_image] clustering init done in 21.79s (levels=4)
[2026-02-06 11:30:24] INFO [set_image] optimizer init done in 0.00s (lr=1.0, warmup=10)
[2026-02-06 11:30:24] INFO [set_image] total setup time 33.16s
[2026-02-06 11:30:24] INFO training 100 epochs | RSS=4726MB GPU_alloc=130MB GPU_reserved=158MB
[2026-02-06 11:30:24] INFO epoch 1/100 | RSS=4726MB GPU_alloc=312MB GPU_reserved=732MB
[2026-02-06 11:30:26] INFO epoch 20/100 | RSS=4726MB GPU_alloc=312MB GPU_reserved=732MB
[2026-02-06 11:30:27] INFO epoch 40/100 | RSS=4726MB GPU_alloc=312MB GPU_reserved=732MB
[2026-02-06 11:30:29] INFO epoch 60/100 | RSS=4726MB GPU_alloc=312MB GPU_reserved=732MB
[2026-02-06 11:30:31] INFO epoch 80/100 | RSS=4726MB GPU_alloc=312MB GPU_reserved=732MB
[2026-02-06 11:30:33] INFO epoch 100/100 | RSS=4726MB GPU_alloc=312MB GPU_reserved=732MB
[2026-02-06 11:30:33] INFO running predict | RSS=4726MB GPU_alloc=312MB GPU_reserved=732MB
[2026-02-06 11:30:34] INFO recompute_viz DONE | RSS=4688MB GPU_alloc=312MB GPU_reserved=1958MB
[2026-02-06 11:31:38] INFO reload_viz using ROI (71 points) | RSS=4688MB GPU_alloc=312MB GPU_reserved=362MB
[2026-02-06 11:31:38] INFO recompute_viz START | RSS=4688MB GPU_alloc=312MB GPU_reserved=362MB
[2026-02-06 11:31:38] INFO releasing previous model (GPU + large tensors) | RSS=4688MB GPU_alloc=312MB GPU_reserved=362MB
[2026-02-06 11:31:39] INFO after release + gc + cuda empty_cache | RSS=4740MB GPU_alloc=16MB GPU_reserved=40MB
[2026-02-06 11:31:39] INFO ROI mask built H=327 W=631 roi_pixels=15814 | RSS=4740MB GPU_alloc=16MB GPU_reserved=40MB
[2026-02-06 11:31:39] INFO creating new MSIParametricMiCSLMC | RSS=4740MB GPU_alloc=16MB GPU_reserved=40MB
[2026-02-06 11:31:39] INFO calling set_image(roi_mask=..., category_annotations=...) | RSS=4740MB GPU_alloc=16MB GPU_reserved=40MB
[2026-02-06 11:31:39] INFO [set_image] start: shape=(327, 631, 3655), roi_mask=True, category_annotations=False
[2026-02-06 11:31:39] INFO [set_image] reshape+mask done in 0.28s
[2026-02-06 11:31:41] INFO [set_image] sampling done in 2.52s (method=superpixel, sampled=1109)
[2026-02-06 11:31:41] INFO [set_image] model init done in 0.10s (input_dim=3655, n_components=3)
[2026-02-06 11:31:44] INFO [set_image] resample done in 2.49s (points=1000)
[2026-02-06 11:31:44] INFO [set_image] category labels done in 0.27s
[2026-02-06 11:31:49] INFO [set_image] clustering init done in 4.69s (levels=4)
[2026-02-06 11:31:49] INFO [set_image] optimizer init done in 0.00s (lr=1.0, warmup=10)
[2026-02-06 11:31:49] INFO [set_image] total setup time 10.35s
[2026-02-06 11:31:49] INFO training 100 epochs | RSS=4670MB GPU_alloc=100MB GPU_reserved=118MB
[2026-02-06 11:31:49] INFO epoch 1/100 | RSS=4670MB GPU_alloc=282MB GPU_reserved=582MB
[2026-02-06 11:31:50] INFO epoch 20/100 | RSS=4670MB GPU_alloc=282MB GPU_reserved=614MB
[2026-02-06 11:31:50] INFO epoch 40/100 | RSS=4670MB GPU_alloc=282MB GPU_reserved=614MB
[2026-02-06 11:31:51] INFO epoch 60/100 | RSS=4670MB GPU_alloc=282MB GPU_reserved=614MB
[2026-02-06 11:31:52] INFO epoch 80/100 | RSS=4670MB GPU_alloc=282MB GPU_reserved=614MB
[2026-02-06 11:31:52] INFO epoch 100/100 | RSS=4670MB GPU_alloc=282MB GPU_reserved=614MB
[2026-02-06 11:31:52] INFO running predict | RSS=4670MB GPU_alloc=282MB GPU_reserved=614MB
[2026-02-06 11:31:54] INFO recompute_viz DONE | RSS=4633MB GPU_alloc=282MB GPU_reserved=1840MB
[2026-02-06 11:32:07] INFO recompute_viz START | RSS=4633MB GPU_alloc=282MB GPU_reserved=324MB
[2026-02-06 11:32:07] INFO releasing previous model (GPU + large tensors) | RSS=4633MB GPU_alloc=282MB GPU_reserved=324MB
[2026-02-06 11:32:07] INFO after release + gc + cuda empty_cache | RSS=4739MB GPU_alloc=16MB GPU_reserved=40MB
[2026-02-06 11:32:07] INFO ROI mask built H=327 W=631 roi_pixels=5879 | RSS=4739MB GPU_alloc=16MB GPU_reserved=40MB
[2026-02-06 11:32:07] INFO creating new MSIParametricMiCSLMC | RSS=4739MB GPU_alloc=16MB GPU_reserved=40MB
[2026-02-06 11:32:07] INFO calling set_image(roi_mask=..., category_annotations=...) | RSS=4739MB GPU_alloc=16MB GPU_reserved=40MB
[2026-02-06 11:32:07] INFO [set_image] start: shape=(327, 631, 3655), roi_mask=True, category_annotations=False
[2026-02-06 11:32:07] INFO [set_image] reshape+mask done in 0.28s
[2026-02-06 11:32:10] INFO [set_image] sampling done in 2.98s (method=superpixel, sampled=1162)
[2026-02-06 11:32:10] INFO [set_image] model init done in 0.11s (input_dim=3655, n_components=3)
[2026-02-06 11:32:13] INFO [set_image] resample done in 2.64s (points=1000)
[2026-02-06 11:32:13] INFO [set_image] category labels done in 0.28s
[2026-02-06 11:32:18] INFO [set_image] clustering init done in 5.04s (levels=4)
[2026-02-06 11:32:18] INFO [set_image] optimizer init done in 0.00s (lr=1.0, warmup=10)
[2026-02-06 11:32:18] INFO [set_image] total setup time 11.34s
[2026-02-06 11:32:18] INFO training 100 epochs | RSS=4671MB GPU_alloc=101MB GPU_reserved=118MB
[2026-02-06 11:32:19] INFO epoch 1/100 | RSS=4671MB GPU_alloc=283MB GPU_reserved=576MB
[2026-02-06 11:32:19] INFO epoch 20/100 | RSS=4671MB GPU_alloc=283MB GPU_reserved=608MB
[2026-02-06 11:32:20] INFO epoch 40/100 | RSS=4671MB GPU_alloc=283MB GPU_reserved=608MB
[2026-02-06 11:32:20] INFO epoch 60/100 | RSS=4671MB GPU_alloc=283MB GPU_reserved=608MB
[2026-02-06 11:32:21] INFO epoch 80/100 | RSS=4671MB GPU_alloc=283MB GPU_reserved=608MB
[2026-02-06 11:32:22] INFO epoch 100/100 | RSS=4671MB GPU_alloc=283MB GPU_reserved=608MB
[2026-02-06 11:32:22] INFO running predict | RSS=4671MB GPU_alloc=283MB GPU_reserved=608MB
[2026-02-06 11:32:23] INFO recompute_viz DONE | RSS=4634MB GPU_alloc=283MB GPU_reserved=1834MB
[2026-02-06 11:32:49] INFO reload_viz using ROI (62 points) | RSS=4634MB GPU_alloc=283MB GPU_reserved=322MB
[2026-02-06 11:32:49] INFO recompute_viz START | RSS=4634MB GPU_alloc=283MB GPU_reserved=322MB
[2026-02-06 11:32:49] INFO releasing previous model (GPU + large tensors) | RSS=4634MB GPU_alloc=283MB GPU_reserved=322MB
[2026-02-06 11:32:49] INFO after release + gc + cuda empty_cache | RSS=4739MB GPU_alloc=16MB GPU_reserved=40MB
[2026-02-06 11:32:49] INFO ROI mask built H=327 W=631 roi_pixels=5879 | RSS=4739MB GPU_alloc=16MB GPU_reserved=40MB
[2026-02-06 11:32:49] INFO creating new MSIParametricMiCSLMC | RSS=4739MB GPU_alloc=16MB GPU_reserved=40MB
[2026-02-06 11:32:49] INFO calling set_image(roi_mask=..., category_annotations=...) | RSS=4739MB GPU_alloc=16MB GPU_reserved=40MB
[2026-02-06 11:32:49] INFO [set_image] start: shape=(327, 631, 3655), roi_mask=True, category_annotations=False
[2026-02-06 11:32:49] INFO [set_image] reshape+mask done in 0.29s
[2026-02-06 11:32:52] INFO [set_image] sampling done in 2.80s (method=superpixel, sampled=1162)
[2026-02-06 11:32:52] INFO [set_image] model init done in 0.10s (input_dim=3655, n_components=3)
[2026-02-06 11:32:55] INFO [set_image] resample done in 2.44s (points=1000)
[2026-02-06 11:32:55] INFO [set_image] category labels done in 0.27s
[2026-02-06 11:32:55] INFO [set_image] clustering init done in 0.37s (levels=4)
[2026-02-06 11:32:55] INFO [set_image] optimizer init done in 0.00s (lr=1.0, warmup=10)
[2026-02-06 11:32:55] INFO [set_image] total setup time 6.28s
[2026-02-06 11:32:55] INFO training 100 epochs | RSS=4675MB GPU_alloc=101MB GPU_reserved=118MB
[2026-02-06 11:32:56] INFO epoch 1/100 | RSS=4675MB GPU_alloc=283MB GPU_reserved=576MB
[2026-02-06 11:32:56] INFO epoch 20/100 | RSS=4675MB GPU_alloc=283MB GPU_reserved=608MB
[2026-02-06 11:32:57] INFO epoch 40/100 | RSS=4675MB GPU_alloc=283MB GPU_reserved=608MB
[2026-02-06 11:32:57] INFO epoch 60/100 | RSS=4675MB GPU_alloc=283MB GPU_reserved=608MB
[2026-02-06 11:32:58] INFO epoch 80/100 | RSS=4675MB GPU_alloc=283MB GPU_reserved=608MB
[2026-02-06 11:32:59] INFO epoch 100/100 | RSS=4675MB GPU_alloc=283MB GPU_reserved=608MB
[2026-02-06 11:32:59] INFO running predict | RSS=4675MB GPU_alloc=283MB GPU_reserved=608MB
[2026-02-06 11:33:00] INFO recompute_viz DONE | RSS=4638MB GPU_alloc=283MB GPU_reserved=1834MB
[2026-02-06 11:33:51] INFO recompute_viz START | RSS=4638MB GPU_alloc=283MB GPU_reserved=322MB
[2026-02-06 11:33:51] INFO releasing previous model (GPU + large tensors) | RSS=4638MB GPU_alloc=283MB GPU_reserved=322MB
[2026-02-06 11:33:51] INFO after release + gc + cuda empty_cache | RSS=4743MB GPU_alloc=16MB GPU_reserved=40MB
[2026-02-06 11:33:51] INFO ROI mask built H=327 W=631 roi_pixels=10130 | RSS=4743MB GPU_alloc=16MB GPU_reserved=40MB
[2026-02-06 11:33:51] INFO creating new MSIParametricMiCSLMC | RSS=4743MB GPU_alloc=16MB GPU_reserved=40MB
[2026-02-06 11:33:51] INFO category_annotations: 2 polygons | RSS=4743MB GPU_alloc=16MB GPU_reserved=40MB
[2026-02-06 11:33:51] INFO calling set_image(roi_mask=..., category_annotations=...) | RSS=4743MB GPU_alloc=16MB GPU_reserved=40MB
[2026-02-06 11:33:51] INFO [set_image] start: shape=(327, 631, 3655), roi_mask=True, category_annotations=True
[2026-02-06 11:33:52] INFO [set_image] reshape+mask done in 0.33s
[2026-02-06 11:33:55] INFO [set_image] sampling done in 2.99s (method=superpixel, sampled=1370)
[2026-02-06 11:33:55] INFO [set_image] model init done in 0.11s (input_dim=3655, n_components=3)
[2026-02-06 11:33:58] INFO [set_image] resample done in 3.40s (points=1000)
[2026-02-06 11:33:58] INFO [set_image] category labels done in 0.28s
[2026-02-06 11:33:59] INFO [set_image] clustering init done in 0.47s (levels=4)
[2026-02-06 11:33:59] INFO [set_image] optimizer init done in 0.00s (lr=1.0, warmup=10)
[2026-02-06 11:33:59] INFO [set_image] total setup time 7.58s
[2026-02-06 11:33:59] INFO training 100 epochs | RSS=4679MB GPU_alloc=102MB GPU_reserved=118MB
[2026-02-06 11:33:59] INFO epoch 1/100 | RSS=4679MB GPU_alloc=284MB GPU_reserved=596MB
[2026-02-06 11:34:00] INFO epoch 20/100 | RSS=4679MB GPU_alloc=284MB GPU_reserved=626MB
[2026-02-06 11:34:00] INFO epoch 40/100 | RSS=4679MB GPU_alloc=284MB GPU_reserved=626MB
[2026-02-06 11:34:01] INFO epoch 60/100 | RSS=4679MB GPU_alloc=284MB GPU_reserved=626MB
[2026-02-06 11:34:02] INFO epoch 80/100 | RSS=4679MB GPU_alloc=284MB GPU_reserved=626MB
[2026-02-06 11:34:02] INFO epoch 100/100 | RSS=4679MB GPU_alloc=284MB GPU_reserved=626MB
[2026-02-06 11:34:02] INFO running predict | RSS=4679MB GPU_alloc=284MB GPU_reserved=626MB
[2026-02-06 11:34:04] INFO recompute_viz DONE | RSS=4643MB GPU_alloc=284MB GPU_reserved=1852MB
[2026-02-06 11:34:28] INFO reload_viz using ROI (48 points) | RSS=4643MB GPU_alloc=284MB GPU_reserved=322MB
[2026-02-06 11:34:28] INFO recompute_viz START | RSS=4643MB GPU_alloc=284MB GPU_reserved=322MB
[2026-02-06 11:34:28] INFO releasing previous model (GPU + large tensors) | RSS=4643MB GPU_alloc=284MB GPU_reserved=322MB
[2026-02-06 11:34:29] INFO after release + gc + cuda empty_cache | RSS=4740MB GPU_alloc=16MB GPU_reserved=40MB
[2026-02-06 11:34:29] INFO ROI mask built H=327 W=631 roi_pixels=10130 | RSS=4740MB GPU_alloc=16MB GPU_reserved=40MB
[2026-02-06 11:34:29] INFO creating new MSIParametricMiCSLMC | RSS=4740MB GPU_alloc=16MB GPU_reserved=40MB
[2026-02-06 11:34:29] INFO category_annotations: 2 polygons | RSS=4740MB GPU_alloc=16MB GPU_reserved=40MB
[2026-02-06 11:34:29] INFO calling set_image(roi_mask=..., category_annotations=...) | RSS=4740MB GPU_alloc=16MB GPU_reserved=40MB
[2026-02-06 11:34:29] INFO [set_image] start: shape=(327, 631, 3655), roi_mask=True, category_annotations=True
[2026-02-06 11:34:29] INFO [set_image] reshape+mask done in 0.32s
[2026-02-06 11:34:32] INFO [set_image] sampling done in 2.98s (method=superpixel, sampled=1370)
[2026-02-06 11:34:32] INFO [set_image] model init done in 0.11s (input_dim=3655, n_components=3)
[2026-02-06 11:34:35] INFO [set_image] resample done in 2.93s (points=1000)
[2026-02-06 11:34:35] INFO [set_image] category labels done in 0.30s
[2026-02-06 11:34:36] INFO [set_image] clustering init done in 0.47s (levels=4)
[2026-02-06 11:34:36] INFO [set_image] optimizer init done in 0.00s (lr=1.0, warmup=10)
[2026-02-06 11:34:36] INFO [set_image] total setup time 7.11s
[2026-02-06 11:34:36] INFO training 100 epochs | RSS=4679MB GPU_alloc=102MB GPU_reserved=118MB
[2026-02-06 11:34:36] INFO epoch 1/100 | RSS=4679MB GPU_alloc=284MB GPU_reserved=596MB
[2026-02-06 11:34:37] INFO epoch 20/100 | RSS=4679MB GPU_alloc=284MB GPU_reserved=626MB
[2026-02-06 11:34:37] INFO epoch 40/100 | RSS=4679MB GPU_alloc=284MB GPU_reserved=626MB
[2026-02-06 11:34:38] INFO epoch 60/100 | RSS=4679MB GPU_alloc=284MB GPU_reserved=626MB
[2026-02-06 11:34:39] INFO epoch 80/100 | RSS=4679MB GPU_alloc=284MB GPU_reserved=626MB
[2026-02-06 11:34:39] INFO epoch 100/100 | RSS=4679MB GPU_alloc=284MB GPU_reserved=626MB
[2026-02-06 11:34:39] INFO running predict | RSS=4679MB GPU_alloc=284MB GPU_reserved=626MB
[2026-02-06 11:34:41] INFO recompute_viz DONE | RSS=4641MB GPU_alloc=284MB GPU_reserved=1852MB
[2026-02-06 11:35:29] INFO recompute_viz START | RSS=4642MB GPU_alloc=284MB GPU_reserved=322MB
[2026-02-06 11:35:29] INFO releasing previous model (GPU + large tensors) | RSS=4642MB GPU_alloc=284MB GPU_reserved=322MB
[2026-02-06 11:35:29] INFO after release + gc + cuda empty_cache | RSS=4744MB GPU_alloc=16MB GPU_reserved=40MB
[2026-02-06 11:35:29] INFO ROI mask built H=327 W=631 roi_pixels=3875 | RSS=4744MB GPU_alloc=16MB GPU_reserved=40MB
[2026-02-06 11:35:29] INFO creating new MSIParametricMiCSLMC | RSS=4744MB GPU_alloc=16MB GPU_reserved=40MB
[2026-02-06 11:35:29] INFO category_annotations: 2 polygons | RSS=4744MB GPU_alloc=16MB GPU_reserved=40MB
[2026-02-06 11:35:29] INFO calling set_image(roi_mask=..., category_annotations=...) | RSS=4744MB GPU_alloc=16MB GPU_reserved=40MB
[2026-02-06 11:35:29] INFO [set_image] start: shape=(327, 631, 3655), roi_mask=True, category_annotations=True
[2026-02-06 11:35:30] INFO [set_image] reshape+mask done in 0.33s
[2026-02-06 11:35:33] INFO [set_image] sampling done in 3.39s (method=superpixel, sampled=1192)
[2026-02-06 11:35:33] INFO [set_image] model init done in 0.11s (input_dim=3655, n_components=3)
[2026-02-06 11:35:36] INFO [set_image] resample done in 2.67s (points=1000)
[2026-02-06 11:35:36] INFO [set_image] category labels done in 0.28s
[2026-02-06 11:35:37] INFO [set_image] clustering init done in 0.44s (levels=4)
[2026-02-06 11:35:37] INFO [set_image] optimizer init done in 0.00s (lr=1.0, warmup=10)
[2026-02-06 11:35:37] INFO [set_image] total setup time 7.22s
[2026-02-06 11:35:37] INFO training 100 epochs | RSS=4677MB GPU_alloc=101MB GPU_reserved=118MB
[2026-02-06 11:35:37] INFO epoch 1/100 | RSS=4677MB GPU_alloc=283MB GPU_reserved=576MB
[2026-02-06 11:35:37] INFO epoch 20/100 | RSS=4677MB GPU_alloc=283MB GPU_reserved=608MB
[2026-02-06 11:35:38] INFO epoch 40/100 | RSS=4677MB GPU_alloc=283MB GPU_reserved=608MB
[2026-02-06 11:35:39] INFO epoch 60/100 | RSS=4677MB GPU_alloc=283MB GPU_reserved=608MB
[2026-02-06 11:35:39] INFO epoch 80/100 | RSS=4677MB GPU_alloc=283MB GPU_reserved=608MB
[2026-02-06 11:35:40] INFO epoch 100/100 | RSS=4677MB GPU_alloc=283MB GPU_reserved=608MB
[2026-02-06 11:35:40] INFO running predict | RSS=4677MB GPU_alloc=283MB GPU_reserved=608MB
[2026-02-06 11:35:41] INFO recompute_viz DONE | RSS=4639MB GPU_alloc=283MB GPU_reserved=1834MB
[2026-02-06 11:35:53] INFO reload_viz using ROI (41 points) | RSS=4639MB GPU_alloc=283MB GPU_reserved=322MB
[2026-02-06 11:35:53] INFO recompute_viz START | RSS=4639MB GPU_alloc=283MB GPU_reserved=322MB
[2026-02-06 11:35:53] INFO releasing previous model (GPU + large tensors) | RSS=4639MB GPU_alloc=283MB GPU_reserved=322MB
[2026-02-06 11:35:53] INFO after release + gc + cuda empty_cache | RSS=4744MB GPU_alloc=16MB GPU_reserved=40MB
[2026-02-06 11:35:53] INFO ROI mask built H=327 W=631 roi_pixels=3875 | RSS=4744MB GPU_alloc=16MB GPU_reserved=40MB
[2026-02-06 11:35:53] INFO creating new MSIParametricMiCSLMC | RSS=4744MB GPU_alloc=16MB GPU_reserved=40MB
[2026-02-06 11:35:53] INFO category_annotations: 2 polygons | RSS=4744MB GPU_alloc=16MB GPU_reserved=40MB
[2026-02-06 11:35:53] INFO calling set_image(roi_mask=..., category_annotations=...) | RSS=4744MB GPU_alloc=16MB GPU_reserved=40MB
[2026-02-06 11:35:53] INFO [set_image] start: shape=(327, 631, 3655), roi_mask=True, category_annotations=True
[2026-02-06 11:35:54] INFO [set_image] reshape+mask done in 0.27s
[2026-02-06 11:35:57] INFO [set_image] sampling done in 3.59s (method=superpixel, sampled=1192)
[2026-02-06 11:35:57] INFO [set_image] model init done in 0.11s (input_dim=3655, n_components=3)
[2026-02-06 11:36:00] INFO [set_image] resample done in 2.81s (points=1000)
[2026-02-06 11:36:00] INFO [set_image] category labels done in 0.28s
[2026-02-06 11:36:01] INFO [set_image] clustering init done in 0.45s (levels=4)
[2026-02-06 11:36:01] INFO [set_image] optimizer init done in 0.00s (lr=1.0, warmup=10)
[2026-02-06 11:36:01] INFO [set_image] total setup time 7.52s
[2026-02-06 11:36:01] INFO training 100 epochs | RSS=4677MB GPU_alloc=101MB GPU_reserved=118MB
[2026-02-06 11:36:01] INFO epoch 1/100 | RSS=4677MB GPU_alloc=283MB GPU_reserved=576MB
[2026-02-06 11:36:02] INFO epoch 20/100 | RSS=4677MB GPU_alloc=283MB GPU_reserved=608MB
[2026-02-06 11:36:02] INFO epoch 40/100 | RSS=4677MB GPU_alloc=283MB GPU_reserved=608MB
[2026-02-06 11:36:03] INFO epoch 60/100 | RSS=4677MB GPU_alloc=283MB GPU_reserved=608MB
[2026-02-06 11:36:04] INFO epoch 80/100 | RSS=4677MB GPU_alloc=283MB GPU_reserved=608MB
[2026-02-06 11:36:04] INFO epoch 100/100 | RSS=4677MB GPU_alloc=283MB GPU_reserved=608MB
[2026-02-06 11:36:04] INFO running predict | RSS=4677MB GPU_alloc=283MB GPU_reserved=608MB
[2026-02-06 11:36:06] INFO recompute_viz DONE | RSS=4639MB GPU_alloc=283MB GPU_reserved=1834MB
[2026-02-06 11:36:36] INFO reload_viz using ROI (41 points) | RSS=4639MB GPU_alloc=283MB GPU_reserved=322MB
[2026-02-06 11:36:36] INFO recompute_viz START | RSS=4639MB GPU_alloc=283MB GPU_reserved=322MB
[2026-02-06 11:36:36] INFO releasing previous model (GPU + large tensors) | RSS=4639MB GPU_alloc=283MB GPU_reserved=322MB
[2026-02-06 11:36:36] INFO after release + gc + cuda empty_cache | RSS=4744MB GPU_alloc=16MB GPU_reserved=40MB
[2026-02-06 11:36:36] INFO ROI mask built H=327 W=631 roi_pixels=3875 | RSS=4744MB GPU_alloc=16MB GPU_reserved=40MB
[2026-02-06 11:36:36] INFO creating new MSIParametricMiCSLMC | RSS=4744MB GPU_alloc=16MB GPU_reserved=40MB
[2026-02-06 11:36:36] INFO category_annotations: 2 polygons | RSS=4744MB GPU_alloc=16MB GPU_reserved=40MB
[2026-02-06 11:36:36] INFO calling set_image(roi_mask=..., category_annotations=...) | RSS=4744MB GPU_alloc=16MB GPU_reserved=40MB
[2026-02-06 11:36:36] INFO [set_image] start: shape=(327, 631, 3655), roi_mask=True, category_annotations=True
[2026-02-06 11:36:36] INFO [set_image] reshape+mask done in 0.24s
[2026-02-06 11:36:40] INFO [set_image] sampling done in 3.23s (method=superpixel, sampled=1192)
[2026-02-06 11:36:40] INFO [set_image] model init done in 0.11s (input_dim=3655, n_components=3)
[2026-02-06 11:36:42] INFO [set_image] resample done in 2.35s (points=1000)
[2026-02-06 11:36:42] INFO [set_image] category labels done in 0.25s
[2026-02-06 11:36:43] INFO [set_image] clustering init done in 0.44s (levels=4)
[2026-02-06 11:36:43] INFO [set_image] optimizer init done in 0.00s (lr=1.0, warmup=10)
[2026-02-06 11:36:43] INFO [set_image] total setup time 6.63s
[2026-02-06 11:36:43] INFO training 100 epochs | RSS=4677MB GPU_alloc=101MB GPU_reserved=118MB
[2026-02-06 11:36:43] INFO epoch 1/100 | RSS=4677MB GPU_alloc=283MB GPU_reserved=576MB
[2026-02-06 11:36:44] INFO epoch 20/100 | RSS=4677MB GPU_alloc=283MB GPU_reserved=608MB
[2026-02-06 11:36:44] INFO epoch 40/100 | RSS=4677MB GPU_alloc=283MB GPU_reserved=608MB
[2026-02-06 11:36:45] INFO epoch 60/100 | RSS=4677MB GPU_alloc=283MB GPU_reserved=608MB
[2026-02-06 11:36:45] INFO epoch 80/100 | RSS=4677MB GPU_alloc=283MB GPU_reserved=608MB
[2026-02-06 11:36:46] INFO epoch 100/100 | RSS=4677MB GPU_alloc=283MB GPU_reserved=608MB
[2026-02-06 11:36:46] INFO running predict | RSS=4677MB GPU_alloc=283MB GPU_reserved=608MB
[2026-02-06 11:36:47] INFO recompute_viz DONE | RSS=4639MB GPU_alloc=283MB GPU_reserved=1834MB
[2026-02-06 11:37:06] INFO reload_viz using ROI (41 points) | RSS=4639MB GPU_alloc=283MB GPU_reserved=322MB
[2026-02-06 11:37:06] INFO recompute_viz START | RSS=4639MB GPU_alloc=283MB GPU_reserved=322MB
[2026-02-06 11:37:06] INFO releasing previous model (GPU + large tensors) | RSS=4639MB GPU_alloc=283MB GPU_reserved=322MB
[2026-02-06 11:37:07] INFO after release + gc + cuda empty_cache | RSS=4744MB GPU_alloc=16MB GPU_reserved=40MB
[2026-02-06 11:37:07] INFO ROI mask built H=327 W=631 roi_pixels=3875 | RSS=4744MB GPU_alloc=16MB GPU_reserved=40MB
[2026-02-06 11:37:07] INFO creating new MSIParametricMiCSLMC | RSS=4744MB GPU_alloc=16MB GPU_reserved=40MB
[2026-02-06 11:37:07] INFO category_annotations: 2 polygons | RSS=4744MB GPU_alloc=16MB GPU_reserved=40MB
[2026-02-06 11:37:07] INFO calling set_image(roi_mask=..., category_annotations=...) | RSS=4744MB GPU_alloc=16MB GPU_reserved=40MB
[2026-02-06 11:37:07] INFO [set_image] start: shape=(327, 631, 3655), roi_mask=True, category_annotations=True
[2026-02-06 11:37:07] INFO [set_image] reshape+mask done in 0.25s
[2026-02-06 11:37:10] INFO [set_image] sampling done in 3.23s (method=superpixel, sampled=1192)
[2026-02-06 11:37:10] INFO [set_image] model init done in 0.11s (input_dim=3655, n_components=3)
[2026-02-06 11:37:13] INFO [set_image] resample done in 2.35s (points=1000)
[2026-02-06 11:37:13] INFO [set_image] category labels done in 0.25s
[2026-02-06 11:37:13] INFO [set_image] clustering init done in 0.44s (levels=4)
[2026-02-06 11:37:13] INFO [set_image] optimizer init done in 0.00s (lr=1.0, warmup=10)
[2026-02-06 11:37:13] INFO [set_image] total setup time 6.63s
[2026-02-06 11:37:13] INFO training 100 epochs | RSS=4677MB GPU_alloc=101MB GPU_reserved=118MB
[2026-02-06 11:37:14] INFO epoch 1/100 | RSS=4677MB GPU_alloc=283MB GPU_reserved=576MB
[2026-02-06 11:37:14] INFO epoch 20/100 | RSS=4677MB GPU_alloc=283MB GPU_reserved=608MB
[2026-02-06 11:37:15] INFO epoch 40/100 | RSS=4677MB GPU_alloc=283MB GPU_reserved=608MB
[2026-02-06 11:37:15] INFO epoch 60/100 | RSS=4677MB GPU_alloc=283MB GPU_reserved=608MB
[2026-02-06 11:37:16] INFO epoch 80/100 | RSS=4677MB GPU_alloc=283MB GPU_reserved=608MB
[2026-02-06 11:37:17] INFO epoch 100/100 | RSS=4677MB GPU_alloc=283MB GPU_reserved=608MB
[2026-02-06 11:37:17] INFO running predict | RSS=4677MB GPU_alloc=283MB GPU_reserved=608MB
[2026-02-06 11:37:18] INFO recompute_viz DONE | RSS=4639MB GPU_alloc=283MB GPU_reserved=1834MB
[2026-02-06 11:39:15] INFO compute_initial_viz START | RSS=508MB GPU_alloc=0MB GPU_reserved=0MB
[2026-02-06 11:39:15] INFO config loaded | RSS=520MB GPU_alloc=0MB GPU_reserved=0MB
[2026-02-06 11:39:33] INFO image loaded shape=(1084,1225,5001) from E:\MSImaging-data\_msi_visual\Extractions\NRL4506-5um\Intelli-slide\5_bins\0.npy | RSS=25855MB GPU_alloc=0MB GPU_reserved=0MB
[2026-02-06 11:39:33] INFO creating new model and fitting | RSS=25855MB GPU_alloc=0MB GPU_reserved=0MB
[2026-02-06 11:39:33] INFO building model kwargs | RSS=25855MB GPU_alloc=0MB GPU_reserved=0MB
[2026-02-06 11:39:33] INFO model kwargs built in 0.00s | RSS=25855MB GPU_alloc=0MB GPU_reserved=0MB
[2026-02-06 11:39:33] INFO initializing model | RSS=25855MB GPU_alloc=0MB GPU_reserved=0MB
[2026-02-06 11:39:33] INFO model init done in 0.00s | RSS=25855MB GPU_alloc=0MB GPU_reserved=0MB
[2026-02-06 11:39:33] INFO starting model.fit (train) | RSS=25855MB GPU_alloc=0MB GPU_reserved=0MB
[2026-02-06 11:39:33] INFO [fit] set_image starting: shape=(1084, 1225, 5001)
[2026-02-06 11:39:33] INFO [set_image] start: shape=(1084, 1225, 5001), roi_mask=False, category_annotations=False
[2026-02-06 11:39:36] INFO [set_image] reshape+mask done in 2.44s
[2026-02-06 11:39:57] INFO [set_image] sampling done in 21.46s (method=superpixel, sampled=6588)
[2026-02-06 11:39:57] INFO [set_image] model init done in 0.22s (input_dim=5001, n_components=3)
[2026-02-06 11:40:18] INFO [set_image] resample done in 20.34s (points=1000)
[2026-02-06 11:40:20] INFO [set_image] category labels done in 2.64s
[2026-02-06 11:40:55] INFO [set_image] clustering init done in 34.70s (levels=4)
[2026-02-06 11:40:56] INFO [set_image] optimizer init done in 1.18s (lr=1.0, warmup=10)
[2026-02-06 11:40:56] INFO [set_image] total setup time 82.97s
[2026-02-06 11:40:56] INFO [fit] set_image done in 82.97s
[2026-02-06 11:40:56] INFO [fit] training loop starting: epochs=100
[2026-02-06 11:41:11] INFO [fit] training loop finished in 14.74s
[2026-02-06 11:41:11] INFO model.fit completed in 97.72s | RSS=27429MB GPU_alloc=380MB GPU_reserved=818MB
[2026-02-06 11:41:11] INFO running predict (train) | RSS=27429MB GPU_alloc=380MB GPU_reserved=818MB
[2026-02-06 11:41:25] INFO compute_initial_viz DONE | RSS=27478MB GPU_alloc=380MB GPU_reserved=2212MB
[2026-02-06 11:52:36] INFO reload_viz using ROI (106 points) | RSS=27492MB GPU_alloc=380MB GPU_reserved=2212MB
[2026-02-06 11:52:36] INFO recompute_viz START | RSS=27492MB GPU_alloc=380MB GPU_reserved=2212MB
[2026-02-06 11:52:36] INFO releasing previous model (GPU + large tensors) | RSS=27492MB GPU_alloc=380MB GPU_reserved=2212MB
[2026-02-06 11:52:37] INFO after release + gc + cuda empty_cache | RSS=27477MB GPU_alloc=16MB GPU_reserved=40MB
[2026-02-06 11:52:37] INFO ROI mask built H=1084 W=1225 roi_pixels=153361 | RSS=27479MB GPU_alloc=16MB GPU_reserved=40MB
[2026-02-06 11:52:37] INFO creating new MSIParametricMiCSLMC | RSS=27479MB GPU_alloc=16MB GPU_reserved=40MB
[2026-02-06 11:52:37] INFO calling set_image(roi_mask=..., category_annotations=...) | RSS=27479MB GPU_alloc=16MB GPU_reserved=40MB
[2026-02-06 11:52:37] INFO [set_image] start: shape=(1084, 1225, 5001), roi_mask=True, category_annotations=False
[2026-02-06 11:52:41] INFO [set_image] reshape+mask done in 4.23s
[2026-02-06 11:52:59] INFO [set_image] sampling done in 18.45s (method=superpixel, sampled=1412)
[2026-02-06 11:52:59] INFO [set_image] model init done in 0.12s (input_dim=5001, n_components=3)
[2026-02-06 11:53:04] INFO [set_image] resample done in 4.44s (points=1000)
[2026-02-06 11:53:06] INFO [set_image] category labels done in 2.47s
[2026-02-06 11:53:07] INFO [set_image] clustering init done in 0.43s (levels=4)
[2026-02-06 11:53:07] INFO [set_image] optimizer init done in 0.00s (lr=1.0, warmup=10)
[2026-02-06 11:53:07] INFO [set_image] total setup time 30.15s
[2026-02-06 11:53:07] INFO training 100 epochs | RSS=27512MB GPU_alloc=124MB GPU_reserved=134MB
[2026-02-06 11:53:07] INFO epoch 1/100 | RSS=27513MB GPU_alloc=341MB GPU_reserved=664MB
[2026-02-06 11:53:08] INFO epoch 20/100 | RSS=27513MB GPU_alloc=341MB GPU_reserved=704MB
[2026-02-06 11:53:08] INFO epoch 40/100 | RSS=27513MB GPU_alloc=341MB GPU_reserved=704MB
[2026-02-06 11:53:09] INFO epoch 60/100 | RSS=27513MB GPU_alloc=341MB GPU_reserved=704MB
[2026-02-06 11:53:10] INFO epoch 80/100 | RSS=27513MB GPU_alloc=341MB GPU_reserved=704MB
[2026-02-06 11:53:10] INFO epoch 100/100 | RSS=27513MB GPU_alloc=341MB GPU_reserved=704MB
[2026-02-06 11:53:10] INFO running predict | RSS=27513MB GPU_alloc=341MB GPU_reserved=704MB
[2026-02-06 11:53:24] INFO recompute_viz DONE | RSS=27550MB GPU_alloc=341MB GPU_reserved=2098MB
[2026-02-06 11:53:42] INFO reload_viz using ROI (106 points) | RSS=27551MB GPU_alloc=341MB GPU_reserved=374MB
[2026-02-06 11:53:42] INFO recompute_viz START | RSS=27551MB GPU_alloc=341MB GPU_reserved=374MB
[2026-02-06 11:53:42] INFO releasing previous model (GPU + large tensors) | RSS=27551MB GPU_alloc=341MB GPU_reserved=374MB
[2026-02-06 11:53:42] INFO after release + gc + cuda empty_cache | RSS=27627MB GPU_alloc=16MB GPU_reserved=40MB
[2026-02-06 11:53:42] INFO ROI mask built H=1084 W=1225 roi_pixels=153361 | RSS=27629MB GPU_alloc=16MB GPU_reserved=40MB
[2026-02-06 11:53:42] INFO creating new MSIParametricMiCSLMC | RSS=27629MB GPU_alloc=16MB GPU_reserved=40MB
[2026-02-06 11:53:42] INFO calling set_image(roi_mask=..., category_annotations=...) | RSS=27629MB GPU_alloc=16MB GPU_reserved=40MB
[2026-02-06 11:53:42] INFO [set_image] start: shape=(1084, 1225, 5001), roi_mask=True, category_annotations=False
[2026-02-06 11:53:44] INFO [set_image] reshape+mask done in 2.47s
[2026-02-06 11:54:03] INFO [set_image] sampling done in 18.44s (method=superpixel, sampled=1412)
[2026-02-06 11:54:03] INFO [set_image] model init done in 0.13s (input_dim=5001, n_components=3)
[2026-02-06 11:54:08] INFO [set_image] resample done in 4.50s (points=1000)
[2026-02-06 11:54:10] INFO [set_image] category labels done in 2.45s
[2026-02-06 11:54:11] INFO [set_image] clustering init done in 0.63s (levels=4)
[2026-02-06 11:54:11] INFO [set_image] optimizer init done in 0.00s (lr=1.0, warmup=10)
[2026-02-06 11:54:11] INFO [set_image] total setup time 28.63s
[2026-02-06 11:54:11] INFO training 100 epochs | RSS=27518MB GPU_alloc=124MB GPU_reserved=134MB
[2026-02-06 11:54:11] INFO epoch 1/100 | RSS=27518MB GPU_alloc=341MB GPU_reserved=664MB
[2026-02-06 11:54:12] INFO epoch 20/100 | RSS=27518MB GPU_alloc=341MB GPU_reserved=704MB
[2026-02-06 11:54:12] INFO epoch 40/100 | RSS=27518MB GPU_alloc=341MB GPU_reserved=704MB
[2026-02-06 11:54:13] INFO epoch 60/100 | RSS=27518MB GPU_alloc=341MB GPU_reserved=704MB
[2026-02-06 11:54:14] INFO epoch 80/100 | RSS=27518MB GPU_alloc=341MB GPU_reserved=704MB
[2026-02-06 11:54:14] INFO epoch 100/100 | RSS=27518MB GPU_alloc=341MB GPU_reserved=704MB
[2026-02-06 11:54:14] INFO running predict | RSS=27518MB GPU_alloc=341MB GPU_reserved=704MB
[2026-02-06 11:54:28] INFO recompute_viz DONE | RSS=27554MB GPU_alloc=341MB GPU_reserved=2098MB
[2026-02-06 12:14:26] INFO reload_viz using ROI (106 points) | RSS=27554MB GPU_alloc=341MB GPU_reserved=374MB
[2026-02-06 12:14:26] INFO recompute_viz START | RSS=27554MB GPU_alloc=341MB GPU_reserved=374MB
[2026-02-06 12:14:26] INFO releasing previous model (GPU + large tensors) | RSS=27554MB GPU_alloc=341MB GPU_reserved=374MB
[2026-02-06 12:14:26] INFO after release + gc + cuda empty_cache | RSS=27631MB GPU_alloc=16MB GPU_reserved=40MB
[2026-02-06 12:14:26] INFO ROI mask built H=1084 W=1225 roi_pixels=153361 | RSS=27632MB GPU_alloc=16MB GPU_reserved=40MB
[2026-02-06 12:14:26] INFO creating new MSIParametricMiCSLMC | RSS=27632MB GPU_alloc=16MB GPU_reserved=40MB
[2026-02-06 12:14:26] INFO calling set_image(roi_mask=..., category_annotations=...) | RSS=27632MB GPU_alloc=16MB GPU_reserved=40MB
[2026-02-06 12:14:26] INFO [set_image] start: shape=(1084, 1225, 5001), roi_mask=True, category_annotations=False
[2026-02-06 12:14:31] INFO [set_image] reshape+mask done in 4.48s
[2026-02-06 12:14:49] INFO [set_image] sampling done in 18.18s (method=superpixel, sampled=1412)
[2026-02-06 12:14:49] INFO [set_image] model init done in 0.12s (input_dim=5001, n_components=3)
[2026-02-06 12:14:54] INFO [set_image] resample done in 4.74s (points=1000)
[2026-02-06 12:14:56] INFO [set_image] category labels done in 2.34s
[2026-02-06 12:14:57] INFO [set_image] clustering init done in 0.52s (levels=4)
[2026-02-06 12:14:57] INFO [set_image] optimizer init done in 0.00s (lr=1.0, warmup=10)
[2026-02-06 12:14:57] INFO [set_image] total setup time 30.40s
[2026-02-06 12:14:57] INFO training 100 epochs | RSS=27520MB GPU_alloc=124MB GPU_reserved=134MB
[2026-02-06 12:14:57] INFO epoch 1/100 | RSS=27520MB GPU_alloc=341MB GPU_reserved=664MB
[2026-02-06 12:14:58] INFO epoch 20/100 | RSS=27520MB GPU_alloc=341MB GPU_reserved=704MB
[2026-02-06 12:14:58] INFO epoch 40/100 | RSS=27520MB GPU_alloc=341MB GPU_reserved=704MB
[2026-02-06 12:14:59] INFO epoch 60/100 | RSS=27520MB GPU_alloc=341MB GPU_reserved=704MB
[2026-02-06 12:15:00] INFO epoch 80/100 | RSS=27520MB GPU_alloc=341MB GPU_reserved=704MB
[2026-02-06 12:15:01] INFO epoch 100/100 | RSS=27520MB GPU_alloc=341MB GPU_reserved=704MB
[2026-02-06 12:15:01] INFO running predict | RSS=27520MB GPU_alloc=341MB GPU_reserved=704MB
[2026-02-06 12:15:14] INFO recompute_viz DONE | RSS=27557MB GPU_alloc=341MB GPU_reserved=2098MB
[2026-02-06 12:16:10] INFO recompute_viz START | RSS=27557MB GPU_alloc=341MB GPU_reserved=374MB
[2026-02-06 12:16:10] INFO releasing previous model (GPU + large tensors) | RSS=27557MB GPU_alloc=341MB GPU_reserved=374MB
[2026-02-06 12:16:11] INFO after release + gc + cuda empty_cache | RSS=27634MB GPU_alloc=16MB GPU_reserved=40MB
[2026-02-06 12:16:11] INFO ROI mask built H=1084 W=1225 roi_pixels=97288 | RSS=27635MB GPU_alloc=16MB GPU_reserved=40MB
[2026-02-06 12:16:11] INFO creating new MSIParametricMiCSLMC | RSS=27635MB GPU_alloc=16MB GPU_reserved=40MB
[2026-02-06 12:16:11] INFO category_annotations: 2 polygons | RSS=27635MB GPU_alloc=16MB GPU_reserved=40MB
[2026-02-06 12:16:11] INFO calling set_image(roi_mask=..., category_annotations=...) | RSS=27635MB GPU_alloc=16MB GPU_reserved=40MB
[2026-02-06 12:16:11] INFO [set_image] start: shape=(1084, 1225, 5001), roi_mask=True, category_annotations=True
[2026-02-06 12:16:13] INFO [set_image] reshape+mask done in 2.44s
[2026-02-06 12:16:32] INFO [set_image] sampling done in 19.39s (method=superpixel, sampled=1242)
[2026-02-06 12:16:33] INFO [set_image] model init done in 0.13s (input_dim=5001, n_components=3)
[2026-02-06 12:16:37] INFO [set_image] resample done in 4.07s (points=1000)
[2026-02-06 12:16:39] INFO [set_image] category labels done in 2.42s
[2026-02-06 12:16:40] INFO [set_image] clustering init done in 0.49s (levels=4)
[2026-02-06 12:16:40] INFO [set_image] optimizer init done in 0.00s (lr=1.0, warmup=10)
[2026-02-06 12:16:40] INFO [set_image] total setup time 28.95s
[2026-02-06 12:16:40] INFO training 100 epochs | RSS=27519MB GPU_alloc=123MB GPU_reserved=134MB
[2026-02-06 12:16:40] INFO epoch 1/100 | RSS=27519MB GPU_alloc=339MB GPU_reserved=644MB
[2026-02-06 12:16:40] INFO epoch 20/100 | RSS=27519MB GPU_alloc=339MB GPU_reserved=688MB
[2026-02-06 12:16:41] INFO epoch 40/100 | RSS=27519MB GPU_alloc=339MB GPU_reserved=688MB
[2026-02-06 12:16:42] INFO epoch 60/100 | RSS=27519MB GPU_alloc=339MB GPU_reserved=688MB
[2026-02-06 12:16:43] INFO epoch 80/100 | RSS=27519MB GPU_alloc=339MB GPU_reserved=688MB
[2026-02-06 12:16:43] INFO epoch 100/100 | RSS=27519MB GPU_alloc=339MB GPU_reserved=688MB
[2026-02-06 12:16:43] INFO running predict | RSS=27519MB GPU_alloc=339MB GPU_reserved=688MB
[2026-02-06 12:16:57] INFO recompute_viz DONE | RSS=27556MB GPU_alloc=339MB GPU_reserved=2082MB
[2026-02-06 12:17:45] INFO reload_viz using ROI (71 points) | RSS=27556MB GPU_alloc=339MB GPU_reserved=366MB
[2026-02-06 12:17:45] INFO recompute_viz START | RSS=27556MB GPU_alloc=339MB GPU_reserved=366MB
[2026-02-06 12:17:45] INFO releasing previous model (GPU + large tensors) | RSS=27556MB GPU_alloc=339MB GPU_reserved=366MB
[2026-02-06 12:17:45] INFO after release + gc + cuda empty_cache | RSS=27636MB GPU_alloc=16MB GPU_reserved=40MB
[2026-02-06 12:17:45] INFO ROI mask built H=1084 W=1225 roi_pixels=97288 | RSS=27637MB GPU_alloc=16MB GPU_reserved=40MB
[2026-02-06 12:17:45] INFO creating new MSIParametricMiCSLMC | RSS=27637MB GPU_alloc=16MB GPU_reserved=40MB
[2026-02-06 12:17:45] INFO category_annotations: 2 polygons | RSS=27637MB GPU_alloc=16MB GPU_reserved=40MB
[2026-02-06 12:17:45] INFO calling set_image(roi_mask=..., category_annotations=...) | RSS=27637MB GPU_alloc=16MB GPU_reserved=40MB
[2026-02-06 12:17:45] INFO [set_image] start: shape=(1084, 1225, 5001), roi_mask=True, category_annotations=True
[2026-02-06 12:17:48] INFO [set_image] reshape+mask done in 2.57s
[2026-02-06 12:18:13] INFO [set_image] sampling done in 25.71s (method=superpixel, sampled=5981)
[2026-02-06 12:18:14] INFO [set_image] model init done in 0.12s (input_dim=5001, n_components=3)
[2026-02-06 12:18:32] INFO [set_image] resample done in 18.16s (points=1000)
[2026-02-06 12:18:34] INFO [set_image] category labels done in 2.54s
[2026-02-06 12:18:36] INFO [set_image] clustering init done in 1.44s (levels=4)
[2026-02-06 12:18:36] INFO [set_image] optimizer init done in 0.00s (lr=1.0, warmup=10)
[2026-02-06 12:18:36] INFO [set_image] total setup time 50.54s
[2026-02-06 12:18:36] INFO training 100 epochs | RSS=27615MB GPU_alloc=159MB GPU_reserved=180MB
[2026-02-06 12:18:36] INFO epoch 1/100 | RSS=27615MB GPU_alloc=376MB GPU_reserved=810MB
[2026-02-06 12:18:38] INFO epoch 20/100 | RSS=27615MB GPU_alloc=376MB GPU_reserved=812MB
[2026-02-06 12:18:41] INFO epoch 40/100 | RSS=27615MB GPU_alloc=376MB GPU_reserved=812MB
[2026-02-06 12:18:43] INFO epoch 60/100 | RSS=27615MB GPU_alloc=376MB GPU_reserved=812MB
[2026-02-06 12:18:46] INFO epoch 80/100 | RSS=27615MB GPU_alloc=376MB GPU_reserved=812MB
[2026-02-06 12:18:48] INFO epoch 100/100 | RSS=27615MB GPU_alloc=376MB GPU_reserved=812MB
[2026-02-06 12:18:48] INFO running predict | RSS=27615MB GPU_alloc=376MB GPU_reserved=812MB
[2026-02-06 12:19:02] INFO recompute_viz DONE | RSS=27651MB GPU_alloc=376MB GPU_reserved=2206MB
[2026-02-06 12:20:50] INFO recompute_viz START | RSS=27653MB GPU_alloc=376MB GPU_reserved=416MB
[2026-02-06 12:20:50] INFO releasing previous model (GPU + large tensors) | RSS=27653MB GPU_alloc=376MB GPU_reserved=416MB
[2026-02-06 12:20:50] INFO after release + gc + cuda empty_cache | RSS=27642MB GPU_alloc=16MB GPU_reserved=40MB
[2026-02-06 12:20:50] INFO ROI mask built H=1084 W=1225 roi_pixels=156415 | RSS=27643MB GPU_alloc=16MB GPU_reserved=40MB
[2026-02-06 12:20:50] INFO creating new MSIParametricMiCSLMC | RSS=27643MB GPU_alloc=16MB GPU_reserved=40MB
[2026-02-06 12:20:50] INFO category_annotations: 5 polygons | RSS=27643MB GPU_alloc=16MB GPU_reserved=40MB
[2026-02-06 12:20:50] INFO calling set_image(roi_mask=..., category_annotations=...) | RSS=27643MB GPU_alloc=16MB GPU_reserved=40MB
[2026-02-06 12:20:50] INFO [set_image] start: shape=(1084, 1225, 5001), roi_mask=True, category_annotations=True
[2026-02-06 12:20:53] INFO [set_image] reshape+mask done in 2.90s
[2026-02-06 12:21:18] INFO [set_image] sampling done in 25.48s (method=superpixel, sampled=6847)
[2026-02-06 12:21:18] INFO [set_image] model init done in 0.13s (input_dim=5001, n_components=3)
[2026-02-06 12:21:41] INFO [set_image] resample done in 22.83s (points=1000)
[2026-02-06 12:21:44] INFO [set_image] category labels done in 2.68s
[2026-02-06 12:21:46] INFO [set_image] clustering init done in 2.21s (levels=4)
[2026-02-06 12:21:46] INFO [set_image] optimizer init done in 0.00s (lr=1.0, warmup=10)
[2026-02-06 12:21:46] INFO [set_image] total setup time 56.23s
[2026-02-06 12:21:46] INFO training 100 epochs | RSS=27633MB GPU_alloc=166MB GPU_reserved=188MB
[2026-02-06 12:21:47] INFO epoch 1/100 | RSS=27633MB GPU_alloc=382MB GPU_reserved=818MB
[2026-02-06 12:21:49] INFO epoch 20/100 | RSS=27633MB GPU_alloc=382MB GPU_reserved=820MB
[2026-02-06 12:21:52] INFO epoch 40/100 | RSS=27633MB GPU_alloc=382MB GPU_reserved=820MB
[2026-02-06 12:21:55] INFO epoch 60/100 | RSS=27633MB GPU_alloc=382MB GPU_reserved=820MB
[2026-02-06 12:21:58] INFO epoch 80/100 | RSS=27633MB GPU_alloc=382MB GPU_reserved=820MB
[2026-02-06 12:22:01] INFO epoch 100/100 | RSS=27633MB GPU_alloc=382MB GPU_reserved=820MB
[2026-02-06 12:22:01] INFO running predict | RSS=27633MB GPU_alloc=382MB GPU_reserved=820MB
[2026-02-06 12:22:15] INFO recompute_viz DONE | RSS=27670MB GPU_alloc=382MB GPU_reserved=2214MB
[2026-02-06 12:24:58] INFO reload_viz using ROI (176 points) | RSS=27670MB GPU_alloc=382MB GPU_reserved=424MB
[2026-02-06 12:24:58] INFO recompute_viz START | RSS=27670MB GPU_alloc=382MB GPU_reserved=424MB
[2026-02-06 12:24:58] INFO releasing previous model (GPU + large tensors) | RSS=27670MB GPU_alloc=382MB GPU_reserved=424MB
[2026-02-06 12:24:59] INFO after release + gc + cuda empty_cache | RSS=27643MB GPU_alloc=16MB GPU_reserved=40MB
[2026-02-06 12:24:59] INFO ROI mask built H=1084 W=1225 roi_pixels=156415 | RSS=27645MB GPU_alloc=16MB GPU_reserved=40MB
[2026-02-06 12:24:59] INFO creating new MSIParametricMiCSLMC | RSS=27645MB GPU_alloc=16MB GPU_reserved=40MB
[2026-02-06 12:24:59] INFO category_annotations: 5 polygons | RSS=27645MB GPU_alloc=16MB GPU_reserved=40MB
[2026-02-06 12:24:59] INFO calling set_image(roi_mask=..., category_annotations=...) | RSS=27645MB GPU_alloc=16MB GPU_reserved=40MB
[2026-02-06 12:24:59] INFO [set_image] start: shape=(1084, 1225, 5001), roi_mask=True, category_annotations=True
[2026-02-06 12:25:02] INFO [set_image] reshape+mask done in 3.55s
[2026-02-06 12:25:28] INFO [set_image] sampling done in 25.38s (method=superpixel, sampled=6847)
[2026-02-06 12:25:28] INFO [set_image] model init done in 0.13s (input_dim=5001, n_components=3)
[2026-02-06 12:25:51] INFO [set_image] resample done in 22.91s (points=1000)
[2026-02-06 12:25:53] INFO [set_image] category labels done in 2.62s
[2026-02-06 12:25:56] INFO [set_image] clustering init done in 2.23s (levels=4)
[2026-02-06 12:25:56] INFO [set_image] optimizer init done in 0.00s (lr=1.0, warmup=10)
[2026-02-06 12:25:56] INFO [set_image] total setup time 56.82s
[2026-02-06 12:25:56] INFO training 100 epochs | RSS=27634MB GPU_alloc=166MB GPU_reserved=188MB
[2026-02-06 12:25:56] INFO epoch 1/100 | RSS=27634MB GPU_alloc=382MB GPU_reserved=818MB
[2026-02-06 12:25:59] INFO epoch 20/100 | RSS=27634MB GPU_alloc=382MB GPU_reserved=820MB
[2026-02-06 12:26:02] INFO epoch 40/100 | RSS=27634MB GPU_alloc=382MB GPU_reserved=820MB
[2026-02-06 12:26:05] INFO epoch 60/100 | RSS=27634MB GPU_alloc=382MB GPU_reserved=820MB
[2026-02-06 12:26:08] INFO epoch 80/100 | RSS=27634MB GPU_alloc=382MB GPU_reserved=820MB
[2026-02-06 12:26:11] INFO epoch 100/100 | RSS=27634MB GPU_alloc=382MB GPU_reserved=820MB
[2026-02-06 12:26:11] INFO running predict | RSS=27634MB GPU_alloc=382MB GPU_reserved=820MB
[2026-02-06 12:26:24] INFO recompute_viz DONE | RSS=27671MB GPU_alloc=382MB GPU_reserved=2214MB
[2026-02-06 12:28:39] INFO reload_viz using ROI (176 points) | RSS=27671MB GPU_alloc=382MB GPU_reserved=424MB
[2026-02-06 12:28:39] INFO recompute_viz START | RSS=27671MB GPU_alloc=382MB GPU_reserved=424MB
[2026-02-06 12:28:39] INFO releasing previous model (GPU + large tensors) | RSS=27671MB GPU_alloc=382MB GPU_reserved=424MB
[2026-02-06 12:28:39] INFO after release + gc + cuda empty_cache | RSS=27644MB GPU_alloc=16MB GPU_reserved=40MB
[2026-02-06 12:28:39] INFO ROI mask built H=1084 W=1225 roi_pixels=156415 | RSS=27645MB GPU_alloc=16MB GPU_reserved=40MB
[2026-02-06 12:28:39] INFO creating new MSIParametricMiCSLMC | RSS=27645MB GPU_alloc=16MB GPU_reserved=40MB
[2026-02-06 12:28:39] INFO category_annotations: 5 polygons | RSS=27645MB GPU_alloc=16MB GPU_reserved=40MB
[2026-02-06 12:28:39] INFO calling set_image(roi_mask=..., category_annotations=...) | RSS=27645MB GPU_alloc=16MB GPU_reserved=40MB
[2026-02-06 12:28:39] INFO [set_image] start: shape=(1084, 1225, 5001), roi_mask=True, category_annotations=True
[2026-02-06 12:28:42] INFO [set_image] reshape+mask done in 3.36s
[2026-02-06 12:29:08] INFO [set_image] sampling done in 25.57s (method=superpixel, sampled=6847)
[2026-02-06 12:29:08] INFO [set_image] model init done in 0.13s (input_dim=5001, n_components=3)
[2026-02-06 12:29:30] INFO [set_image] resample done in 22.00s (points=1000)
[2026-02-06 12:29:33] INFO [set_image] category labels done in 2.79s
[2026-02-06 12:30:09] INFO [set_image] clustering init done in 36.66s (levels=4)
[2026-02-06 12:30:09] INFO [set_image] optimizer init done in 0.00s (lr=1.0, warmup=10)
[2026-02-06 12:30:09] INFO [set_image] total setup time 90.51s
[2026-02-06 12:30:09] INFO training 100 epochs | RSS=27651MB GPU_alloc=166MB GPU_reserved=188MB
[2026-02-06 12:30:10] INFO epoch 1/100 | RSS=27651MB GPU_alloc=382MB GPU_reserved=818MB
[2026-02-06 12:30:13] INFO epoch 20/100 | RSS=27651MB GPU_alloc=382MB GPU_reserved=820MB
[2026-02-06 12:30:16] INFO epoch 40/100 | RSS=27651MB GPU_alloc=382MB GPU_reserved=820MB
[2026-02-06 12:30:19] INFO epoch 60/100 | RSS=27651MB GPU_alloc=382MB GPU_reserved=820MB
[2026-02-06 12:30:21] INFO epoch 80/100 | RSS=27651MB GPU_alloc=382MB GPU_reserved=820MB
[2026-02-06 12:30:24] INFO epoch 100/100 | RSS=27651MB GPU_alloc=382MB GPU_reserved=820MB
[2026-02-06 12:30:24] INFO running predict | RSS=27651MB GPU_alloc=382MB GPU_reserved=820MB
[2026-02-06 12:30:39] INFO recompute_viz DONE | RSS=27688MB GPU_alloc=382MB GPU_reserved=2214MB
[2026-02-06 12:30:55] INFO reload_viz using ROI (176 points) | RSS=27688MB GPU_alloc=382MB GPU_reserved=424MB
[2026-02-06 12:30:55] INFO recompute_viz START | RSS=27688MB GPU_alloc=382MB GPU_reserved=424MB
[2026-02-06 12:30:55] INFO releasing previous model (GPU + large tensors) | RSS=27688MB GPU_alloc=382MB GPU_reserved=424MB
[2026-02-06 12:30:55] INFO after release + gc + cuda empty_cache | RSS=27661MB GPU_alloc=16MB GPU_reserved=40MB
[2026-02-06 12:30:55] INFO ROI mask built H=1084 W=1225 roi_pixels=156415 | RSS=27662MB GPU_alloc=16MB GPU_reserved=40MB
[2026-02-06 12:30:55] INFO creating new MSIParametricMiCSLMC | RSS=27662MB GPU_alloc=16MB GPU_reserved=40MB
[2026-02-06 12:30:55] INFO category_annotations: 5 polygons | RSS=27662MB GPU_alloc=16MB GPU_reserved=40MB
[2026-02-06 12:30:55] INFO calling set_image(roi_mask=..., category_annotations=...) | RSS=27662MB GPU_alloc=16MB GPU_reserved=40MB
[2026-02-06 12:30:55] INFO [set_image] start: shape=(1084, 1225, 5001), roi_mask=True, category_annotations=True
[2026-02-06 12:30:58] INFO [set_image] reshape+mask done in 2.38s
[2026-02-06 12:31:22] INFO [set_image] sampling done in 24.56s (method=superpixel, sampled=6847)
[2026-02-06 12:31:22] INFO [set_image] model init done in 0.12s (input_dim=5001, n_components=3)
[2026-02-06 12:31:44] INFO [set_image] resample done in 21.44s (points=1000)
[2026-02-06 12:31:46] INFO [set_image] category labels done in 2.38s
[2026-02-06 12:32:22] INFO [set_image] clustering init done in 35.47s (levels=4)
[2026-02-06 12:32:22] INFO [set_image] optimizer init done in 0.00s (lr=1.0, warmup=10)
[2026-02-06 12:32:22] INFO [set_image] total setup time 86.36s
[2026-02-06 12:32:22] INFO training 100 epochs | RSS=27652MB GPU_alloc=166MB GPU_reserved=188MB
[2026-02-06 12:32:22] INFO epoch 1/100 | RSS=27652MB GPU_alloc=382MB GPU_reserved=818MB
[2026-02-06 12:32:25] INFO epoch 20/100 | RSS=27652MB GPU_alloc=382MB GPU_reserved=820MB
[2026-02-06 12:32:28] INFO epoch 40/100 | RSS=27652MB GPU_alloc=382MB GPU_reserved=820MB
[2026-02-06 12:32:31] INFO epoch 60/100 | RSS=27652MB GPU_alloc=382MB GPU_reserved=820MB
[2026-02-06 12:32:34] INFO epoch 80/100 | RSS=27652MB GPU_alloc=382MB GPU_reserved=820MB
[2026-02-06 12:32:37] INFO epoch 100/100 | RSS=27652MB GPU_alloc=382MB GPU_reserved=820MB
[2026-02-06 12:32:37] INFO running predict | RSS=27652MB GPU_alloc=382MB GPU_reserved=820MB
[2026-02-06 12:32:51] INFO recompute_viz DONE | RSS=27689MB GPU_alloc=382MB GPU_reserved=2214MB
[2026-02-06 12:33:38] INFO reload_viz using ROI (176 points) | RSS=27689MB GPU_alloc=382MB GPU_reserved=424MB
[2026-02-06 12:33:38] INFO recompute_viz START | RSS=27689MB GPU_alloc=382MB GPU_reserved=424MB
[2026-02-06 12:33:38] INFO releasing previous model (GPU + large tensors) | RSS=27689MB GPU_alloc=382MB GPU_reserved=424MB
[2026-02-06 12:33:38] INFO after release + gc + cuda empty_cache | RSS=27662MB GPU_alloc=16MB GPU_reserved=40MB
[2026-02-06 12:33:38] INFO ROI mask built H=1084 W=1225 roi_pixels=156415 | RSS=27663MB GPU_alloc=16MB GPU_reserved=40MB
[2026-02-06 12:33:38] INFO creating new MSIParametricMiCSLMC | RSS=27663MB GPU_alloc=16MB GPU_reserved=40MB
[2026-02-06 12:33:38] INFO category_annotations: 5 polygons | RSS=27663MB GPU_alloc=16MB GPU_reserved=40MB
[2026-02-06 12:33:38] INFO calling set_image(roi_mask=..., category_annotations=...) | RSS=27663MB GPU_alloc=16MB GPU_reserved=40MB
[2026-02-06 12:33:38] INFO [set_image] start: shape=(1084, 1225, 5001), roi_mask=True, category_annotations=True
[2026-02-06 12:33:41] INFO [set_image] reshape+mask done in 2.74s
[2026-02-06 12:34:06] INFO [set_image] sampling done in 25.43s (method=superpixel, sampled=6847)
[2026-02-06 12:34:06] INFO [set_image] model init done in 0.13s (input_dim=5001, n_components=3)
[2026-02-06 12:34:29] INFO [set_image] resample done in 22.61s (points=1000)
[2026-02-06 12:34:31] INFO [set_image] category labels done in 2.63s
[2026-02-06 12:35:08] INFO [set_image] clustering init done in 36.47s (levels=4)
[2026-02-06 12:35:08] INFO [set_image] optimizer init done in 0.00s (lr=1.0, warmup=10)
[2026-02-06 12:35:08] INFO [set_image] total setup time 90.00s
[2026-02-06 12:35:08] INFO training 100 epochs | RSS=27653MB GPU_alloc=166MB GPU_reserved=188MB
[2026-02-06 12:35:08] INFO epoch 1/100 | RSS=27653MB GPU_alloc=382MB GPU_reserved=818MB
[2026-02-06 12:35:11] INFO epoch 20/100 | RSS=27653MB GPU_alloc=382MB GPU_reserved=820MB
[2026-02-06 12:35:14] INFO epoch 40/100 | RSS=27653MB GPU_alloc=382MB GPU_reserved=820MB
[2026-02-06 12:35:17] INFO epoch 60/100 | RSS=27653MB GPU_alloc=382MB GPU_reserved=820MB
[2026-02-06 12:35:20] INFO epoch 80/100 | RSS=27653MB GPU_alloc=382MB GPU_reserved=820MB
[2026-02-06 12:35:23] INFO epoch 100/100 | RSS=27653MB GPU_alloc=382MB GPU_reserved=820MB
[2026-02-06 12:35:23] INFO running predict | RSS=27653MB GPU_alloc=382MB GPU_reserved=820MB
[2026-02-06 12:35:38] INFO recompute_viz DONE | RSS=27690MB GPU_alloc=382MB GPU_reserved=2214MB
[2026-02-06 12:36:19] INFO recompute_viz START | RSS=27690MB GPU_alloc=382MB GPU_reserved=424MB
[2026-02-06 12:36:19] INFO releasing previous model (GPU + large tensors) | RSS=27690MB GPU_alloc=382MB GPU_reserved=424MB
[2026-02-06 12:36:19] INFO after release + gc + cuda empty_cache | RSS=27663MB GPU_alloc=16MB GPU_reserved=40MB
[2026-02-06 12:36:19] INFO ROI mask built H=1084 W=1225 roi_pixels=14786 | RSS=27664MB GPU_alloc=16MB GPU_reserved=40MB
[2026-02-06 12:36:19] INFO creating new MSIParametricMiCSLMC | RSS=27664MB GPU_alloc=16MB GPU_reserved=40MB
[2026-02-06 12:36:19] INFO category_annotations: 5 polygons | RSS=27664MB GPU_alloc=16MB GPU_reserved=40MB
[2026-02-06 12:36:19] INFO calling set_image(roi_mask=..., category_annotations=...) | RSS=27664MB GPU_alloc=16MB GPU_reserved=40MB
[2026-02-06 12:36:19] INFO [set_image] start: shape=(1084, 1225, 5001), roi_mask=True, category_annotations=True
[2026-02-06 12:36:22] INFO [set_image] reshape+mask done in 2.64s
[2026-02-06 12:36:46] INFO [set_image] sampling done in 24.90s (method=superpixel, sampled=1197)
[2026-02-06 12:36:47] INFO [set_image] model init done in 0.12s (input_dim=5001, n_components=3)
[2026-02-06 12:36:50] INFO [set_image] resample done in 3.69s (points=1000)
[2026-02-06 12:36:53] INFO [set_image] category labels done in 2.47s
[2026-02-06 12:36:59] INFO [set_image] clustering init done in 6.75s (levels=4)
[2026-02-06 12:36:59] INFO [set_image] optimizer init done in 0.00s (lr=1.0, warmup=10)
[2026-02-06 12:36:59] INFO [set_image] total setup time 40.58s
[2026-02-06 12:36:59] INFO training 100 epochs | RSS=27544MB GPU_alloc=123MB GPU_reserved=134MB
[2026-02-06 12:37:00] INFO epoch 1/100 | RSS=27544MB GPU_alloc=339MB GPU_reserved=644MB
[2026-02-06 12:37:01] INFO epoch 20/100 | RSS=27544MB GPU_alloc=339MB GPU_reserved=688MB
[2026-02-06 12:37:01] INFO epoch 40/100 | RSS=27544MB GPU_alloc=339MB GPU_reserved=688MB
[2026-02-06 12:37:02] INFO epoch 60/100 | RSS=27544MB GPU_alloc=339MB GPU_reserved=688MB
[2026-02-06 12:37:03] INFO epoch 80/100 | RSS=27544MB GPU_alloc=339MB GPU_reserved=688MB
[2026-02-06 12:37:03] INFO epoch 100/100 | RSS=27544MB GPU_alloc=339MB GPU_reserved=688MB
[2026-02-06 12:37:03] INFO running predict | RSS=27544MB GPU_alloc=339MB GPU_reserved=688MB
[2026-02-06 12:37:17] INFO recompute_viz DONE | RSS=27580MB GPU_alloc=339MB GPU_reserved=2082MB
[2026-02-06 12:37:37] INFO reload_viz using ROI (38 points) | RSS=27580MB GPU_alloc=339MB GPU_reserved=366MB
[2026-02-06 12:37:37] INFO recompute_viz START | RSS=27580MB GPU_alloc=339MB GPU_reserved=366MB
[2026-02-06 12:37:37] INFO releasing previous model (GPU + large tensors) | RSS=27580MB GPU_alloc=339MB GPU_reserved=366MB
[2026-02-06 12:37:38] INFO after release + gc + cuda empty_cache | RSS=27661MB GPU_alloc=16MB GPU_reserved=40MB
[2026-02-06 12:37:38] INFO ROI mask built H=1084 W=1225 roi_pixels=14786 | RSS=27663MB GPU_alloc=16MB GPU_reserved=40MB
[2026-02-06 12:37:38] INFO creating new MSIParametricMiCSLMC | RSS=27663MB GPU_alloc=16MB GPU_reserved=40MB
[2026-02-06 12:37:38] INFO category_annotations: 5 polygons | RSS=27663MB GPU_alloc=16MB GPU_reserved=40MB
[2026-02-06 12:37:38] INFO calling set_image(roi_mask=..., category_annotations=...) | RSS=27663MB GPU_alloc=16MB GPU_reserved=40MB
[2026-02-06 12:37:38] INFO [set_image] start: shape=(1084, 1225, 5001), roi_mask=True, category_annotations=True
[2026-02-06 12:37:40] INFO [set_image] reshape+mask done in 2.47s
[2026-02-06 12:37:43] INFO [set_image] sampling done in 2.44s (method=random, sampled=5000)
[2026-02-06 12:37:43] INFO [set_image] model init done in 0.13s (input_dim=5001, n_components=3)
[2026-02-06 12:38:00] INFO [set_image] resample done in 16.96s (points=1000)
[2026-02-06 12:38:02] INFO [set_image] category labels done in 2.54s
[2026-02-06 12:38:04] INFO [set_image] clustering init done in 1.65s (levels=4)
[2026-02-06 12:38:04] INFO [set_image] optimizer init done in 0.00s (lr=1.0, warmup=10)
[2026-02-06 12:38:04] INFO [set_image] total setup time 26.19s
[2026-02-06 12:38:04] INFO training 100 epochs | RSS=27617MB GPU_alloc=152MB GPU_reserved=174MB
[2026-02-06 12:38:05] INFO epoch 1/100 | RSS=27617MB GPU_alloc=368MB GPU_reserved=804MB
[2026-02-06 12:38:07] INFO epoch 20/100 | RSS=27617MB GPU_alloc=368MB GPU_reserved=806MB
[2026-02-06 12:38:09] INFO epoch 40/100 | RSS=27617MB GPU_alloc=368MB GPU_reserved=806MB
[2026-02-06 12:38:11] INFO epoch 60/100 | RSS=27617MB GPU_alloc=368MB GPU_reserved=806MB
[2026-02-06 12:38:13] INFO epoch 80/100 | RSS=27617MB GPU_alloc=368MB GPU_reserved=806MB
[2026-02-06 12:38:15] INFO epoch 100/100 | RSS=27617MB GPU_alloc=368MB GPU_reserved=806MB
[2026-02-06 12:38:15] INFO running predict | RSS=27617MB GPU_alloc=368MB GPU_reserved=806MB
[2026-02-06 12:38:29] INFO recompute_viz DONE | RSS=27653MB GPU_alloc=368MB GPU_reserved=2200MB
[2026-02-06 12:40:11] INFO recompute_viz START | RSS=27653MB GPU_alloc=368MB GPU_reserved=410MB
[2026-02-06 12:40:11] INFO releasing previous model (GPU + large tensors) | RSS=27653MB GPU_alloc=368MB GPU_reserved=410MB
[2026-02-06 12:40:11] INFO after release + gc + cuda empty_cache | RSS=27662MB GPU_alloc=16MB GPU_reserved=40MB
[2026-02-06 12:40:11] INFO ROI mask built H=1084 W=1225 roi_pixels=1688 | RSS=27663MB GPU_alloc=16MB GPU_reserved=40MB
[2026-02-06 12:40:11] INFO creating new MSIParametricMiCSLMC | RSS=27663MB GPU_alloc=16MB GPU_reserved=40MB
[2026-02-06 12:40:11] INFO category_annotations: 5 polygons | RSS=27663MB GPU_alloc=16MB GPU_reserved=40MB
[2026-02-06 12:40:11] INFO calling set_image(roi_mask=..., category_annotations=...) | RSS=27663MB GPU_alloc=16MB GPU_reserved=40MB
[2026-02-06 12:40:11] INFO [set_image] start: shape=(1084, 1225, 5001), roi_mask=True, category_annotations=True
[2026-02-06 12:40:14] INFO [set_image] reshape+mask done in 3.13s
[2026-02-06 12:40:17] INFO [set_image] sampling done in 2.45s (method=random, sampled=1688)
[2026-02-06 12:40:17] INFO [set_image] model init done in 0.13s (input_dim=5001, n_components=3)
[2026-02-06 12:40:23] INFO [set_image] resample done in 5.81s (points=1000)
[2026-02-06 12:40:25] INFO [set_image] category labels done in 2.51s
[2026-02-06 12:40:26] INFO [set_image] clustering init done in 0.78s (levels=4)
[2026-02-06 12:40:26] INFO [set_image] optimizer init done in 0.00s (lr=1.0, warmup=10)
[2026-02-06 12:40:26] INFO [set_image] total setup time 14.81s
[2026-02-06 12:40:26] INFO training 100 epochs | RSS=27553MB GPU_alloc=126MB GPU_reserved=148MB
[2026-02-06 12:40:26] INFO epoch 1/100 | RSS=27553MB GPU_alloc=343MB GPU_reserved=758MB
[2026-02-06 12:40:27] INFO epoch 20/100 | RSS=27553MB GPU_alloc=343MB GPU_reserved=758MB
[2026-02-06 12:40:28] INFO epoch 40/100 | RSS=27553MB GPU_alloc=343MB GPU_reserved=758MB
[2026-02-06 12:40:29] INFO epoch 60/100 | RSS=27553MB GPU_alloc=343MB GPU_reserved=758MB
[2026-02-06 12:40:29] INFO epoch 80/100 | RSS=27553MB GPU_alloc=343MB GPU_reserved=760MB
[2026-02-06 12:40:30] INFO epoch 100/100 | RSS=27553MB GPU_alloc=343MB GPU_reserved=760MB
[2026-02-06 12:40:30] INFO running predict | RSS=27553MB GPU_alloc=343MB GPU_reserved=760MB
[2026-02-06 12:40:44] INFO recompute_viz DONE | RSS=27590MB GPU_alloc=343MB GPU_reserved=2154MB
[2026-02-06 12:43:14] INFO reload_viz using ROI (38 points) | RSS=27590MB GPU_alloc=343MB GPU_reserved=384MB
[2026-02-06 12:43:14] INFO recompute_viz START | RSS=27590MB GPU_alloc=343MB GPU_reserved=384MB
[2026-02-06 12:43:14] INFO releasing previous model (GPU + large tensors) | RSS=27590MB GPU_alloc=343MB GPU_reserved=384MB
[2026-02-06 12:43:15] INFO after release + gc + cuda empty_cache | RSS=27661MB GPU_alloc=16MB GPU_reserved=40MB
[2026-02-06 12:43:15] INFO ROI mask built H=1084 W=1225 roi_pixels=2411 | RSS=27663MB GPU_alloc=16MB GPU_reserved=40MB
[2026-02-06 12:43:15] INFO creating new MSIParametricMiCSLMC | RSS=27663MB GPU_alloc=16MB GPU_reserved=40MB
[2026-02-06 12:43:15] INFO category_annotations: 5 polygons | RSS=27663MB GPU_alloc=16MB GPU_reserved=40MB
[2026-02-06 12:43:15] INFO calling set_image(roi_mask=..., category_annotations=...) | RSS=27663MB GPU_alloc=16MB GPU_reserved=40MB
[2026-02-06 12:43:15] INFO [set_image] start: shape=(1084, 1225, 5001), roi_mask=True, category_annotations=True
[2026-02-06 12:43:18] INFO [set_image] reshape+mask done in 2.91s
[2026-02-06 12:43:20] INFO [set_image] sampling done in 2.16s (method=random, sampled=500)
[2026-02-06 12:43:20] INFO [set_image] model init done in 0.13s (input_dim=5001, n_components=3)
[2026-02-06 12:43:21] INFO [set_image] resample done in 0.59s (points=500)
[2026-02-06 12:43:23] INFO [set_image] category labels done in 2.19s
[2026-02-06 12:43:23] INFO [set_image] clustering init done in 0.35s (levels=4)
[2026-02-06 12:43:23] INFO [set_image] optimizer init done in 0.00s (lr=1.0, warmup=10)
[2026-02-06 12:43:23] INFO [set_image] total setup time 8.33s
[2026-02-06 12:43:23] INFO training 100 epochs | RSS=27531MB GPU_alloc=105MB GPU_reserved=114MB
[2026-02-06 12:43:23] INFO epoch 1/100 | RSS=27531MB GPU_alloc=322MB GPU_reserved=488MB
[2026-02-06 12:43:24] INFO epoch 20/100 | RSS=27531MB GPU_alloc=322MB GPU_reserved=534MB
[2026-02-06 12:43:24] INFO epoch 40/100 | RSS=27531MB GPU_alloc=322MB GPU_reserved=534MB
[2026-02-06 12:43:24] INFO epoch 60/100 | RSS=27531MB GPU_alloc=322MB GPU_reserved=534MB
[2026-02-06 12:43:24] INFO epoch 80/100 | RSS=27531MB GPU_alloc=322MB GPU_reserved=534MB
[2026-02-06 12:43:25] INFO epoch 100/100 | RSS=27531MB GPU_alloc=322MB GPU_reserved=534MB
[2026-02-06 12:43:25] INFO running predict | RSS=27531MB GPU_alloc=322MB GPU_reserved=534MB
[2026-02-06 12:43:38] INFO recompute_viz DONE | RSS=27567MB GPU_alloc=322MB GPU_reserved=1928MB
[2026-02-06 12:44:01] INFO recompute_viz START | RSS=27567MB GPU_alloc=322MB GPU_reserved=338MB
[2026-02-06 12:44:01] INFO releasing previous model (GPU + large tensors) | RSS=27567MB GPU_alloc=322MB GPU_reserved=338MB
[2026-02-06 12:44:02] INFO after release + gc + cuda empty_cache | RSS=27662MB GPU_alloc=16MB GPU_reserved=40MB
[2026-02-06 12:44:02] INFO ROI mask built H=1084 W=1225 roi_pixels=2411 | RSS=27663MB GPU_alloc=16MB GPU_reserved=40MB
[2026-02-06 12:44:02] INFO creating new MSIParametricMiCSLMC | RSS=27663MB GPU_alloc=16MB GPU_reserved=40MB
[2026-02-06 12:44:02] INFO category_annotations: 5 polygons | RSS=27663MB GPU_alloc=16MB GPU_reserved=40MB
[2026-02-06 12:44:02] INFO calling set_image(roi_mask=..., category_annotations=...) | RSS=27663MB GPU_alloc=16MB GPU_reserved=40MB
[2026-02-06 12:44:02] INFO [set_image] start: shape=(1084, 1225, 5001), roi_mask=True, category_annotations=True
[2026-02-06 12:44:04] INFO [set_image] reshape+mask done in 2.42s
[2026-02-06 12:44:06] INFO [set_image] sampling done in 2.27s (method=random, sampled=500)
[2026-02-06 12:44:07] INFO [set_image] model init done in 0.13s (input_dim=5001, n_components=3)
[2026-02-06 12:44:07] INFO [set_image] resample done in 0.67s (points=500)
[2026-02-06 12:44:10] INFO [set_image] category labels done in 2.34s
[2026-02-06 12:44:10] INFO [set_image] clustering init done in 0.38s (levels=4)
[2026-02-06 12:44:10] INFO [set_image] optimizer init done in 0.00s (lr=1.0, warmup=10)
[2026-02-06 12:44:10] INFO [set_image] total setup time 8.20s
[2026-02-06 12:44:10] INFO training 100 epochs | RSS=27531MB GPU_alloc=105MB GPU_reserved=114MB
[2026-02-06 12:44:10] INFO epoch 1/100 | RSS=27531MB GPU_alloc=322MB GPU_reserved=488MB
[2026-02-06 12:44:11] INFO epoch 20/100 | RSS=27531MB GPU_alloc=322MB GPU_reserved=534MB
[2026-02-06 12:44:11] INFO epoch 40/100 | RSS=27531MB GPU_alloc=322MB GPU_reserved=534MB
[2026-02-06 12:44:11] INFO epoch 60/100 | RSS=27531MB GPU_alloc=322MB GPU_reserved=534MB
[2026-02-06 12:44:11] INFO epoch 80/100 | RSS=27531MB GPU_alloc=322MB GPU_reserved=534MB
[2026-02-06 12:44:12] INFO epoch 100/100 | RSS=27531MB GPU_alloc=322MB GPU_reserved=534MB
[2026-02-06 12:44:12] INFO running predict | RSS=27531MB GPU_alloc=322MB GPU_reserved=534MB
[2026-02-06 12:44:25] INFO recompute_viz DONE | RSS=27567MB GPU_alloc=322MB GPU_reserved=1928MB
[2026-02-06 12:44:40] INFO reload_viz using ROI (38 points) | RSS=27567MB GPU_alloc=322MB GPU_reserved=338MB
[2026-02-06 12:44:40] INFO recompute_viz START | RSS=27567MB GPU_alloc=322MB GPU_reserved=338MB
[2026-02-06 12:44:40] INFO releasing previous model (GPU + large tensors) | RSS=27567MB GPU_alloc=322MB GPU_reserved=338MB
[2026-02-06 12:44:41] INFO after release + gc + cuda empty_cache | RSS=27662MB GPU_alloc=16MB GPU_reserved=40MB
[2026-02-06 12:44:41] INFO ROI mask built H=1084 W=1225 roi_pixels=2411 | RSS=27663MB GPU_alloc=16MB GPU_reserved=40MB
[2026-02-06 12:44:41] INFO creating new MSIParametricMiCSLMC | RSS=27663MB GPU_alloc=16MB GPU_reserved=40MB
[2026-02-06 12:44:41] INFO category_annotations: 5 polygons | RSS=27663MB GPU_alloc=16MB GPU_reserved=40MB
[2026-02-06 12:44:41] INFO calling set_image(roi_mask=..., category_annotations=...) | RSS=27663MB GPU_alloc=16MB GPU_reserved=40MB
[2026-02-06 12:44:41] INFO [set_image] start: shape=(1084, 1225, 5001), roi_mask=True, category_annotations=True
[2026-02-06 12:44:43] INFO [set_image] reshape+mask done in 2.48s
[2026-02-06 12:44:46] INFO [set_image] sampling done in 2.40s (method=random, sampled=500)
[2026-02-06 12:44:46] INFO [set_image] model init done in 0.13s (input_dim=5001, n_components=3)
[2026-02-06 12:44:46] INFO [set_image] resample done in 0.68s (points=500)
[2026-02-06 12:44:49] INFO [set_image] category labels done in 2.42s
[2026-02-06 12:44:52] INFO [set_image] clustering init done in 3.11s (levels=4)
[2026-02-06 12:44:52] INFO [set_image] optimizer init done in 0.00s (lr=1.0, warmup=10)
[2026-02-06 12:44:52] INFO [set_image] total setup time 11.23s
[2026-02-06 12:44:52] INFO training 100 epochs | RSS=27531MB GPU_alloc=105MB GPU_reserved=114MB
[2026-02-06 12:44:52] INFO epoch 1/100 | RSS=27531MB GPU_alloc=322MB GPU_reserved=488MB
[2026-02-06 12:44:53] INFO epoch 20/100 | RSS=27531MB GPU_alloc=322MB GPU_reserved=534MB
[2026-02-06 12:44:53] INFO epoch 40/100 | RSS=27531MB GPU_alloc=322MB GPU_reserved=534MB
[2026-02-06 12:44:53] INFO epoch 60/100 | RSS=27531MB GPU_alloc=322MB GPU_reserved=534MB
[2026-02-06 12:44:53] INFO epoch 80/100 | RSS=27531MB GPU_alloc=322MB GPU_reserved=534MB
[2026-02-06 12:44:54] INFO epoch 100/100 | RSS=27531MB GPU_alloc=322MB GPU_reserved=534MB
[2026-02-06 12:44:54] INFO running predict | RSS=27531MB GPU_alloc=322MB GPU_reserved=534MB
[2026-02-06 12:45:07] INFO recompute_viz DONE | RSS=27567MB GPU_alloc=322MB GPU_reserved=1928MB
[2026-02-06 12:48:45] INFO compute_initial_viz START | RSS=508MB GPU_alloc=0MB GPU_reserved=0MB
[2026-02-06 12:48:45] INFO config loaded | RSS=520MB GPU_alloc=0MB GPU_reserved=0MB
[2026-02-06 12:49:02] INFO image loaded shape=(1084,1225,5001) from E:\MSImaging-data\_msi_visual\Extractions\NRL4506-5um\Intelli-slide\5_bins\0.npy | RSS=25855MB GPU_alloc=0MB GPU_reserved=0MB
[2026-02-06 12:49:02] INFO creating new model and fitting | RSS=25855MB GPU_alloc=0MB GPU_reserved=0MB
[2026-02-06 12:49:02] INFO building model kwargs | RSS=25855MB GPU_alloc=0MB GPU_reserved=0MB
[2026-02-06 12:49:02] INFO model kwargs built in 0.00s | RSS=25855MB GPU_alloc=0MB GPU_reserved=0MB
[2026-02-06 12:49:02] INFO initializing model | RSS=25855MB GPU_alloc=0MB GPU_reserved=0MB
[2026-02-06 12:49:02] INFO model init done in 0.00s | RSS=25855MB GPU_alloc=0MB GPU_reserved=0MB
[2026-02-06 12:49:02] INFO starting model.fit (train) | RSS=25855MB GPU_alloc=0MB GPU_reserved=0MB
[2026-02-06 12:49:02] INFO [fit] set_image starting: shape=(1084, 1225, 5001)
[2026-02-06 12:49:02] INFO [set_image] start: shape=(1084, 1225, 5001), roi_mask=False, category_annotations=False
[2026-02-06 12:49:05] INFO [set_image] reshape+mask done in 2.48s
[2026-02-06 12:49:27] INFO [set_image] sampling done in 22.12s (method=superpixel, sampled=6588)
[2026-02-06 12:49:27] INFO [set_image] model init done in 0.21s (input_dim=5001, n_components=3)
[2026-02-06 12:49:50] INFO [set_image] resample done in 23.09s (points=1000)
[2026-02-06 12:49:53] INFO [set_image] category labels done in 2.69s
[2026-02-06 12:50:30] INFO [set_image] clustering init done in 36.93s (levels=4)
[2026-02-06 12:50:31] INFO [set_image] optimizer init done in 1.36s (lr=1.0, warmup=10)
[2026-02-06 12:50:31] INFO [set_image] total setup time 88.87s
[2026-02-06 12:50:31] INFO [fit] set_image done in 88.87s
[2026-02-06 12:50:31] INFO [fit] training loop starting: epochs=100
[2026-02-06 12:50:47] INFO [fit] training loop finished in 15.55s
[2026-02-06 12:50:47] INFO model.fit completed in 104.42s | RSS=27431MB GPU_alloc=380MB GPU_reserved=818MB
[2026-02-06 12:50:47] INFO running predict (train) | RSS=27431MB GPU_alloc=380MB GPU_reserved=818MB
[2026-02-06 12:51:02] INFO compute_initial_viz DONE | RSS=27480MB GPU_alloc=380MB GPU_reserved=2212MB
[2026-02-06 12:54:54] INFO compute_initial_viz START | RSS=508MB GPU_alloc=0MB GPU_reserved=0MB
[2026-02-06 12:54:54] INFO config loaded | RSS=520MB GPU_alloc=0MB GPU_reserved=0MB
[2026-02-06 12:55:11] INFO image loaded shape=(1084,1225,5001) from E:\MSImaging-data\_msi_visual\Extractions\NRL4506-5um\Intelli-slide\5_bins\0.npy | RSS=25856MB GPU_alloc=0MB GPU_reserved=0MB
[2026-02-06 12:55:11] INFO creating new model and fitting | RSS=25856MB GPU_alloc=0MB GPU_reserved=0MB
[2026-02-06 12:55:11] INFO building model kwargs | RSS=25856MB GPU_alloc=0MB GPU_reserved=0MB
[2026-02-06 12:55:11] INFO model kwargs built in 0.00s | RSS=25856MB GPU_alloc=0MB GPU_reserved=0MB
[2026-02-06 12:55:11] INFO initializing model | RSS=25856MB GPU_alloc=0MB GPU_reserved=0MB
[2026-02-06 12:55:11] INFO model init done in 0.01s | RSS=25856MB GPU_alloc=0MB GPU_reserved=0MB
[2026-02-06 12:55:11] INFO starting model.fit (train) | RSS=25856MB GPU_alloc=0MB GPU_reserved=0MB
[2026-02-06 12:55:11] INFO [fit] set_image starting: shape=(1084, 1225, 5001)
[2026-02-06 12:55:11] INFO [set_image] start: shape=(1084, 1225, 5001), roi_mask=False, category_annotations=False
[2026-02-06 12:55:13] INFO [set_image] reshape+mask done in 2.30s
[2026-02-06 12:55:34] INFO [set_image] sampling done in 20.39s (method=superpixel, sampled=6588)
[2026-02-06 12:55:34] INFO [set_image] model init done in 0.22s (input_dim=5001, n_components=3)
[2026-02-06 12:55:55] INFO [set_image] resample done in 21.02s (points=1000)
[2026-02-06 12:55:58] INFO [set_image] category labels done in 2.59s
[2026-02-06 12:56:32] INFO [set_image] clustering init done in 34.12s (levels=4)
[2026-02-06 12:56:33] INFO [set_image] optimizer init done in 1.17s (lr=1.0, warmup=10)
[2026-02-06 12:56:33] INFO [set_image] total setup time 81.80s
[2026-02-06 12:56:33] INFO [fit] set_image done in 81.81s
[2026-02-06 12:56:33] INFO [fit] training loop starting: epochs=100
[2026-02-06 12:56:48] INFO [fit] training loop finished in 14.78s
[2026-02-06 12:56:48] INFO model.fit completed in 96.58s | RSS=27429MB GPU_alloc=380MB GPU_reserved=818MB
[2026-02-06 12:56:48] INFO running predict (train) | RSS=27429MB GPU_alloc=380MB GPU_reserved=818MB
[2026-02-06 12:57:01] INFO compute_initial_viz DONE | RSS=27478MB GPU_alloc=380MB GPU_reserved=2212MB
[2026-02-06 13:00:52] INFO recompute_viz START | RSS=27491MB GPU_alloc=380MB GPU_reserved=2212MB
[2026-02-06 13:00:52] INFO releasing previous model (GPU + large tensors) | RSS=27491MB GPU_alloc=380MB GPU_reserved=2212MB
[2026-02-06 13:00:52] INFO after release + gc + cuda empty_cache | RSS=27477MB GPU_alloc=16MB GPU_reserved=40MB
[2026-02-06 13:00:52] INFO ROI mask built H=1084 W=1225 roi_pixels=1696 | RSS=27478MB GPU_alloc=16MB GPU_reserved=40MB
[2026-02-06 13:00:52] INFO creating new MSIParametricMiCSLMC | RSS=27478MB GPU_alloc=16MB GPU_reserved=40MB
[2026-02-06 13:00:52] INFO calling set_image(roi_mask=..., category_annotations=...) | RSS=27478MB GPU_alloc=16MB GPU_reserved=40MB
[2026-02-06 13:00:52] INFO [set_image] start: shape=(1084, 1225, 5001), roi_mask=True, category_annotations=False
[2026-02-06 13:00:56] INFO [set_image] reshape+mask done in 3.74s
[2026-02-06 13:01:20] INFO [set_image] sampling done in 24.19s (method=superpixel, sampled=240)
[2026-02-06 13:01:20] INFO [set_image] model init done in 0.13s (input_dim=5001, n_components=3)
[2026-02-06 13:01:21] INFO [set_image] resample done in 0.13s (points=240)
[2026-02-06 13:01:23] INFO [set_image] category labels done in 2.57s
[2026-02-06 13:01:25] INFO [set_image] clustering init done in 1.59s (levels=4)
[2026-02-06 13:01:25] INFO [set_image] optimizer init done in 0.00s (lr=1.0, warmup=10)
[2026-02-06 13:01:25] INFO [set_image] total setup time 32.34s
[2026-02-06 13:01:25] INFO training 100 epochs | RSS=27486MB GPU_alloc=99MB GPU_reserved=114MB
[2026-02-06 13:01:25] INFO epoch 1/100 | RSS=27486MB GPU_alloc=315MB GPU_reserved=444MB
[2026-02-06 13:01:25] INFO epoch 20/100 | RSS=27487MB GPU_alloc=315MB GPU_reserved=500MB
[2026-02-06 13:01:25] INFO epoch 40/100 | RSS=27487MB GPU_alloc=315MB GPU_reserved=500MB
[2026-02-06 13:01:26] INFO epoch 60/100 | RSS=27487MB GPU_alloc=315MB GPU_reserved=500MB
[2026-02-06 13:01:26] INFO epoch 80/100 | RSS=27487MB GPU_alloc=315MB GPU_reserved=500MB
[2026-02-06 13:01:26] INFO epoch 100/100 | RSS=27487MB GPU_alloc=315MB GPU_reserved=500MB
[2026-02-06 13:01:26] INFO running predict | RSS=27487MB GPU_alloc=315MB GPU_reserved=500MB
[2026-02-06 13:01:40] INFO recompute_viz DONE | RSS=27524MB GPU_alloc=315MB GPU_reserved=1894MB
[2026-02-06 13:02:09] INFO reload_viz using ROI (34 points) | RSS=27527MB GPU_alloc=315MB GPU_reserved=330MB
[2026-02-06 13:02:09] INFO recompute_viz START | RSS=27527MB GPU_alloc=315MB GPU_reserved=330MB
[2026-02-06 13:02:09] INFO releasing previous model (GPU + large tensors) | RSS=27527MB GPU_alloc=315MB GPU_reserved=330MB
[2026-02-06 13:02:09] INFO after release + gc + cuda empty_cache | RSS=27626MB GPU_alloc=16MB GPU_reserved=40MB
[2026-02-06 13:02:09] INFO ROI mask built H=1084 W=1225 roi_pixels=1696 | RSS=27627MB GPU_alloc=16MB GPU_reserved=40MB
[2026-02-06 13:02:09] INFO creating new MSIParametricMiCSLMC | RSS=27627MB GPU_alloc=16MB GPU_reserved=40MB
[2026-02-06 13:02:09] INFO calling set_image(roi_mask=..., category_annotations=...) | RSS=27627MB GPU_alloc=16MB GPU_reserved=40MB
[2026-02-06 13:02:09] INFO [set_image] start: shape=(1084, 1225, 5001), roi_mask=True, category_annotations=False
[2026-02-06 13:02:12] INFO [set_image] reshape+mask done in 2.86s
[2026-02-06 13:02:36] INFO [set_image] sampling done in 24.22s (method=superpixel, sampled=240)
[2026-02-06 13:02:36] INFO [set_image] model init done in 0.17s (input_dim=5001, n_components=3)
[2026-02-06 13:02:37] INFO [set_image] resample done in 0.13s (points=240)
[2026-02-06 13:02:39] INFO [set_image] category labels done in 2.53s
[2026-02-06 13:02:41] INFO [set_image] clustering init done in 1.55s (levels=4)
[2026-02-06 13:02:41] INFO [set_image] optimizer init done in 0.00s (lr=1.0, warmup=10)
[2026-02-06 13:02:41] INFO [set_image] total setup time 31.46s
[2026-02-06 13:02:41] INFO training 100 epochs | RSS=27491MB GPU_alloc=131MB GPU_reserved=146MB
[2026-02-06 13:02:41] INFO epoch 1/100 | RSS=27491MB GPU_alloc=443MB GPU_reserved=628MB
[2026-02-06 13:02:41] INFO epoch 20/100 | RSS=27491MB GPU_alloc=443MB GPU_reserved=686MB
[2026-02-06 13:02:41] INFO epoch 40/100 | RSS=27491MB GPU_alloc=443MB GPU_reserved=686MB
[2026-02-06 13:02:42] INFO epoch 60/100 | RSS=27491MB GPU_alloc=443MB GPU_reserved=686MB
[2026-02-06 13:02:42] INFO epoch 80/100 | RSS=27491MB GPU_alloc=443MB GPU_reserved=686MB
[2026-02-06 13:02:42] INFO epoch 100/100 | RSS=27491MB GPU_alloc=443MB GPU_reserved=686MB
[2026-02-06 13:02:42] INFO running predict | RSS=27491MB GPU_alloc=443MB GPU_reserved=686MB
[2026-02-06 13:02:58] INFO recompute_viz DONE | RSS=27527MB GPU_alloc=443MB GPU_reserved=2080MB
[2026-02-06 13:03:24] INFO recompute_viz START | RSS=27527MB GPU_alloc=443MB GPU_reserved=464MB
[2026-02-06 13:03:24] INFO releasing previous model (GPU + large tensors) | RSS=27527MB GPU_alloc=443MB GPU_reserved=464MB
[2026-02-06 13:03:25] INFO after release + gc + cuda empty_cache | RSS=27691MB GPU_alloc=16MB GPU_reserved=40MB
[2026-02-06 13:03:25] INFO ROI mask built H=1084 W=1225 roi_pixels=584127 | RSS=27692MB GPU_alloc=16MB GPU_reserved=40MB
[2026-02-06 13:03:25] INFO creating new MSIParametricMiCSLMC | RSS=27692MB GPU_alloc=16MB GPU_reserved=40MB
[2026-02-06 13:03:25] INFO calling set_image(roi_mask=..., category_annotations=...) | RSS=27692MB GPU_alloc=16MB GPU_reserved=40MB
[2026-02-06 13:03:25] INFO [set_image] start: shape=(1084, 1225, 5001), roi_mask=True, category_annotations=False
[2026-02-06 13:03:27] INFO [set_image] reshape+mask done in 2.69s
[2026-02-06 13:03:42] INFO [set_image] sampling done in 14.51s (method=superpixel, sampled=1600)
[2026-02-06 13:03:42] INFO [set_image] model init done in 0.18s (input_dim=5001, n_components=3)
[2026-02-06 13:03:47] INFO [set_image] resample done in 5.09s (points=1000)
[2026-02-06 13:03:50] INFO [set_image] category labels done in 2.58s
[2026-02-06 13:03:59] INFO [set_image] clustering init done in 9.66s (levels=4)
[2026-02-06 13:03:59] INFO [set_image] optimizer init done in 0.00s (lr=1.0, warmup=10)
[2026-02-06 13:03:59] INFO [set_image] total setup time 34.72s
[2026-02-06 13:03:59] INFO training 100 epochs | RSS=27526MB GPU_alloc=158MB GPU_reserved=180MB
[2026-02-06 13:04:00] INFO epoch 1/100 | RSS=27526MB GPU_alloc=470MB GPU_reserved=1138MB
[2026-02-06 13:04:01] INFO epoch 20/100 | RSS=27526MB GPU_alloc=470MB GPU_reserved=1140MB
[2026-02-06 13:04:02] INFO epoch 40/100 | RSS=27526MB GPU_alloc=470MB GPU_reserved=1140MB
[2026-02-06 13:04:02] INFO epoch 60/100 | RSS=27526MB GPU_alloc=470MB GPU_reserved=1140MB
[2026-02-06 13:04:03] INFO epoch 80/100 | RSS=27526MB GPU_alloc=470MB GPU_reserved=1140MB
[2026-02-06 13:04:04] INFO epoch 100/100 | RSS=27526MB GPU_alloc=470MB GPU_reserved=1140MB
[2026-02-06 13:04:04] INFO running predict | RSS=27526MB GPU_alloc=470MB GPU_reserved=1140MB
[2026-02-06 13:04:20] INFO recompute_viz DONE | RSS=27563MB GPU_alloc=470MB GPU_reserved=2534MB
[2026-02-06 13:04:35] INFO reload_viz using ROI (76 points) | RSS=27563MB GPU_alloc=470MB GPU_reserved=532MB
[2026-02-06 13:04:35] INFO recompute_viz START | RSS=27563MB GPU_alloc=470MB GPU_reserved=532MB
[2026-02-06 13:04:35] INFO releasing previous model (GPU + large tensors) | RSS=27563MB GPU_alloc=470MB GPU_reserved=532MB
[2026-02-06 13:04:36] INFO after release + gc + cuda empty_cache | RSS=27700MB GPU_alloc=16MB GPU_reserved=40MB
[2026-02-06 13:04:36] INFO ROI mask built H=1084 W=1225 roi_pixels=584127 | RSS=27702MB GPU_alloc=16MB GPU_reserved=40MB
[2026-02-06 13:04:36] INFO creating new MSIParametricMiCSLMC | RSS=27702MB GPU_alloc=16MB GPU_reserved=40MB
[2026-02-06 13:04:36] INFO calling set_image(roi_mask=..., category_annotations=...) | RSS=27702MB GPU_alloc=16MB GPU_reserved=40MB
[2026-02-06 13:04:36] INFO [set_image] start: shape=(1084, 1225, 5001), roi_mask=True, category_annotations=False
[2026-02-06 13:04:38] INFO [set_image] reshape+mask done in 2.49s
[2026-02-06 13:04:53] INFO [set_image] sampling done in 14.37s (method=superpixel, sampled=1600)
[2026-02-06 13:04:53] INFO [set_image] model init done in 0.11s (input_dim=5001, n_components=3)
[2026-02-06 13:04:58] INFO [set_image] resample done in 5.45s (points=1000)
[2026-02-06 13:05:01] INFO [set_image] category labels done in 2.39s
[2026-02-06 13:05:10] INFO [set_image] clustering init done in 9.55s (levels=4)
[2026-02-06 13:05:10] INFO [set_image] optimizer init done in 0.00s (lr=1.0, warmup=10)
[2026-02-06 13:05:10] INFO [set_image] total setup time 34.37s
[2026-02-06 13:05:10] INFO training 100 epochs | RSS=27527MB GPU_alloc=110MB GPU_reserved=132MB
[2026-02-06 13:05:10] INFO epoch 1/100 | RSS=27527MB GPU_alloc=278MB GPU_reserved=526MB
[2026-02-06 13:05:11] INFO epoch 20/100 | RSS=27527MB GPU_alloc=278MB GPU_reserved=526MB
[2026-02-06 13:05:12] INFO epoch 40/100 | RSS=27527MB GPU_alloc=278MB GPU_reserved=526MB
[2026-02-06 13:05:12] INFO epoch 60/100 | RSS=27527MB GPU_alloc=278MB GPU_reserved=526MB
[2026-02-06 13:05:13] INFO epoch 80/100 | RSS=27527MB GPU_alloc=278MB GPU_reserved=526MB
[2026-02-06 13:05:14] INFO epoch 100/100 | RSS=27527MB GPU_alloc=278MB GPU_reserved=526MB
[2026-02-06 13:05:14] INFO running predict | RSS=27527MB GPU_alloc=278MB GPU_reserved=526MB
[2026-02-06 13:05:26] INFO recompute_viz DONE | RSS=27564MB GPU_alloc=278MB GPU_reserved=1920MB
[2026-02-06 13:06:09] INFO reload_viz using ROI (76 points) | RSS=27564MB GPU_alloc=278MB GPU_reserved=308MB
[2026-02-06 13:06:09] INFO recompute_viz START | RSS=27564MB GPU_alloc=278MB GPU_reserved=308MB
[2026-02-06 13:06:09] INFO releasing previous model (GPU + large tensors) | RSS=27564MB GPU_alloc=278MB GPU_reserved=308MB
[2026-02-06 13:06:09] INFO after release + gc + cuda empty_cache | RSS=27566MB GPU_alloc=16MB GPU_reserved=40MB
[2026-02-06 13:06:09] INFO ROI mask built H=1084 W=1225 roi_pixels=584127 | RSS=27567MB GPU_alloc=16MB GPU_reserved=40MB
[2026-02-06 13:06:09] INFO creating new MSIParametricMiCSLMC | RSS=27567MB GPU_alloc=16MB GPU_reserved=40MB
[2026-02-06 13:06:09] INFO calling set_image(roi_mask=..., category_annotations=...) | RSS=27567MB GPU_alloc=16MB GPU_reserved=40MB
[2026-02-06 13:06:09] INFO [set_image] start: shape=(1084, 1225, 5001), roi_mask=True, category_annotations=False
[2026-02-06 13:06:12] INFO [set_image] reshape+mask done in 2.71s
[2026-02-06 13:06:27] INFO [set_image] sampling done in 14.43s (method=superpixel, sampled=1600)
[2026-02-06 13:06:27] INFO [set_image] model init done in 0.05s (input_dim=5001, n_components=3)
[2026-02-06 13:06:32] INFO [set_image] resample done in 5.04s (points=1000)
[2026-02-06 13:06:34] INFO [set_image] category labels done in 2.51s
[2026-02-06 13:06:44] INFO [set_image] clustering init done in 9.49s (levels=4)
[2026-02-06 13:06:44] INFO [set_image] optimizer init done in 0.00s (lr=1.0, warmup=10)
[2026-02-06 13:06:44] INFO [set_image] total setup time 34.23s
[2026-02-06 13:06:44] INFO training 100 epochs | RSS=27528MB GPU_alloc=78MB GPU_reserved=96MB
[2026-02-06 13:06:44] INFO epoch 1/100 | RSS=27528MB GPU_alloc=150MB GPU_reserved=258MB
[2026-02-06 13:06:44] INFO epoch 20/100 | RSS=27528MB GPU_alloc=150MB GPU_reserved=298MB
[2026-02-06 13:06:45] INFO epoch 40/100 | RSS=27528MB GPU_alloc=150MB GPU_reserved=298MB
[2026-02-06 13:06:46] INFO epoch 60/100 | RSS=27528MB GPU_alloc=150MB GPU_reserved=298MB
[2026-02-06 13:06:46] INFO epoch 80/100 | RSS=27528MB GPU_alloc=150MB GPU_reserved=298MB
[2026-02-06 13:06:47] INFO epoch 100/100 | RSS=27528MB GPU_alloc=151MB GPU_reserved=298MB
[2026-02-06 13:06:47] INFO running predict | RSS=27528MB GPU_alloc=151MB GPU_reserved=298MB
[2026-02-06 13:06:56] INFO recompute_viz DONE | RSS=27565MB GPU_alloc=151MB GPU_reserved=1308MB
[2026-02-06 13:07:22] INFO reload_viz using ROI (76 points) | RSS=27566MB GPU_alloc=151MB GPU_reserved=176MB
[2026-02-06 13:07:22] INFO recompute_viz START | RSS=27566MB GPU_alloc=151MB GPU_reserved=176MB
[2026-02-06 13:07:22] INFO releasing previous model (GPU + large tensors) | RSS=27566MB GPU_alloc=151MB GPU_reserved=176MB
[2026-02-06 13:07:22] INFO after release + gc + cuda empty_cache | RSS=27532MB GPU_alloc=16MB GPU_reserved=40MB
[2026-02-06 13:07:22] INFO ROI mask built H=1084 W=1225 roi_pixels=584127 | RSS=27533MB GPU_alloc=16MB GPU_reserved=40MB
[2026-02-06 13:07:22] INFO creating new MSIParametricMiCSLMC | RSS=27533MB GPU_alloc=16MB GPU_reserved=40MB
[2026-02-06 13:07:22] INFO calling set_image(roi_mask=..., category_annotations=...) | RSS=27533MB GPU_alloc=16MB GPU_reserved=40MB
[2026-02-06 13:07:22] INFO [set_image] start: shape=(1084, 1225, 5001), roi_mask=True, category_annotations=False
[2026-02-06 13:07:25] INFO [set_image] reshape+mask done in 2.45s
[2026-02-06 13:07:44] INFO [set_image] sampling done in 19.19s (method=superpixel, sampled=5298)
[2026-02-06 13:07:44] INFO [set_image] model init done in 0.04s (input_dim=5001, n_components=3)
[2026-02-06 13:08:01] INFO [set_image] resample done in 16.72s (points=1000)
[2026-02-06 13:08:03] INFO [set_image] category labels done in 2.43s
[2026-02-06 13:08:32] INFO [set_image] clustering init done in 28.30s (levels=4)
[2026-02-06 13:08:32] INFO [set_image] optimizer init done in 0.00s (lr=1.0, warmup=10)
[2026-02-06 13:08:32] INFO [set_image] total setup time 69.14s
[2026-02-06 13:08:32] INFO training 100 epochs | RSS=27612MB GPU_alloc=106MB GPU_reserved=124MB
[2026-02-06 13:08:32] INFO epoch 1/100 | RSS=27612MB GPU_alloc=178MB GPU_reserved=310MB
[2026-02-06 13:08:34] INFO epoch 20/100 | RSS=27612MB GPU_alloc=178MB GPU_reserved=336MB
[2026-02-06 13:08:36] INFO epoch 40/100 | RSS=27612MB GPU_alloc=178MB GPU_reserved=336MB
[2026-02-06 13:08:38] INFO epoch 60/100 | RSS=27612MB GPU_alloc=178MB GPU_reserved=336MB
[2026-02-06 13:08:40] INFO epoch 80/100 | RSS=27612MB GPU_alloc=178MB GPU_reserved=336MB
[2026-02-06 13:08:42] INFO epoch 100/100 | RSS=27612MB GPU_alloc=178MB GPU_reserved=336MB
[2026-02-06 13:08:42] INFO running predict | RSS=27612MB GPU_alloc=178MB GPU_reserved=336MB
[2026-02-06 13:08:51] INFO recompute_viz DONE | RSS=27643MB GPU_alloc=178MB GPU_reserved=1346MB
[2026-02-06 13:10:20] INFO reload_viz using ROI (76 points) | RSS=27644MB GPU_alloc=178MB GPU_reserved=206MB
[2026-02-06 13:10:20] INFO recompute_viz START | RSS=27644MB GPU_alloc=178MB GPU_reserved=206MB
[2026-02-06 13:10:20] INFO releasing previous model (GPU + large tensors) | RSS=27644MB GPU_alloc=178MB GPU_reserved=206MB
[2026-02-06 13:10:21] INFO after release + gc + cuda empty_cache | RSS=27540MB GPU_alloc=16MB GPU_reserved=40MB
[2026-02-06 13:10:21] INFO ROI mask built H=1084 W=1225 roi_pixels=584127 | RSS=27541MB GPU_alloc=16MB GPU_reserved=40MB
[2026-02-06 13:10:21] INFO creating new MSIParametricMiCSLMC | RSS=27541MB GPU_alloc=16MB GPU_reserved=40MB
[2026-02-06 13:10:21] INFO calling set_image(roi_mask=..., category_annotations=...) | RSS=27541MB GPU_alloc=16MB GPU_reserved=40MB
[2026-02-06 13:10:21] INFO [set_image] start: shape=(1084, 1225, 5001), roi_mask=True, category_annotations=False
[2026-02-06 13:10:24] INFO [set_image] reshape+mask done in 2.90s
[2026-02-06 13:10:43] INFO [set_image] sampling done in 19.39s (method=superpixel, sampled=5298)
[2026-02-06 13:10:43] INFO [set_image] model init done in 0.08s (input_dim=5001, n_components=3)
[2026-02-06 13:11:00] INFO [set_image] resample done in 16.96s (points=1000)
[2026-02-06 13:11:02] INFO [set_image] category labels done in 2.36s
[2026-02-06 13:11:31] INFO [set_image] clustering init done in 28.44s (levels=4)
[2026-02-06 13:11:31] INFO [set_image] optimizer init done in 0.00s (lr=1.0, warmup=10)
[2026-02-06 13:11:31] INFO [set_image] total setup time 70.13s
[2026-02-06 13:11:31] INFO training 100 epochs | RSS=27614MB GPU_alloc=126MB GPU_reserved=144MB
[2026-02-06 13:11:31] INFO epoch 1/100 | RSS=27614MB GPU_alloc=258MB GPU_reserved=716MB
[2026-02-06 13:11:34] INFO epoch 20/100 | RSS=27614MB GPU_alloc=258MB GPU_reserved=722MB
[2026-02-06 13:11:37] INFO epoch 40/100 | RSS=27614MB GPU_alloc=258MB GPU_reserved=722MB
[2026-02-06 13:11:40] INFO epoch 60/100 | RSS=27614MB GPU_alloc=259MB GPU_reserved=722MB
[2026-02-06 13:11:42] INFO epoch 80/100 | RSS=27614MB GPU_alloc=258MB GPU_reserved=722MB
[2026-02-06 13:11:45] INFO epoch 100/100 | RSS=27614MB GPU_alloc=259MB GPU_reserved=722MB
[2026-02-06 13:11:45] INFO running predict | RSS=27614MB GPU_alloc=259MB GPU_reserved=722MB
[2026-02-06 13:11:56] INFO recompute_viz DONE | RSS=27644MB GPU_alloc=259MB GPU_reserved=1732MB
[2026-02-06 13:13:06] INFO reload_viz using ROI (76 points) | RSS=27644MB GPU_alloc=259MB GPU_reserved=304MB
[2026-02-06 13:13:06] INFO recompute_viz START | RSS=27644MB GPU_alloc=259MB GPU_reserved=304MB
[2026-02-06 13:13:06] INFO releasing previous model (GPU + large tensors) | RSS=27644MB GPU_alloc=259MB GPU_reserved=304MB
[2026-02-06 13:13:06] INFO after release + gc + cuda empty_cache | RSS=27598MB GPU_alloc=16MB GPU_reserved=40MB
[2026-02-06 13:13:06] INFO ROI mask built H=1084 W=1225 roi_pixels=584127 | RSS=27599MB GPU_alloc=16MB GPU_reserved=40MB
[2026-02-06 13:13:06] INFO creating new MSIParametricMiCSLMC | RSS=27599MB GPU_alloc=16MB GPU_reserved=40MB
[2026-02-06 13:13:06] INFO calling set_image(roi_mask=..., category_annotations=...) | RSS=27599MB GPU_alloc=16MB GPU_reserved=40MB
[2026-02-06 13:13:06] INFO [set_image] start: shape=(1084, 1225, 5001), roi_mask=True, category_annotations=False
[2026-02-06 13:13:09] INFO [set_image] reshape+mask done in 2.74s
[2026-02-06 13:13:28] INFO [set_image] sampling done in 19.19s (method=superpixel, sampled=5298)
[2026-02-06 13:13:29] INFO [set_image] model init done in 1.00s (input_dim=5001, n_components=3)
[2026-02-06 13:13:46] INFO [set_image] resample done in 16.37s (points=1000)
[2026-02-06 13:13:48] INFO [set_image] category labels done in 2.42s
[2026-02-06 13:14:16] INFO [set_image] clustering init done in 28.29s (levels=4)
[2026-02-06 13:14:16] INFO [set_image] optimizer init done in 0.00s (lr=1.0, warmup=10)
[2026-02-06 13:14:16] INFO [set_image] total setup time 70.02s
[2026-02-06 13:14:16] INFO training 100 epochs | RSS=27611MB GPU_alloc=673MB GPU_reserved=696MB
[2026-02-06 13:14:17] INFO epoch 1/100 | RSS=27611MB GPU_alloc=2446MB GPU_reserved=5106MB
[2026-02-06 13:14:27] INFO epoch 20/100 | RSS=27611MB GPU_alloc=2446MB GPU_reserved=5110MB
[2026-02-06 13:14:38] INFO epoch 40/100 | RSS=27611MB GPU_alloc=2446MB GPU_reserved=5110MB
[2026-02-06 13:14:49] INFO epoch 60/100 | RSS=27611MB GPU_alloc=2446MB GPU_reserved=5110MB
[2026-02-06 13:15:01] INFO epoch 80/100 | RSS=27611MB GPU_alloc=2446MB GPU_reserved=5110MB
[2026-02-06 13:15:13] INFO epoch 100/100 | RSS=27611MB GPU_alloc=2446MB GPU_reserved=5110MB
[2026-02-06 13:15:13] INFO running predict | RSS=27611MB GPU_alloc=2446MB GPU_reserved=5110MB
[2026-02-06 13:15:46] INFO recompute_viz DONE | RSS=27648MB GPU_alloc=2446MB GPU_reserved=7272MB
[2026-02-06 13:17:44] INFO reload_viz using ROI (76 points) | RSS=27648MB GPU_alloc=2446MB GPU_reserved=2476MB
[2026-02-06 13:17:44] INFO recompute_viz START | RSS=27648MB GPU_alloc=2446MB GPU_reserved=2476MB
[2026-02-06 13:17:44] INFO releasing previous model (GPU + large tensors) | RSS=27648MB GPU_alloc=2446MB GPU_reserved=2476MB
[2026-02-06 13:17:45] INFO after release + gc + cuda empty_cache | RSS=28611MB GPU_alloc=16MB GPU_reserved=40MB
[2026-02-06 13:17:45] INFO ROI mask built H=1084 W=1225 roi_pixels=584127 | RSS=28612MB GPU_alloc=16MB GPU_reserved=40MB
[2026-02-06 13:17:45] INFO creating new MSIParametricMiCSLMC | RSS=28612MB GPU_alloc=16MB GPU_reserved=40MB
[2026-02-06 13:17:45] INFO calling set_image(roi_mask=..., category_annotations=...) | RSS=28612MB GPU_alloc=16MB GPU_reserved=40MB
[2026-02-06 13:17:45] INFO [set_image] start: shape=(1084, 1225, 5001), roi_mask=True, category_annotations=False
[2026-02-06 13:17:47] INFO [set_image] reshape+mask done in 2.71s
[2026-02-06 13:18:06] INFO [set_image] sampling done in 18.73s (method=superpixel, sampled=5298)
[2026-02-06 13:18:07] INFO [set_image] model init done in 0.99s (input_dim=5001, n_components=3)
[2026-02-06 13:18:22] INFO [set_image] resample done in 15.34s (points=1000)
[2026-02-06 13:18:25] INFO [set_image] category labels done in 2.37s
[2026-02-06 13:18:52] INFO [set_image] clustering init done in 27.53s (levels=4)
[2026-02-06 13:18:52] INFO [set_image] optimizer init done in 0.00s (lr=0.01, warmup=10)
[2026-02-06 13:18:52] INFO [set_image] total setup time 67.69s
[2026-02-06 13:18:52] INFO training 200 epochs | RSS=27611MB GPU_alloc=673MB GPU_reserved=696MB
[2026-02-06 13:18:53] INFO epoch 1/200 | RSS=27611MB GPU_alloc=2446MB GPU_reserved=5106MB
[2026-02-06 13:19:03] INFO epoch 20/200 | RSS=27611MB GPU_alloc=2446MB GPU_reserved=5110MB
[2026-02-06 13:19:14] INFO epoch 40/200 | RSS=27611MB GPU_alloc=2446MB GPU_reserved=5110MB
[2026-02-06 13:19:26] INFO epoch 60/200 | RSS=27611MB GPU_alloc=2446MB GPU_reserved=5110MB
[2026-02-06 13:19:37] INFO epoch 80/200 | RSS=27611MB GPU_alloc=2446MB GPU_reserved=5110MB
[2026-02-06 13:19:49] INFO epoch 100/200 | RSS=27611MB GPU_alloc=2446MB GPU_reserved=5110MB
[2026-02-06 13:20:04] INFO epoch 120/200 | RSS=27611MB GPU_alloc=2446MB GPU_reserved=5110MB
[2026-02-06 13:20:20] INFO epoch 140/200 | RSS=27611MB GPU_alloc=2446MB GPU_reserved=5110MB
[2026-02-06 13:20:35] INFO epoch 160/200 | RSS=27611MB GPU_alloc=2446MB GPU_reserved=5110MB
[2026-02-06 13:20:50] INFO epoch 180/200 | RSS=27611MB GPU_alloc=2446MB GPU_reserved=5110MB
[2026-02-06 13:21:05] INFO epoch 200/200 | RSS=27611MB GPU_alloc=2446MB GPU_reserved=5112MB
[2026-02-06 13:21:05] INFO running predict | RSS=27611MB GPU_alloc=2446MB GPU_reserved=5112MB
[2026-02-06 13:21:39] INFO recompute_viz DONE | RSS=27648MB GPU_alloc=2446MB GPU_reserved=7274MB
[2026-02-06 13:22:22] INFO reload_viz using ROI (76 points) | RSS=27648MB GPU_alloc=2446MB GPU_reserved=2476MB
[2026-02-06 13:22:22] INFO recompute_viz START | RSS=27648MB GPU_alloc=2446MB GPU_reserved=2476MB
[2026-02-06 13:22:22] INFO releasing previous model (GPU + large tensors) | RSS=27648MB GPU_alloc=2446MB GPU_reserved=2476MB
[2026-02-06 13:22:23] INFO after release + gc + cuda empty_cache | RSS=28611MB GPU_alloc=16MB GPU_reserved=40MB
[2026-02-06 13:22:23] INFO ROI mask built H=1084 W=1225 roi_pixels=584127 | RSS=28612MB GPU_alloc=16MB GPU_reserved=40MB
[2026-02-06 13:22:23] INFO creating new MSIParametricMiCSLMC | RSS=28612MB GPU_alloc=16MB GPU_reserved=40MB
[2026-02-06 13:22:23] INFO calling set_image(roi_mask=..., category_annotations=...) | RSS=28612MB GPU_alloc=16MB GPU_reserved=40MB
[2026-02-06 13:22:23] INFO [set_image] start: shape=(1084, 1225, 5001), roi_mask=True, category_annotations=False
[2026-02-06 13:22:26] INFO [set_image] reshape+mask done in 2.54s
[2026-02-06 13:22:45] INFO [set_image] sampling done in 19.87s (method=superpixel, sampled=5298)
[2026-02-06 13:22:46] INFO [set_image] model init done in 0.42s (input_dim=5001, n_components=3)
[2026-02-06 13:23:04] INFO [set_image] resample done in 18.01s (points=1000)
[2026-02-06 13:23:06] INFO [set_image] category labels done in 2.54s
[2026-02-06 13:23:35] INFO [set_image] clustering init done in 28.82s (levels=4)
[2026-02-06 13:23:35] INFO [set_image] optimizer init done in 0.00s (lr=1.0, warmup=10)
[2026-02-06 13:23:35] INFO [set_image] total setup time 72.21s
[2026-02-06 13:23:35] INFO training 100 epochs | RSS=27612MB GPU_alloc=288MB GPU_reserved=312MB
[2026-02-06 13:23:36] INFO epoch 1/100 | RSS=27612MB GPU_alloc=907MB GPU_reserved=1776MB
[2026-02-06 13:23:40] INFO epoch 20/100 | RSS=27612MB GPU_alloc=907MB GPU_reserved=1778MB
[2026-02-06 13:23:44] INFO epoch 40/100 | RSS=27612MB GPU_alloc=907MB GPU_reserved=1778MB
[2026-02-06 13:23:48] INFO epoch 60/100 | RSS=27612MB GPU_alloc=907MB GPU_reserved=1778MB
[2026-02-06 13:23:52] INFO epoch 80/100 | RSS=27612MB GPU_alloc=907MB GPU_reserved=1778MB
[2026-02-06 13:23:56] INFO epoch 100/100 | RSS=27612MB GPU_alloc=907MB GPU_reserved=1778MB
[2026-02-06 13:23:56] INFO running predict | RSS=27612MB GPU_alloc=907MB GPU_reserved=1778MB
[2026-02-06 13:24:13] INFO recompute_viz DONE | RSS=27648MB GPU_alloc=907MB GPU_reserved=3940MB
[2026-02-06 13:29:27] INFO recompute_viz START | RSS=27648MB GPU_alloc=907MB GPU_reserved=936MB
[2026-02-06 13:29:27] INFO releasing previous model (GPU + large tensors) | RSS=27648MB GPU_alloc=907MB GPU_reserved=936MB
[2026-02-06 13:29:28] INFO after release + gc + cuda empty_cache | RSS=27921MB GPU_alloc=16MB GPU_reserved=40MB
[2026-02-06 13:29:28] INFO ROI mask built H=1084 W=1225 roi_pixels=548377 | RSS=27923MB GPU_alloc=16MB GPU_reserved=40MB
[2026-02-06 13:29:28] INFO creating new MSIParametricMiCSLMC | RSS=27923MB GPU_alloc=16MB GPU_reserved=40MB
[2026-02-06 13:29:28] INFO category_annotations: 5 polygons | RSS=27923MB GPU_alloc=16MB GPU_reserved=40MB
[2026-02-06 13:29:28] INFO calling set_image(roi_mask=..., category_annotations=...) | RSS=27923MB GPU_alloc=16MB GPU_reserved=40MB
[2026-02-06 13:29:28] INFO [set_image] start: shape=(1084, 1225, 5001), roi_mask=True, category_annotations=True
[2026-02-06 13:29:32] INFO [set_image] reshape+mask done in 4.32s
[2026-02-06 13:29:52] INFO [set_image] sampling done in 20.00s (method=superpixel, sampled=5202)
[2026-02-06 13:29:53] INFO [set_image] model init done in 0.34s (input_dim=5001, n_components=3)
[2026-02-06 13:30:10] INFO [set_image] resample done in 17.61s (points=1000)
[2026-02-06 13:30:13] INFO [set_image] category labels done in 2.66s
[2026-02-06 13:30:43] INFO [set_image] clustering init done in 29.81s (levels=4)
[2026-02-06 13:30:43] INFO [set_image] optimizer init done in 0.00s (lr=1.0, warmup=10)
[2026-02-06 13:30:43] INFO [set_image] total setup time 74.75s
[2026-02-06 13:30:43] INFO training 100 epochs | RSS=27610MB GPU_alloc=288MB GPU_reserved=310MB
[2026-02-06 13:30:43] INFO epoch 1/100 | RSS=27610MB GPU_alloc=907MB GPU_reserved=1774MB
[2026-02-06 13:30:47] INFO epoch 20/100 | RSS=27610MB GPU_alloc=907MB GPU_reserved=1774MB
[2026-02-06 13:30:51] INFO epoch 40/100 | RSS=27610MB GPU_alloc=907MB GPU_reserved=1774MB
[2026-02-06 13:30:55] INFO epoch 60/100 | RSS=27610MB GPU_alloc=907MB GPU_reserved=1774MB
[2026-02-06 13:30:59] INFO epoch 80/100 | RSS=27610MB GPU_alloc=907MB GPU_reserved=1774MB
[2026-02-06 13:31:04] INFO epoch 100/100 | RSS=27610MB GPU_alloc=907MB GPU_reserved=1774MB
[2026-02-06 13:31:04] INFO running predict | RSS=27610MB GPU_alloc=907MB GPU_reserved=1774MB
[2026-02-06 13:31:21] INFO recompute_viz DONE | RSS=27647MB GPU_alloc=907MB GPU_reserved=3936MB
[2026-02-06 13:31:45] INFO reload_viz using ROI (100 points) | RSS=27647MB GPU_alloc=907MB GPU_reserved=936MB
[2026-02-06 13:31:45] INFO recompute_viz START | RSS=27647MB GPU_alloc=907MB GPU_reserved=936MB
[2026-02-06 13:31:45] INFO releasing previous model (GPU + large tensors) | RSS=27647MB GPU_alloc=907MB GPU_reserved=936MB
[2026-02-06 13:31:46] INFO after release + gc + cuda empty_cache | RSS=27922MB GPU_alloc=16MB GPU_reserved=40MB
[2026-02-06 13:31:46] INFO ROI mask built H=1084 W=1225 roi_pixels=548377 | RSS=27923MB GPU_alloc=16MB GPU_reserved=40MB
[2026-02-06 13:31:46] INFO creating new MSIParametricMiCSLMC | RSS=27923MB GPU_alloc=16MB GPU_reserved=40MB
[2026-02-06 13:31:46] INFO category_annotations: 5 polygons | RSS=27923MB GPU_alloc=16MB GPU_reserved=40MB
[2026-02-06 13:31:46] INFO calling set_image(roi_mask=..., category_annotations=...) | RSS=27923MB GPU_alloc=16MB GPU_reserved=40MB
[2026-02-06 13:31:46] INFO [set_image] start: shape=(1084, 1225, 5001), roi_mask=True, category_annotations=True
[2026-02-06 13:31:48] INFO [set_image] reshape+mask done in 2.66s
[2026-02-06 13:32:08] INFO [set_image] sampling done in 19.90s (method=superpixel, sampled=5202)
[2026-02-06 13:32:09] INFO [set_image] model init done in 0.35s (input_dim=5001, n_components=3)
[2026-02-06 13:32:26] INFO [set_image] resample done in 17.40s (points=1000)
[2026-02-06 13:32:29] INFO [set_image] category labels done in 2.71s
[2026-02-06 13:32:30] INFO [set_image] clustering init done in 1.26s (levels=4)
[2026-02-06 13:32:30] INFO [set_image] optimizer init done in 0.00s (lr=1.0, warmup=10)
[2026-02-06 13:32:30] INFO [set_image] total setup time 44.29s
[2026-02-06 13:32:30] INFO training 100 epochs | RSS=27616MB GPU_alloc=288MB GPU_reserved=310MB
[2026-02-06 13:32:30] INFO epoch 1/100 | RSS=27616MB GPU_alloc=907MB GPU_reserved=1774MB
[2026-02-06 13:32:34] INFO epoch 20/100 | RSS=27616MB GPU_alloc=907MB GPU_reserved=1774MB
[2026-02-06 13:32:38] INFO epoch 40/100 | RSS=27616MB GPU_alloc=907MB GPU_reserved=1774MB
[2026-02-06 13:32:42] INFO epoch 60/100 | RSS=27616MB GPU_alloc=907MB GPU_reserved=1774MB
[2026-02-06 13:32:47] INFO epoch 80/100 | RSS=27616MB GPU_alloc=907MB GPU_reserved=1774MB
[2026-02-06 13:32:51] INFO epoch 100/100 | RSS=27616MB GPU_alloc=907MB GPU_reserved=1774MB
[2026-02-06 13:32:51] INFO running predict | RSS=27616MB GPU_alloc=907MB GPU_reserved=1774MB
[2026-02-06 13:33:08] INFO recompute_viz DONE | RSS=27653MB GPU_alloc=907MB GPU_reserved=3936MB
[2026-02-06 13:34:24] INFO reload_viz using ROI (100 points) | RSS=27653MB GPU_alloc=907MB GPU_reserved=936MB
[2026-02-06 13:34:24] INFO recompute_viz START | RSS=27653MB GPU_alloc=907MB GPU_reserved=936MB
[2026-02-06 13:34:24] INFO releasing previous model (GPU + large tensors) | RSS=27653MB GPU_alloc=907MB GPU_reserved=936MB
[2026-02-06 13:34:24] INFO after release + gc + cuda empty_cache | RSS=27928MB GPU_alloc=16MB GPU_reserved=40MB
[2026-02-06 13:34:24] INFO ROI mask built H=1084 W=1225 roi_pixels=548377 | RSS=27929MB GPU_alloc=16MB GPU_reserved=40MB
[2026-02-06 13:34:24] INFO creating new MSIParametricMiCSLMC | RSS=27929MB GPU_alloc=16MB GPU_reserved=40MB
[2026-02-06 13:34:24] INFO category_annotations: 5 polygons | RSS=27929MB GPU_alloc=16MB GPU_reserved=40MB
[2026-02-06 13:34:24] INFO calling set_image(roi_mask=..., category_annotations=...) | RSS=27929MB GPU_alloc=16MB GPU_reserved=40MB
[2026-02-06 13:34:24] INFO [set_image] start: shape=(1084, 1225, 5001), roi_mask=True, category_annotations=True
[2026-02-06 13:34:27] INFO [set_image] reshape+mask done in 2.93s
[2026-02-06 13:34:47] INFO [set_image] sampling done in 19.96s (method=superpixel, sampled=5202)
[2026-02-06 13:34:47] INFO [set_image] model init done in 0.34s (input_dim=5001, n_components=3)
[2026-02-06 13:35:04] INFO [set_image] resample done in 17.08s (points=1000)
[2026-02-06 13:35:07] INFO [set_image] category labels done in 2.66s
[2026-02-06 13:35:08] INFO [set_image] clustering init done in 1.25s (levels=4)
[2026-02-06 13:35:08] INFO [set_image] optimizer init done in 0.00s (lr=1.0, warmup=10)
[2026-02-06 13:35:08] INFO [set_image] total setup time 44.22s
[2026-02-06 13:35:08] INFO training 100 epochs | RSS=27616MB GPU_alloc=288MB GPU_reserved=310MB
[2026-02-06 13:35:09] INFO epoch 1/100 | RSS=27616MB GPU_alloc=907MB GPU_reserved=1774MB
[2026-02-06 13:35:13] INFO epoch 20/100 | RSS=27616MB GPU_alloc=907MB GPU_reserved=1774MB
[2026-02-06 13:35:17] INFO epoch 40/100 | RSS=27616MB GPU_alloc=907MB GPU_reserved=1774MB
[2026-02-06 13:35:21] INFO epoch 60/100 | RSS=27616MB GPU_alloc=907MB GPU_reserved=1774MB
[2026-02-06 13:35:25] INFO epoch 80/100 | RSS=27616MB GPU_alloc=907MB GPU_reserved=1774MB
[2026-02-06 13:35:30] INFO epoch 100/100 | RSS=27616MB GPU_alloc=907MB GPU_reserved=1774MB
[2026-02-06 13:35:30] INFO running predict | RSS=27616MB GPU_alloc=907MB GPU_reserved=1774MB
[2026-02-06 13:35:46] INFO recompute_viz DONE | RSS=27653MB GPU_alloc=907MB GPU_reserved=3936MB
[2026-02-06 13:37:57] INFO reload_viz using ROI (100 points) | RSS=27653MB GPU_alloc=907MB GPU_reserved=936MB
[2026-02-06 13:37:57] INFO recompute_viz START | RSS=27653MB GPU_alloc=907MB GPU_reserved=936MB
[2026-02-06 13:37:57] INFO releasing previous model (GPU + large tensors) | RSS=27653MB GPU_alloc=907MB GPU_reserved=936MB
[2026-02-06 13:37:57] INFO after release + gc + cuda empty_cache | RSS=27928MB GPU_alloc=16MB GPU_reserved=40MB
[2026-02-06 13:37:57] INFO ROI mask built H=1084 W=1225 roi_pixels=548377 | RSS=27929MB GPU_alloc=16MB GPU_reserved=40MB
[2026-02-06 13:37:57] INFO creating new MSIParametricMiCSLMC | RSS=27929MB GPU_alloc=16MB GPU_reserved=40MB
[2026-02-06 13:37:57] INFO category_annotations: 5 polygons | RSS=27929MB GPU_alloc=16MB GPU_reserved=40MB
[2026-02-06 13:37:57] INFO calling set_image(roi_mask=..., category_annotations=...) | RSS=27929MB GPU_alloc=16MB GPU_reserved=40MB
[2026-02-06 13:37:57] INFO [set_image] start: shape=(1084, 1225, 5001), roi_mask=True, category_annotations=True
[2026-02-06 13:38:01] INFO [set_image] reshape+mask done in 3.24s
[2026-02-06 13:38:20] INFO [set_image] sampling done in 19.66s (method=superpixel, sampled=5202)
[2026-02-06 13:38:21] INFO [set_image] model init done in 0.35s (input_dim=5001, n_components=3)
[2026-02-06 13:38:38] INFO [set_image] resample done in 17.11s (points=1000)
[2026-02-06 13:38:40] INFO [set_image] category labels done in 2.49s
[2026-02-06 13:38:41] INFO [set_image] clustering init done in 1.26s (levels=4)
[2026-02-06 13:38:41] INFO [set_image] optimizer init done in 0.00s (lr=1.0, warmup=10)
[2026-02-06 13:38:41] INFO [set_image] total setup time 44.12s
[2026-02-06 13:38:41] INFO training 100 epochs | RSS=27616MB GPU_alloc=288MB GPU_reserved=310MB
[2026-02-06 13:38:42] INFO epoch 1/100 | RSS=27616MB GPU_alloc=907MB GPU_reserved=1774MB
[2026-02-06 13:38:46] INFO epoch 20/100 | RSS=27616MB GPU_alloc=907MB GPU_reserved=1774MB
[2026-02-06 13:38:50] INFO epoch 40/100 | RSS=27616MB GPU_alloc=907MB GPU_reserved=1774MB
[2026-02-06 13:38:54] INFO epoch 60/100 | RSS=27616MB GPU_alloc=907MB GPU_reserved=1774MB
[2026-02-06 13:38:58] INFO epoch 80/100 | RSS=27616MB GPU_alloc=907MB GPU_reserved=1774MB
[2026-02-06 13:39:02] INFO epoch 100/100 | RSS=27616MB GPU_alloc=907MB GPU_reserved=1774MB
[2026-02-06 13:39:02] INFO running predict | RSS=27616MB GPU_alloc=907MB GPU_reserved=1774MB
[2026-02-06 13:39:19] INFO recompute_viz DONE | RSS=27653MB GPU_alloc=907MB GPU_reserved=3936MB
[2026-02-06 13:40:20] INFO reload_viz using ROI (100 points) | RSS=27653MB GPU_alloc=907MB GPU_reserved=936MB
[2026-02-06 13:40:20] INFO recompute_viz START | RSS=27653MB GPU_alloc=907MB GPU_reserved=936MB
[2026-02-06 13:40:20] INFO releasing previous model (GPU + large tensors) | RSS=27653MB GPU_alloc=907MB GPU_reserved=936MB
[2026-02-06 13:40:21] INFO after release + gc + cuda empty_cache | RSS=27928MB GPU_alloc=16MB GPU_reserved=40MB
[2026-02-06 13:40:21] INFO ROI mask built H=1084 W=1225 roi_pixels=548377 | RSS=27929MB GPU_alloc=16MB GPU_reserved=40MB
[2026-02-06 13:40:21] INFO creating new MSIParametricMiCSLMC | RSS=27929MB GPU_alloc=16MB GPU_reserved=40MB
[2026-02-06 13:40:21] INFO category_annotations: 5 polygons | RSS=27929MB GPU_alloc=16MB GPU_reserved=40MB
[2026-02-06 13:40:21] INFO calling set_image(roi_mask=..., category_annotations=...) | RSS=27929MB GPU_alloc=16MB GPU_reserved=40MB
[2026-02-06 13:40:21] INFO [set_image] start: shape=(1084, 1225, 5001), roi_mask=True, category_annotations=True
[2026-02-06 13:40:23] INFO [set_image] reshape+mask done in 2.76s
[2026-02-06 13:40:43] INFO [set_image] sampling done in 19.88s (method=superpixel, sampled=5202)
[2026-02-06 13:40:44] INFO [set_image] model init done in 0.34s (input_dim=5001, n_components=3)
[2026-02-06 13:41:02] INFO [set_image] resample done in 18.09s (points=1000)
[2026-02-06 13:41:04] INFO [set_image] category labels done in 2.60s
[2026-02-06 13:41:06] INFO [set_image] clustering init done in 1.27s (levels=4)
[2026-02-06 13:41:06] INFO [set_image] optimizer init done in 0.00s (lr=1.0, warmup=10)
[2026-02-06 13:41:06] INFO [set_image] total setup time 44.95s
[2026-02-06 13:41:06] INFO training 100 epochs | RSS=27616MB GPU_alloc=288MB GPU_reserved=310MB
[2026-02-06 13:41:06] INFO epoch 1/100 | RSS=27616MB GPU_alloc=907MB GPU_reserved=1774MB
[2026-02-06 13:41:10] INFO epoch 20/100 | RSS=27616MB GPU_alloc=907MB GPU_reserved=1774MB
[2026-02-06 13:41:14] INFO epoch 40/100 | RSS=27616MB GPU_alloc=907MB GPU_reserved=1774MB
[2026-02-06 13:41:18] INFO epoch 60/100 | RSS=27616MB GPU_alloc=907MB GPU_reserved=1774MB
[2026-02-06 13:41:22] INFO epoch 80/100 | RSS=27616MB GPU_alloc=907MB GPU_reserved=1774MB
[2026-02-06 13:41:27] INFO epoch 100/100 | RSS=27616MB GPU_alloc=907MB GPU_reserved=1774MB
[2026-02-06 13:41:27] INFO running predict | RSS=27616MB GPU_alloc=907MB GPU_reserved=1774MB
[2026-02-06 13:41:43] INFO recompute_viz DONE | RSS=27653MB GPU_alloc=907MB GPU_reserved=3936MB
[2026-02-06 13:42:44] INFO reload_viz using ROI (100 points) | RSS=27653MB GPU_alloc=907MB GPU_reserved=936MB
[2026-02-06 13:42:44] INFO recompute_viz START | RSS=27653MB GPU_alloc=907MB GPU_reserved=936MB
[2026-02-06 13:42:44] INFO releasing previous model (GPU + large tensors) | RSS=27653MB GPU_alloc=907MB GPU_reserved=936MB
[2026-02-06 13:42:45] INFO after release + gc + cuda empty_cache | RSS=27928MB GPU_alloc=16MB GPU_reserved=40MB
[2026-02-06 13:42:45] INFO ROI mask built H=1084 W=1225 roi_pixels=548377 | RSS=27929MB GPU_alloc=16MB GPU_reserved=40MB
[2026-02-06 13:42:45] INFO creating new MSIParametricMiCSLMC | RSS=27929MB GPU_alloc=16MB GPU_reserved=40MB
[2026-02-06 13:42:45] INFO category_annotations: 5 polygons | RSS=27929MB GPU_alloc=16MB GPU_reserved=40MB
[2026-02-06 13:42:45] INFO calling set_image(roi_mask=..., category_annotations=...) | RSS=27929MB GPU_alloc=16MB GPU_reserved=40MB
[2026-02-06 13:42:45] INFO [set_image] start: shape=(1084, 1225, 5001), roi_mask=True, category_annotations=True
[2026-02-06 13:42:48] INFO [set_image] reshape+mask done in 2.87s
[2026-02-06 13:43:08] INFO [set_image] sampling done in 19.99s (method=superpixel, sampled=5202)
[2026-02-06 13:43:08] INFO [set_image] model init done in 0.54s (input_dim=5001, n_components=3)
[2026-02-06 13:43:26] INFO [set_image] resample done in 17.79s (points=1000)
[2026-02-06 13:43:29] INFO [set_image] category labels done in 2.72s
[2026-02-06 13:43:30] INFO [set_image] clustering init done in 1.26s (levels=4)
[2026-02-06 13:43:30] INFO [set_image] optimizer init done in 0.00s (lr=1.0, warmup=10)
[2026-02-06 13:43:30] INFO [set_image] total setup time 45.16s
[2026-02-06 13:43:30] INFO training 100 epochs | RSS=27616MB GPU_alloc=416MB GPU_reserved=438MB
[2026-02-06 13:43:31] INFO epoch 1/100 | RSS=27616MB GPU_alloc=1420MB GPU_reserved=2862MB
[2026-02-06 13:43:37] INFO epoch 20/100 | RSS=27616MB GPU_alloc=1420MB GPU_reserved=2862MB
[2026-02-06 13:43:43] INFO epoch 40/100 | RSS=27616MB GPU_alloc=1420MB GPU_reserved=2864MB
[2026-02-06 13:43:49] INFO epoch 60/100 | RSS=27616MB GPU_alloc=1420MB GPU_reserved=2864MB
[2026-02-06 13:43:56] INFO epoch 80/100 | RSS=27616MB GPU_alloc=1420MB GPU_reserved=2864MB
[2026-02-06 13:44:03] INFO epoch 100/100 | RSS=27616MB GPU_alloc=1420MB GPU_reserved=2864MB
[2026-02-06 13:44:03] INFO running predict | RSS=27616MB GPU_alloc=1420MB GPU_reserved=2864MB
[2026-02-06 13:44:25] INFO recompute_viz DONE | RSS=27653MB GPU_alloc=1420MB GPU_reserved=5026MB
[2026-02-06 16:27:54] INFO compute_initial_viz START | RSS=509MB GPU_alloc=0MB GPU_reserved=0MB
[2026-02-06 16:27:54] INFO config loaded | RSS=520MB GPU_alloc=0MB GPU_reserved=0MB
[2026-02-06 16:28:11] INFO image loaded shape=(1084,1225,5001) from E:\MSImaging-data\_msi_visual\Extractions\NRL4506-5um\Intelli-slide\5_bins\0.npy | RSS=25855MB GPU_alloc=0MB GPU_reserved=0MB
[2026-02-06 16:28:11] INFO creating new model and fitting | RSS=25855MB GPU_alloc=0MB GPU_reserved=0MB
[2026-02-06 16:28:11] INFO building model kwargs | RSS=25855MB GPU_alloc=0MB GPU_reserved=0MB
[2026-02-06 16:28:11] INFO model kwargs built in 0.00s | RSS=25855MB GPU_alloc=0MB GPU_reserved=0MB
[2026-02-06 16:28:11] INFO initializing model | RSS=25855MB GPU_alloc=0MB GPU_reserved=0MB
[2026-02-06 16:28:11] INFO model init done in 0.01s | RSS=25855MB GPU_alloc=0MB GPU_reserved=0MB
[2026-02-06 16:28:11] INFO starting model.fit (train) | RSS=25855MB GPU_alloc=0MB GPU_reserved=0MB
[2026-02-06 16:28:11] INFO [fit] set_image starting: shape=(1084, 1225, 5001)
[2026-02-06 16:28:11] INFO [set_image] start: shape=(1084, 1225, 5001), roi_mask=False, category_annotations=False
[2026-02-06 16:28:14] INFO [set_image] reshape+mask done in 2.49s
[2026-02-06 16:28:35] INFO [set_image] sampling done in 20.99s (method=superpixel, sampled=6588)
[2026-02-06 16:28:35] INFO [set_image] model init done in 0.23s (input_dim=5001, n_components=3)
[2026-02-06 16:28:58] INFO [set_image] resample done in 22.83s (points=1000)
[2026-02-06 16:29:00] INFO [set_image] category labels done in 2.69s
[2026-02-06 16:29:37] INFO [set_image] clustering init done in 37.10s (levels=4)
[2026-02-06 16:29:39] INFO [set_image] optimizer init done in 1.24s (lr=1.0, warmup=10)
[2026-02-06 16:29:39] INFO [set_image] total setup time 87.58s
[2026-02-06 16:29:39] INFO [fit] set_image done in 87.58s
[2026-02-06 16:29:39] INFO [fit] training loop starting: epochs=100
[2026-02-06 16:29:54] INFO [fit] training loop finished in 15.40s
[2026-02-06 16:29:54] INFO model.fit completed in 102.98s | RSS=27429MB GPU_alloc=380MB GPU_reserved=818MB
[2026-02-06 16:29:54] INFO running predict (train) | RSS=27429MB GPU_alloc=380MB GPU_reserved=818MB
[2026-02-06 16:30:08] INFO compute_initial_viz DONE | RSS=27478MB GPU_alloc=380MB GPU_reserved=2212MB
[2026-02-06 16:47:55] INFO compute_initial_viz START | RSS=508MB GPU_alloc=0MB GPU_reserved=0MB
[2026-02-06 16:47:55] INFO config loaded | RSS=520MB GPU_alloc=0MB GPU_reserved=0MB
[2026-02-06 16:48:12] INFO image loaded shape=(1084,1225,5001) from E:\MSImaging-data\_msi_visual\Extractions\NRL4506-5um\Intelli-slide\5_bins\0.npy | RSS=25855MB GPU_alloc=0MB GPU_reserved=0MB
[2026-02-06 16:48:12] INFO creating new model and fitting | RSS=25855MB GPU_alloc=0MB GPU_reserved=0MB
[2026-02-06 16:48:12] INFO building model kwargs | RSS=25855MB GPU_alloc=0MB GPU_reserved=0MB
[2026-02-06 16:48:12] INFO model kwargs built in 0.00s | RSS=25855MB GPU_alloc=0MB GPU_reserved=0MB
[2026-02-06 16:48:12] INFO initializing model | RSS=25855MB GPU_alloc=0MB GPU_reserved=0MB
[2026-02-06 16:48:12] INFO model init done in 0.00s | RSS=25855MB GPU_alloc=0MB GPU_reserved=0MB
[2026-02-06 16:48:12] INFO starting model.fit (train) | RSS=25855MB GPU_alloc=0MB GPU_reserved=0MB
[2026-02-06 16:48:12] INFO [fit] set_image starting: shape=(1084, 1225, 5001)
[2026-02-06 16:48:12] INFO [set_image] start: shape=(1084, 1225, 5001), roi_mask=False, category_annotations=False
[2026-02-06 16:48:15] INFO [set_image] reshape+mask done in 2.39s
[2026-02-06 16:48:36] INFO [set_image] sampling done in 21.33s (method=superpixel, sampled=6588)
[2026-02-06 16:48:36] INFO [set_image] model init done in 0.21s (input_dim=5001, n_components=3)
[2026-02-06 16:48:58] INFO [set_image] resample done in 21.89s (points=1000)
[2026-02-06 16:49:01] INFO [set_image] category labels done in 2.62s
[2026-02-06 16:49:37] INFO [set_image] clustering init done in 35.96s (levels=4)
[2026-02-06 16:49:38] INFO [set_image] optimizer init done in 1.18s (lr=1.0, warmup=10)
[2026-02-06 16:49:38] INFO [set_image] total setup time 85.58s
[2026-02-06 16:49:38] INFO [fit] set_image done in 85.58s
[2026-02-06 16:49:38] INFO [fit] training loop starting: epochs=100
[2026-02-06 16:49:53] INFO [fit] training loop finished in 15.08s
[2026-02-06 16:49:53] INFO model.fit completed in 100.66s | RSS=27428MB GPU_alloc=380MB GPU_reserved=818MB
[2026-02-06 16:49:53] INFO running predict (train) | RSS=27428MB GPU_alloc=380MB GPU_reserved=818MB
[2026-02-06 16:50:07] INFO compute_initial_viz DONE | RSS=27478MB GPU_alloc=380MB GPU_reserved=2212MB
[2026-02-06 16:53:06] INFO recompute_viz START | RSS=27490MB GPU_alloc=380MB GPU_reserved=2212MB
[2026-02-06 16:53:06] INFO releasing previous model (GPU + large tensors) | RSS=27490MB GPU_alloc=380MB GPU_reserved=2212MB
[2026-02-06 16:53:06] INFO after release + gc + cuda empty_cache | RSS=27475MB GPU_alloc=16MB GPU_reserved=40MB
[2026-02-06 16:53:06] INFO ROI mask built H=1084 W=1225 roi_pixels=6895 | RSS=27477MB GPU_alloc=16MB GPU_reserved=40MB
[2026-02-06 16:53:06] INFO creating new MSIParametricMiCSLMC | RSS=27477MB GPU_alloc=16MB GPU_reserved=40MB
[2026-02-06 16:53:06] INFO calling set_image(roi_mask=..., category_annotations=...) | RSS=27477MB GPU_alloc=16MB GPU_reserved=40MB
[2026-02-06 16:53:06] INFO [set_image] start: shape=(1084, 1225, 5001), roi_mask=True, category_annotations=False
[2026-02-06 16:53:10] INFO [set_image] reshape+mask done in 3.27s
[2026-02-06 16:53:35] INFO [set_image] sampling done in 25.08s (method=superpixel, sampled=624)
[2026-02-06 16:53:35] INFO [set_image] model init done in 0.12s (input_dim=5001, n_components=3)
[2026-02-06 16:53:36] INFO [set_image] resample done in 1.09s (points=624)
[2026-02-06 16:53:38] INFO [set_image] category labels done in 2.40s
[2026-02-06 16:53:42] INFO [set_image] clustering init done in 3.90s (levels=4)
[2026-02-06 16:53:42] INFO [set_image] optimizer init done in 0.00s (lr=1.0, warmup=10)
[2026-02-06 16:53:42] INFO [set_image] total setup time 35.88s
[2026-02-06 16:53:42] INFO training 100 epochs | RSS=27493MB GPU_alloc=108MB GPU_reserved=126MB
[2026-02-06 16:53:42] INFO epoch 1/100 | RSS=27493MB GPU_alloc=325MB GPU_reserved=516MB
[2026-02-06 16:53:43] INFO epoch 20/100 | RSS=27493MB GPU_alloc=325MB GPU_reserved=556MB
[2026-02-06 16:53:43] INFO epoch 40/100 | RSS=27493MB GPU_alloc=325MB GPU_reserved=556MB
[2026-02-06 16:53:43] INFO epoch 60/100 | RSS=27493MB GPU_alloc=325MB GPU_reserved=556MB
[2026-02-06 16:53:44] INFO epoch 80/100 | RSS=27494MB GPU_alloc=325MB GPU_reserved=556MB
[2026-02-06 16:53:44] INFO epoch 100/100 | RSS=27494MB GPU_alloc=325MB GPU_reserved=556MB
[2026-02-06 16:53:44] INFO running predict | RSS=27494MB GPU_alloc=325MB GPU_reserved=556MB
[2026-02-06 16:53:58] INFO recompute_viz DONE | RSS=27530MB GPU_alloc=325MB GPU_reserved=1950MB
[2026-02-06 16:55:21] INFO reload_viz using ROI (48 points) | RSS=27534MB GPU_alloc=325MB GPU_reserved=350MB
[2026-02-06 16:55:21] INFO recompute_viz START | RSS=27534MB GPU_alloc=325MB GPU_reserved=350MB
[2026-02-06 16:55:21] INFO releasing previous model (GPU + large tensors) | RSS=27534MB GPU_alloc=325MB GPU_reserved=350MB
[2026-02-06 16:55:21] INFO after release + gc + cuda empty_cache | RSS=27625MB GPU_alloc=16MB GPU_reserved=40MB
[2026-02-06 16:55:21] INFO ROI mask built H=1084 W=1225 roi_pixels=6895 | RSS=27627MB GPU_alloc=16MB GPU_reserved=40MB
[2026-02-06 16:55:21] INFO creating new MSIParametricMiCSLMC | RSS=27627MB GPU_alloc=16MB GPU_reserved=40MB
[2026-02-06 16:55:21] INFO calling set_image(roi_mask=..., category_annotations=...) | RSS=27627MB GPU_alloc=16MB GPU_reserved=40MB
[2026-02-06 16:55:21] INFO [set_image] start: shape=(1084, 1225, 5001), roi_mask=True, category_annotations=False
[2026-02-06 16:55:24] INFO [set_image] reshape+mask done in 2.79s
[2026-02-06 16:55:47] INFO [set_image] sampling done in 23.28s (method=superpixel, sampled=623)
[2026-02-06 16:55:48] INFO [set_image] model init done in 1.11s (input_dim=5001, n_components=3)
[2026-02-06 16:55:49] INFO [set_image] resample done in 1.09s (points=623)
[2026-02-06 16:55:51] INFO [set_image] category labels done in 2.34s
[2026-02-06 16:55:55] INFO [set_image] clustering init done in 3.86s (levels=4)
[2026-02-06 16:55:55] INFO [set_image] optimizer init done in 0.00s (lr=1.0, warmup=10)
[2026-02-06 16:55:55] INFO [set_image] total setup time 34.48s
[2026-02-06 16:55:55] INFO training 100 epochs | RSS=27504MB GPU_alloc=705MB GPU_reserved=724MB
[2026-02-06 16:55:56] INFO epoch 1/100 | RSS=27504MB GPU_alloc=2711MB GPU_reserved=3878MB
[2026-02-06 16:55:57] INFO epoch 20/100 | RSS=27504MB GPU_alloc=2711MB GPU_reserved=4136MB
[2026-02-06 16:55:58] INFO epoch 40/100 | RSS=27504MB GPU_alloc=2711MB GPU_reserved=4136MB
[2026-02-06 16:56:00] INFO epoch 60/100 | RSS=27504MB GPU_alloc=2711MB GPU_reserved=4136MB
[2026-02-06 16:56:01] INFO epoch 80/100 | RSS=27504MB GPU_alloc=2711MB GPU_reserved=4136MB
[2026-02-06 16:56:03] INFO epoch 100/100 | RSS=27504MB GPU_alloc=2711MB GPU_reserved=4136MB
[2026-02-06 16:56:03] INFO running predict | RSS=27504MB GPU_alloc=2711MB GPU_reserved=4136MB
[2026-02-06 16:56:36] INFO recompute_viz DONE | RSS=27532MB GPU_alloc=2711MB GPU_reserved=7834MB
[2026-02-06 16:57:14] INFO reload_viz using ROI (48 points) | RSS=27532MB GPU_alloc=2711MB GPU_reserved=2834MB
[2026-02-06 16:57:14] INFO recompute_viz START | RSS=27532MB GPU_alloc=2711MB GPU_reserved=2834MB
[2026-02-06 16:57:14] INFO releasing previous model (GPU + large tensors) | RSS=27532MB GPU_alloc=2711MB GPU_reserved=2834MB
[2026-02-06 16:57:14] INFO after release + gc + cuda empty_cache | RSS=28666MB GPU_alloc=16MB GPU_reserved=40MB
[2026-02-06 16:57:14] INFO ROI mask built H=1084 W=1225 roi_pixels=6895 | RSS=28668MB GPU_alloc=16MB GPU_reserved=40MB
[2026-02-06 16:57:14] INFO creating new MSIParametricMiCSLMC | RSS=28668MB GPU_alloc=16MB GPU_reserved=40MB
[2026-02-06 16:57:14] INFO calling set_image(roi_mask=..., category_annotations=...) | RSS=28668MB GPU_alloc=16MB GPU_reserved=40MB
[2026-02-06 16:57:14] INFO [set_image] start: shape=(1084, 1225, 5001), roi_mask=True, category_annotations=False
[2026-02-06 16:57:17] INFO [set_image] reshape+mask done in 2.68s
[2026-02-06 16:57:41] INFO [set_image] sampling done in 24.14s (method=superpixel, sampled=623)
[2026-02-06 16:57:41] INFO [set_image] model init done in 0.18s (input_dim=5001, n_components=3)
[2026-02-06 16:57:42] INFO [set_image] resample done in 1.05s (points=623)
[2026-02-06 16:57:45] INFO [set_image] category labels done in 2.52s
[2026-02-06 16:57:49] INFO [set_image] clustering init done in 3.91s (levels=4)
[2026-02-06 16:57:49] INFO [set_image] optimizer init done in 0.00s (lr=1.0, warmup=10)
[2026-02-06 16:57:49] INFO [set_image] total setup time 34.49s
[2026-02-06 16:57:49] INFO training 100 epochs | RSS=27501MB GPU_alloc=92MB GPU_reserved=110MB
[2026-02-06 16:57:49] INFO epoch 1/100 | RSS=27501MB GPU_alloc=261MB GPU_reserved=408MB
[2026-02-06 16:57:49] INFO epoch 20/100 | RSS=27501MB GPU_alloc=261MB GPU_reserved=448MB
[2026-02-06 16:57:50] INFO epoch 40/100 | RSS=27501MB GPU_alloc=261MB GPU_reserved=448MB
[2026-02-06 16:57:50] INFO epoch 60/100 | RSS=27501MB GPU_alloc=261MB GPU_reserved=448MB
[2026-02-06 16:57:50] INFO epoch 80/100 | RSS=27501MB GPU_alloc=261MB GPU_reserved=448MB
[2026-02-06 16:57:50] INFO epoch 100/100 | RSS=27501MB GPU_alloc=261MB GPU_reserved=448MB
[2026-02-06 16:57:50] INFO running predict | RSS=27501MB GPU_alloc=261MB GPU_reserved=448MB
[2026-02-06 16:58:03] INFO recompute_viz DONE | RSS=27537MB GPU_alloc=261MB GPU_reserved=1842MB
[2026-02-06 16:58:51] INFO recompute_viz START | RSS=27537MB GPU_alloc=261MB GPU_reserved=278MB
[2026-02-06 16:58:51] INFO releasing previous model (GPU + large tensors) | RSS=27537MB GPU_alloc=261MB GPU_reserved=278MB
[2026-02-06 16:58:52] INFO after release + gc + cuda empty_cache | RSS=27558MB GPU_alloc=16MB GPU_reserved=40MB
[2026-02-06 16:58:52] INFO ROI mask built H=1084 W=1225 roi_pixels=108501 | RSS=27559MB GPU_alloc=16MB GPU_reserved=40MB
[2026-02-06 16:58:52] INFO creating new MSIParametricMiCSLMC | RSS=27559MB GPU_alloc=16MB GPU_reserved=40MB
[2026-02-06 16:58:52] INFO calling set_image(roi_mask=..., category_annotations=...) | RSS=27559MB GPU_alloc=16MB GPU_reserved=40MB
[2026-02-06 16:58:52] INFO [set_image] start: shape=(1084, 1225, 5001), roi_mask=True, category_annotations=False
[2026-02-06 16:58:54] INFO [set_image] reshape+mask done in 2.47s
[2026-02-06 16:59:12] INFO [set_image] sampling done in 17.85s (method=superpixel, sampled=1332)
[2026-02-06 16:59:12] INFO [set_image] model init done in 0.09s (input_dim=5001, n_components=3)
[2026-02-06 16:59:16] INFO [set_image] resample done in 4.24s (points=1000)
[2026-02-06 16:59:19] INFO [set_image] category labels done in 2.36s
[2026-02-06 16:59:27] INFO [set_image] clustering init done in 8.04s (levels=4)
[2026-02-06 16:59:27] INFO [set_image] optimizer init done in 0.00s (lr=1.0, warmup=10)
[2026-02-06 16:59:27] INFO [set_image] total setup time 35.05s
[2026-02-06 16:59:27] INFO training 100 epochs | RSS=27519MB GPU_alloc=108MB GPU_reserved=118MB
[2026-02-06 16:59:27] INFO epoch 1/100 | RSS=27519MB GPU_alloc=276MB GPU_reserved=512MB
[2026-02-06 16:59:28] INFO epoch 20/100 | RSS=27519MB GPU_alloc=276MB GPU_reserved=512MB
[2026-02-06 16:59:28] INFO epoch 40/100 | RSS=27519MB GPU_alloc=276MB GPU_reserved=512MB
[2026-02-06 16:59:29] INFO epoch 60/100 | RSS=27519MB GPU_alloc=276MB GPU_reserved=512MB
[2026-02-06 16:59:30] INFO epoch 80/100 | RSS=27519MB GPU_alloc=276MB GPU_reserved=512MB
[2026-02-06 16:59:30] INFO epoch 100/100 | RSS=27519MB GPU_alloc=276MB GPU_reserved=512MB
[2026-02-06 16:59:30] INFO running predict | RSS=27519MB GPU_alloc=276MB GPU_reserved=512MB
[2026-02-06 16:59:43] INFO recompute_viz DONE | RSS=27556MB GPU_alloc=276MB GPU_reserved=1906MB
[2026-02-06 17:01:00] INFO reload_viz using ROI (76 points) | RSS=27556MB GPU_alloc=276MB GPU_reserved=294MB
[2026-02-06 17:01:00] INFO recompute_viz START | RSS=27556MB GPU_alloc=276MB GPU_reserved=294MB
[2026-02-06 17:01:00] INFO releasing previous model (GPU + large tensors) | RSS=27556MB GPU_alloc=276MB GPU_reserved=294MB
[2026-02-06 17:01:00] INFO after release + gc + cuda empty_cache | RSS=27563MB GPU_alloc=16MB GPU_reserved=40MB
[2026-02-06 17:01:00] INFO ROI mask built H=1084 W=1225 roi_pixels=108501 | RSS=27564MB GPU_alloc=16MB GPU_reserved=40MB
[2026-02-06 17:01:00] INFO creating new MSIParametricMiCSLMC | RSS=27564MB GPU_alloc=16MB GPU_reserved=40MB
[2026-02-06 17:01:00] INFO calling set_image(roi_mask=..., category_annotations=...) | RSS=27564MB GPU_alloc=16MB GPU_reserved=40MB
[2026-02-06 17:01:00] INFO [set_image] start: shape=(1084, 1225, 5001), roi_mask=True, category_annotations=False
[2026-02-06 17:01:03] INFO [set_image] reshape+mask done in 2.95s
[2026-02-06 17:01:22] INFO [set_image] sampling done in 18.50s (method=superpixel, sampled=1332)
[2026-02-06 17:01:22] INFO [set_image] model init done in 0.18s (input_dim=5001, n_components=3)
[2026-02-06 17:01:26] INFO [set_image] resample done in 4.39s (points=1000)
[2026-02-06 17:01:29] INFO [set_image] category labels done in 2.47s
[2026-02-06 17:01:37] INFO [set_image] clustering init done in 7.83s (levels=4)
[2026-02-06 17:01:37] INFO [set_image] optimizer init done in 0.00s (lr=1.0, warmup=10)
[2026-02-06 17:01:37] INFO [set_image] total setup time 36.33s
[2026-02-06 17:01:37] INFO training 100 epochs | RSS=27519MB GPU_alloc=156MB GPU_reserved=166MB
[2026-02-06 17:01:37] INFO epoch 1/100 | RSS=27519MB GPU_alloc=468MB GPU_reserved=984MB
[2026-02-06 17:01:38] INFO epoch 20/100 | RSS=27519MB GPU_alloc=468MB GPU_reserved=1026MB
[2026-02-06 17:01:39] INFO epoch 40/100 | RSS=27519MB GPU_alloc=468MB GPU_reserved=1026MB
[2026-02-06 17:01:40] INFO epoch 60/100 | RSS=27519MB GPU_alloc=468MB GPU_reserved=1026MB
[2026-02-06 17:01:40] INFO epoch 80/100 | RSS=27519MB GPU_alloc=468MB GPU_reserved=1026MB
[2026-02-06 17:01:41] INFO epoch 100/100 | RSS=27519MB GPU_alloc=468MB GPU_reserved=1026MB
[2026-02-06 17:01:41] INFO running predict | RSS=27519MB GPU_alloc=468MB GPU_reserved=1026MB
[2026-02-06 17:01:56] INFO recompute_viz DONE | RSS=27556MB GPU_alloc=468MB GPU_reserved=2420MB
[2026-02-06 17:03:44] INFO reload_viz using ROI (76 points) | RSS=27556MB GPU_alloc=468MB GPU_reserved=514MB
[2026-02-06 17:03:44] INFO recompute_viz START | RSS=27556MB GPU_alloc=468MB GPU_reserved=514MB
[2026-02-06 17:03:44] INFO releasing previous model (GPU + large tensors) | RSS=27556MB GPU_alloc=468MB GPU_reserved=514MB
[2026-02-06 17:03:45] INFO after release + gc + cuda empty_cache | RSS=27699MB GPU_alloc=16MB GPU_reserved=40MB
[2026-02-06 17:03:45] INFO ROI mask built H=1084 W=1225 roi_pixels=108501 | RSS=27700MB GPU_alloc=16MB GPU_reserved=40MB
[2026-02-06 17:03:45] INFO creating new MSIParametricMiCSLMC | RSS=27700MB GPU_alloc=16MB GPU_reserved=40MB
[2026-02-06 17:03:45] INFO calling set_image(roi_mask=..., category_annotations=...) | RSS=27700MB GPU_alloc=16MB GPU_reserved=40MB
[2026-02-06 17:03:45] INFO [set_image] start: shape=(1084, 1225, 5001), roi_mask=True, category_annotations=False
[2026-02-06 17:03:47] INFO [set_image] reshape+mask done in 2.68s
[2026-02-06 17:04:11] INFO [set_image] sampling done in 23.67s (method=superpixel, sampled=6538)
[2026-02-06 17:04:11] INFO [set_image] model init done in 0.13s (input_dim=5001, n_components=3)
[2026-02-06 17:04:30] INFO [set_image] resample done in 18.82s (points=1000)
[2026-02-06 17:04:32] INFO [set_image] category labels done in 2.33s
[2026-02-06 17:05:08] INFO [set_image] clustering init done in 36.05s (levels=4)
[2026-02-06 17:05:08] INFO [set_image] optimizer init done in 0.00s (lr=1.0, warmup=10)
[2026-02-06 17:05:08] INFO [set_image] total setup time 83.69s
[2026-02-06 17:05:08] INFO training 100 epochs | RSS=27633MB GPU_alloc=163MB GPU_reserved=184MB
[2026-02-06 17:05:09] INFO epoch 1/100 | RSS=27633MB GPU_alloc=380MB GPU_reserved=814MB
[2026-02-06 17:05:11] INFO epoch 20/100 | RSS=27633MB GPU_alloc=380MB GPU_reserved=814MB
[2026-02-06 17:05:14] INFO epoch 40/100 | RSS=27633MB GPU_alloc=380MB GPU_reserved=816MB
[2026-02-06 17:05:17] INFO epoch 60/100 | RSS=27633MB GPU_alloc=380MB GPU_reserved=816MB
[2026-02-06 17:05:20] INFO epoch 80/100 | RSS=27633MB GPU_alloc=380MB GPU_reserved=816MB
[2026-02-06 17:05:23] INFO epoch 100/100 | RSS=27633MB GPU_alloc=380MB GPU_reserved=816MB
[2026-02-06 17:05:23] INFO running predict | RSS=27633MB GPU_alloc=380MB GPU_reserved=816MB
[2026-02-06 17:05:36] INFO recompute_viz DONE | RSS=27670MB GPU_alloc=380MB GPU_reserved=2210MB
[2026-02-06 17:07:55] INFO recompute_viz START | RSS=27670MB GPU_alloc=380MB GPU_reserved=424MB
[2026-02-06 17:07:55] INFO releasing previous model (GPU + large tensors) | RSS=27670MB GPU_alloc=380MB GPU_reserved=424MB
[2026-02-06 17:07:56] INFO after release + gc + cuda empty_cache | RSS=27649MB GPU_alloc=16MB GPU_reserved=40MB
[2026-02-06 17:07:56] INFO ROI mask built H=1084 W=1225 roi_pixels=908114 | RSS=27650MB GPU_alloc=16MB GPU_reserved=40MB
[2026-02-06 17:07:56] INFO creating new MSIParametricMiCSLMC | RSS=27650MB GPU_alloc=16MB GPU_reserved=40MB
[2026-02-06 17:07:56] INFO category_annotations: 5 polygons | RSS=27650MB GPU_alloc=16MB GPU_reserved=40MB
[2026-02-06 17:07:56] INFO calling set_image(roi_mask=..., category_annotations=...) | RSS=27650MB GPU_alloc=16MB GPU_reserved=40MB
[2026-02-06 17:07:56] INFO [set_image] start: shape=(1084, 1225, 5001), roi_mask=True, category_annotations=True
[2026-02-06 17:07:59] INFO [set_image] reshape+mask done in 3.32s
[2026-02-06 17:08:18] INFO [set_image] sampling done in 18.68s (method=superpixel, sampled=5305)
[2026-02-06 17:08:18] INFO [set_image] model init done in 0.13s (input_dim=5001, n_components=3)
[2026-02-06 17:08:35] INFO [set_image] resample done in 16.52s (points=1000)
[2026-02-06 17:08:37] INFO [set_image] category labels done in 2.58s
[2026-02-06 17:09:08] INFO [set_image] clustering init done in 31.02s (levels=4)
[2026-02-06 17:09:08] INFO [set_image] optimizer init done in 0.00s (lr=1.0, warmup=10)
[2026-02-06 17:09:08] INFO [set_image] total setup time 72.25s
[2026-02-06 17:09:08] INFO training 100 epochs | RSS=27611MB GPU_alloc=154MB GPU_reserved=176MB
[2026-02-06 17:09:09] INFO epoch 1/100 | RSS=27611MB GPU_alloc=370MB GPU_reserved=806MB
[2026-02-06 17:09:11] INFO epoch 20/100 | RSS=27611MB GPU_alloc=370MB GPU_reserved=810MB
[2026-02-06 17:09:13] INFO epoch 40/100 | RSS=27611MB GPU_alloc=370MB GPU_reserved=810MB
[2026-02-06 17:09:16] INFO epoch 60/100 | RSS=27611MB GPU_alloc=370MB GPU_reserved=810MB
[2026-02-06 17:09:19] INFO epoch 80/100 | RSS=27611MB GPU_alloc=370MB GPU_reserved=810MB
[2026-02-06 17:09:21] INFO epoch 100/100 | RSS=27611MB GPU_alloc=370MB GPU_reserved=810MB
[2026-02-06 17:09:21] INFO running predict | RSS=27611MB GPU_alloc=370MB GPU_reserved=810MB
[2026-02-06 17:09:35] INFO recompute_viz DONE | RSS=27647MB GPU_alloc=370MB GPU_reserved=2204MB
[2026-02-06 17:36:37] INFO reload_viz using ROI (128 points) | RSS=27647MB GPU_alloc=370MB GPU_reserved=412MB
[2026-02-06 17:36:37] INFO recompute_viz START | RSS=27647MB GPU_alloc=370MB GPU_reserved=412MB
[2026-02-06 17:36:37] INFO releasing previous model (GPU + large tensors) | RSS=27647MB GPU_alloc=370MB GPU_reserved=412MB
[2026-02-06 17:36:37] INFO after release + gc + cuda empty_cache | RSS=27650MB GPU_alloc=16MB GPU_reserved=40MB
[2026-02-06 17:36:37] INFO ROI mask built H=1084 W=1225 roi_pixels=908114 | RSS=27651MB GPU_alloc=16MB GPU_reserved=40MB
[2026-02-06 17:36:37] INFO creating new MSIParametricMiCSLMC | RSS=27651MB GPU_alloc=16MB GPU_reserved=40MB
[2026-02-06 17:36:37] INFO category_annotations: 5 polygons | RSS=27651MB GPU_alloc=16MB GPU_reserved=40MB
[2026-02-06 17:36:37] INFO calling set_image(roi_mask=..., category_annotations=...) | RSS=27651MB GPU_alloc=16MB GPU_reserved=40MB
[2026-02-06 17:36:37] INFO [set_image] start: shape=(1084, 1225, 5001), roi_mask=True, category_annotations=True
[2026-02-06 17:36:42] INFO [set_image] reshape+mask done in 4.32s
[2026-02-06 17:37:02] INFO [set_image] sampling done in 20.47s (method=superpixel, sampled=5344)
[2026-02-06 17:37:02] INFO [set_image] model init done in 0.13s (input_dim=5001, n_components=3)
[2026-02-06 17:37:19] INFO [set_image] resample done in 17.22s (points=1000)
[2026-02-06 17:37:22] INFO [set_image] category labels done in 2.55s
[2026-02-06 17:37:53] INFO [set_image] clustering init done in 31.10s (levels=4)
[2026-02-06 17:37:53] INFO [set_image] optimizer init done in 0.00s (lr=1.0, warmup=10)
[2026-02-06 17:37:53] INFO [set_image] total setup time 75.79s
[2026-02-06 17:37:53] INFO training 100 epochs | RSS=27612MB GPU_alloc=154MB GPU_reserved=176MB
[2026-02-06 17:37:53] INFO epoch 1/100 | RSS=27612MB GPU_alloc=371MB GPU_reserved=806MB
[2026-02-06 17:37:56] INFO epoch 20/100 | RSS=27612MB GPU_alloc=371MB GPU_reserved=810MB
[2026-02-06 17:37:58] INFO epoch 40/100 | RSS=27612MB GPU_alloc=371MB GPU_reserved=810MB
[2026-02-06 17:38:01] INFO epoch 60/100 | RSS=27612MB GPU_alloc=371MB GPU_reserved=810MB
[2026-02-06 17:38:03] INFO epoch 80/100 | RSS=27612MB GPU_alloc=371MB GPU_reserved=810MB
[2026-02-06 17:38:06] INFO epoch 100/100 | RSS=27612MB GPU_alloc=371MB GPU_reserved=810MB
[2026-02-06 17:38:06] INFO running predict | RSS=27612MB GPU_alloc=371MB GPU_reserved=810MB
[2026-02-06 17:38:20] INFO recompute_viz DONE | RSS=27648MB GPU_alloc=371MB GPU_reserved=2204MB
[2026-02-06 17:49:23] INFO compute_initial_viz START | RSS=508MB GPU_alloc=0MB GPU_reserved=0MB
[2026-02-06 17:49:23] INFO config loaded | RSS=520MB GPU_alloc=0MB GPU_reserved=0MB
[2026-02-06 17:49:41] INFO image loaded shape=(1084,1225,5001) from E:\MSImaging-data\_msi_visual\Extractions\NRL4506-5um\Intelli-slide\5_bins\0.npy | RSS=25855MB GPU_alloc=0MB GPU_reserved=0MB
[2026-02-06 17:49:41] INFO creating new model and fitting | RSS=25855MB GPU_alloc=0MB GPU_reserved=0MB
[2026-02-06 17:49:41] INFO building model kwargs | RSS=25855MB GPU_alloc=0MB GPU_reserved=0MB
[2026-02-06 17:49:41] INFO model kwargs built in 0.00s | RSS=25855MB GPU_alloc=0MB GPU_reserved=0MB
[2026-02-06 17:49:41] INFO initializing model | RSS=25855MB GPU_alloc=0MB GPU_reserved=0MB
[2026-02-06 17:49:41] INFO model init done in 0.00s | RSS=25855MB GPU_alloc=0MB GPU_reserved=0MB
[2026-02-06 17:49:41] INFO starting model.fit (train) | RSS=25855MB GPU_alloc=0MB GPU_reserved=0MB
[2026-02-06 17:49:41] INFO [fit] set_image starting: shape=(1084, 1225, 5001)
[2026-02-06 17:49:41] INFO [set_image] start: shape=(1084, 1225, 5001), roi_mask=False, category_annotations=False
[2026-02-06 17:49:44] INFO [set_image] reshape+mask done in 2.47s
[2026-02-06 17:50:05] INFO [set_image] sampling done in 21.27s (method=superpixel, sampled=6588)
[2026-02-06 17:50:05] INFO [set_image] model init done in 0.21s (input_dim=5001, n_components=3)
[2026-02-06 17:50:28] INFO [set_image] resample done in 22.57s (points=1000)
[2026-02-06 17:50:30] INFO [set_image] category labels done in 2.50s
[2026-02-06 17:51:07] INFO [set_image] clustering init done in 37.01s (levels=4)
[2026-02-06 17:51:08] INFO [set_image] optimizer init done in 1.20s (lr=1.0, warmup=10)
[2026-02-06 17:51:08] INFO [set_image] total setup time 87.23s
[2026-02-06 17:51:08] INFO [fit] set_image done in 87.23s
[2026-02-06 17:51:08] INFO [fit] training loop starting: epochs=100
[2026-02-06 17:51:24] INFO [fit] training loop finished in 15.47s
[2026-02-06 17:51:24] INFO model.fit completed in 102.70s | RSS=27430MB GPU_alloc=380MB GPU_reserved=818MB
[2026-02-06 17:51:24] INFO running predict (train) | RSS=27430MB GPU_alloc=380MB GPU_reserved=818MB
[2026-02-06 17:51:38] INFO compute_initial_viz DONE | RSS=27479MB GPU_alloc=380MB GPU_reserved=2212MB
[2026-02-06 17:51:54] INFO reload_viz using full image (no ROI) | RSS=27491MB GPU_alloc=380MB GPU_reserved=2212MB
[2026-02-06 17:51:54] INFO compute_initial_viz START | RSS=27491MB GPU_alloc=380MB GPU_reserved=2212MB
[2026-02-06 17:51:54] INFO config loaded | RSS=27476MB GPU_alloc=16MB GPU_reserved=40MB
[2026-02-06 17:55:18] INFO image loaded shape=(1274,1283,10010) from E:\MSImaging-data\_msi_visual\Extractions\NRL4558_5um\10bins\2\0.npy | RSS=89892MB GPU_alloc=16MB GPU_reserved=40MB
[2026-02-06 17:55:18] INFO creating new model and fitting | RSS=89892MB GPU_alloc=16MB GPU_reserved=40MB
[2026-02-06 17:55:18] INFO building model kwargs | RSS=89892MB GPU_alloc=16MB GPU_reserved=40MB
[2026-02-06 17:55:18] INFO model kwargs built in 0.00s | RSS=89892MB GPU_alloc=16MB GPU_reserved=40MB
[2026-02-06 17:55:18] INFO initializing model | RSS=89892MB GPU_alloc=16MB GPU_reserved=40MB
[2026-02-06 17:55:18] INFO model init done in 0.00s | RSS=89892MB GPU_alloc=16MB GPU_reserved=40MB
[2026-02-06 17:55:18] INFO starting model.fit (train) | RSS=89892MB GPU_alloc=16MB GPU_reserved=40MB
[2026-02-06 17:55:18] INFO [fit] set_image starting: shape=(1274, 1283, 10010)
[2026-02-06 17:55:18] INFO [set_image] start: shape=(1274, 1283, 10010), roi_mask=False, category_annotations=False
[2026-02-06 17:55:25] INFO [set_image] reshape+mask done in 6.46s
[2026-02-06 17:56:14] INFO [set_image] sampling done in 48.73s (method=superpixel, sampled=5445)
[2026-02-06 17:56:14] INFO [set_image] model init done in 0.19s (input_dim=10010, n_components=3)
[2026-02-06 17:56:51] INFO [set_image] resample done in 36.89s (points=1000)
[2026-02-06 17:56:57] INFO [set_image] category labels done in 6.36s
[2026-02-06 17:57:51] INFO [set_image] clustering init done in 53.48s (levels=4)
[2026-02-06 17:57:51] INFO [set_image] optimizer init done in 0.00s (lr=1.0, warmup=10)
[2026-02-06 17:57:51] INFO [set_image] total setup time 152.11s
[2026-02-06 17:57:51] INFO [fit] set_image done in 152.12s
[2026-02-06 17:57:51] INFO [fit] training loop starting: epochs=100
[2026-02-06 17:58:09] INFO [fit] training loop finished in 17.92s
[2026-02-06 17:58:09] INFO model.fit completed in 170.04s | RSS=90130MB GPU_alloc=544MB GPU_reserved=1028MB
[2026-02-06 17:58:09] INFO running predict (train) | RSS=90130MB GPU_alloc=544MB GPU_reserved=1028MB
[2026-02-06 17:58:34] INFO compute_initial_viz DONE | RSS=90175MB GPU_alloc=544MB GPU_reserved=3048MB
[2026-02-06 17:59:05] INFO reload_viz using full image (no ROI) | RSS=90171MB GPU_alloc=544MB GPU_reserved=3048MB
[2026-02-06 17:59:05] INFO compute_initial_viz START | RSS=90171MB GPU_alloc=544MB GPU_reserved=3048MB
[2026-02-06 17:59:11] INFO config loaded | RSS=27731MB GPU_alloc=16MB GPU_reserved=40MB
[2026-02-06 17:59:33] INFO image loaded shape=(1274,1283,5005) from E:\MSImaging-data\_msi_visual\Extractions\NRL4558_5um\5bins\2\0.npy | RSS=58938MB GPU_alloc=16MB GPU_reserved=40MB
[2026-02-06 17:59:33] INFO creating new model and fitting | RSS=58938MB GPU_alloc=16MB GPU_reserved=40MB
[2026-02-06 17:59:33] INFO building model kwargs | RSS=58938MB GPU_alloc=16MB GPU_reserved=40MB
[2026-02-06 17:59:33] INFO model kwargs built in 0.00s | RSS=58938MB GPU_alloc=16MB GPU_reserved=40MB
[2026-02-06 17:59:33] INFO initializing model | RSS=58938MB GPU_alloc=16MB GPU_reserved=40MB
[2026-02-06 17:59:33] INFO model init done in 0.00s | RSS=58938MB GPU_alloc=16MB GPU_reserved=40MB
[2026-02-06 17:59:33] INFO starting model.fit (train) | RSS=58938MB GPU_alloc=16MB GPU_reserved=40MB
[2026-02-06 17:59:33] INFO [fit] set_image starting: shape=(1274, 1283, 5005)
[2026-02-06 17:59:33] INFO [set_image] start: shape=(1274, 1283, 5005), roi_mask=False, category_annotations=False
[2026-02-06 17:59:36] INFO [set_image] reshape+mask done in 3.03s
[2026-02-06 18:00:04] INFO [set_image] sampling done in 27.91s (method=superpixel, sampled=5353)
[2026-02-06 18:00:04] INFO [set_image] model init done in 0.13s (input_dim=5005, n_components=3)
[2026-02-06 18:00:22] INFO [set_image] resample done in 17.20s (points=1000)
[2026-02-06 18:00:25] INFO [set_image] category labels done in 3.02s
[2026-02-06 18:00:56] INFO [set_image] clustering init done in 31.80s (levels=4)
[2026-02-06 18:00:56] INFO [set_image] optimizer init done in 0.00s (lr=1.0, warmup=10)
[2026-02-06 18:00:56] INFO [set_image] total setup time 83.09s
[2026-02-06 18:00:56] INFO [fit] set_image done in 83.10s
[2026-02-06 18:00:56] INFO [fit] training loop starting: epochs=100
[2026-02-06 18:01:09] INFO [fit] training loop finished in 12.49s
[2026-02-06 18:01:09] INFO model.fit completed in 95.58s | RSS=58821MB GPU_alloc=372MB GPU_reserved=812MB
[2026-02-06 18:01:09] INFO running predict (train) | RSS=58821MB GPU_alloc=372MB GPU_reserved=812MB
[2026-02-06 18:01:26] INFO compute_initial_viz DONE | RSS=58866MB GPU_alloc=372MB GPU_reserved=2206MB
[2026-02-06 18:02:37] INFO reload_viz using ROI (37 points) | RSS=58866MB GPU_alloc=372MB GPU_reserved=2206MB
[2026-02-06 18:02:37] INFO recompute_viz START | RSS=58866MB GPU_alloc=372MB GPU_reserved=2206MB
[2026-02-06 18:02:37] INFO releasing previous model (GPU + large tensors) | RSS=58866MB GPU_alloc=372MB GPU_reserved=2206MB
[2026-02-06 18:02:37] INFO after release + gc + cuda empty_cache | RSS=58864MB GPU_alloc=16MB GPU_reserved=40MB
[2026-02-06 18:02:37] INFO ROI mask built H=1274 W=1283 roi_pixels=5004 | RSS=58865MB GPU_alloc=16MB GPU_reserved=40MB
[2026-02-06 18:02:37] INFO creating new MSIParametricMiCSLMC | RSS=58865MB GPU_alloc=16MB GPU_reserved=40MB
[2026-02-06 18:02:37] INFO calling set_image(roi_mask=..., category_annotations=...) | RSS=58865MB GPU_alloc=16MB GPU_reserved=40MB
[2026-02-06 18:02:37] INFO [set_image] start: shape=(1274, 1283, 5005), roi_mask=True, category_annotations=False
[2026-02-06 18:02:40] INFO [set_image] reshape+mask done in 2.97s
[2026-02-06 18:03:09] INFO [set_image] sampling done in 28.33s (method=superpixel, sampled=438)
[2026-02-06 18:03:09] INFO [set_image] model init done in 0.13s (input_dim=5005, n_components=3)
[2026-02-06 18:03:09] INFO [set_image] resample done in 0.44s (points=438)
[2026-02-06 18:03:12] INFO [set_image] category labels done in 3.14s
[2026-02-06 18:03:13] INFO [set_image] clustering init done in 0.35s (levels=4)
[2026-02-06 18:03:13] INFO [set_image] optimizer init done in 0.00s (lr=1.0, warmup=10)
[2026-02-06 18:03:13] INFO [set_image] total setup time 35.36s
[2026-02-06 18:03:13] INFO training 100 epochs | RSS=58733MB GPU_alloc=104MB GPU_reserved=114MB
[2026-02-06 18:03:13] INFO epoch 1/100 | RSS=58733MB GPU_alloc=321MB GPU_reserved=488MB
[2026-02-06 18:03:13] INFO epoch 20/100 | RSS=58733MB GPU_alloc=321MB GPU_reserved=532MB
[2026-02-06 18:03:13] INFO epoch 40/100 | RSS=58733MB GPU_alloc=321MB GPU_reserved=532MB
[2026-02-06 18:03:14] INFO epoch 60/100 | RSS=58733MB GPU_alloc=321MB GPU_reserved=534MB
[2026-02-06 18:03:14] INFO epoch 80/100 | RSS=58733MB GPU_alloc=321MB GPU_reserved=534MB
[2026-02-06 18:03:14] INFO epoch 100/100 | RSS=58733MB GPU_alloc=321MB GPU_reserved=534MB
[2026-02-06 18:03:14] INFO running predict | RSS=58733MB GPU_alloc=321MB GPU_reserved=534MB
[2026-02-06 18:03:32] INFO recompute_viz DONE | RSS=58779MB GPU_alloc=321MB GPU_reserved=1928MB
[2026-02-06 18:04:50] INFO recompute_viz START | RSS=58779MB GPU_alloc=321MB GPU_reserved=338MB
[2026-02-06 18:04:50] INFO releasing previous model (GPU + large tensors) | RSS=58779MB GPU_alloc=321MB GPU_reserved=338MB
[2026-02-06 18:04:50] INFO after release + gc + cuda empty_cache | RSS=58869MB GPU_alloc=16MB GPU_reserved=40MB
[2026-02-06 18:04:50] INFO ROI mask built H=1274 W=1283 roi_pixels=93142 | RSS=58870MB GPU_alloc=16MB GPU_reserved=40MB
[2026-02-06 18:04:50] INFO creating new MSIParametricMiCSLMC | RSS=58870MB GPU_alloc=16MB GPU_reserved=40MB
[2026-02-06 18:04:50] INFO category_annotations: 3 polygons | RSS=58870MB GPU_alloc=16MB GPU_reserved=40MB
[2026-02-06 18:04:50] INFO calling set_image(roi_mask=..., category_annotations=...) | RSS=58870MB GPU_alloc=16MB GPU_reserved=40MB
[2026-02-06 18:04:50] INFO [set_image] start: shape=(1274, 1283, 5005), roi_mask=True, category_annotations=True
[2026-02-06 18:04:53] INFO [set_image] reshape+mask done in 3.43s
[2026-02-06 18:05:16] INFO [set_image] sampling done in 22.91s (method=superpixel, sampled=1088)
[2026-02-06 18:05:16] INFO [set_image] model init done in 0.12s (input_dim=5005, n_components=3)
[2026-02-06 18:05:20] INFO [set_image] resample done in 3.72s (points=1000)
[2026-02-06 18:05:23] INFO [set_image] category labels done in 2.90s
[2026-02-06 18:05:30] INFO [set_image] clustering init done in 6.55s (levels=4)
[2026-02-06 18:05:30] INFO [set_image] optimizer init done in 0.00s (lr=1.0, warmup=10)
[2026-02-06 18:05:30] INFO [set_image] total setup time 39.63s
[2026-02-06 18:05:30] INFO training 100 epochs | RSS=58746MB GPU_alloc=123MB GPU_reserved=134MB
[2026-02-06 18:05:30] INFO epoch 1/100 | RSS=58746MB GPU_alloc=339MB GPU_reserved=648MB
[2026-02-06 18:05:31] INFO epoch 20/100 | RSS=58746MB GPU_alloc=339MB GPU_reserved=690MB
[2026-02-06 18:05:31] INFO epoch 40/100 | RSS=58746MB GPU_alloc=339MB GPU_reserved=690MB
[2026-02-06 18:05:32] INFO epoch 60/100 | RSS=58746MB GPU_alloc=339MB GPU_reserved=690MB
[2026-02-06 18:05:33] INFO epoch 80/100 | RSS=58746MB GPU_alloc=339MB GPU_reserved=690MB
[2026-02-06 18:05:33] INFO epoch 100/100 | RSS=58746MB GPU_alloc=339MB GPU_reserved=690MB
[2026-02-06 18:05:33] INFO running predict | RSS=58746MB GPU_alloc=339MB GPU_reserved=690MB
[2026-02-06 18:05:50] INFO recompute_viz DONE | RSS=58792MB GPU_alloc=339MB GPU_reserved=2084MB
[2026-02-06 18:09:27] INFO recompute_viz START | RSS=58792MB GPU_alloc=339MB GPU_reserved=368MB
[2026-02-06 18:09:27] INFO releasing previous model (GPU + large tensors) | RSS=58792MB GPU_alloc=339MB GPU_reserved=368MB
[2026-02-06 18:09:27] INFO after release + gc + cuda empty_cache | RSS=58869MB GPU_alloc=16MB GPU_reserved=40MB
[2026-02-06 18:09:27] INFO ROI mask built H=1274 W=1283 roi_pixels=185429 | RSS=58871MB GPU_alloc=16MB GPU_reserved=40MB
[2026-02-06 18:09:27] INFO creating new MSIParametricMiCSLMC | RSS=58871MB GPU_alloc=16MB GPU_reserved=40MB
[2026-02-06 18:09:27] INFO category_annotations: 9 polygons | RSS=58871MB GPU_alloc=16MB GPU_reserved=40MB
[2026-02-06 18:09:27] INFO calling set_image(roi_mask=..., category_annotations=...) | RSS=58871MB GPU_alloc=16MB GPU_reserved=40MB
[2026-02-06 18:09:27] INFO [set_image] start: shape=(1274, 1283, 5005), roi_mask=True, category_annotations=True
[2026-02-06 18:09:33] INFO [set_image] reshape+mask done in 5.42s
[2026-02-06 18:09:55] INFO [set_image] sampling done in 22.36s (method=superpixel, sampled=1232)
[2026-02-06 18:09:55] INFO [set_image] model init done in 0.13s (input_dim=5005, n_components=3)
[2026-02-06 18:09:59] INFO [set_image] resample done in 4.24s (points=1000)
[2026-02-06 18:10:02] INFO [set_image] category labels done in 3.07s
[2026-02-06 18:10:10] INFO [set_image] clustering init done in 7.56s (levels=4)
[2026-02-06 18:10:10] INFO [set_image] optimizer init done in 0.00s (lr=1.0, warmup=10)
[2026-02-06 18:10:10] INFO [set_image] total setup time 42.79s
[2026-02-06 18:10:10] INFO training 100 epochs | RSS=58749MB GPU_alloc=124MB GPU_reserved=134MB
[2026-02-06 18:10:10] INFO epoch 1/100 | RSS=58749MB GPU_alloc=340MB GPU_reserved=644MB
[2026-02-06 18:10:11] INFO epoch 20/100 | RSS=58749MB GPU_alloc=340MB GPU_reserved=688MB
[2026-02-06 18:10:12] INFO epoch 40/100 | RSS=58749MB GPU_alloc=340MB GPU_reserved=688MB
[2026-02-06 18:10:12] INFO epoch 60/100 | RSS=58749MB GPU_alloc=340MB GPU_reserved=688MB
[2026-02-06 18:10:13] INFO epoch 80/100 | RSS=58749MB GPU_alloc=340MB GPU_reserved=688MB
[2026-02-06 18:10:14] INFO epoch 100/100 | RSS=58749MB GPU_alloc=340MB GPU_reserved=688MB
[2026-02-06 18:10:14] INFO running predict | RSS=58749MB GPU_alloc=340MB GPU_reserved=688MB
[2026-02-06 18:10:31] INFO recompute_viz DONE | RSS=58794MB GPU_alloc=340MB GPU_reserved=2082MB
[2026-02-06 18:11:00] INFO reload_viz using ROI (145 points) | RSS=58794MB GPU_alloc=340MB GPU_reserved=370MB
[2026-02-06 18:11:00] INFO recompute_viz START | RSS=58794MB GPU_alloc=340MB GPU_reserved=370MB
[2026-02-06 18:11:00] INFO releasing previous model (GPU + large tensors) | RSS=58794MB GPU_alloc=340MB GPU_reserved=370MB
[2026-02-06 18:11:00] INFO after release + gc + cuda empty_cache | RSS=58869MB GPU_alloc=16MB GPU_reserved=40MB
[2026-02-06 18:11:00] INFO ROI mask built H=1274 W=1283 roi_pixels=185429 | RSS=58871MB GPU_alloc=16MB GPU_reserved=40MB
[2026-02-06 18:11:00] INFO creating new MSIParametricMiCSLMC | RSS=58871MB GPU_alloc=16MB GPU_reserved=40MB
[2026-02-06 18:11:00] INFO category_annotations: 9 polygons | RSS=58871MB GPU_alloc=16MB GPU_reserved=40MB
[2026-02-06 18:11:00] INFO calling set_image(roi_mask=..., category_annotations=...) | RSS=58871MB GPU_alloc=16MB GPU_reserved=40MB
[2026-02-06 18:11:00] INFO [set_image] start: shape=(1274, 1283, 5005), roi_mask=True, category_annotations=True
[2026-02-06 18:11:03] INFO [set_image] reshape+mask done in 2.83s
[2026-02-06 18:11:33] INFO [set_image] sampling done in 30.15s (method=superpixel, sampled=5647)
[2026-02-06 18:11:33] INFO [set_image] model init done in 0.13s (input_dim=5005, n_components=3)
[2026-02-06 18:11:52] INFO [set_image] resample done in 18.85s (points=1000)
[2026-02-06 18:11:55] INFO [set_image] category labels done in 2.85s
[2026-02-06 18:12:26] INFO [set_image] clustering init done in 30.86s (levels=4)
[2026-02-06 18:12:26] INFO [set_image] optimizer init done in 0.00s (lr=1.0, warmup=10)
[2026-02-06 18:12:26] INFO [set_image] total setup time 85.67s
[2026-02-06 18:12:26] INFO training 100 epochs | RSS=58839MB GPU_alloc=159MB GPU_reserved=178MB
[2026-02-06 18:12:27] INFO epoch 1/100 | RSS=58839MB GPU_alloc=375MB GPU_reserved=808MB
[2026-02-06 18:12:29] INFO epoch 20/100 | RSS=58839MB GPU_alloc=375MB GPU_reserved=810MB
[2026-02-06 18:12:31] INFO epoch 40/100 | RSS=58839MB GPU_alloc=375MB GPU_reserved=810MB
[2026-02-06 18:12:34] INFO epoch 60/100 | RSS=58839MB GPU_alloc=375MB GPU_reserved=810MB
[2026-02-06 18:12:36] INFO epoch 80/100 | RSS=58839MB GPU_alloc=375MB GPU_reserved=810MB
[2026-02-06 18:12:39] INFO epoch 100/100 | RSS=58839MB GPU_alloc=375MB GPU_reserved=810MB
[2026-02-06 18:12:39] INFO running predict | RSS=58839MB GPU_alloc=375MB GPU_reserved=810MB
[2026-02-06 18:12:55] INFO recompute_viz DONE | RSS=58884MB GPU_alloc=375MB GPU_reserved=2204MB
[2026-02-06 18:14:34] INFO reload_viz using ROI (118 points) | RSS=58884MB GPU_alloc=375MB GPU_reserved=414MB
[2026-02-06 18:14:34] INFO recompute_viz START | RSS=58884MB GPU_alloc=375MB GPU_reserved=414MB
[2026-02-06 18:14:34] INFO releasing previous model (GPU + large tensors) | RSS=58884MB GPU_alloc=375MB GPU_reserved=414MB
[2026-02-06 18:14:34] INFO after release + gc + cuda empty_cache | RSS=58874MB GPU_alloc=16MB GPU_reserved=40MB
[2026-02-06 18:14:34] INFO ROI mask built H=1274 W=1283 roi_pixels=83876 | RSS=58876MB GPU_alloc=16MB GPU_reserved=40MB
[2026-02-06 18:14:34] INFO creating new MSIParametricMiCSLMC | RSS=58876MB GPU_alloc=16MB GPU_reserved=40MB
[2026-02-06 18:14:34] INFO category_annotations: 9 polygons | RSS=58876MB GPU_alloc=16MB GPU_reserved=40MB
[2026-02-06 18:14:34] INFO calling set_image(roi_mask=..., category_annotations=...) | RSS=58876MB GPU_alloc=16MB GPU_reserved=40MB
[2026-02-06 18:14:34] INFO [set_image] start: shape=(1274, 1283, 5005), roi_mask=True, category_annotations=True
[2026-02-06 18:14:39] INFO [set_image] reshape+mask done in 4.26s
[2026-02-06 18:15:09] INFO [set_image] sampling done in 30.26s (method=superpixel, sampled=2534)
[2026-02-06 18:15:09] INFO [set_image] model init done in 0.12s (input_dim=5005, n_components=3)
[2026-02-06 18:15:17] INFO [set_image] resample done in 8.51s (points=1000)
[2026-02-06 18:15:21] INFO [set_image] category labels done in 3.17s
[2026-02-06 18:15:36] INFO [set_image] clustering init done in 15.40s (levels=4)
[2026-02-06 18:15:36] INFO [set_image] optimizer init done in 0.00s (lr=1.0, warmup=10)
[2026-02-06 18:15:36] INFO [set_image] total setup time 61.72s
[2026-02-06 18:15:36] INFO training 100 epochs | RSS=58778MB GPU_alloc=135MB GPU_reserved=154MB
[2026-02-06 18:15:36] INFO epoch 1/100 | RSS=58778MB GPU_alloc=351MB GPU_reserved=784MB
[2026-02-06 18:15:37] INFO epoch 20/100 | RSS=58778MB GPU_alloc=351MB GPU_reserved=786MB
[2026-02-06 18:15:39] INFO epoch 40/100 | RSS=58778MB GPU_alloc=351MB GPU_reserved=786MB
[2026-02-06 18:15:40] INFO epoch 60/100 | RSS=58778MB GPU_alloc=351MB GPU_reserved=786MB
[2026-02-06 18:15:41] INFO epoch 80/100 | RSS=58778MB GPU_alloc=351MB GPU_reserved=786MB
[2026-02-06 18:15:42] INFO epoch 100/100 | RSS=58778MB GPU_alloc=351MB GPU_reserved=786MB
[2026-02-06 18:15:42] INFO running predict | RSS=58778MB GPU_alloc=351MB GPU_reserved=786MB
[2026-02-06 18:15:59] INFO recompute_viz DONE | RSS=58823MB GPU_alloc=351MB GPU_reserved=2180MB
[2026-02-06 18:16:47] INFO reload_viz using ROI (118 points) | RSS=58823MB GPU_alloc=351MB GPU_reserved=394MB
[2026-02-06 18:16:47] INFO recompute_viz START | RSS=58823MB GPU_alloc=351MB GPU_reserved=394MB
[2026-02-06 18:16:47] INFO releasing previous model (GPU + large tensors) | RSS=58823MB GPU_alloc=351MB GPU_reserved=394MB
[2026-02-06 18:16:48] INFO after release + gc + cuda empty_cache | RSS=58873MB GPU_alloc=16MB GPU_reserved=40MB
[2026-02-06 18:16:48] INFO ROI mask built H=1274 W=1283 roi_pixels=83876 | RSS=58875MB GPU_alloc=16MB GPU_reserved=40MB
[2026-02-06 18:16:48] INFO creating new MSIParametricMiCSLMC | RSS=58875MB GPU_alloc=16MB GPU_reserved=40MB
[2026-02-06 18:16:48] INFO category_annotations: 9 polygons | RSS=58875MB GPU_alloc=16MB GPU_reserved=40MB
[2026-02-06 18:16:48] INFO calling set_image(roi_mask=..., category_annotations=...) | RSS=58875MB GPU_alloc=16MB GPU_reserved=40MB
[2026-02-06 18:16:48] INFO [set_image] start: shape=(1274, 1283, 5005), roi_mask=True, category_annotations=True
[2026-02-06 18:16:51] INFO [set_image] reshape+mask done in 3.07s
[2026-02-06 18:17:23] INFO [set_image] sampling done in 32.45s (method=superpixel, sampled=2421)
[2026-02-06 18:17:23] INFO [set_image] model init done in 0.15s (input_dim=5005, n_components=3)
[2026-02-06 18:17:31] INFO [set_image] resample done in 7.78s (points=1000)
[2026-02-06 18:17:34] INFO [set_image] category labels done in 3.16s
[2026-02-06 18:17:49] INFO [set_image] clustering init done in 14.77s (levels=4)
[2026-02-06 18:17:49] INFO [set_image] optimizer init done in 0.00s (lr=1.0, warmup=10)
[2026-02-06 18:17:49] INFO [set_image] total setup time 61.40s
[2026-02-06 18:17:49] INFO training 100 epochs | RSS=58776MB GPU_alloc=149MB GPU_reserved=170MB
[2026-02-06 18:17:49] INFO epoch 1/100 | RSS=58776MB GPU_alloc=414MB GPU_reserved=958MB
[2026-02-06 18:17:51] INFO epoch 20/100 | RSS=58776MB GPU_alloc=414MB GPU_reserved=998MB
[2026-02-06 18:17:52] INFO epoch 40/100 | RSS=58776MB GPU_alloc=414MB GPU_reserved=998MB
[2026-02-06 18:17:53] INFO epoch 60/100 | RSS=58776MB GPU_alloc=414MB GPU_reserved=998MB
[2026-02-06 18:17:55] INFO epoch 80/100 | RSS=58776MB GPU_alloc=414MB GPU_reserved=998MB
[2026-02-06 18:17:56] INFO epoch 100/100 | RSS=58776MB GPU_alloc=414MB GPU_reserved=998MB
[2026-02-06 18:17:56] INFO running predict | RSS=58776MB GPU_alloc=414MB GPU_reserved=998MB
[2026-02-06 18:18:14] INFO recompute_viz DONE | RSS=58821MB GPU_alloc=414MB GPU_reserved=2392MB
[2026-02-06 18:20:20] INFO reload_viz using ROI (118 points) | RSS=58821MB GPU_alloc=414MB GPU_reserved=462MB
[2026-02-06 18:20:20] INFO recompute_viz START | RSS=58821MB GPU_alloc=414MB GPU_reserved=462MB
[2026-02-06 18:20:20] INFO releasing previous model (GPU + large tensors) | RSS=58821MB GPU_alloc=414MB GPU_reserved=462MB
[2026-02-06 18:20:20] INFO after release + gc + cuda empty_cache | RSS=58906MB GPU_alloc=16MB GPU_reserved=40MB
[2026-02-06 18:20:20] INFO ROI mask built H=1274 W=1283 roi_pixels=83876 | RSS=58907MB GPU_alloc=16MB GPU_reserved=40MB
[2026-02-06 18:20:20] INFO creating new MSIParametricMiCSLMC | RSS=58907MB GPU_alloc=16MB GPU_reserved=40MB
[2026-02-06 18:20:20] INFO category_annotations: 9 polygons | RSS=58907MB GPU_alloc=16MB GPU_reserved=40MB
[2026-02-06 18:20:20] INFO calling set_image(roi_mask=..., category_annotations=...) | RSS=58907MB GPU_alloc=16MB GPU_reserved=40MB
[2026-02-06 18:20:20] INFO [set_image] start: shape=(1274, 1283, 5005), roi_mask=True, category_annotations=True
[2026-02-06 18:20:25] INFO [set_image] reshape+mask done in 4.86s
[2026-02-06 18:20:28] INFO [set_image] sampling done in 3.08s (method=random, sampled=5000)
[2026-02-06 18:20:28] INFO [set_image] model init done in 0.15s (input_dim=5005, n_components=3)
[2026-02-06 18:20:45] INFO [set_image] resample done in 17.01s (points=1000)
[2026-02-06 18:20:49] INFO [set_image] category labels done in 3.28s
[2026-02-06 18:21:18] INFO [set_image] clustering init done in 29.55s (levels=4)
[2026-02-06 18:21:18] INFO [set_image] optimizer init done in 0.00s (lr=1.0, warmup=10)
[2026-02-06 18:21:18] INFO [set_image] total setup time 57.94s
[2026-02-06 18:21:18] INFO training 100 epochs | RSS=58828MB GPU_alloc=169MB GPU_reserved=190MB
[2026-02-06 18:21:19] INFO epoch 1/100 | RSS=58828MB GPU_alloc=433MB GPU_reserved=1018MB
[2026-02-06 18:21:21] INFO epoch 20/100 | RSS=58828MB GPU_alloc=433MB GPU_reserved=1018MB
[2026-02-06 18:21:23] INFO epoch 40/100 | RSS=58828MB GPU_alloc=433MB GPU_reserved=1018MB
[2026-02-06 18:21:26] INFO epoch 60/100 | RSS=58828MB GPU_alloc=433MB GPU_reserved=1018MB
[2026-02-06 18:21:28] INFO epoch 80/100 | RSS=58828MB GPU_alloc=433MB GPU_reserved=1018MB
[2026-02-06 18:21:30] INFO epoch 100/100 | RSS=58828MB GPU_alloc=433MB GPU_reserved=1018MB
[2026-02-06 18:21:30] INFO running predict | RSS=58828MB GPU_alloc=433MB GPU_reserved=1018MB
[2026-02-06 18:21:48] INFO recompute_viz DONE | RSS=58873MB GPU_alloc=433MB GPU_reserved=2412MB
[2026-02-06 18:26:33] INFO reload_viz using ROI (118 points) | RSS=58873MB GPU_alloc=433MB GPU_reserved=486MB
[2026-02-06 18:26:33] INFO recompute_viz START | RSS=58873MB GPU_alloc=433MB GPU_reserved=486MB
[2026-02-06 18:26:33] INFO releasing previous model (GPU + large tensors) | RSS=58873MB GPU_alloc=433MB GPU_reserved=486MB
[2026-02-06 18:26:33] INFO after release + gc + cuda empty_cache | RSS=58908MB GPU_alloc=16MB GPU_reserved=40MB
[2026-02-06 18:26:33] INFO ROI mask built H=1274 W=1283 roi_pixels=83876 | RSS=58910MB GPU_alloc=16MB GPU_reserved=40MB
[2026-02-06 18:26:33] INFO creating new MSIParametricMiCSLMC | RSS=58910MB GPU_alloc=16MB GPU_reserved=40MB
[2026-02-06 18:26:33] INFO category_annotations: 9 polygons | RSS=58910MB GPU_alloc=16MB GPU_reserved=40MB
[2026-02-06 18:26:33] INFO calling set_image(roi_mask=..., category_annotations=...) | RSS=58910MB GPU_alloc=16MB GPU_reserved=40MB
[2026-02-06 18:26:33] INFO [set_image] start: shape=(1274, 1283, 5005), roi_mask=True, category_annotations=True
[2026-02-06 18:26:38] INFO [set_image] reshape+mask done in 4.92s
[2026-02-06 18:27:09] INFO [set_image] sampling done in 30.58s (method=superpixel, sampled=2421)
[2026-02-06 18:27:09] INFO [set_image] model init done in 0.15s (input_dim=5005, n_components=3)
[2026-02-06 18:27:16] INFO [set_image] resample done in 7.18s (points=1000)
[2026-02-06 18:27:19] INFO [set_image] category labels done in 2.67s
[2026-02-06 18:27:19] INFO [set_image] clustering init done in 0.73s (levels=4)
[2026-02-06 18:27:19] INFO [set_image] optimizer init done in 0.00s (lr=1.0, warmup=10)
[2026-02-06 18:27:19] INFO [set_image] total setup time 46.23s
[2026-02-06 18:27:19] INFO training 100 epochs | RSS=58779MB GPU_alloc=149MB GPU_reserved=170MB
[2026-02-06 18:27:20] INFO epoch 1/100 | RSS=58779MB GPU_alloc=414MB GPU_reserved=958MB
[2026-02-06 18:27:21] INFO epoch 20/100 | RSS=58779MB GPU_alloc=414MB GPU_reserved=998MB
[2026-02-06 18:27:22] INFO epoch 40/100 | RSS=58779MB GPU_alloc=414MB GPU_reserved=998MB
[2026-02-06 18:27:23] INFO epoch 60/100 | RSS=58779MB GPU_alloc=414MB GPU_reserved=998MB
[2026-02-06 18:27:25] INFO epoch 80/100 | RSS=58779MB GPU_alloc=414MB GPU_reserved=998MB
[2026-02-06 18:27:26] INFO epoch 100/100 | RSS=58779MB GPU_alloc=414MB GPU_reserved=998MB
[2026-02-06 18:27:26] INFO running predict | RSS=58779MB GPU_alloc=414MB GPU_reserved=998MB
[2026-02-06 18:27:43] INFO recompute_viz DONE | RSS=58824MB GPU_alloc=414MB GPU_reserved=2392MB
[2026-02-06 20:10:48] INFO recompute_viz START | RSS=58824MB GPU_alloc=414MB GPU_reserved=462MB
[2026-02-06 20:10:48] INFO releasing previous model (GPU + large tensors) | RSS=58824MB GPU_alloc=414MB GPU_reserved=462MB
[2026-02-06 20:10:48] INFO after release + gc + cuda empty_cache | RSS=58908MB GPU_alloc=16MB GPU_reserved=40MB
[2026-02-06 20:10:48] INFO ROI mask built H=1274 W=1283 roi_pixels=394625 | RSS=58910MB GPU_alloc=16MB GPU_reserved=40MB
[2026-02-06 20:10:48] INFO creating new MSIParametricMiCSLMC | RSS=58910MB GPU_alloc=16MB GPU_reserved=40MB
[2026-02-06 20:10:48] INFO calling set_image(roi_mask=..., category_annotations=...) | RSS=58910MB GPU_alloc=16MB GPU_reserved=40MB
[2026-02-06 20:10:48] INFO [set_image] start: shape=(1274, 1283, 5005), roi_mask=True, category_annotations=False
[2026-02-06 20:10:53] INFO [set_image] reshape+mask done in 4.93s
[2026-02-06 20:11:26] INFO [set_image] sampling done in 32.29s (method=superpixel, sampled=3356)
[2026-02-06 20:11:26] INFO [set_image] model init done in 0.15s (input_dim=5005, n_components=3)
[2026-02-06 20:11:36] INFO [set_image] resample done in 10.03s (points=1000)
[2026-02-06 20:11:38] INFO [set_image] category labels done in 2.67s
[2026-02-06 20:11:39] INFO [set_image] clustering init done in 0.96s (levels=4)
[2026-02-06 20:11:39] INFO [set_image] optimizer init done in 0.00s (lr=1.0, warmup=10)
[2026-02-06 20:11:39] INFO [set_image] total setup time 51.02s
[2026-02-06 20:11:39] INFO training 100 epochs | RSS=58797MB GPU_alloc=157MB GPU_reserved=176MB
[2026-02-06 20:11:40] INFO epoch 1/100 | RSS=58797MB GPU_alloc=421MB GPU_reserved=1004MB
[2026-02-06 20:11:41] INFO epoch 20/100 | RSS=58797MB GPU_alloc=421MB GPU_reserved=1004MB
[2026-02-06 20:11:43] INFO epoch 40/100 | RSS=58797MB GPU_alloc=421MB GPU_reserved=1004MB
[2026-02-06 20:11:45] INFO epoch 60/100 | RSS=58797MB GPU_alloc=421MB GPU_reserved=1004MB
[2026-02-06 20:11:47] INFO epoch 80/100 | RSS=58797MB GPU_alloc=421MB GPU_reserved=1004MB
[2026-02-06 20:11:48] INFO epoch 100/100 | RSS=58797MB GPU_alloc=421MB GPU_reserved=1004MB
[2026-02-06 20:11:48] INFO running predict | RSS=58797MB GPU_alloc=421MB GPU_reserved=1004MB
[2026-02-06 20:12:05] INFO recompute_viz DONE | RSS=58842MB GPU_alloc=421MB GPU_reserved=2398MB
[2026-02-06 21:00:28] INFO reload_viz using ROI (249 points) | RSS=58842MB GPU_alloc=421MB GPU_reserved=468MB
[2026-02-06 21:00:28] INFO recompute_viz START | RSS=58842MB GPU_alloc=421MB GPU_reserved=468MB
[2026-02-06 21:00:28] INFO releasing previous model (GPU + large tensors) | RSS=58842MB GPU_alloc=421MB GPU_reserved=468MB
[2026-02-06 21:00:28] INFO after release + gc + cuda empty_cache | RSS=58908MB GPU_alloc=16MB GPU_reserved=40MB
[2026-02-06 21:00:28] INFO ROI mask built H=1274 W=1283 roi_pixels=394625 | RSS=58910MB GPU_alloc=16MB GPU_reserved=40MB
[2026-02-06 21:00:28] INFO creating new MSIParametricMiCSLMC | RSS=58910MB GPU_alloc=16MB GPU_reserved=40MB
[2026-02-06 21:00:28] INFO calling set_image(roi_mask=..., category_annotations=...) | RSS=58910MB GPU_alloc=16MB GPU_reserved=40MB
[2026-02-06 21:00:28] INFO [set_image] start: shape=(1274, 1283, 5005), roi_mask=True, category_annotations=False
[2026-02-06 21:00:33] INFO [set_image] reshape+mask done in 5.40s
[2026-02-06 21:01:06] INFO [set_image] sampling done in 32.49s (method=superpixel, sampled=3510)
[2026-02-06 21:01:06] INFO [set_image] model init done in 0.15s (input_dim=5005, n_components=3)
[2026-02-06 21:01:17] INFO [set_image] resample done in 11.30s (points=1000)
[2026-02-06 21:01:20] INFO [set_image] category labels done in 3.06s
[2026-02-06 21:01:21] INFO [set_image] clustering init done in 1.01s (levels=4)
[2026-02-06 21:01:21] INFO [set_image] optimizer init done in 0.00s (lr=1.0, warmup=10)
[2026-02-06 21:01:21] INFO [set_image] total setup time 53.41s
[2026-02-06 21:01:21] INFO training 100 epochs | RSS=58800MB GPU_alloc=158MB GPU_reserved=178MB
[2026-02-06 21:01:22] INFO epoch 1/100 | RSS=58800MB GPU_alloc=422MB GPU_reserved=1006MB
[2026-02-06 21:01:23] INFO epoch 20/100 | RSS=58800MB GPU_alloc=422MB GPU_reserved=1006MB
[2026-02-06 21:01:25] INFO epoch 40/100 | RSS=58800MB GPU_alloc=422MB GPU_reserved=1006MB
[2026-02-06 21:01:27] INFO epoch 60/100 | RSS=58800MB GPU_alloc=422MB GPU_reserved=1006MB
[2026-02-06 21:01:29] INFO epoch 80/100 | RSS=58800MB GPU_alloc=422MB GPU_reserved=1006MB
[2026-02-06 21:01:31] INFO epoch 100/100 | RSS=58800MB GPU_alloc=422MB GPU_reserved=1006MB
[2026-02-06 21:01:31] INFO running predict | RSS=58800MB GPU_alloc=422MB GPU_reserved=1006MB
[2026-02-06 21:01:49] INFO recompute_viz DONE | RSS=58845MB GPU_alloc=422MB GPU_reserved=2400MB
[2026-02-06 21:05:06] INFO reload_viz using ROI (249 points) | RSS=58845MB GPU_alloc=422MB GPU_reserved=470MB
[2026-02-06 21:05:06] INFO recompute_viz START | RSS=58845MB GPU_alloc=422MB GPU_reserved=470MB
[2026-02-06 21:05:06] INFO releasing previous model (GPU + large tensors) | RSS=58845MB GPU_alloc=422MB GPU_reserved=470MB
[2026-02-06 21:05:07] INFO after release + gc + cuda empty_cache | RSS=58909MB GPU_alloc=16MB GPU_reserved=40MB
[2026-02-06 21:05:07] INFO ROI mask built H=1274 W=1283 roi_pixels=394625 | RSS=58910MB GPU_alloc=16MB GPU_reserved=40MB
[2026-02-06 21:05:07] INFO creating new MSIParametricMiCSLMC | RSS=58910MB GPU_alloc=16MB GPU_reserved=40MB
[2026-02-06 21:05:07] INFO calling set_image(roi_mask=..., category_annotations=...) | RSS=58910MB GPU_alloc=16MB GPU_reserved=40MB
[2026-02-06 21:05:07] INFO [set_image] start: shape=(1274, 1283, 5005), roi_mask=True, category_annotations=False
[2026-02-06 21:05:10] INFO [set_image] reshape+mask done in 3.00s
[2026-02-06 21:05:42] INFO [set_image] sampling done in 32.48s (method=superpixel, sampled=3510)
[2026-02-06 21:05:42] INFO [set_image] model init done in 0.12s (input_dim=5005, n_components=3)
[2026-02-06 21:05:54] INFO [set_image] resample done in 11.88s (points=1000)
[2026-02-06 21:05:58] INFO [set_image] category labels done in 3.45s
[2026-02-06 21:05:59] INFO [set_image] clustering init done in 0.99s (levels=4)
[2026-02-06 21:05:59] INFO [set_image] optimizer init done in 0.00s (lr=1.0, warmup=10)
[2026-02-06 21:05:59] INFO [set_image] total setup time 51.93s
[2026-02-06 21:05:59] INFO training 100 epochs | RSS=58800MB GPU_alloc=141MB GPU_reserved=162MB
[2026-02-06 21:05:59] INFO epoch 1/100 | RSS=58800MB GPU_alloc=358MB GPU_reserved=792MB
[2026-02-06 21:06:00] INFO epoch 20/100 | RSS=58800MB GPU_alloc=358MB GPU_reserved=792MB
[2026-02-06 21:06:02] INFO epoch 40/100 | RSS=58800MB GPU_alloc=358MB GPU_reserved=792MB
[2026-02-06 21:06:04] INFO epoch 60/100 | RSS=58800MB GPU_alloc=358MB GPU_reserved=792MB
[2026-02-06 21:06:05] INFO epoch 80/100 | RSS=58800MB GPU_alloc=358MB GPU_reserved=794MB
[2026-02-06 21:06:07] INFO epoch 100/100 | RSS=58800MB GPU_alloc=358MB GPU_reserved=794MB
[2026-02-06 21:06:07] INFO running predict | RSS=58800MB GPU_alloc=358MB GPU_reserved=794MB
[2026-02-06 21:06:24] INFO recompute_viz DONE | RSS=58845MB GPU_alloc=358MB GPU_reserved=2188MB
[2026-02-06 21:07:24] INFO reload_viz using ROI (249 points) | RSS=58845MB GPU_alloc=358MB GPU_reserved=402MB
[2026-02-06 21:07:24] INFO recompute_viz START | RSS=58845MB GPU_alloc=358MB GPU_reserved=402MB
[2026-02-06 21:07:24] INFO releasing previous model (GPU + large tensors) | RSS=58845MB GPU_alloc=358MB GPU_reserved=402MB
[2026-02-06 21:07:25] INFO after release + gc + cuda empty_cache | RSS=58877MB GPU_alloc=16MB GPU_reserved=40MB
[2026-02-06 21:07:25] INFO ROI mask built H=1274 W=1283 roi_pixels=394625 | RSS=58878MB GPU_alloc=16MB GPU_reserved=40MB
[2026-02-06 21:07:25] INFO creating new MSIParametricMiCSLMC | RSS=58878MB GPU_alloc=16MB GPU_reserved=40MB
[2026-02-06 21:07:25] INFO calling set_image(roi_mask=..., category_annotations=...) | RSS=58878MB GPU_alloc=16MB GPU_reserved=40MB
[2026-02-06 21:07:25] INFO [set_image] start: shape=(1274, 1283, 5005), roi_mask=True, category_annotations=False
[2026-02-06 21:07:28] INFO [set_image] reshape+mask done in 3.76s
[2026-02-06 21:08:00] INFO [set_image] sampling done in 32.03s (method=superpixel, sampled=3510)
[2026-02-06 21:08:01] INFO [set_image] model init done in 0.18s (input_dim=5005, n_components=3)
[2026-02-06 21:08:12] INFO [set_image] resample done in 11.29s (points=1000)
[2026-02-06 21:08:15] INFO [set_image] category labels done in 3.21s
[2026-02-06 21:08:16] INFO [set_image] clustering init done in 1.00s (levels=4)
[2026-02-06 21:08:16] INFO [set_image] optimizer init done in 0.00s (lr=1.0, warmup=10)
[2026-02-06 21:08:16] INFO [set_image] total setup time 51.47s
[2026-02-06 21:08:16] INFO training 100 epochs | RSS=58800MB GPU_alloc=174MB GPU_reserved=194MB
[2026-02-06 21:08:17] INFO epoch 1/100 | RSS=58800MB GPU_alloc=486MB GPU_reserved=1234MB
[2026-02-06 21:08:18] INFO epoch 20/100 | RSS=58800MB GPU_alloc=486MB GPU_reserved=1234MB
[2026-02-06 21:08:20] INFO epoch 40/100 | RSS=58800MB GPU_alloc=486MB GPU_reserved=1234MB
[2026-02-06 21:08:22] INFO epoch 60/100 | RSS=58800MB GPU_alloc=486MB GPU_reserved=1234MB
[2026-02-06 21:08:24] INFO epoch 80/100 | RSS=58800MB GPU_alloc=486MB GPU_reserved=1234MB
[2026-02-06 21:08:26] INFO epoch 100/100 | RSS=58800MB GPU_alloc=486MB GPU_reserved=1234MB
[2026-02-06 21:08:26] INFO running predict | RSS=58800MB GPU_alloc=486MB GPU_reserved=1234MB
[2026-02-06 21:08:44] INFO recompute_viz DONE | RSS=58846MB GPU_alloc=486MB GPU_reserved=2628MB
[2026-02-06 21:32:46] INFO reload_viz using ROI (249 points) | RSS=58846MB GPU_alloc=486MB GPU_reserved=544MB
[2026-02-06 21:32:46] INFO recompute_viz START | RSS=58846MB GPU_alloc=486MB GPU_reserved=544MB
[2026-02-06 21:32:46] INFO releasing previous model (GPU + large tensors) | RSS=58846MB GPU_alloc=486MB GPU_reserved=544MB
[2026-02-06 21:32:46] INFO after release + gc + cuda empty_cache | RSS=58941MB GPU_alloc=16MB GPU_reserved=40MB
[2026-02-06 21:32:46] INFO ROI mask built H=1274 W=1283 roi_pixels=394625 | RSS=58943MB GPU_alloc=16MB GPU_reserved=40MB
[2026-02-06 21:32:46] INFO creating new MSIParametricMiCSLMC | RSS=58943MB GPU_alloc=16MB GPU_reserved=40MB
[2026-02-06 21:32:46] INFO calling set_image(roi_mask=..., category_annotations=...) | RSS=58943MB GPU_alloc=16MB GPU_reserved=40MB
[2026-02-06 21:32:46] INFO [set_image] start: shape=(1274, 1283, 5005), roi_mask=True, category_annotations=False
[2026-02-06 21:32:51] INFO [set_image] reshape+mask done in 4.53s
[2026-02-06 21:33:22] INFO [set_image] sampling done in 30.90s (method=superpixel, sampled=3510)
[2026-02-06 21:33:22] INFO [set_image] model init done in 0.51s (input_dim=5005, n_components=3)
[2026-02-06 21:33:34] INFO [set_image] resample done in 11.75s (points=1000)
[2026-02-06 21:33:37] INFO [set_image] category labels done in 3.37s
[2026-02-06 21:33:38] INFO [set_image] clustering init done in 0.81s (levels=4)
[2026-02-06 21:33:38] INFO [set_image] optimizer init done in 0.00s (lr=1.0, warmup=10)
[2026-02-06 21:33:38] INFO [set_image] total setup time 51.88s
[2026-02-06 21:33:38] INFO training 100 epochs | RSS=58800MB GPU_alloc=404MB GPU_reserved=426MB
[2026-02-06 21:33:39] INFO epoch 1/100 | RSS=58801MB GPU_alloc=1408MB GPU_reserved=2850MB
[2026-02-06 21:33:43] INFO epoch 20/100 | RSS=58801MB GPU_alloc=1408MB GPU_reserved=2852MB
[2026-02-06 21:33:47] INFO epoch 40/100 | RSS=58801MB GPU_alloc=1408MB GPU_reserved=2852MB
[2026-02-06 21:33:51] INFO epoch 60/100 | RSS=58801MB GPU_alloc=1408MB GPU_reserved=2852MB
[2026-02-06 21:33:55] INFO epoch 80/100 | RSS=58801MB GPU_alloc=1408MB GPU_reserved=2852MB
[2026-02-06 21:34:00] INFO epoch 100/100 | RSS=58801MB GPU_alloc=1408MB GPU_reserved=2852MB
[2026-02-06 21:34:00] INFO running predict | RSS=58801MB GPU_alloc=1408MB GPU_reserved=2852MB
[2026-02-06 21:34:26] INFO recompute_viz DONE | RSS=58846MB GPU_alloc=1408MB GPU_reserved=5014MB
[2026-02-06 21:34:42] INFO reload_viz using ROI (249 points) | RSS=58846MB GPU_alloc=1408MB GPU_reserved=1436MB
[2026-02-06 21:34:42] INFO recompute_viz START | RSS=58846MB GPU_alloc=1408MB GPU_reserved=1436MB
[2026-02-06 21:34:42] INFO releasing previous model (GPU + large tensors) | RSS=58846MB GPU_alloc=1408MB GPU_reserved=1436MB
[2026-02-06 21:34:42] INFO after release + gc + cuda empty_cache | RSS=59320MB GPU_alloc=16MB GPU_reserved=40MB
[2026-02-06 21:34:42] INFO ROI mask built H=1274 W=1283 roi_pixels=394625 | RSS=59322MB GPU_alloc=16MB GPU_reserved=40MB
[2026-02-06 21:34:42] INFO creating new MSIParametricMiCSLMC | RSS=59322MB GPU_alloc=16MB GPU_reserved=40MB
[2026-02-06 21:34:42] INFO calling set_image(roi_mask=..., category_annotations=...) | RSS=59322MB GPU_alloc=16MB GPU_reserved=40MB
[2026-02-06 21:34:42] INFO [set_image] start: shape=(1274, 1283, 5005), roi_mask=True, category_annotations=False
[2026-02-06 21:34:45] INFO [set_image] reshape+mask done in 2.93s
[2026-02-06 21:35:18] INFO [set_image] sampling done in 32.85s (method=superpixel, sampled=3510)
[2026-02-06 21:35:18] INFO [set_image] model init done in 0.14s (input_dim=5005, n_components=3)
[2026-02-06 21:35:31] INFO [set_image] resample done in 12.33s (points=1000)
[2026-02-06 21:35:34] INFO [set_image] category labels done in 2.96s
[2026-02-06 21:35:35] INFO [set_image] clustering init done in 1.00s (levels=4)
[2026-02-06 21:35:35] INFO [set_image] optimizer init done in 0.00s (lr=1.0, warmup=10)
[2026-02-06 21:35:35] INFO [set_image] total setup time 52.22s
[2026-02-06 21:35:35] INFO training 100 epochs | RSS=58801MB GPU_alloc=141MB GPU_reserved=162MB
[2026-02-06 21:35:35] INFO epoch 1/100 | RSS=58801MB GPU_alloc=358MB GPU_reserved=792MB
[2026-02-06 21:35:37] INFO epoch 20/100 | RSS=58801MB GPU_alloc=358MB GPU_reserved=792MB
[2026-02-06 21:35:38] INFO epoch 40/100 | RSS=58801MB GPU_alloc=358MB GPU_reserved=792MB
[2026-02-06 21:35:40] INFO epoch 60/100 | RSS=58801MB GPU_alloc=358MB GPU_reserved=792MB
[2026-02-06 21:35:41] INFO epoch 80/100 | RSS=58801MB GPU_alloc=358MB GPU_reserved=794MB
[2026-02-06 21:35:43] INFO epoch 100/100 | RSS=58801MB GPU_alloc=358MB GPU_reserved=794MB
[2026-02-06 21:35:43] INFO running predict | RSS=58801MB GPU_alloc=358MB GPU_reserved=794MB
[2026-02-06 21:36:00] INFO recompute_viz DONE | RSS=58846MB GPU_alloc=358MB GPU_reserved=2188MB
[2026-02-06 21:37:27] INFO reload_viz using ROI (249 points) | RSS=58846MB GPU_alloc=358MB GPU_reserved=402MB
[2026-02-06 21:37:27] INFO recompute_viz START | RSS=58846MB GPU_alloc=358MB GPU_reserved=402MB
[2026-02-06 21:37:27] INFO releasing previous model (GPU + large tensors) | RSS=58846MB GPU_alloc=358MB GPU_reserved=402MB
[2026-02-06 21:37:28] INFO after release + gc + cuda empty_cache | RSS=58877MB GPU_alloc=16MB GPU_reserved=40MB
[2026-02-06 21:37:28] INFO ROI mask built H=1274 W=1283 roi_pixels=394625 | RSS=58879MB GPU_alloc=16MB GPU_reserved=40MB
[2026-02-06 21:37:28] INFO creating new MSIParametricMiCSLMC | RSS=58879MB GPU_alloc=16MB GPU_reserved=40MB
[2026-02-06 21:37:28] INFO calling set_image(roi_mask=..., category_annotations=...) | RSS=58879MB GPU_alloc=16MB GPU_reserved=40MB
[2026-02-06 21:37:28] INFO [set_image] start: shape=(1274, 1283, 5005), roi_mask=True, category_annotations=False
[2026-02-06 21:37:32] INFO [set_image] reshape+mask done in 3.96s
[2026-02-06 21:38:04] INFO [set_image] sampling done in 32.24s (method=superpixel, sampled=3510)
[2026-02-06 21:38:04] INFO [set_image] model init done in 0.12s (input_dim=5005, n_components=3)
[2026-02-06 21:38:15] INFO [set_image] resample done in 11.29s (points=1000)
[2026-02-06 21:38:19] INFO [set_image] category labels done in 3.40s
[2026-02-06 21:38:39] INFO [set_image] clustering init done in 20.30s (levels=4)
[2026-02-06 21:38:39] INFO [set_image] optimizer init done in 0.00s (lr=1.0, warmup=10)
[2026-02-06 21:38:39] INFO [set_image] total setup time 71.33s
[2026-02-06 21:38:39] INFO training 100 epochs | RSS=58801MB GPU_alloc=141MB GPU_reserved=162MB
[2026-02-06 21:38:39] INFO epoch 1/100 | RSS=58801MB GPU_alloc=358MB GPU_reserved=792MB
[2026-02-06 21:38:41] INFO epoch 20/100 | RSS=58801MB GPU_alloc=358MB GPU_reserved=792MB
[2026-02-06 21:38:42] INFO epoch 40/100 | RSS=58801MB GPU_alloc=358MB GPU_reserved=792MB
[2026-02-06 21:38:44] INFO epoch 60/100 | RSS=58801MB GPU_alloc=358MB GPU_reserved=792MB
[2026-02-06 21:38:46] INFO epoch 80/100 | RSS=58801MB GPU_alloc=358MB GPU_reserved=794MB
[2026-02-06 21:38:47] INFO epoch 100/100 | RSS=58801MB GPU_alloc=358MB GPU_reserved=794MB
[2026-02-06 21:38:47] INFO running predict | RSS=58801MB GPU_alloc=358MB GPU_reserved=794MB
[2026-02-06 21:39:05] INFO recompute_viz DONE | RSS=58846MB GPU_alloc=358MB GPU_reserved=2188MB
[2026-02-06 22:13:20] INFO reload_viz using ROI (249 points) | RSS=58846MB GPU_alloc=358MB GPU_reserved=402MB
[2026-02-06 22:13:20] INFO recompute_viz START | RSS=58846MB GPU_alloc=358MB GPU_reserved=402MB
[2026-02-06 22:13:20] INFO releasing previous model (GPU + large tensors) | RSS=58846MB GPU_alloc=358MB GPU_reserved=402MB
[2026-02-06 22:13:20] INFO after release + gc + cuda empty_cache | RSS=58878MB GPU_alloc=16MB GPU_reserved=40MB
[2026-02-06 22:13:20] INFO ROI mask built H=1274 W=1283 roi_pixels=394625 | RSS=58879MB GPU_alloc=16MB GPU_reserved=40MB
[2026-02-06 22:13:20] INFO creating new MSIParametricMiCSLMC | RSS=58879MB GPU_alloc=16MB GPU_reserved=40MB
[2026-02-06 22:13:20] INFO calling set_image(roi_mask=..., category_annotations=...) | RSS=58879MB GPU_alloc=16MB GPU_reserved=40MB
[2026-02-06 22:13:20] INFO [set_image] start: shape=(1274, 1283, 5005), roi_mask=True, category_annotations=False
[2026-02-06 22:13:25] INFO [set_image] reshape+mask done in 4.39s
[2026-02-06 22:13:58] INFO [set_image] sampling done in 32.74s (method=superpixel, sampled=3510)
[2026-02-06 22:13:58] INFO [set_image] model init done in 0.15s (input_dim=5005, n_components=3)
[2026-02-06 22:14:09] INFO [set_image] resample done in 11.35s (points=1000)
[2026-02-06 22:14:13] INFO [set_image] category labels done in 3.48s
[2026-02-06 22:14:33] INFO [set_image] clustering init done in 20.81s (levels=4)
[2026-02-06 22:14:33] INFO [set_image] optimizer init done in 0.00s (lr=1.0, warmup=10)
[2026-02-06 22:14:33] INFO [set_image] total setup time 72.92s
[2026-02-06 22:14:33] INFO training 100 epochs | RSS=58802MB GPU_alloc=158MB GPU_reserved=178MB
[2026-02-06 22:14:34] INFO epoch 1/100 | RSS=58802MB GPU_alloc=422MB GPU_reserved=1006MB
[2026-02-06 22:14:35] INFO epoch 20/100 | RSS=58802MB GPU_alloc=422MB GPU_reserved=1006MB
[2026-02-06 22:14:37] INFO epoch 40/100 | RSS=58802MB GPU_alloc=422MB GPU_reserved=1006MB
[2026-02-06 22:14:39] INFO epoch 60/100 | RSS=58802MB GPU_alloc=422MB GPU_reserved=1006MB
[2026-02-06 22:14:41] INFO epoch 80/100 | RSS=58802MB GPU_alloc=422MB GPU_reserved=1006MB
[2026-02-06 22:14:42] INFO epoch 100/100 | RSS=58802MB GPU_alloc=422MB GPU_reserved=1006MB
[2026-02-06 22:14:42] INFO running predict | RSS=58802MB GPU_alloc=422MB GPU_reserved=1006MB
[2026-02-06 22:15:01] INFO recompute_viz DONE | RSS=58847MB GPU_alloc=422MB GPU_reserved=2400MB
[2026-02-06 22:15:19] INFO reload_viz using ROI (249 points) | RSS=58847MB GPU_alloc=422MB GPU_reserved=470MB
[2026-02-06 22:15:19] INFO recompute_viz START | RSS=58847MB GPU_alloc=422MB GPU_reserved=470MB
[2026-02-06 22:15:19] INFO releasing previous model (GPU + large tensors) | RSS=58847MB GPU_alloc=422MB GPU_reserved=470MB
[2026-02-06 22:15:19] INFO after release + gc + cuda empty_cache | RSS=58910MB GPU_alloc=16MB GPU_reserved=40MB
[2026-02-06 22:15:19] INFO ROI mask built H=1274 W=1283 roi_pixels=394625 | RSS=58912MB GPU_alloc=16MB GPU_reserved=40MB
[2026-02-06 22:15:19] INFO creating new MSIParametricMiCSLMC | RSS=58912MB GPU_alloc=16MB GPU_reserved=40MB
[2026-02-06 22:15:19] INFO calling set_image(roi_mask=..., category_annotations=...) | RSS=58912MB GPU_alloc=16MB GPU_reserved=40MB
[2026-02-06 22:15:19] INFO [set_image] start: shape=(1274, 1283, 5005), roi_mask=True, category_annotations=False
[2026-02-06 22:15:22] INFO [set_image] reshape+mask done in 2.95s
[2026-02-06 22:15:54] INFO [set_image] sampling done in 32.43s (method=superpixel, sampled=3510)
[2026-02-06 22:15:54] INFO [set_image] model init done in 0.15s (input_dim=5005, n_components=3)
[2026-02-06 22:16:06] INFO [set_image] resample done in 12.00s (points=1000)
[2026-02-06 22:16:09] INFO [set_image] category labels done in 2.98s
[2026-02-06 22:16:51] INFO [set_image] clustering init done in 42.03s (levels=6)
[2026-02-06 22:16:51] INFO [set_image] optimizer init done in 0.00s (lr=1.0, warmup=10)
[2026-02-06 22:16:51] INFO [set_image] total setup time 92.55s
[2026-02-06 22:16:51] INFO training 100 epochs | RSS=58804MB GPU_alloc=158MB GPU_reserved=178MB
[2026-02-06 22:16:52] INFO epoch 1/100 | RSS=58804MB GPU_alloc=422MB GPU_reserved=1010MB
[2026-02-06 22:16:54] INFO epoch 20/100 | RSS=58804MB GPU_alloc=422MB GPU_reserved=1010MB
[2026-02-06 22:16:56] INFO epoch 40/100 | RSS=58804MB GPU_alloc=422MB GPU_reserved=1010MB
[2026-02-06 22:16:58] INFO epoch 60/100 | RSS=58804MB GPU_alloc=422MB GPU_reserved=1010MB
[2026-02-06 22:16:59] INFO epoch 80/100 | RSS=58804MB GPU_alloc=422MB GPU_reserved=1010MB
[2026-02-06 22:17:01] INFO epoch 100/100 | RSS=58804MB GPU_alloc=422MB GPU_reserved=1010MB
[2026-02-06 22:17:01] INFO running predict | RSS=58804MB GPU_alloc=422MB GPU_reserved=1010MB
[2026-02-06 22:17:19] INFO recompute_viz DONE | RSS=58849MB GPU_alloc=422MB GPU_reserved=2404MB
[2026-02-06 22:17:33] INFO reload_viz using ROI (249 points) | RSS=58849MB GPU_alloc=422MB GPU_reserved=472MB
[2026-02-06 22:17:33] INFO recompute_viz START | RSS=58849MB GPU_alloc=422MB GPU_reserved=472MB
[2026-02-06 22:17:33] INFO releasing previous model (GPU + large tensors) | RSS=58849MB GPU_alloc=422MB GPU_reserved=472MB
[2026-02-06 22:17:33] INFO after release + gc + cuda empty_cache | RSS=58912MB GPU_alloc=16MB GPU_reserved=40MB
[2026-02-06 22:17:33] INFO ROI mask built H=1274 W=1283 roi_pixels=394625 | RSS=58914MB GPU_alloc=16MB GPU_reserved=40MB
[2026-02-06 22:17:33] INFO creating new MSIParametricMiCSLMC | RSS=58914MB GPU_alloc=16MB GPU_reserved=40MB
[2026-02-06 22:17:33] INFO calling set_image(roi_mask=..., category_annotations=...) | RSS=58914MB GPU_alloc=16MB GPU_reserved=40MB
[2026-02-06 22:17:33] INFO [set_image] start: shape=(1274, 1283, 5005), roi_mask=True, category_annotations=False
[2026-02-06 22:17:37] INFO [set_image] reshape+mask done in 3.07s
[2026-02-06 22:18:09] INFO [set_image] sampling done in 32.54s (method=superpixel, sampled=3510)
[2026-02-06 22:18:09] INFO [set_image] model init done in 0.15s (input_dim=5005, n_components=3)
[2026-02-06 22:18:21] INFO [set_image] resample done in 12.00s (points=1000)
[2026-02-06 22:18:25] INFO [set_image] category labels done in 3.40s
[2026-02-06 22:18:26] INFO [set_image] clustering init done in 1.75s (levels=6)
[2026-02-06 22:18:26] INFO [set_image] optimizer init done in 0.00s (lr=1.0, warmup=10)
[2026-02-06 22:18:26] INFO [set_image] total setup time 52.93s
[2026-02-06 22:18:26] INFO training 100 epochs | RSS=58804MB GPU_alloc=158MB GPU_reserved=178MB
[2026-02-06 22:18:27] INFO epoch 1/100 | RSS=58804MB GPU_alloc=422MB GPU_reserved=1010MB
[2026-02-06 22:18:29] INFO epoch 20/100 | RSS=58804MB GPU_alloc=422MB GPU_reserved=1010MB
[2026-02-06 22:18:30] INFO epoch 40/100 | RSS=58804MB GPU_alloc=422MB GPU_reserved=1010MB
[2026-02-06 22:18:32] INFO epoch 60/100 | RSS=58804MB GPU_alloc=422MB GPU_reserved=1010MB
[2026-02-06 22:18:34] INFO epoch 80/100 | RSS=58804MB GPU_alloc=422MB GPU_reserved=1010MB
[2026-02-06 22:18:36] INFO epoch 100/100 | RSS=58804MB GPU_alloc=422MB GPU_reserved=1010MB
[2026-02-06 22:18:36] INFO running predict | RSS=58804MB GPU_alloc=422MB GPU_reserved=1010MB
[2026-02-06 22:18:55] INFO recompute_viz DONE | RSS=58850MB GPU_alloc=422MB GPU_reserved=2404MB
[2026-02-06 22:19:20] INFO reload_viz using ROI (249 points) | RSS=58850MB GPU_alloc=422MB GPU_reserved=472MB
[2026-02-06 22:19:20] INFO recompute_viz START | RSS=58850MB GPU_alloc=422MB GPU_reserved=472MB
[2026-02-06 22:19:20] INFO releasing previous model (GPU + large tensors) | RSS=58850MB GPU_alloc=422MB GPU_reserved=472MB
[2026-02-06 22:19:20] INFO after release + gc + cuda empty_cache | RSS=58913MB GPU_alloc=16MB GPU_reserved=40MB
[2026-02-06 22:19:20] INFO ROI mask built H=1274 W=1283 roi_pixels=394625 | RSS=58915MB GPU_alloc=16MB GPU_reserved=40MB
[2026-02-06 22:19:20] INFO creating new MSIParametricMiCSLMC | RSS=58915MB GPU_alloc=16MB GPU_reserved=40MB
[2026-02-06 22:19:20] INFO calling set_image(roi_mask=..., category_annotations=...) | RSS=58915MB GPU_alloc=16MB GPU_reserved=40MB
[2026-02-06 22:19:20] INFO [set_image] start: shape=(1274, 1283, 5005), roi_mask=True, category_annotations=False
[2026-02-06 22:19:23] INFO [set_image] reshape+mask done in 3.42s
[2026-02-06 22:19:55] INFO [set_image] sampling done in 31.98s (method=superpixel, sampled=3396)
[2026-02-06 22:19:56] INFO [set_image] model init done in 0.15s (input_dim=5005, n_components=3)
[2026-02-06 22:20:07] INFO [set_image] resample done in 11.47s (points=1000)
[2026-02-06 22:20:10] INFO [set_image] category labels done in 3.46s
[2026-02-06 22:20:12] INFO [set_image] clustering init done in 1.72s (levels=6)
[2026-02-06 22:20:12] INFO [set_image] optimizer init done in 0.00s (lr=1.0, warmup=10)
[2026-02-06 22:20:12] INFO [set_image] total setup time 52.21s
[2026-02-06 22:20:12] INFO training 100 epochs | RSS=58802MB GPU_alloc=157MB GPU_reserved=176MB
[2026-02-06 22:20:13] INFO epoch 1/100 | RSS=58802MB GPU_alloc=421MB GPU_reserved=1008MB
[2026-02-06 22:20:14] INFO epoch 20/100 | RSS=58802MB GPU_alloc=421MB GPU_reserved=1008MB
[2026-02-06 22:20:16] INFO epoch 40/100 | RSS=58802MB GPU_alloc=421MB GPU_reserved=1008MB
[2026-02-06 22:20:18] INFO epoch 60/100 | RSS=58802MB GPU_alloc=421MB GPU_reserved=1008MB
[2026-02-06 22:20:20] INFO epoch 80/100 | RSS=58802MB GPU_alloc=421MB GPU_reserved=1008MB
[2026-02-06 22:20:22] INFO epoch 100/100 | RSS=58802MB GPU_alloc=421MB GPU_reserved=1008MB
[2026-02-06 22:20:22] INFO running predict | RSS=58802MB GPU_alloc=421MB GPU_reserved=1008MB
[2026-02-06 22:20:40] INFO recompute_viz DONE | RSS=58847MB GPU_alloc=421MB GPU_reserved=2402MB
[2026-02-06 22:21:23] INFO recompute_viz START | RSS=58847MB GPU_alloc=421MB GPU_reserved=470MB
[2026-02-06 22:21:23] INFO releasing previous model (GPU + large tensors) | RSS=58847MB GPU_alloc=421MB GPU_reserved=470MB
[2026-02-06 22:21:23] INFO after release + gc + cuda empty_cache | RSS=58913MB GPU_alloc=16MB GPU_reserved=40MB
[2026-02-06 22:21:23] INFO ROI mask built H=1274 W=1283 roi_pixels=214824 | RSS=58915MB GPU_alloc=16MB GPU_reserved=40MB
[2026-02-06 22:21:23] INFO creating new MSIParametricMiCSLMC | RSS=58915MB GPU_alloc=16MB GPU_reserved=40MB
[2026-02-06 22:21:23] INFO calling set_image(roi_mask=..., category_annotations=...) | RSS=58915MB GPU_alloc=16MB GPU_reserved=40MB
[2026-02-06 22:21:23] INFO [set_image] start: shape=(1274, 1283, 5005), roi_mask=True, category_annotations=False
[2026-02-06 22:21:26] INFO [set_image] reshape+mask done in 2.99s
[2026-02-06 22:21:57] INFO [set_image] sampling done in 30.62s (method=superpixel, sampled=7379)
[2026-02-06 22:21:57] INFO [set_image] model init done in 0.15s (input_dim=5005, n_components=3)
[2026-02-06 22:22:23] INFO [set_image] resample done in 25.70s (points=1000)
[2026-02-06 22:22:26] INFO [set_image] category labels done in 3.00s
[2026-02-06 22:22:29] INFO [set_image] clustering init done in 3.20s (levels=6)
[2026-02-06 22:22:29] INFO [set_image] optimizer init done in 0.00s (lr=1.0, warmup=10)
[2026-02-06 22:22:29] INFO [set_image] total setup time 65.67s
[2026-02-06 22:22:29] INFO training 100 epochs | RSS=58882MB GPU_alloc=187MB GPU_reserved=208MB
[2026-02-06 22:22:29] INFO epoch 1/100 | RSS=58882MB GPU_alloc=452MB GPU_reserved=1040MB
[2026-02-06 22:22:33] INFO epoch 20/100 | RSS=58882MB GPU_alloc=452MB GPU_reserved=1040MB
[2026-02-06 22:22:37] INFO epoch 40/100 | RSS=58882MB GPU_alloc=452MB GPU_reserved=1040MB
[2026-02-06 22:22:41] INFO epoch 60/100 | RSS=58882MB GPU_alloc=452MB GPU_reserved=1040MB
[2026-02-06 22:22:45] INFO epoch 80/100 | RSS=58882MB GPU_alloc=452MB GPU_reserved=1040MB
[2026-02-06 22:22:49] INFO epoch 100/100 | RSS=58882MB GPU_alloc=452MB GPU_reserved=1040MB
[2026-02-06 22:22:49] INFO running predict | RSS=58882MB GPU_alloc=452MB GPU_reserved=1040MB
[2026-02-06 22:23:07] INFO recompute_viz DONE | RSS=58927MB GPU_alloc=452MB GPU_reserved=2434MB
[2026-02-06 22:23:31] INFO reload_viz using ROI (231 points) | RSS=58927MB GPU_alloc=452MB GPU_reserved=502MB
[2026-02-06 22:23:31] INFO recompute_viz START | RSS=58927MB GPU_alloc=452MB GPU_reserved=502MB
[2026-02-06 22:23:31] INFO releasing previous model (GPU + large tensors) | RSS=58927MB GPU_alloc=452MB GPU_reserved=502MB
[2026-02-06 22:23:31] INFO after release + gc + cuda empty_cache | RSS=58917MB GPU_alloc=16MB GPU_reserved=40MB
[2026-02-06 22:23:31] INFO ROI mask built H=1274 W=1283 roi_pixels=214824 | RSS=58918MB GPU_alloc=16MB GPU_reserved=40MB
[2026-02-06 22:23:31] INFO creating new MSIParametricMiCSLMC | RSS=58918MB GPU_alloc=16MB GPU_reserved=40MB
[2026-02-06 22:23:31] INFO calling set_image(roi_mask=..., category_annotations=...) | RSS=58918MB GPU_alloc=16MB GPU_reserved=40MB
[2026-02-06 22:23:31] INFO [set_image] start: shape=(1274, 1283, 5005), roi_mask=True, category_annotations=False
[2026-02-06 22:23:34] INFO [set_image] reshape+mask done in 3.01s
[2026-02-06 22:24:05] INFO [set_image] sampling done in 30.90s (method=superpixel, sampled=7461)
[2026-02-06 22:24:06] INFO [set_image] model init done in 0.14s (input_dim=5005, n_components=3)
[2026-02-06 22:24:28] INFO [set_image] resample done in 22.55s (points=1000)
[2026-02-06 22:24:31] INFO [set_image] category labels done in 3.22s
[2026-02-06 22:24:35] INFO [set_image] clustering init done in 3.24s (levels=6)
[2026-02-06 22:24:35] INFO [set_image] optimizer init done in 0.00s (lr=1.0, warmup=10)
[2026-02-06 22:24:35] INFO [set_image] total setup time 63.06s
[2026-02-06 22:24:35] INFO training 100 epochs | RSS=58885MB GPU_alloc=172MB GPU_reserved=192MB
[2026-02-06 22:24:35] INFO epoch 1/100 | RSS=58885MB GPU_alloc=388MB GPU_reserved=828MB
[2026-02-06 22:24:38] INFO epoch 20/100 | RSS=58885MB GPU_alloc=388MB GPU_reserved=828MB
[2026-02-06 22:24:42] INFO epoch 40/100 | RSS=58885MB GPU_alloc=388MB GPU_reserved=828MB
[2026-02-06 22:24:45] INFO epoch 60/100 | RSS=58885MB GPU_alloc=388MB GPU_reserved=828MB
[2026-02-06 22:24:49] INFO epoch 80/100 | RSS=58885MB GPU_alloc=388MB GPU_reserved=828MB
[2026-02-06 22:24:52] INFO epoch 100/100 | RSS=58885MB GPU_alloc=388MB GPU_reserved=828MB
[2026-02-06 22:24:52] INFO running predict | RSS=58885MB GPU_alloc=388MB GPU_reserved=828MB
[2026-02-06 22:25:09] INFO recompute_viz DONE | RSS=58930MB GPU_alloc=388MB GPU_reserved=2222MB
[2026-02-06 22:26:48] INFO reload_viz using ROI (231 points) | RSS=58930MB GPU_alloc=388MB GPU_reserved=430MB
[2026-02-06 22:26:48] INFO recompute_viz START | RSS=58930MB GPU_alloc=388MB GPU_reserved=430MB
[2026-02-06 22:26:48] INFO releasing previous model (GPU + large tensors) | RSS=58930MB GPU_alloc=388MB GPU_reserved=430MB
[2026-02-06 22:26:48] INFO after release + gc + cuda empty_cache | RSS=58886MB GPU_alloc=16MB GPU_reserved=40MB
[2026-02-06 22:26:48] INFO ROI mask built H=1274 W=1283 roi_pixels=214824 | RSS=58887MB GPU_alloc=16MB GPU_reserved=40MB
[2026-02-06 22:26:48] INFO creating new MSIParametricMiCSLMC | RSS=58887MB GPU_alloc=16MB GPU_reserved=40MB
[2026-02-06 22:26:48] INFO calling set_image(roi_mask=..., category_annotations=...) | RSS=58887MB GPU_alloc=16MB GPU_reserved=40MB
[2026-02-06 22:26:48] INFO [set_image] start: shape=(1274, 1283, 5005), roi_mask=True, category_annotations=False
[2026-02-06 22:26:51] INFO [set_image] reshape+mask done in 3.50s
[2026-02-06 22:26:54] INFO [set_image] sampling done in 2.96s (method=random, sampled=1000)
[2026-02-06 22:26:55] INFO [set_image] model init done in 0.15s (input_dim=5005, n_components=3)
[2026-02-06 22:26:58] INFO [set_image] resample done in 3.89s (points=1000)
[2026-02-06 22:27:01] INFO [set_image] category labels done in 2.89s
[2026-02-06 22:27:02] INFO [set_image] clustering init done in 0.71s (levels=6)
[2026-02-06 22:27:02] INFO [set_image] optimizer init done in 0.00s (lr=1.0, warmup=10)
[2026-02-06 22:27:02] INFO [set_image] total setup time 14.11s
[2026-02-06 22:27:02] INFO training 100 epochs | RSS=58760MB GPU_alloc=122MB GPU_reserved=134MB
[2026-02-06 22:27:02] INFO epoch 1/100 | RSS=58760MB GPU_alloc=339MB GPU_reserved=608MB
[2026-02-06 22:27:03] INFO epoch 20/100 | RSS=58760MB GPU_alloc=339MB GPU_reserved=688MB
[2026-02-06 22:27:03] INFO epoch 40/100 | RSS=58760MB GPU_alloc=339MB GPU_reserved=688MB
[2026-02-06 22:27:04] INFO epoch 60/100 | RSS=58760MB GPU_alloc=339MB GPU_reserved=688MB
[2026-02-06 22:27:04] INFO epoch 80/100 | RSS=58760MB GPU_alloc=339MB GPU_reserved=688MB
[2026-02-06 22:27:05] INFO epoch 100/100 | RSS=58760MB GPU_alloc=339MB GPU_reserved=690MB
[2026-02-06 22:27:05] INFO running predict | RSS=58760MB GPU_alloc=339MB GPU_reserved=690MB
[2026-02-06 22:27:21] INFO recompute_viz DONE | RSS=58805MB GPU_alloc=339MB GPU_reserved=2084MB
[2026-02-06 22:29:01] INFO reload_viz using ROI (231 points) | RSS=58805MB GPU_alloc=339MB GPU_reserved=372MB
[2026-02-06 22:29:01] INFO recompute_viz START | RSS=58805MB GPU_alloc=339MB GPU_reserved=372MB
[2026-02-06 22:29:01] INFO releasing previous model (GPU + large tensors) | RSS=58805MB GPU_alloc=339MB GPU_reserved=372MB
[2026-02-06 22:29:01] INFO after release + gc + cuda empty_cache | RSS=58884MB GPU_alloc=16MB GPU_reserved=40MB
[2026-02-06 22:29:01] INFO ROI mask built H=1274 W=1283 roi_pixels=214824 | RSS=58886MB GPU_alloc=16MB GPU_reserved=40MB
[2026-02-06 22:29:01] INFO creating new MSIParametricMiCSLMC | RSS=58886MB GPU_alloc=16MB GPU_reserved=40MB
[2026-02-06 22:29:01] INFO calling set_image(roi_mask=..., category_annotations=...) | RSS=58886MB GPU_alloc=16MB GPU_reserved=40MB
[2026-02-06 22:29:01] INFO [set_image] start: shape=(1274, 1283, 5005), roi_mask=True, category_annotations=False
[2026-02-06 22:29:05] INFO [set_image] reshape+mask done in 3.42s
[2026-02-06 22:29:08] INFO [set_image] sampling done in 3.06s (method=random, sampled=1000)
[2026-02-06 22:29:08] INFO [set_image] model init done in 0.13s (input_dim=5005, n_components=3)
[2026-02-06 22:29:11] INFO [set_image] resample done in 3.26s (points=1000)
[2026-02-06 22:29:14] INFO [set_image] category labels done in 3.06s
[2026-02-06 22:29:15] INFO [set_image] clustering init done in 0.81s (levels=6)
[2026-02-06 22:29:15] INFO [set_image] optimizer init done in 0.00s (lr=1.0, warmup=10)
[2026-02-06 22:29:15] INFO [set_image] total setup time 13.75s
[2026-02-06 22:29:15] INFO training 100 epochs | RSS=58760MB GPU_alloc=122MB GPU_reserved=134MB
[2026-02-06 22:29:15] INFO epoch 1/100 | RSS=58760MB GPU_alloc=339MB GPU_reserved=608MB
[2026-02-06 22:29:16] INFO epoch 20/100 | RSS=58760MB GPU_alloc=339MB GPU_reserved=688MB
[2026-02-06 22:29:16] INFO epoch 40/100 | RSS=58760MB GPU_alloc=339MB GPU_reserved=688MB
[2026-02-06 22:29:16] INFO epoch 60/100 | RSS=58760MB GPU_alloc=339MB GPU_reserved=688MB
[2026-02-06 22:29:17] INFO epoch 80/100 | RSS=58760MB GPU_alloc=339MB GPU_reserved=688MB
[2026-02-06 22:29:17] INFO epoch 100/100 | RSS=58760MB GPU_alloc=339MB GPU_reserved=690MB
[2026-02-06 22:29:17] INFO running predict | RSS=58760MB GPU_alloc=339MB GPU_reserved=690MB
[2026-02-06 22:29:34] INFO recompute_viz DONE | RSS=58805MB GPU_alloc=339MB GPU_reserved=2084MB
[2026-02-06 22:29:51] INFO reload_viz using ROI (231 points) | RSS=58805MB GPU_alloc=339MB GPU_reserved=372MB
[2026-02-06 22:29:51] INFO recompute_viz START | RSS=58805MB GPU_alloc=339MB GPU_reserved=372MB
[2026-02-06 22:29:51] INFO releasing previous model (GPU + large tensors) | RSS=58805MB GPU_alloc=339MB GPU_reserved=372MB
[2026-02-06 22:29:52] INFO after release + gc + cuda empty_cache | RSS=58885MB GPU_alloc=16MB GPU_reserved=40MB
[2026-02-06 22:29:52] INFO ROI mask built H=1274 W=1283 roi_pixels=214824 | RSS=58886MB GPU_alloc=16MB GPU_reserved=40MB
[2026-02-06 22:29:52] INFO creating new MSIParametricMiCSLMC | RSS=58886MB GPU_alloc=16MB GPU_reserved=40MB
[2026-02-06 22:29:52] INFO calling set_image(roi_mask=..., category_annotations=...) | RSS=58886MB GPU_alloc=16MB GPU_reserved=40MB
[2026-02-06 22:29:52] INFO [set_image] start: shape=(1274, 1283, 5005), roi_mask=True, category_annotations=False
[2026-02-06 22:29:55] INFO [set_image] reshape+mask done in 3.40s
[2026-02-06 22:29:58] INFO [set_image] sampling done in 3.26s (method=random, sampled=20000)
[2026-02-06 22:29:58] INFO [set_image] model init done in 0.13s (input_dim=5005, n_components=3)
[2026-02-06 22:31:06] INFO [set_image] resample done in 67.77s (points=1000)
[2026-02-06 22:31:10] INFO [set_image] category labels done in 4.06s
[2026-02-06 22:31:21] INFO [set_image] clustering init done in 10.60s (levels=6)
[2026-02-06 22:31:21] INFO [set_image] optimizer init done in 0.00s (lr=1.0, warmup=10)
[2026-02-06 22:31:21] INFO [set_image] total setup time 89.23s
[2026-02-06 22:31:21] INFO training 100 epochs | RSS=59131MB GPU_alloc=267MB GPU_reserved=288MB
[2026-02-06 22:31:21] INFO epoch 1/100 | RSS=59131MB GPU_alloc=484MB GPU_reserved=924MB
[2026-02-06 22:31:30] INFO epoch 20/100 | RSS=59131MB GPU_alloc=484MB GPU_reserved=924MB
[2026-02-06 22:31:39] INFO epoch 40/100 | RSS=59131MB GPU_alloc=484MB GPU_reserved=924MB
[2026-02-06 22:31:48] INFO epoch 60/100 | RSS=59131MB GPU_alloc=484MB GPU_reserved=924MB
[2026-02-06 22:31:58] INFO epoch 80/100 | RSS=59131MB GPU_alloc=484MB GPU_reserved=924MB
[2026-02-06 22:32:07] INFO epoch 100/100 | RSS=59131MB GPU_alloc=484MB GPU_reserved=924MB
[2026-02-06 22:32:07] INFO running predict | RSS=59131MB GPU_alloc=484MB GPU_reserved=924MB
[2026-02-06 22:32:24] INFO recompute_viz DONE | RSS=59172MB GPU_alloc=484MB GPU_reserved=2318MB
[2026-02-06 22:33:01] INFO reload_viz using ROI (231 points) | RSS=59172MB GPU_alloc=484MB GPU_reserved=526MB
[2026-02-06 22:33:01] INFO recompute_viz START | RSS=59172MB GPU_alloc=484MB GPU_reserved=526MB
[2026-02-06 22:33:01] INFO releasing previous model (GPU + large tensors) | RSS=59172MB GPU_alloc=484MB GPU_reserved=526MB
[2026-02-06 22:33:01] INFO after release + gc + cuda empty_cache | RSS=58889MB GPU_alloc=16MB GPU_reserved=40MB
[2026-02-06 22:33:01] INFO ROI mask built H=1274 W=1283 roi_pixels=214824 | RSS=58890MB GPU_alloc=16MB GPU_reserved=40MB
[2026-02-06 22:33:01] INFO creating new MSIParametricMiCSLMC | RSS=58890MB GPU_alloc=16MB GPU_reserved=40MB
[2026-02-06 22:33:01] INFO calling set_image(roi_mask=..., category_annotations=...) | RSS=58890MB GPU_alloc=16MB GPU_reserved=40MB
[2026-02-06 22:33:01] INFO [set_image] start: shape=(1274, 1283, 5005), roi_mask=True, category_annotations=False
[2026-02-06 22:33:04] INFO [set_image] reshape+mask done in 3.01s
[2026-02-06 22:33:07] INFO [set_image] sampling done in 3.29s (method=random, sampled=50000)
[2026-02-06 22:33:08] INFO [set_image] model init done in 0.13s (input_dim=5005, n_components=3)
[2026-02-06 22:35:53] INFO [set_image] resample done in 165.55s (points=1000)
[2026-02-06 22:35:58] INFO [set_image] category labels done in 4.58s
[2026-02-06 22:36:18] INFO [set_image] clustering init done in 20.44s (levels=6)
[2026-02-06 22:36:18] INFO [set_image] optimizer init done in 0.00s (lr=1.0, warmup=10)
[2026-02-06 22:36:18] INFO [set_image] total setup time 196.99s
[2026-02-06 22:36:18] INFO training 100 epochs | RSS=59706MB GPU_alloc=497MB GPU_reserved=516MB
[2026-02-06 22:36:19] INFO epoch 1/100 | RSS=59706MB GPU_alloc=713MB GPU_reserved=1152MB
[2026-02-06 22:36:40] INFO epoch 20/100 | RSS=59706MB GPU_alloc=713MB GPU_reserved=1152MB
[2026-02-06 22:37:02] INFO epoch 40/100 | RSS=59706MB GPU_alloc=713MB GPU_reserved=1152MB
[2026-02-06 22:37:25] INFO epoch 60/100 | RSS=59706MB GPU_alloc=713MB GPU_reserved=1152MB
[2026-02-06 22:37:47] INFO epoch 80/100 | RSS=59706MB GPU_alloc=713MB GPU_reserved=1152MB
[2026-02-06 22:38:10] INFO epoch 100/100 | RSS=59706MB GPU_alloc=713MB GPU_reserved=1152MB
[2026-02-06 22:38:10] INFO running predict | RSS=59706MB GPU_alloc=713MB GPU_reserved=1152MB
[2026-02-06 22:38:28] INFO recompute_viz DONE | RSS=59751MB GPU_alloc=713MB GPU_reserved=2546MB
[2026-02-06 22:39:03] INFO reload_viz using ROI (231 points) | RSS=59751MB GPU_alloc=713MB GPU_reserved=754MB
[2026-02-06 22:39:03] INFO recompute_viz START | RSS=59751MB GPU_alloc=713MB GPU_reserved=754MB
[2026-02-06 22:39:03] INFO releasing previous model (GPU + large tensors) | RSS=59751MB GPU_alloc=713MB GPU_reserved=754MB
[2026-02-06 22:39:03] INFO after release + gc + cuda empty_cache | RSS=58894MB GPU_alloc=16MB GPU_reserved=40MB
[2026-02-06 22:39:03] INFO ROI mask built H=1274 W=1283 roi_pixels=214824 | RSS=58896MB GPU_alloc=16MB GPU_reserved=40MB
[2026-02-06 22:39:03] INFO creating new MSIParametricMiCSLMC | RSS=58896MB GPU_alloc=16MB GPU_reserved=40MB
[2026-02-06 22:39:03] INFO calling set_image(roi_mask=..., category_annotations=...) | RSS=58896MB GPU_alloc=16MB GPU_reserved=40MB
[2026-02-06 22:39:03] INFO [set_image] start: shape=(1274, 1283, 5005), roi_mask=True, category_annotations=False
[2026-02-06 22:39:06] INFO [set_image] reshape+mask done in 2.96s
[2026-02-06 22:39:09] INFO [set_image] sampling done in 3.00s (method=random, sampled=1000)
[2026-02-06 22:39:09] INFO [set_image] model init done in 0.13s (input_dim=5005, n_components=3)
[2026-02-06 22:39:13] INFO [set_image] resample done in 3.72s (points=1000)
[2026-02-06 22:39:16] INFO [set_image] category labels done in 3.04s
[2026-02-06 22:39:17] INFO [set_image] clustering init done in 0.82s (levels=6)
[2026-02-06 22:39:17] INFO [set_image] optimizer init done in 0.00s (lr=1.0, warmup=10)
[2026-02-06 22:39:17] INFO [set_image] total setup time 13.67s
[2026-02-06 22:39:17] INFO training 100 epochs | RSS=58767MB GPU_alloc=122MB GPU_reserved=134MB
[2026-02-06 22:39:17] INFO epoch 1/100 | RSS=58767MB GPU_alloc=339MB GPU_reserved=608MB
[2026-02-06 22:39:18] INFO epoch 20/100 | RSS=58767MB GPU_alloc=339MB GPU_reserved=688MB
[2026-02-06 22:39:18] INFO epoch 40/100 | RSS=58767MB GPU_alloc=339MB GPU_reserved=688MB
[2026-02-06 22:39:19] INFO epoch 60/100 | RSS=58767MB GPU_alloc=339MB GPU_reserved=688MB
[2026-02-06 22:39:19] INFO epoch 80/100 | RSS=58767MB GPU_alloc=339MB GPU_reserved=688MB
[2026-02-06 22:39:20] INFO epoch 100/100 | RSS=58767MB GPU_alloc=339MB GPU_reserved=690MB
[2026-02-06 22:39:20] INFO running predict | RSS=58767MB GPU_alloc=339MB GPU_reserved=690MB
[2026-02-06 22:39:37] INFO recompute_viz DONE | RSS=58812MB GPU_alloc=339MB GPU_reserved=2084MB
[2026-02-06 22:40:06] INFO reload_viz using full image (no ROI) | RSS=58808MB GPU_alloc=339MB GPU_reserved=372MB
[2026-02-06 22:40:06] INFO compute_initial_viz START | RSS=58808MB GPU_alloc=339MB GPU_reserved=372MB
[2026-02-06 22:40:07] INFO config loaded | RSS=27684MB GPU_alloc=16MB GPU_reserved=40MB
[2026-02-06 22:47:10] INFO image loaded shape=(1274,1283,20020) from E:\MSImaging-data\_msi_visual\Extractions\NRL4558_5um\20bins\2\0.npy | RSS=152514MB GPU_alloc=16MB GPU_reserved=40MB
[2026-02-06 22:47:10] INFO creating new model and fitting | RSS=152514MB GPU_alloc=16MB GPU_reserved=40MB
[2026-02-06 22:47:10] INFO building model kwargs | RSS=152514MB GPU_alloc=16MB GPU_reserved=40MB
[2026-02-06 22:47:10] INFO model kwargs built in 0.00s | RSS=152514MB GPU_alloc=16MB GPU_reserved=40MB
[2026-02-06 22:47:10] INFO initializing model | RSS=152514MB GPU_alloc=16MB GPU_reserved=40MB
[2026-02-06 22:47:10] INFO model init done in 0.00s | RSS=152514MB GPU_alloc=16MB GPU_reserved=40MB
[2026-02-06 22:47:10] INFO starting model.fit (train) | RSS=152514MB GPU_alloc=16MB GPU_reserved=40MB
[2026-02-06 22:47:10] INFO [fit] set_image starting: shape=(1274, 1283, 20020)
[2026-02-06 22:47:10] INFO [set_image] start: shape=(1274, 1283, 20020), roi_mask=False, category_annotations=False
[2026-02-06 22:47:23] INFO [set_image] reshape+mask done in 12.71s
[2026-02-06 22:47:35] INFO [set_image] sampling done in 12.73s (method=random, sampled=1000)
[2026-02-06 22:47:36] INFO [set_image] model init done in 0.33s (input_dim=20020, n_components=3)
[2026-02-06 22:47:52] INFO [set_image] resample done in 16.58s (points=1000)
[2026-02-06 22:48:06] INFO [set_image] category labels done in 14.21s
[2026-02-06 22:48:08] INFO [set_image] clustering init done in 1.13s (levels=6)
[2026-02-06 22:48:08] INFO [set_image] optimizer init done in 0.00s (lr=1.0, warmup=10)
[2026-02-06 22:48:08] INFO [set_image] total setup time 57.70s
[2026-02-06 22:48:08] INFO [fit] set_image done in 57.70s
[2026-02-06 22:48:08] INFO [fit] training loop starting: epochs=100
[2026-02-06 22:48:14] INFO [fit] training loop finished in 6.33s
[2026-02-06 22:48:14] INFO model.fit completed in 64.03s | RSS=128252MB GPU_alloc=861MB GPU_reserved=1632MB
[2026-02-06 22:48:14] INFO running predict (train) | RSS=128252MB GPU_alloc=861MB GPU_reserved=1632MB
[2026-02-06 22:49:07] INFO compute_initial_viz DONE | RSS=128297MB GPU_alloc=861MB GPU_reserved=4904MB
[2026-02-06 22:52:44] INFO reload_viz using full image (no ROI) | RSS=128297MB GPU_alloc=861MB GPU_reserved=4904MB
[2026-02-06 22:52:44] INFO compute_initial_viz START | RSS=128297MB GPU_alloc=861MB GPU_reserved=4904MB
[2026-02-06 22:52:44] INFO config loaded | RSS=128555MB GPU_alloc=16MB GPU_reserved=40MB
[2026-02-06 22:52:44] INFO reusing cached image (path unchanged): E:\MSImaging-data\_msi_visual\Extractions\NRL4558_5um\20bins\2\0.npy | RSS=128555MB GPU_alloc=16MB GPU_reserved=40MB
[2026-02-06 22:52:44] INFO creating new model and fitting | RSS=128555MB GPU_alloc=16MB GPU_reserved=40MB
[2026-02-06 22:52:44] INFO building model kwargs | RSS=128555MB GPU_alloc=16MB GPU_reserved=40MB
[2026-02-06 22:52:44] INFO model kwargs built in 0.00s | RSS=128555MB GPU_alloc=16MB GPU_reserved=40MB
[2026-02-06 22:52:44] INFO initializing model | RSS=128555MB GPU_alloc=16MB GPU_reserved=40MB
[2026-02-06 22:52:44] INFO model init done in 0.00s | RSS=128555MB GPU_alloc=16MB GPU_reserved=40MB
[2026-02-06 22:52:44] INFO starting model.fit (train) | RSS=128555MB GPU_alloc=16MB GPU_reserved=40MB
[2026-02-06 22:52:44] INFO [fit] set_image starting: shape=(1274, 1283, 20020)
[2026-02-06 22:52:44] INFO [set_image] start: shape=(1274, 1283, 20020), roi_mask=False, category_annotations=False
[2026-02-06 22:53:04] INFO [set_image] reshape+mask done in 19.83s
[2026-02-06 22:53:17] INFO [set_image] sampling done in 12.33s (method=random, sampled=10000)
[2026-02-06 22:53:17] INFO [set_image] model init done in 0.32s (input_dim=20020, n_components=3)
[2026-02-06 22:58:33] INFO [set_image] resample done in 315.66s (points=2000)
[2026-02-06 22:58:55] INFO [set_image] category labels done in 21.86s
[2026-02-06 22:59:03] INFO [set_image] clustering init done in 8.61s (levels=7)
[2026-02-06 22:59:03] INFO [set_image] optimizer init done in 0.00s (lr=1.0, warmup=10)
[2026-02-06 22:59:03] INFO [set_image] total setup time 378.62s
[2026-02-06 22:59:03] INFO [fit] set_image done in 378.62s
[2026-02-06 22:59:03] INFO [fit] training loop starting: epochs=100
[2026-02-06 23:00:02] INFO [fit] training loop finished in 59.06s
[2026-02-06 23:00:02] INFO model.fit completed in 437.68s | RSS=128959MB GPU_alloc=1082MB GPU_reserved=1856MB
[2026-02-06 23:00:02] INFO running predict (train) | RSS=128959MB GPU_alloc=1082MB GPU_reserved=1856MB
[2026-02-06 23:00:53] INFO compute_initial_viz DONE | RSS=129005MB GPU_alloc=1082MB GPU_reserved=5128MB
[2026-02-06 23:01:50] INFO compute_initial_viz START | RSS=509MB GPU_alloc=0MB GPU_reserved=0MB
[2026-02-06 23:01:50] INFO config loaded | RSS=520MB GPU_alloc=0MB GPU_reserved=0MB
[2026-02-06 23:02:32] INFO image loaded shape=(1274,1283,5005) from E:\MSImaging-data\_msi_visual\Extractions\NRL4558_5um\5bins\2\0.npy | RSS=31731MB GPU_alloc=0MB GPU_reserved=0MB
[2026-02-06 23:02:32] INFO creating new model and fitting | RSS=31731MB GPU_alloc=0MB GPU_reserved=0MB
[2026-02-06 23:02:32] INFO building model kwargs | RSS=31731MB GPU_alloc=0MB GPU_reserved=0MB
[2026-02-06 23:02:32] INFO model kwargs built in 0.00s | RSS=31731MB GPU_alloc=0MB GPU_reserved=0MB
[2026-02-06 23:02:32] INFO initializing model | RSS=31731MB GPU_alloc=0MB GPU_reserved=0MB
[2026-02-06 23:02:32] INFO model init done in 0.01s | RSS=31731MB GPU_alloc=0MB GPU_reserved=0MB
[2026-02-06 23:02:32] INFO starting model.fit (train) | RSS=31731MB GPU_alloc=0MB GPU_reserved=0MB
[2026-02-06 23:02:32] INFO [fit] set_image starting: shape=(1274, 1283, 5005)
[2026-02-06 23:02:32] INFO [set_image] start: shape=(1274, 1283, 5005), roi_mask=False, category_annotations=False
[2026-02-06 23:02:35] INFO [set_image] reshape+mask done in 3.10s
[2026-02-06 23:03:02] INFO [set_image] sampling done in 27.02s (method=superpixel, sampled=5353)
[2026-02-06 23:03:02] INFO [set_image] model init done in 0.22s (input_dim=5005, n_components=3)
[2026-02-06 23:03:20] INFO [set_image] resample done in 17.72s (points=1000)
[2026-02-06 23:03:23] INFO [set_image] category labels done in 3.08s
[2026-02-06 23:03:54] INFO [set_image] clustering init done in 30.57s (levels=4)
[2026-02-06 23:03:55] INFO [set_image] optimizer init done in 1.41s (lr=1.0, warmup=10)
[2026-02-06 23:03:55] INFO [set_image] total setup time 83.12s
[2026-02-06 23:03:55] INFO [fit] set_image done in 83.12s
[2026-02-06 23:03:55] INFO [fit] training loop starting: epochs=100
[2026-02-06 23:04:08] INFO [fit] training loop finished in 12.56s
[2026-02-06 23:04:08] INFO model.fit completed in 95.68s | RSS=33281MB GPU_alloc=372MB GPU_reserved=812MB
[2026-02-06 23:04:08] INFO running predict (train) | RSS=33281MB GPU_alloc=372MB GPU_reserved=812MB
[2026-02-06 23:04:25] INFO compute_initial_viz DONE | RSS=33341MB GPU_alloc=372MB GPU_reserved=2206MB
[2026-02-06 23:07:07] INFO compute_initial_viz START | RSS=508MB GPU_alloc=0MB GPU_reserved=0MB
[2026-02-06 23:07:07] INFO config loaded | RSS=520MB GPU_alloc=0MB GPU_reserved=0MB
[2026-02-06 23:07:29] INFO image loaded shape=(1274,1283,5005) from E:\MSImaging-data\_msi_visual\Extractions\NRL4558_5um\5bins\2\0.npy | RSS=31730MB GPU_alloc=0MB GPU_reserved=0MB
[2026-02-06 23:07:29] INFO creating new model and fitting | RSS=31730MB GPU_alloc=0MB GPU_reserved=0MB
[2026-02-06 23:07:29] INFO building model kwargs | RSS=31730MB GPU_alloc=0MB GPU_reserved=0MB
[2026-02-06 23:07:29] INFO model kwargs built in 0.00s | RSS=31730MB GPU_alloc=0MB GPU_reserved=0MB
[2026-02-06 23:07:29] INFO initializing model | RSS=31730MB GPU_alloc=0MB GPU_reserved=0MB
[2026-02-06 23:07:29] INFO model init done in 0.00s | RSS=31730MB GPU_alloc=0MB GPU_reserved=0MB
[2026-02-06 23:07:29] INFO starting model.fit (train) | RSS=31730MB GPU_alloc=0MB GPU_reserved=0MB
[2026-02-06 23:07:29] INFO [fit] set_image starting: shape=(1274, 1283, 5005)
[2026-02-06 23:07:29] INFO [set_image] start: shape=(1274, 1283, 5005), roi_mask=False, category_annotations=False
[2026-02-06 23:07:32] INFO [set_image] reshape+mask done in 2.87s
[2026-02-06 23:07:58] INFO [set_image] sampling done in 26.41s (method=superpixel, sampled=5353)
[2026-02-06 23:07:59] INFO [set_image] model init done in 0.22s (input_dim=5005, n_components=3)
[2026-02-06 23:08:17] INFO [set_image] resample done in 18.51s (points=1000)
[2026-02-06 23:08:20] INFO [set_image] category labels done in 3.08s
[2026-02-06 23:08:50] INFO [set_image] clustering init done in 30.06s (levels=4)
[2026-02-06 23:08:51] INFO [set_image] optimizer init done in 1.19s (lr=1.0, warmup=10)
[2026-02-06 23:08:51] INFO [set_image] total setup time 82.34s
[2026-02-06 23:08:51] INFO [fit] set_image done in 82.35s
[2026-02-06 23:08:51] INFO [fit] training loop starting: epochs=100
[2026-02-06 23:09:04] INFO [fit] training loop finished in 12.68s
[2026-02-06 23:09:04] INFO model.fit completed in 95.02s | RSS=33280MB GPU_alloc=372MB GPU_reserved=812MB
[2026-02-06 23:09:04] INFO running predict (train) | RSS=33280MB GPU_alloc=372MB GPU_reserved=812MB
[2026-02-06 23:09:21] INFO compute_initial_viz DONE | RSS=33339MB GPU_alloc=372MB GPU_reserved=2206MB
[2026-02-06 23:09:54] INFO reload_viz using full image (no ROI) | RSS=33350MB GPU_alloc=372MB GPU_reserved=2206MB
[2026-02-06 23:09:54] INFO compute_initial_viz START | RSS=33350MB GPU_alloc=372MB GPU_reserved=2206MB
[2026-02-06 23:09:55] INFO config loaded | RSS=33351MB GPU_alloc=16MB GPU_reserved=40MB
[2026-02-06 23:09:55] INFO reusing cached image (path unchanged): E:\MSImaging-data\_msi_visual\Extractions\NRL4558_5um\5bins\2\0.npy | RSS=33351MB GPU_alloc=16MB GPU_reserved=40MB
[2026-02-06 23:09:55] INFO creating new model and fitting | RSS=33351MB GPU_alloc=16MB GPU_reserved=40MB
[2026-02-06 23:09:55] INFO building model kwargs | RSS=33351MB GPU_alloc=16MB GPU_reserved=40MB
[2026-02-06 23:09:55] INFO model kwargs built in 0.00s | RSS=33351MB GPU_alloc=16MB GPU_reserved=40MB
[2026-02-06 23:09:55] INFO initializing model | RSS=33351MB GPU_alloc=16MB GPU_reserved=40MB
[2026-02-06 23:09:55] INFO model init done in 0.00s | RSS=33351MB GPU_alloc=16MB GPU_reserved=40MB
[2026-02-06 23:09:55] INFO starting model.fit (train) | RSS=33351MB GPU_alloc=16MB GPU_reserved=40MB
[2026-02-06 23:09:55] INFO [fit] set_image starting: shape=(1274, 1283, 5005)
[2026-02-06 23:09:55] INFO [set_image] start: shape=(1274, 1283, 5005), roi_mask=False, category_annotations=False
[2026-02-06 23:09:58] INFO [set_image] reshape+mask done in 3.09s
[2026-02-06 23:10:22] INFO [set_image] sampling done in 24.84s (method=superpixel, sampled=5287)
[2026-02-06 23:10:23] INFO [set_image] model init done in 0.13s (input_dim=5005, n_components=3)
[2026-02-06 23:10:40] INFO [set_image] resample done in 17.26s (points=1000)
[2026-02-06 23:10:43] INFO [set_image] category labels done in 3.06s
[2026-02-06 23:12:33] INFO [set_image] clustering init done in 109.92s (levels=6)
[2026-02-06 23:12:33] INFO [set_image] optimizer init done in 0.00s (lr=1.0, warmup=10)
[2026-02-06 23:12:33] INFO [set_image] total setup time 158.31s
[2026-02-06 23:12:33] INFO [fit] set_image done in 158.31s
[2026-02-06 23:12:33] INFO [fit] training loop starting: epochs=100
[2026-02-06 23:12:46] INFO [fit] training loop finished in 12.75s
[2026-02-06 23:12:46] INFO model.fit completed in 171.06s | RSS=33492MB GPU_alloc=371MB GPU_reserved=810MB
[2026-02-06 23:12:46] INFO running predict (train) | RSS=33492MB GPU_alloc=371MB GPU_reserved=810MB
[2026-02-06 23:13:03] INFO compute_initial_viz DONE | RSS=33537MB GPU_alloc=371MB GPU_reserved=2204MB
[2026-02-06 23:16:13] INFO compute_initial_viz START | RSS=508MB GPU_alloc=0MB GPU_reserved=0MB
[2026-02-06 23:16:13] INFO config loaded | RSS=520MB GPU_alloc=0MB GPU_reserved=0MB
[2026-02-06 23:16:35] INFO image loaded shape=(1274,1283,5005) from E:\MSImaging-data\_msi_visual\Extractions\NRL4558_5um\5bins\2\0.npy | RSS=31730MB GPU_alloc=0MB GPU_reserved=0MB
[2026-02-06 23:16:35] INFO creating new model and fitting | RSS=31730MB GPU_alloc=0MB GPU_reserved=0MB
[2026-02-06 23:16:35] INFO building model kwargs | RSS=31730MB GPU_alloc=0MB GPU_reserved=0MB
[2026-02-06 23:16:35] INFO model kwargs built in 0.00s | RSS=31730MB GPU_alloc=0MB GPU_reserved=0MB
[2026-02-06 23:16:35] INFO initializing model | RSS=31730MB GPU_alloc=0MB GPU_reserved=0MB
[2026-02-06 23:16:35] INFO model init done in 0.00s | RSS=31730MB GPU_alloc=0MB GPU_reserved=0MB
[2026-02-06 23:16:35] INFO starting model.fit (train) | RSS=31730MB GPU_alloc=0MB GPU_reserved=0MB
[2026-02-06 23:16:35] INFO [fit] set_image starting: shape=(1274, 1283, 5005)
[2026-02-06 23:16:35] INFO [set_image] start: shape=(1274, 1283, 5005), roi_mask=False, category_annotations=False
[2026-02-06 23:16:38] INFO [set_image] reshape+mask done in 3.04s
[2026-02-06 23:17:06] INFO [set_image] sampling done in 27.98s (method=superpixel, sampled=5353)
[2026-02-06 23:17:06] INFO [set_image] model init done in 0.22s (input_dim=5005, n_components=3)
[2026-02-06 23:17:24] INFO [set_image] resample done in 17.73s (points=1000)
[2026-02-06 23:17:27] INFO [set_image] category labels done in 3.27s
[2026-02-06 23:17:57] INFO [set_image] clustering init done in 30.32s (levels=4)
[2026-02-06 23:17:58] INFO [set_image] optimizer init done in 1.15s (lr=1.0, warmup=10)
[2026-02-06 23:17:58] INFO [set_image] total setup time 83.70s
[2026-02-06 23:17:58] INFO [fit] set_image done in 83.70s
[2026-02-06 23:17:58] INFO [fit] training loop starting: epochs=100
[2026-02-06 23:18:11] INFO [fit] training loop finished in 12.82s
[2026-02-06 23:18:11] INFO model.fit completed in 96.53s | RSS=33281MB GPU_alloc=372MB GPU_reserved=812MB
[2026-02-06 23:18:11] INFO running predict (train) | RSS=33281MB GPU_alloc=372MB GPU_reserved=812MB
[2026-02-06 23:18:29] INFO compute_initial_viz DONE | RSS=33340MB GPU_alloc=372MB GPU_reserved=2206MB
[2026-02-06 23:19:13] INFO compute_initial_viz START | RSS=33353MB GPU_alloc=372MB GPU_reserved=2206MB
[2026-02-06 23:19:14] INFO config loaded | RSS=33354MB GPU_alloc=16MB GPU_reserved=40MB
[2026-02-06 23:19:14] INFO reusing cached image (path unchanged): E:\MSImaging-data\_msi_visual\Extractions\NRL4558_5um\5bins\2\0.npy | RSS=33354MB GPU_alloc=16MB GPU_reserved=40MB
[2026-02-06 23:19:14] INFO creating new model and fitting | RSS=33354MB GPU_alloc=16MB GPU_reserved=40MB
[2026-02-06 23:19:14] INFO building model kwargs | RSS=33354MB GPU_alloc=16MB GPU_reserved=40MB
[2026-02-06 23:19:14] INFO model kwargs built in 0.00s | RSS=33354MB GPU_alloc=16MB GPU_reserved=40MB
[2026-02-06 23:19:14] INFO initializing model | RSS=33354MB GPU_alloc=16MB GPU_reserved=40MB
[2026-02-06 23:19:14] INFO model init done in 0.00s | RSS=33354MB GPU_alloc=16MB GPU_reserved=40MB
[2026-02-06 23:19:14] INFO starting model.fit (train) | RSS=33354MB GPU_alloc=16MB GPU_reserved=40MB
[2026-02-06 23:19:14] INFO [fit] set_image starting: shape=(1274, 1283, 5005)
[2026-02-06 23:19:14] INFO [set_image] start: shape=(1274, 1283, 5005), roi_mask=False, category_annotations=False
[2026-02-06 23:19:17] INFO [set_image] reshape+mask done in 3.35s
[2026-02-06 23:19:45] INFO [set_image] sampling done in 27.96s (method=superpixel, sampled=5353)
[2026-02-06 23:19:45] INFO [set_image] model init done in 0.13s (input_dim=5005, n_components=3)
[2026-02-06 23:20:04] INFO [set_image] resample done in 18.66s (points=1000)
[2026-02-06 23:20:07] INFO [set_image] category labels done in 3.26s
[2026-02-06 23:20:37] INFO [set_image] clustering init done in 30.15s (levels=4)
[2026-02-06 23:20:37] INFO [set_image] optimizer init done in 0.00s (lr=1.0, warmup=10)
[2026-02-06 23:20:37] INFO [set_image] total setup time 83.51s
[2026-02-06 23:20:37] INFO [fit] set_image done in 83.51s
[2026-02-06 23:20:37] INFO [fit] training loop starting: epochs=100
[2026-02-06 23:20:50] INFO [fit] training loop finished in 12.29s
[2026-02-06 23:20:50] INFO model.fit completed in 95.80s | RSS=33476MB GPU_alloc=372MB GPU_reserved=812MB
[2026-02-06 23:20:50] INFO running predict (train) | RSS=33476MB GPU_alloc=372MB GPU_reserved=812MB
[2026-02-06 23:21:07] INFO compute_initial_viz DONE | RSS=33521MB GPU_alloc=372MB GPU_reserved=2206MB
[2026-02-06 23:24:56] INFO compute_initial_viz START | RSS=509MB GPU_alloc=0MB GPU_reserved=0MB
[2026-02-06 23:24:56] INFO config loaded | RSS=521MB GPU_alloc=0MB GPU_reserved=0MB
[2026-02-06 23:25:14] INFO compute_initial_viz START | RSS=31737MB GPU_alloc=0MB GPU_reserved=0MB
[2026-02-06 23:25:14] INFO config loaded | RSS=31737MB GPU_alloc=0MB GPU_reserved=0MB
[2026-02-06 23:25:17] INFO compute_initial_viz START | RSS=39930MB GPU_alloc=0MB GPU_reserved=0MB
[2026-02-06 23:25:17] INFO config loaded | RSS=39930MB GPU_alloc=0MB GPU_reserved=0MB
[2026-02-06 23:25:19] INFO image loaded shape=(1274,1283,5005) from E:\MSImaging-data\_msi_visual\Extractions\NRL4558_5um\5bins\2\0.npy | RSS=48977MB GPU_alloc=0MB GPU_reserved=0MB
[2026-02-06 23:25:19] INFO creating new model and fitting | RSS=48984MB GPU_alloc=0MB GPU_reserved=0MB
[2026-02-06 23:25:19] INFO building model kwargs | RSS=48989MB GPU_alloc=0MB GPU_reserved=0MB
[2026-02-06 23:25:19] INFO model kwargs built in 0.00s | RSS=49008MB GPU_alloc=0MB GPU_reserved=0MB
[2026-02-06 23:25:19] INFO initializing model | RSS=49011MB GPU_alloc=0MB GPU_reserved=0MB
[2026-02-06 23:25:19] INFO model init done in 0.00s | RSS=49070MB GPU_alloc=0MB GPU_reserved=0MB
[2026-02-06 23:25:19] INFO starting model.fit (train) | RSS=49074MB GPU_alloc=0MB GPU_reserved=0MB
[2026-02-06 23:25:19] INFO [fit] set_image starting: shape=(1274, 1283, 5005)
[2026-02-06 23:25:19] INFO [set_image] start: shape=(1274, 1283, 5005), roi_mask=False, category_annotations=False
[2026-02-06 23:25:24] INFO [set_image] reshape+mask done in 4.77s
[2026-02-06 23:25:42] INFO image loaded shape=(1274,1283,5005) from E:\MSImaging-data\_msi_visual\Extractions\NRL4558_5um\5bins\2\0.npy | RSS=94351MB GPU_alloc=0MB GPU_reserved=0MB
[2026-02-06 23:25:42] INFO creating new model and fitting | RSS=94351MB GPU_alloc=0MB GPU_reserved=0MB
[2026-02-06 23:25:42] INFO building model kwargs | RSS=94351MB GPU_alloc=0MB GPU_reserved=0MB
[2026-02-06 23:25:42] INFO model kwargs built in 0.00s | RSS=94351MB GPU_alloc=0MB GPU_reserved=0MB
[2026-02-06 23:25:42] INFO initializing model | RSS=94351MB GPU_alloc=0MB GPU_reserved=0MB
[2026-02-06 23:25:42] INFO model init done in 0.00s | RSS=94351MB GPU_alloc=0MB GPU_reserved=0MB
[2026-02-06 23:25:42] INFO starting model.fit (train) | RSS=94351MB GPU_alloc=0MB GPU_reserved=0MB
[2026-02-06 23:25:42] INFO [fit] set_image starting: shape=(1274, 1283, 5005)
[2026-02-06 23:25:42] INFO [set_image] start: shape=(1274, 1283, 5005), roi_mask=False, category_annotations=False
[2026-02-06 23:25:46] INFO image loaded shape=(1274,1283,5005) from E:\MSImaging-data\_msi_visual\Extractions\NRL4558_5um\5bins\2\0.npy | RSS=94944MB GPU_alloc=0MB GPU_reserved=0MB
[2026-02-06 23:25:46] INFO creating new model and fitting | RSS=94944MB GPU_alloc=0MB GPU_reserved=0MB
[2026-02-06 23:25:46] INFO building model kwargs | RSS=94944MB GPU_alloc=0MB GPU_reserved=0MB
[2026-02-06 23:25:46] INFO model kwargs built in 0.00s | RSS=94944MB GPU_alloc=0MB GPU_reserved=0MB
[2026-02-06 23:25:46] INFO initializing model | RSS=94944MB GPU_alloc=0MB GPU_reserved=0MB
[2026-02-06 23:25:46] INFO model init done in 0.00s | RSS=94944MB GPU_alloc=0MB GPU_reserved=0MB
[2026-02-06 23:25:46] INFO starting model.fit (train) | RSS=94944MB GPU_alloc=0MB GPU_reserved=0MB
[2026-02-06 23:25:46] INFO [fit] set_image starting: shape=(1274, 1283, 5005)
[2026-02-06 23:25:46] INFO [set_image] start: shape=(1274, 1283, 5005), roi_mask=False, category_annotations=False
[2026-02-06 23:25:47] INFO [set_image] reshape+mask done in 4.95s
[2026-02-06 23:25:49] INFO [set_image] reshape+mask done in 3.49s
[2026-02-06 23:26:00] INFO [set_image] sampling done in 35.97s (method=superpixel, sampled=5353)
[2026-02-06 23:26:00] INFO [set_image] model init done in 0.21s (input_dim=5005, n_components=3)
[2026-02-06 23:26:18] INFO [set_image] sampling done in 31.34s (method=superpixel, sampled=5353)
[2026-02-06 23:26:18] INFO [set_image] model init done in 0.12s (input_dim=5005, n_components=3)
[2026-02-06 23:26:21] INFO [set_image] sampling done in 31.67s (method=superpixel, sampled=5389)
[2026-02-06 23:26:21] INFO [set_image] model init done in 0.13s (input_dim=5005, n_components=3)
[2026-02-06 23:26:23] INFO [set_image] resample done in 22.71s (points=1000)
[2026-02-06 23:26:26] INFO [set_image] category labels done in 3.27s
[2026-02-06 23:26:40] INFO [set_image] resample done in 22.25s (points=1000)
[2026-02-06 23:26:42] INFO [set_image] resample done in 21.21s (points=1000)
[2026-02-06 23:26:44] INFO [set_image] category labels done in 3.69s
[2026-02-06 23:26:47] INFO [set_image] category labels done in 4.79s
[2026-02-06 23:27:03] INFO [set_image] clustering init done in 37.15s (levels=4)
[2026-02-06 23:27:05] INFO [set_image] optimizer init done in 1.45s (lr=1.0, warmup=10)
[2026-02-06 23:27:05] INFO [set_image] total setup time 105.55s
[2026-02-06 23:27:05] INFO [fit] set_image done in 105.55s
[2026-02-06 23:27:05] INFO [fit] training loop starting: epochs=100
[2026-02-06 23:27:21] INFO [fit] training loop finished in 16.36s
[2026-02-06 23:27:21] INFO model.fit completed in 121.91s | RSS=96341MB GPU_alloc=652MB GPU_reserved=1076MB
[2026-02-06 23:27:21] INFO running predict (train) | RSS=96341MB GPU_alloc=652MB GPU_reserved=1076MB
[2026-02-06 23:27:24] INFO [set_image] clustering init done in 40.43s (levels=4)
[2026-02-06 23:27:24] INFO [set_image] optimizer init done in 0.00s (lr=1.0, warmup=10)
[2026-02-06 23:27:24] INFO [set_image] total setup time 102.78s
[2026-02-06 23:27:24] INFO [fit] set_image done in 102.79s
[2026-02-06 23:27:24] INFO [fit] training loop starting: epochs=100
[2026-02-06 23:27:28] INFO [set_image] clustering init done in 41.15s (levels=4)
[2026-02-06 23:27:28] INFO [set_image] optimizer init done in 0.00s (lr=1.0, warmup=10)
[2026-02-06 23:27:28] INFO [set_image] total setup time 102.43s
[2026-02-06 23:27:28] INFO [fit] set_image done in 102.43s
[2026-02-06 23:27:28] INFO [fit] training loop starting: epochs=100
[2026-02-06 23:27:41] INFO compute_initial_viz DONE | RSS=96142MB GPU_alloc=1367MB GPU_reserved=3240MB
[2026-02-06 23:27:54] INFO [fit] training loop finished in 29.75s
[2026-02-06 23:27:54] INFO model.fit completed in 132.54s | RSS=96142MB GPU_alloc=1215MB GPU_reserved=3240MB
[2026-02-06 23:27:54] INFO running predict (train) | RSS=96142MB GPU_alloc=1215MB GPU_reserved=3240MB
[2026-02-06 23:28:06] INFO [fit] training loop finished in 37.50s
[2026-02-06 23:28:06] INFO model.fit completed in 139.93s | RSS=96149MB GPU_alloc=1648MB GPU_reserved=3240MB
[2026-02-06 23:28:06] INFO running predict (train) | RSS=96149MB GPU_alloc=1648MB GPU_reserved=3240MB
[2026-02-06 23:28:11] INFO compute_initial_viz DONE | RSS=96159MB GPU_alloc=1722MB GPU_reserved=3866MB
[2026-02-06 23:28:23] INFO compute_initial_viz DONE | RSS=96148MB GPU_alloc=1096MB GPU_reserved=3866MB
[2026-02-06 23:28:44] INFO compute_initial_viz START | RSS=509MB GPU_alloc=0MB GPU_reserved=0MB
[2026-02-06 23:28:44] INFO config loaded | RSS=521MB GPU_alloc=0MB GPU_reserved=0MB
[2026-02-06 23:29:06] INFO image loaded shape=(1274,1283,5005) from E:\MSImaging-data\_msi_visual\Extractions\NRL4558_5um\5bins\2\0.npy | RSS=31731MB GPU_alloc=0MB GPU_reserved=0MB
[2026-02-06 23:29:06] INFO creating new model and fitting | RSS=31731MB GPU_alloc=0MB GPU_reserved=0MB
[2026-02-06 23:29:06] INFO building model kwargs | RSS=31731MB GPU_alloc=0MB GPU_reserved=0MB
[2026-02-06 23:29:06] INFO model kwargs built in 0.00s | RSS=31731MB GPU_alloc=0MB GPU_reserved=0MB
[2026-02-06 23:29:06] INFO initializing model | RSS=31731MB GPU_alloc=0MB GPU_reserved=0MB
[2026-02-06 23:29:06] INFO model init done in 0.00s | RSS=31731MB GPU_alloc=0MB GPU_reserved=0MB
[2026-02-06 23:29:06] INFO starting model.fit (train) | RSS=31731MB GPU_alloc=0MB GPU_reserved=0MB
[2026-02-06 23:29:06] INFO [fit] set_image starting: shape=(1274, 1283, 5005)
[2026-02-06 23:29:06] INFO [set_image] start: shape=(1274, 1283, 5005), roi_mask=False, category_annotations=False
[2026-02-06 23:29:09] INFO [set_image] reshape+mask done in 2.92s
[2026-02-06 23:29:36] INFO [set_image] sampling done in 27.20s (method=superpixel, sampled=5353)
[2026-02-06 23:29:36] INFO [set_image] model init done in 0.21s (input_dim=5005, n_components=3)
[2026-02-06 23:29:54] INFO [set_image] resample done in 18.01s (points=1000)
[2026-02-06 23:29:57] INFO [set_image] category labels done in 3.18s
[2026-02-06 23:30:28] INFO [set_image] clustering init done in 30.39s (levels=4)
[2026-02-06 23:30:29] INFO [set_image] optimizer init done in 1.16s (lr=1.0, warmup=10)
[2026-02-06 23:30:29] INFO [set_image] total setup time 83.07s
[2026-02-06 23:30:29] INFO [fit] set_image done in 83.07s
[2026-02-06 23:30:29] INFO [fit] training loop starting: epochs=100
[2026-02-06 23:30:42] INFO [fit] training loop finished in 13.08s
[2026-02-06 23:30:42] INFO model.fit completed in 96.15s | RSS=33282MB GPU_alloc=372MB GPU_reserved=812MB
[2026-02-06 23:30:42] INFO running predict (train) | RSS=33282MB GPU_alloc=372MB GPU_reserved=812MB
[2026-02-06 23:30:59] INFO compute_initial_viz DONE | RSS=33342MB GPU_alloc=372MB GPU_reserved=2206MB
[2026-02-06 23:39:47] INFO compute_initial_viz START | RSS=508MB GPU_alloc=0MB GPU_reserved=0MB
[2026-02-06 23:39:47] INFO config loaded | RSS=520MB GPU_alloc=0MB GPU_reserved=0MB
[2026-02-06 23:40:09] INFO image loaded shape=(1274,1283,5005) from E:\MSImaging-data\_msi_visual\Extractions\NRL4558_5um\5bins\2\0.npy | RSS=31730MB GPU_alloc=0MB GPU_reserved=0MB
[2026-02-06 23:40:09] INFO creating new model and fitting | RSS=31730MB GPU_alloc=0MB GPU_reserved=0MB
[2026-02-06 23:40:09] INFO building model kwargs | RSS=31730MB GPU_alloc=0MB GPU_reserved=0MB
[2026-02-06 23:40:09] INFO model kwargs built in 0.00s | RSS=31730MB GPU_alloc=0MB GPU_reserved=0MB
[2026-02-06 23:40:09] INFO initializing model | RSS=31730MB GPU_alloc=0MB GPU_reserved=0MB
[2026-02-06 23:40:09] INFO model init done in 0.00s | RSS=31730MB GPU_alloc=0MB GPU_reserved=0MB
[2026-02-06 23:40:09] INFO starting model.fit (train) | RSS=31730MB GPU_alloc=0MB GPU_reserved=0MB
[2026-02-06 23:40:09] INFO [fit] set_image starting: shape=(1274, 1283, 5005)
[2026-02-06 23:40:09] INFO [set_image] start: shape=(1274, 1283, 5005), roi_mask=False, category_annotations=False
[2026-02-06 23:40:12] INFO [set_image] reshape+mask done in 2.94s
[2026-02-06 23:40:39] INFO [set_image] sampling done in 27.31s (method=superpixel, sampled=5353)
[2026-02-06 23:40:40] INFO [set_image] model init done in 0.22s (input_dim=5005, n_components=3)
[2026-02-06 23:40:59] INFO [set_image] resample done in 19.68s (points=1000)
[2026-02-06 23:41:03] INFO [set_image] category labels done in 3.34s
[2026-02-06 23:41:33] INFO [set_image] clustering init done in 30.47s (levels=4)
[2026-02-06 23:41:34] INFO [set_image] optimizer init done in 1.19s (lr=1.0, warmup=10)
[2026-02-06 23:41:34] INFO [set_image] total setup time 85.14s
[2026-02-06 23:41:34] INFO [fit] set_image done in 85.14s
[2026-02-06 23:41:34] INFO [fit] training loop starting: epochs=100
[2026-02-06 23:41:47] INFO [fit] training loop finished in 12.43s
[2026-02-06 23:41:47] INFO model.fit completed in 97.57s | RSS=33282MB GPU_alloc=372MB GPU_reserved=812MB
[2026-02-06 23:41:47] INFO running predict (train) | RSS=33282MB GPU_alloc=372MB GPU_reserved=812MB
[2026-02-06 23:42:04] INFO compute_initial_viz DONE | RSS=33340MB GPU_alloc=372MB GPU_reserved=2206MB
[2026-02-06 23:44:47] INFO compute_initial_viz START | RSS=509MB GPU_alloc=0MB GPU_reserved=0MB
[2026-02-06 23:44:47] INFO config loaded | RSS=521MB GPU_alloc=0MB GPU_reserved=0MB
[2026-02-06 23:45:10] INFO image loaded shape=(1274,1283,5005) from E:\MSImaging-data\_msi_visual\Extractions\NRL4558_5um\5bins\2\0.npy | RSS=31730MB GPU_alloc=0MB GPU_reserved=0MB
[2026-02-06 23:45:10] INFO creating new model and fitting | RSS=31730MB GPU_alloc=0MB GPU_reserved=0MB
[2026-02-06 23:45:10] INFO building model kwargs | RSS=31730MB GPU_alloc=0MB GPU_reserved=0MB
[2026-02-06 23:45:10] INFO model kwargs built in 0.00s | RSS=31730MB GPU_alloc=0MB GPU_reserved=0MB
[2026-02-06 23:45:10] INFO initializing model | RSS=31730MB GPU_alloc=0MB GPU_reserved=0MB
[2026-02-06 23:45:10] INFO model init done in 0.00s | RSS=31731MB GPU_alloc=0MB GPU_reserved=0MB
[2026-02-06 23:45:10] INFO starting model.fit (train) | RSS=31731MB GPU_alloc=0MB GPU_reserved=0MB
[2026-02-06 23:45:10] INFO [fit] set_image starting: shape=(1274, 1283, 5005)
[2026-02-06 23:45:10] INFO [set_image] start: shape=(1274, 1283, 5005), roi_mask=False, category_annotations=False
[2026-02-06 23:45:12] INFO [set_image] reshape+mask done in 2.99s
[2026-02-06 23:45:30] INFO [set_image] sampling done in 17.50s (method=superpixel, sampled=1610)
[2026-02-06 23:45:30] INFO [set_image] model init done in 0.22s (input_dim=5005, n_components=3)
[2026-02-06 23:45:36] INFO [set_image] resample done in 5.53s (points=1000)
[2026-02-06 23:45:39] INFO [set_image] category labels done in 3.04s
[2026-02-06 23:45:48] INFO [set_image] clustering init done in 9.70s (levels=4)
[2026-02-06 23:45:50] INFO [set_image] optimizer init done in 1.20s (lr=1.0, warmup=10)
[2026-02-06 23:45:50] INFO [set_image] total setup time 40.19s
[2026-02-06 23:45:50] INFO [fit] set_image done in 40.19s
[2026-02-06 23:45:50] INFO [fit] training loop starting: epochs=100
[2026-02-06 23:45:54] INFO [fit] training loop finished in 4.38s
[2026-02-06 23:45:54] INFO model.fit completed in 44.57s | RSS=33210MB GPU_alloc=343MB GPU_reserved=720MB
[2026-02-06 23:45:54] INFO running predict (train) | RSS=33210MB GPU_alloc=343MB GPU_reserved=720MB
[2026-02-06 23:46:11] INFO compute_initial_viz DONE | RSS=33264MB GPU_alloc=343MB GPU_reserved=2114MB
[2026-02-06 23:52:59] INFO compute_initial_viz START | RSS=509MB GPU_alloc=0MB GPU_reserved=0MB
[2026-02-06 23:52:59] INFO config loaded | RSS=520MB GPU_alloc=0MB GPU_reserved=0MB
[2026-02-06 23:53:20] INFO image loaded shape=(1274,1283,5005) from E:\MSImaging-data\_msi_visual\Extractions\NRL4558_5um\5bins\2\0.npy | RSS=31730MB GPU_alloc=0MB GPU_reserved=0MB
[2026-02-06 23:53:20] INFO creating new model and fitting | RSS=31730MB GPU_alloc=0MB GPU_reserved=0MB
[2026-02-06 23:53:20] INFO building model kwargs | RSS=31730MB GPU_alloc=0MB GPU_reserved=0MB
[2026-02-06 23:53:20] INFO model kwargs built in 0.00s | RSS=31730MB GPU_alloc=0MB GPU_reserved=0MB
[2026-02-06 23:53:20] INFO initializing model | RSS=31730MB GPU_alloc=0MB GPU_reserved=0MB
[2026-02-06 23:53:20] INFO model init done in 0.00s | RSS=31730MB GPU_alloc=0MB GPU_reserved=0MB
[2026-02-06 23:53:20] INFO starting model.fit (train) | RSS=31730MB GPU_alloc=0MB GPU_reserved=0MB
[2026-02-06 23:53:20] INFO [fit] set_image starting: shape=(1274, 1283, 5005)
[2026-02-06 23:53:20] INFO [set_image] start: shape=(1274, 1283, 5005), roi_mask=False, category_annotations=False
[2026-02-06 23:53:22] INFO [set_image] reshape+mask done in 2.68s
[2026-02-06 23:53:38] INFO [set_image] sampling done in 16.25s (method=superpixel, sampled=1610)
[2026-02-06 23:53:39] INFO [set_image] model init done in 0.21s (input_dim=5005, n_components=3)
[2026-02-06 23:53:44] INFO [set_image] resample done in 4.85s (points=1000)
[2026-02-06 23:53:46] INFO [set_image] category labels done in 2.75s
[2026-02-06 23:53:56] INFO [set_image] clustering init done in 9.45s (levels=4)
[2026-02-06 23:53:57] INFO [set_image] optimizer init done in 1.17s (lr=1.0, warmup=10)
[2026-02-06 23:53:57] INFO [set_image] total setup time 37.37s
[2026-02-06 23:53:57] INFO [fit] set_image done in 37.37s
[2026-02-06 23:53:57] INFO [fit] training loop starting: epochs=100
[2026-02-06 23:54:01] INFO [fit] training loop finished in 4.39s
[2026-02-06 23:54:01] INFO model.fit completed in 41.76s | RSS=33209MB GPU_alloc=343MB GPU_reserved=720MB
[2026-02-06 23:54:01] INFO running predict (train) | RSS=33209MB GPU_alloc=343MB GPU_reserved=720MB
[2026-02-06 23:54:18] INFO compute_initial_viz DONE | RSS=33264MB GPU_alloc=343MB GPU_reserved=2114MB
[2026-02-06 23:55:04] INFO reload_viz using full image (no ROI) | RSS=33274MB GPU_alloc=343MB GPU_reserved=2114MB
[2026-02-06 23:55:04] INFO compute_initial_viz START | RSS=33274MB GPU_alloc=343MB GPU_reserved=2114MB
[2026-02-06 23:55:04] INFO config loaded | RSS=33351MB GPU_alloc=16MB GPU_reserved=40MB
[2026-02-06 23:55:04] INFO reusing cached image (path unchanged): E:\MSImaging-data\_msi_visual\Extractions\NRL4558_5um\5bins\2\0.npy | RSS=33351MB GPU_alloc=16MB GPU_reserved=40MB
[2026-02-06 23:55:04] INFO creating new model and fitting | RSS=33351MB GPU_alloc=16MB GPU_reserved=40MB
[2026-02-06 23:55:04] INFO building model kwargs | RSS=33351MB GPU_alloc=16MB GPU_reserved=40MB
[2026-02-06 23:55:04] INFO model kwargs built in 0.00s | RSS=33351MB GPU_alloc=16MB GPU_reserved=40MB
[2026-02-06 23:55:04] INFO initializing model | RSS=33351MB GPU_alloc=16MB GPU_reserved=40MB
[2026-02-06 23:55:04] INFO model init done in 0.00s | RSS=33351MB GPU_alloc=16MB GPU_reserved=40MB
[2026-02-06 23:55:04] INFO starting model.fit (train) | RSS=33351MB GPU_alloc=16MB GPU_reserved=40MB
[2026-02-06 23:55:04] INFO [fit] set_image starting: shape=(1274, 1283, 5005)
[2026-02-06 23:55:04] INFO [set_image] start: shape=(1274, 1283, 5005), roi_mask=False, category_annotations=False
[2026-02-06 23:55:07] INFO [set_image] reshape+mask done in 3.40s
[2026-02-06 23:55:25] INFO [set_image] sampling done in 17.76s (method=superpixel, sampled=1610)
[2026-02-06 23:55:25] INFO [set_image] model init done in 0.13s (input_dim=5005, n_components=3)
[2026-02-06 23:55:31] INFO [set_image] resample done in 5.82s (points=1000)
[2026-02-06 23:55:34] INFO [set_image] category labels done in 3.13s
[2026-02-06 23:55:53] INFO [set_image] clustering init done in 19.09s (levels=5)
[2026-02-06 23:55:53] INFO [set_image] optimizer init done in 0.00s (lr=1.0, warmup=10)
[2026-02-06 23:55:53] INFO [set_image] total setup time 49.33s
[2026-02-06 23:55:53] INFO [fit] set_image done in 49.34s
[2026-02-06 23:55:53] INFO [fit] training loop starting: epochs=100
[2026-02-06 23:55:57] INFO [fit] training loop finished in 4.14s
[2026-02-06 23:55:57] INFO model.fit completed in 53.48s | RSS=33404MB GPU_alloc=343MB GPU_reserved=744MB
[2026-02-06 23:55:57] INFO running predict (train) | RSS=33404MB GPU_alloc=343MB GPU_reserved=744MB
[2026-02-06 23:56:15] INFO compute_initial_viz DONE | RSS=33449MB GPU_alloc=343MB GPU_reserved=2138MB
[2026-02-07 00:02:33] INFO compute_initial_viz START | RSS=509MB GPU_alloc=0MB GPU_reserved=0MB
[2026-02-07 00:02:33] INFO config loaded | RSS=521MB GPU_alloc=0MB GPU_reserved=0MB
[2026-02-07 00:02:56] INFO image loaded shape=(1274,1283,5005) from E:\MSImaging-data\_msi_visual\Extractions\NRL4558_5um\5bins\2\0.npy | RSS=31731MB GPU_alloc=0MB GPU_reserved=0MB
[2026-02-07 00:02:56] INFO creating new model and fitting | RSS=31731MB GPU_alloc=0MB GPU_reserved=0MB
[2026-02-07 00:02:56] INFO building model kwargs | RSS=31731MB GPU_alloc=0MB GPU_reserved=0MB
[2026-02-07 00:02:56] INFO model kwargs built in 0.00s | RSS=31731MB GPU_alloc=0MB GPU_reserved=0MB
[2026-02-07 00:02:56] INFO initializing model | RSS=31731MB GPU_alloc=0MB GPU_reserved=0MB
[2026-02-07 00:02:56] INFO model init done in 0.00s | RSS=31731MB GPU_alloc=0MB GPU_reserved=0MB
[2026-02-07 00:02:56] INFO starting model.fit (train) | RSS=31731MB GPU_alloc=0MB GPU_reserved=0MB
[2026-02-07 00:02:56] INFO [fit] set_image starting: shape=(1274, 1283, 5005)
[2026-02-07 00:02:56] INFO [set_image] start: shape=(1274, 1283, 5005), roi_mask=False, category_annotations=False
[2026-02-07 00:02:59] INFO [set_image] reshape+mask done in 3.05s
[2026-02-07 00:03:16] INFO [set_image] sampling done in 17.71s (method=superpixel, sampled=1610)
[2026-02-07 00:03:17] INFO [set_image] model init done in 0.21s (input_dim=5005, n_components=3)
[2026-02-07 00:03:23] INFO [set_image] resample done in 5.92s (points=1000)
[2026-02-07 00:03:26] INFO [set_image] category labels done in 3.11s
[2026-02-07 00:03:35] INFO [set_image] clustering init done in 9.85s (levels=4)
[2026-02-07 00:03:37] INFO [set_image] optimizer init done in 1.21s (lr=1.0, warmup=10)
[2026-02-07 00:03:37] INFO [set_image] total setup time 41.08s
[2026-02-07 00:03:37] INFO [fit] set_image done in 41.08s
[2026-02-07 00:03:37] INFO [fit] training loop starting: epochs=100
[2026-02-07 00:03:41] INFO [fit] training loop finished in 4.39s
[2026-02-07 00:03:41] INFO model.fit completed in 45.48s | RSS=33210MB GPU_alloc=343MB GPU_reserved=720MB
[2026-02-07 00:03:41] INFO running predict (train) | RSS=33210MB GPU_alloc=343MB GPU_reserved=720MB
[2026-02-07 00:03:59] INFO compute_initial_viz DONE | RSS=33264MB GPU_alloc=343MB GPU_reserved=2114MB
[2026-02-07 00:06:52] INFO compute_initial_viz START | RSS=508MB GPU_alloc=0MB GPU_reserved=0MB
[2026-02-07 00:06:52] INFO config loaded | RSS=520MB GPU_alloc=0MB GPU_reserved=0MB
[2026-02-07 00:07:14] INFO image loaded shape=(1274,1283,5005) from E:\MSImaging-data\_msi_visual\Extractions\NRL4558_5um\5bins\2\0.npy | RSS=31730MB GPU_alloc=0MB GPU_reserved=0MB
[2026-02-07 00:07:14] INFO creating new model and fitting | RSS=31730MB GPU_alloc=0MB GPU_reserved=0MB
[2026-02-07 00:07:14] INFO building model kwargs | RSS=31730MB GPU_alloc=0MB GPU_reserved=0MB
[2026-02-07 00:07:14] INFO model kwargs built in 0.00s | RSS=31730MB GPU_alloc=0MB GPU_reserved=0MB
[2026-02-07 00:07:14] INFO initializing model | RSS=31730MB GPU_alloc=0MB GPU_reserved=0MB
[2026-02-07 00:07:14] INFO model init done in 0.01s | RSS=31730MB GPU_alloc=0MB GPU_reserved=0MB
[2026-02-07 00:07:14] INFO starting model.fit (train) | RSS=31730MB GPU_alloc=0MB GPU_reserved=0MB
[2026-02-07 00:07:14] INFO [fit] set_image starting: shape=(1274, 1283, 5005)
[2026-02-07 00:07:14] INFO [set_image] start: shape=(1274, 1283, 5005), roi_mask=False, category_annotations=False
[2026-02-07 00:07:17] INFO [set_image] reshape+mask done in 2.98s
[2026-02-07 00:07:35] INFO [set_image] sampling done in 17.65s (method=superpixel, sampled=1610)
[2026-02-07 00:07:35] INFO [set_image] model init done in 0.21s (input_dim=5005, n_components=3)
[2026-02-07 00:07:41] INFO [set_image] resample done in 5.72s (points=1000)
[2026-02-07 00:07:44] INFO [set_image] category labels done in 3.08s
[2026-02-07 00:07:54] INFO [set_image] clustering init done in 9.83s (levels=4)
[2026-02-07 00:07:55] INFO [set_image] optimizer init done in 1.24s (lr=1.0, warmup=10)
[2026-02-07 00:07:55] INFO [set_image] total setup time 40.73s
[2026-02-07 00:07:55] INFO [fit] set_image done in 40.73s
[2026-02-07 00:07:55] INFO [fit] training loop starting: epochs=100
[2026-02-07 00:07:59] INFO [fit] training loop finished in 4.38s
[2026-02-07 00:07:59] INFO model.fit completed in 45.11s | RSS=33211MB GPU_alloc=343MB GPU_reserved=720MB
[2026-02-07 00:07:59] INFO running predict (train) | RSS=33211MB GPU_alloc=343MB GPU_reserved=720MB
[2026-02-07 00:08:17] INFO compute_initial_viz DONE | RSS=33265MB GPU_alloc=343MB GPU_reserved=2114MB
[2026-02-07 00:10:56] INFO compute_initial_viz START | RSS=508MB GPU_alloc=0MB GPU_reserved=0MB
[2026-02-07 00:10:56] INFO config loaded | RSS=520MB GPU_alloc=0MB GPU_reserved=0MB
[2026-02-07 00:11:17] INFO image loaded shape=(1274,1283,5005) from E:\MSImaging-data\_msi_visual\Extractions\NRL4558_5um\5bins\2\0.npy | RSS=31730MB GPU_alloc=0MB GPU_reserved=0MB
[2026-02-07 00:11:17] INFO creating new model and fitting | RSS=31730MB GPU_alloc=0MB GPU_reserved=0MB
[2026-02-07 00:11:17] INFO building model kwargs | RSS=31730MB GPU_alloc=0MB GPU_reserved=0MB
[2026-02-07 00:11:17] INFO model kwargs built in 0.00s | RSS=31730MB GPU_alloc=0MB GPU_reserved=0MB
[2026-02-07 00:11:17] INFO initializing model | RSS=31730MB GPU_alloc=0MB GPU_reserved=0MB
[2026-02-07 00:11:17] INFO model init done in 0.00s | RSS=31730MB GPU_alloc=0MB GPU_reserved=0MB
[2026-02-07 00:11:17] INFO starting model.fit (train) | RSS=31730MB GPU_alloc=0MB GPU_reserved=0MB
[2026-02-07 00:11:17] INFO [fit] set_image starting: shape=(1274, 1283, 5005)
[2026-02-07 00:11:17] INFO [set_image] start: shape=(1274, 1283, 5005), roi_mask=False, category_annotations=False
[2026-02-07 00:11:20] INFO [set_image] reshape+mask done in 2.82s
[2026-02-07 00:11:37] INFO [set_image] sampling done in 16.82s (method=superpixel, sampled=1610)
[2026-02-07 00:11:37] INFO [set_image] model init done in 0.21s (input_dim=5005, n_components=3)
[2026-02-07 00:11:43] INFO [set_image] resample done in 5.35s (points=1000)
[2026-02-07 00:11:45] INFO [set_image] category labels done in 2.89s
[2026-02-07 00:11:55] INFO [set_image] clustering init done in 9.59s (levels=4)
[2026-02-07 00:11:56] INFO [set_image] optimizer init done in 1.16s (lr=1.0, warmup=10)
[2026-02-07 00:11:56] INFO [set_image] total setup time 38.85s
[2026-02-07 00:11:56] INFO [fit] set_image done in 38.85s
[2026-02-07 00:11:56] INFO [fit] training loop starting: epochs=100
[2026-02-07 00:12:01] INFO [fit] training loop finished in 4.38s
[2026-02-07 00:12:01] INFO model.fit completed in 43.23s | RSS=33209MB GPU_alloc=343MB GPU_reserved=720MB
[2026-02-07 00:12:01] INFO running predict (train) | RSS=33209MB GPU_alloc=343MB GPU_reserved=720MB
[2026-02-07 00:12:18] INFO compute_initial_viz DONE | RSS=33264MB GPU_alloc=343MB GPU_reserved=2114MB
[2026-02-07 00:13:39] INFO compute_initial_viz START | RSS=508MB GPU_alloc=0MB GPU_reserved=0MB
[2026-02-07 00:13:39] INFO config loaded | RSS=520MB GPU_alloc=0MB GPU_reserved=0MB
[2026-02-07 00:14:01] INFO image loaded shape=(1274,1283,5005) from E:\MSImaging-data\_msi_visual\Extractions\NRL4558_5um\5bins\2\0.npy | RSS=31730MB GPU_alloc=0MB GPU_reserved=0MB
[2026-02-07 00:14:01] INFO creating new model and fitting | RSS=31730MB GPU_alloc=0MB GPU_reserved=0MB
[2026-02-07 00:14:01] INFO building model kwargs | RSS=31730MB GPU_alloc=0MB GPU_reserved=0MB
[2026-02-07 00:14:01] INFO model kwargs built in 0.00s | RSS=31730MB GPU_alloc=0MB GPU_reserved=0MB
[2026-02-07 00:14:01] INFO initializing model | RSS=31730MB GPU_alloc=0MB GPU_reserved=0MB
[2026-02-07 00:14:01] INFO model init done in 0.00s | RSS=31730MB GPU_alloc=0MB GPU_reserved=0MB
[2026-02-07 00:14:01] INFO starting model.fit (train) | RSS=31730MB GPU_alloc=0MB GPU_reserved=0MB
[2026-02-07 00:14:01] INFO [fit] set_image starting: shape=(1274, 1283, 5005)
[2026-02-07 00:14:01] INFO [set_image] start: shape=(1274, 1283, 5005), roi_mask=False, category_annotations=False
[2026-02-07 00:14:04] INFO [set_image] reshape+mask done in 2.96s
[2026-02-07 00:14:07] INFO [set_image] sampling done in 2.95s (method=random, sampled=500)
[2026-02-07 00:14:07] INFO [set_image] model init done in 0.21s (input_dim=5005, n_components=3)
[2026-02-07 00:14:07] INFO [set_image] resample done in 0.59s (points=500)
[2026-02-07 00:14:10] INFO [set_image] category labels done in 2.96s
[2026-02-07 00:14:12] INFO [set_image] clustering init done in 1.62s (levels=3)
[2026-02-07 00:14:13] INFO [set_image] optimizer init done in 1.11s (lr=1.0, warmup=10)
[2026-02-07 00:14:13] INFO [set_image] total setup time 12.41s
[2026-02-07 00:14:13] INFO [fit] set_image done in 12.41s
[2026-02-07 00:14:13] INFO [fit] training loop starting: epochs=100
[2026-02-07 00:14:15] INFO [fit] training loop finished in 1.63s
[2026-02-07 00:14:15] INFO model.fit completed in 14.04s | RSS=32425MB GPU_alloc=323MB GPU_reserved=534MB
[2026-02-07 00:14:15] INFO running predict (train) | RSS=32425MB GPU_alloc=323MB GPU_reserved=534MB
[2026-02-07 00:14:32] INFO compute_initial_viz DONE | RSS=32480MB GPU_alloc=323MB GPU_reserved=1928MB
[2026-02-07 00:15:14] INFO compute_initial_viz START | RSS=32491MB GPU_alloc=323MB GPU_reserved=1928MB
[2026-02-07 00:15:14] INFO config loaded | RSS=32589MB GPU_alloc=16MB GPU_reserved=40MB
[2026-02-07 00:15:14] INFO reusing cached image (path unchanged): E:\MSImaging-data\_msi_visual\Extractions\NRL4558_5um\5bins\2\0.npy | RSS=32589MB GPU_alloc=16MB GPU_reserved=40MB
[2026-02-07 00:15:14] INFO creating new model and fitting | RSS=32589MB GPU_alloc=16MB GPU_reserved=40MB
[2026-02-07 00:15:14] INFO building model kwargs | RSS=32589MB GPU_alloc=16MB GPU_reserved=40MB
[2026-02-07 00:15:14] INFO model kwargs built in 0.00s | RSS=32589MB GPU_alloc=16MB GPU_reserved=40MB
[2026-02-07 00:15:14] INFO initializing model | RSS=32589MB GPU_alloc=16MB GPU_reserved=40MB
[2026-02-07 00:15:14] INFO model init done in 0.00s | RSS=32589MB GPU_alloc=16MB GPU_reserved=40MB
[2026-02-07 00:15:14] INFO starting model.fit (train) | RSS=32589MB GPU_alloc=16MB GPU_reserved=40MB
[2026-02-07 00:15:14] INFO [fit] set_image starting: shape=(1274, 1283, 5005)
[2026-02-07 00:15:14] INFO [set_image] start: shape=(1274, 1283, 5005), roi_mask=False, category_annotations=False
[2026-02-07 00:15:17] INFO [set_image] reshape+mask done in 3.29s
[2026-02-07 00:15:35] INFO [set_image] sampling done in 17.63s (method=superpixel, sampled=1610)
[2026-02-07 00:15:35] INFO [set_image] model init done in 0.13s (input_dim=5005, n_components=3)
[2026-02-07 00:15:41] INFO [set_image] resample done in 5.60s (points=1000)
[2026-02-07 00:15:44] INFO [set_image] category labels done in 3.01s
[2026-02-07 00:15:53] INFO [set_image] clustering init done in 9.55s (levels=4)
[2026-02-07 00:15:53] INFO [set_image] optimizer init done in 0.00s (lr=1.0, warmup=10)
[2026-02-07 00:15:53] INFO [set_image] total setup time 39.21s
[2026-02-07 00:15:53] INFO [fit] set_image done in 39.21s
[2026-02-07 00:15:53] INFO [fit] training loop starting: epochs=100
[2026-02-07 00:15:57] INFO [fit] training loop finished in 3.93s
[2026-02-07 00:15:57] INFO model.fit completed in 43.14s | RSS=33402MB GPU_alloc=343MB GPU_reserved=760MB
[2026-02-07 00:15:57] INFO running predict (train) | RSS=33402MB GPU_alloc=343MB GPU_reserved=760MB
[2026-02-07 00:16:14] INFO compute_initial_viz DONE | RSS=33448MB GPU_alloc=343MB GPU_reserved=2154MB
[2026-02-07 00:16:37] INFO compute_initial_viz START | RSS=33448MB GPU_alloc=343MB GPU_reserved=2154MB
[2026-02-07 00:16:37] INFO config loaded | RSS=33513MB GPU_alloc=16MB GPU_reserved=40MB
[2026-02-07 00:16:37] INFO reusing cached image (path unchanged): E:\MSImaging-data\_msi_visual\Extractions\NRL4558_5um\5bins\2\0.npy | RSS=33513MB GPU_alloc=16MB GPU_reserved=40MB
[2026-02-07 00:16:37] INFO creating new model and fitting | RSS=33513MB GPU_alloc=16MB GPU_reserved=40MB
[2026-02-07 00:16:37] INFO building model kwargs | RSS=33513MB GPU_alloc=16MB GPU_reserved=40MB
[2026-02-07 00:16:37] INFO model kwargs built in 0.00s | RSS=33513MB GPU_alloc=16MB GPU_reserved=40MB
[2026-02-07 00:16:37] INFO initializing model | RSS=33513MB GPU_alloc=16MB GPU_reserved=40MB
[2026-02-07 00:16:37] INFO model init done in 0.00s | RSS=33513MB GPU_alloc=16MB GPU_reserved=40MB
[2026-02-07 00:16:37] INFO starting model.fit (train) | RSS=33513MB GPU_alloc=16MB GPU_reserved=40MB
[2026-02-07 00:16:37] INFO [fit] set_image starting: shape=(1274, 1283, 5005)
[2026-02-07 00:16:37] INFO [set_image] start: shape=(1274, 1283, 5005), roi_mask=False, category_annotations=False
[2026-02-07 00:16:40] INFO [set_image] reshape+mask done in 3.20s
[2026-02-07 00:16:43] INFO [set_image] sampling done in 3.02s (method=random, sampled=500)
[2026-02-07 00:16:44] INFO [set_image] model init done in 0.13s (input_dim=5005, n_components=3)
[2026-02-07 00:16:44] INFO [set_image] resample done in 0.64s (points=500)
[2026-02-07 00:16:47] INFO [set_image] category labels done in 2.98s
[2026-02-07 00:16:49] INFO [set_image] clustering init done in 1.52s (levels=3)
[2026-02-07 00:16:49] INFO [set_image] optimizer init done in 0.00s (lr=1.0, warmup=10)
[2026-02-07 00:16:49] INFO [set_image] total setup time 11.50s
[2026-02-07 00:16:49] INFO [fit] set_image done in 11.50s
[2026-02-07 00:16:49] INFO [fit] training loop starting: epochs=100
[2026-02-07 00:16:50] INFO [fit] training loop finished in 1.45s
[2026-02-07 00:16:50] INFO model.fit completed in 12.95s | RSS=33381MB GPU_alloc=323MB GPU_reserved=534MB
[2026-02-07 00:16:50] INFO running predict (train) | RSS=33381MB GPU_alloc=323MB GPU_reserved=534MB
[2026-02-07 00:17:07] INFO compute_initial_viz DONE | RSS=33427MB GPU_alloc=323MB GPU_reserved=1928MB
[2026-02-07 00:21:39] INFO compute_initial_viz START | RSS=508MB GPU_alloc=0MB GPU_reserved=0MB
[2026-02-07 00:21:39] INFO config loaded | RSS=520MB GPU_alloc=0MB GPU_reserved=0MB
[2026-02-07 00:22:01] INFO image loaded shape=(1274,1283,5005) from E:\MSImaging-data\_msi_visual\Extractions\NRL4558_5um\5bins\2\0.npy | RSS=31730MB GPU_alloc=0MB GPU_reserved=0MB
[2026-02-07 00:22:01] INFO creating new model and fitting | RSS=31730MB GPU_alloc=0MB GPU_reserved=0MB
[2026-02-07 00:22:01] INFO building model kwargs | RSS=31730MB GPU_alloc=0MB GPU_reserved=0MB
[2026-02-07 00:22:01] INFO model kwargs built in 0.00s | RSS=31730MB GPU_alloc=0MB GPU_reserved=0MB
[2026-02-07 00:22:01] INFO initializing model | RSS=31730MB GPU_alloc=0MB GPU_reserved=0MB
[2026-02-07 00:22:01] INFO model init done in 0.00s | RSS=31730MB GPU_alloc=0MB GPU_reserved=0MB
[2026-02-07 00:22:01] INFO starting model.fit (train) | RSS=31730MB GPU_alloc=0MB GPU_reserved=0MB
[2026-02-07 00:22:01] INFO [fit] set_image starting: shape=(1274, 1283, 5005)
[2026-02-07 00:22:01] INFO [set_image] start: shape=(1274, 1283, 5005), roi_mask=False, category_annotations=False
[2026-02-07 00:22:04] INFO [set_image] reshape+mask done in 3.09s
[2026-02-07 00:22:08] INFO [set_image] sampling done in 3.12s (method=random, sampled=500)
[2026-02-07 00:22:08] INFO [set_image] model init done in 0.21s (input_dim=5005, n_components=3)
[2026-02-07 00:22:08] INFO [set_image] resample done in 0.59s (points=500)
[2026-02-07 00:22:12] INFO [set_image] category labels done in 3.13s
[2026-02-07 00:22:13] INFO [set_image] clustering init done in 1.75s (levels=3)
[2026-02-07 00:22:14] INFO [set_image] optimizer init done in 1.17s (lr=1.0, warmup=10)
[2026-02-07 00:22:14] INFO [set_image] total setup time 13.06s
[2026-02-07 00:22:14] INFO [fit] set_image done in 13.06s
[2026-02-07 00:22:14] INFO [fit] training loop starting: epochs=100
[2026-02-07 00:22:16] INFO [fit] training loop finished in 1.87s
[2026-02-07 00:22:16] INFO model.fit completed in 14.93s | RSS=32423MB GPU_alloc=323MB GPU_reserved=534MB
[2026-02-07 00:22:16] INFO running predict (train) | RSS=32423MB GPU_alloc=323MB GPU_reserved=534MB
[2026-02-07 00:22:34] INFO compute_initial_viz DONE | RSS=32478MB GPU_alloc=323MB GPU_reserved=1928MB
[2026-02-07 00:23:02] INFO compute_initial_viz START | RSS=32488MB GPU_alloc=323MB GPU_reserved=1928MB
[2026-02-07 00:23:02] INFO config loaded | RSS=32586MB GPU_alloc=16MB GPU_reserved=40MB
[2026-02-07 00:23:02] INFO reusing cached image (path unchanged): E:\MSImaging-data\_msi_visual\Extractions\NRL4558_5um\5bins\2\0.npy | RSS=32586MB GPU_alloc=16MB GPU_reserved=40MB
[2026-02-07 00:23:02] INFO creating new model and fitting | RSS=32586MB GPU_alloc=16MB GPU_reserved=40MB
[2026-02-07 00:23:02] INFO building model kwargs | RSS=32586MB GPU_alloc=16MB GPU_reserved=40MB
[2026-02-07 00:23:02] INFO model kwargs built in 0.00s | RSS=32586MB GPU_alloc=16MB GPU_reserved=40MB
[2026-02-07 00:23:02] INFO initializing model | RSS=32586MB GPU_alloc=16MB GPU_reserved=40MB
[2026-02-07 00:23:02] INFO model init done in 0.00s | RSS=32586MB GPU_alloc=16MB GPU_reserved=40MB
[2026-02-07 00:23:02] INFO starting model.fit (train) | RSS=32586MB GPU_alloc=16MB GPU_reserved=40MB
[2026-02-07 00:23:02] INFO [fit] set_image starting: shape=(1274, 1283, 5005)
[2026-02-07 00:23:02] INFO [set_image] start: shape=(1274, 1283, 5005), roi_mask=False, category_annotations=False
[2026-02-07 00:23:05] INFO [set_image] reshape+mask done in 3.02s
[2026-02-07 00:23:08] INFO [set_image] sampling done in 2.85s (method=random, sampled=500)
[2026-02-07 00:23:08] INFO [set_image] model init done in 0.13s (input_dim=5005, n_components=3)
[2026-02-07 00:23:09] INFO [set_image] resample done in 0.56s (points=500)
[2026-02-07 00:23:12] INFO [set_image] category labels done in 2.86s
[2026-02-07 00:23:13] INFO [set_image] clustering init done in 1.50s (levels=3)
[2026-02-07 00:23:13] INFO [set_image] optimizer init done in 0.00s (lr=1.0, warmup=10)
[2026-02-07 00:23:13] INFO [set_image] total setup time 10.94s
[2026-02-07 00:23:13] INFO [fit] set_image done in 10.94s
[2026-02-07 00:23:13] INFO [fit] training loop starting: epochs=100
[2026-02-07 00:23:15] INFO [fit] training loop finished in 1.48s
[2026-02-07 00:23:15] INFO model.fit completed in 12.42s | RSS=32602MB GPU_alloc=323MB GPU_reserved=534MB
[2026-02-07 00:23:15] INFO running predict (train) | RSS=32602MB GPU_alloc=323MB GPU_reserved=534MB
[2026-02-07 00:23:31] INFO compute_initial_viz DONE | RSS=32647MB GPU_alloc=323MB GPU_reserved=1928MB
[2026-02-07 00:25:28] INFO compute_initial_viz START | RSS=508MB GPU_alloc=0MB GPU_reserved=0MB
[2026-02-07 00:25:28] INFO config loaded | RSS=520MB GPU_alloc=0MB GPU_reserved=0MB
[2026-02-07 00:25:50] INFO image loaded shape=(1274,1283,5005) from E:\MSImaging-data\_msi_visual\Extractions\NRL4558_5um\5bins\2\0.npy | RSS=31730MB GPU_alloc=0MB GPU_reserved=0MB
[2026-02-07 00:25:50] INFO creating new model and fitting | RSS=31730MB GPU_alloc=0MB GPU_reserved=0MB
[2026-02-07 00:25:50] INFO building model kwargs | RSS=31730MB GPU_alloc=0MB GPU_reserved=0MB
[2026-02-07 00:25:50] INFO model kwargs built in 0.00s | RSS=31730MB GPU_alloc=0MB GPU_reserved=0MB
[2026-02-07 00:25:50] INFO initializing model | RSS=31730MB GPU_alloc=0MB GPU_reserved=0MB
[2026-02-07 00:25:50] INFO model init done in 0.00s | RSS=31730MB GPU_alloc=0MB GPU_reserved=0MB
[2026-02-07 00:25:50] INFO starting model.fit (train) | RSS=31730MB GPU_alloc=0MB GPU_reserved=0MB
[2026-02-07 00:25:50] INFO [fit] set_image starting: shape=(1274, 1283, 5005)
[2026-02-07 00:25:50] INFO [set_image] start: shape=(1274, 1283, 5005), roi_mask=False, category_annotations=False
[2026-02-07 00:25:53] INFO [set_image] reshape+mask done in 2.94s
[2026-02-07 00:25:56] INFO [set_image] sampling done in 2.97s (method=random, sampled=500)
[2026-02-07 00:25:56] INFO [set_image] model init done in 0.21s (input_dim=5005, n_components=3)
[2026-02-07 00:25:56] INFO [set_image] resample done in 0.57s (points=500)
[2026-02-07 00:25:59] INFO [set_image] category labels done in 3.00s
[2026-02-07 00:26:01] INFO [set_image] clustering init done in 1.74s (levels=3)
[2026-02-07 00:26:02] INFO [set_image] optimizer init done in 1.16s (lr=1.0, warmup=10)
[2026-02-07 00:26:02] INFO [set_image] total setup time 12.59s
[2026-02-07 00:26:02] INFO [fit] set_image done in 12.59s
[2026-02-07 00:26:02] INFO [fit] training loop starting: epochs=100
[2026-02-07 00:26:04] INFO [fit] training loop finished in 1.82s
[2026-02-07 00:26:04] INFO model.fit completed in 14.41s | RSS=32423MB GPU_alloc=323MB GPU_reserved=534MB
[2026-02-07 00:26:04] INFO running predict (train) | RSS=32423MB GPU_alloc=323MB GPU_reserved=534MB
[2026-02-07 00:26:22] INFO compute_initial_viz DONE | RSS=32478MB GPU_alloc=323MB GPU_reserved=1928MB
[2026-02-07 00:39:53] INFO compute_initial_viz START | RSS=509MB GPU_alloc=0MB GPU_reserved=0MB
[2026-02-07 00:39:53] INFO config loaded | RSS=521MB GPU_alloc=0MB GPU_reserved=0MB
[2026-02-07 00:40:15] INFO image loaded shape=(1274,1283,5005) from E:\MSImaging-data\_msi_visual\Extractions\NRL4558_5um\5bins\2\0.npy | RSS=31731MB GPU_alloc=0MB GPU_reserved=0MB
[2026-02-07 00:40:15] INFO creating new model and fitting | RSS=31731MB GPU_alloc=0MB GPU_reserved=0MB
[2026-02-07 00:40:15] INFO building model kwargs | RSS=31731MB GPU_alloc=0MB GPU_reserved=0MB
[2026-02-07 00:40:15] INFO model kwargs built in 0.00s | RSS=31731MB GPU_alloc=0MB GPU_reserved=0MB
[2026-02-07 00:40:15] INFO initializing model | RSS=31731MB GPU_alloc=0MB GPU_reserved=0MB
[2026-02-07 00:40:15] INFO model init done in 0.00s | RSS=31731MB GPU_alloc=0MB GPU_reserved=0MB
[2026-02-07 00:40:15] INFO starting model.fit (train) | RSS=31731MB GPU_alloc=0MB GPU_reserved=0MB
[2026-02-07 00:40:15] INFO [fit] set_image starting: shape=(1274, 1283, 5005)
[2026-02-07 00:40:15] INFO [set_image] start: shape=(1274, 1283, 5005), roi_mask=False, category_annotations=False
[2026-02-07 00:40:18] INFO [set_image] reshape+mask done in 3.02s
[2026-02-07 00:40:21] INFO [set_image] sampling done in 3.03s (method=random, sampled=500)
[2026-02-07 00:40:21] INFO [set_image] model init done in 0.21s (input_dim=5005, n_components=3)
[2026-02-07 00:40:22] INFO [set_image] resample done in 0.64s (points=500)
[2026-02-07 00:40:25] INFO [set_image] category labels done in 3.12s
[2026-02-07 00:40:27] INFO [set_image] clustering init done in 1.75s (levels=3)
[2026-02-07 00:40:28] INFO [set_image] optimizer init done in 1.32s (lr=1.0, warmup=10)
[2026-02-07 00:40:28] INFO [set_image] total setup time 13.09s
[2026-02-07 00:40:28] INFO [fit] set_image done in 13.09s
[2026-02-07 00:40:28] INFO [fit] training loop starting: epochs=100
[2026-02-07 00:40:30] INFO [fit] training loop finished in 1.83s
[2026-02-07 00:40:30] INFO model.fit completed in 14.93s | RSS=32425MB GPU_alloc=323MB GPU_reserved=534MB
[2026-02-07 00:40:30] INFO running predict (train) | RSS=32425MB GPU_alloc=323MB GPU_reserved=534MB
[2026-02-07 00:40:48] INFO compute_initial_viz DONE | RSS=32480MB GPU_alloc=323MB GPU_reserved=1928MB
[2026-02-07 00:45:54] INFO reload_viz using full image (no ROI) | RSS=77MB GPU_alloc=0MB GPU_reserved=0MB
[2026-02-07 00:45:55] INFO compute_initial_viz START | RSS=521MB GPU_alloc=0MB GPU_reserved=0MB
[2026-02-07 00:45:55] INFO config loaded | RSS=521MB GPU_alloc=0MB GPU_reserved=0MB
[2026-02-07 00:46:17] INFO image loaded shape=(1274,1283,5005) from E:\MSImaging-data\_msi_visual\Extractions\NRL4558_5um\5bins\2\0.npy | RSS=31731MB GPU_alloc=0MB GPU_reserved=0MB
[2026-02-07 00:46:17] INFO creating new model and fitting | RSS=31731MB GPU_alloc=0MB GPU_reserved=0MB
[2026-02-07 00:46:17] INFO building model kwargs | RSS=31731MB GPU_alloc=0MB GPU_reserved=0MB
[2026-02-07 00:46:17] INFO model kwargs built in 0.00s | RSS=31731MB GPU_alloc=0MB GPU_reserved=0MB
[2026-02-07 00:46:17] INFO initializing model | RSS=31731MB GPU_alloc=0MB GPU_reserved=0MB
[2026-02-07 00:46:17] INFO model init done in 0.01s | RSS=31731MB GPU_alloc=0MB GPU_reserved=0MB
[2026-02-07 00:46:17] INFO starting model.fit (train) | RSS=31731MB GPU_alloc=0MB GPU_reserved=0MB
[2026-02-07 00:46:17] INFO [fit] set_image starting: shape=(1274, 1283, 5005)
[2026-02-07 00:46:17] INFO [set_image] start: shape=(1274, 1283, 5005), roi_mask=False, category_annotations=False
[2026-02-07 00:46:20] INFO [set_image] reshape+mask done in 2.84s
[2026-02-07 00:46:23] INFO [set_image] sampling done in 2.89s (method=random, sampled=500)
[2026-02-07 00:46:23] INFO [set_image] model init done in 0.21s (input_dim=5005, n_components=3)
[2026-02-07 00:46:23] INFO [set_image] resample done in 0.64s (points=500)
[2026-02-07 00:46:26] INFO [set_image] category labels done in 2.84s
[2026-02-07 00:46:28] INFO [set_image] clustering init done in 1.71s (levels=3)
[2026-02-07 00:46:29] INFO [set_image] optimizer init done in 1.38s (lr=1.0, warmup=10)
[2026-02-07 00:46:29] INFO [set_image] total setup time 12.51s
[2026-02-07 00:46:29] INFO [fit] set_image done in 12.51s
[2026-02-07 00:46:29] INFO [fit] training loop starting: epochs=100
[2026-02-07 00:46:31] INFO [fit] training loop finished in 1.94s
[2026-02-07 00:46:31] INFO model.fit completed in 14.45s | RSS=32426MB GPU_alloc=323MB GPU_reserved=534MB
[2026-02-07 00:46:31] INFO running predict (train) | RSS=32427MB GPU_alloc=323MB GPU_reserved=534MB
[2026-02-07 00:46:48] INFO compute_initial_viz DONE | RSS=32481MB GPU_alloc=323MB GPU_reserved=1928MB
[2026-02-07 01:04:30] INFO reload_viz using full image (no ROI) | RSS=78MB GPU_alloc=0MB GPU_reserved=0MB
[2026-02-07 01:04:31] INFO compute_initial_viz START | RSS=522MB GPU_alloc=0MB GPU_reserved=0MB
[2026-02-07 01:04:31] INFO config loaded | RSS=522MB GPU_alloc=0MB GPU_reserved=0MB
[2026-02-07 01:04:53] INFO image loaded shape=(1274,1283,5005) from E:\MSImaging-data\_msi_visual\Extractions\NRL4558_5um\5bins\2\0.npy | RSS=31732MB GPU_alloc=0MB GPU_reserved=0MB
[2026-02-07 01:04:53] INFO creating new model and fitting | RSS=31732MB GPU_alloc=0MB GPU_reserved=0MB
[2026-02-07 01:04:53] INFO building model kwargs | RSS=31732MB GPU_alloc=0MB GPU_reserved=0MB
[2026-02-07 01:04:53] INFO model kwargs built in 0.00s | RSS=31732MB GPU_alloc=0MB GPU_reserved=0MB
[2026-02-07 01:04:53] INFO initializing model | RSS=31732MB GPU_alloc=0MB GPU_reserved=0MB
[2026-02-07 01:04:53] INFO model init done in 0.02s | RSS=31732MB GPU_alloc=0MB GPU_reserved=0MB
[2026-02-07 01:04:53] INFO starting model.fit (train) | RSS=31732MB GPU_alloc=0MB GPU_reserved=0MB
[2026-02-07 01:04:53] INFO [fit] set_image starting: shape=(1274, 1283, 5005)
[2026-02-07 01:04:53] INFO [set_image] start: shape=(1274, 1283, 5005), roi_mask=False, category_annotations=False
[2026-02-07 01:04:56] INFO [set_image] reshape+mask done in 2.98s
[2026-02-07 01:04:59] INFO [set_image] sampling done in 2.99s (method=random, sampled=500)
[2026-02-07 01:04:59] INFO [set_image] model init done in 0.21s (input_dim=5005, n_components=3)
[2026-02-07 01:05:00] INFO [set_image] resample done in 0.57s (points=500)
[2026-02-07 01:05:03] INFO [set_image] category labels done in 3.00s
[2026-02-07 01:05:05] INFO [set_image] clustering init done in 1.73s (levels=3)
[2026-02-07 01:05:06] INFO [set_image] optimizer init done in 1.33s (lr=1.0, warmup=10)
[2026-02-07 01:05:06] INFO [set_image] total setup time 12.81s
[2026-02-07 01:05:06] INFO [fit] set_image done in 12.81s
[2026-02-07 01:05:06] INFO [fit] training loop starting: epochs=100
[2026-02-07 01:05:08] INFO [fit] training loop finished in 1.72s
[2026-02-07 01:05:08] INFO model.fit completed in 14.53s | RSS=32426MB GPU_alloc=323MB GPU_reserved=534MB
[2026-02-07 01:05:08] INFO running predict (train) | RSS=32426MB GPU_alloc=323MB GPU_reserved=534MB
[2026-02-07 01:05:25] INFO compute_initial_viz DONE | RSS=32481MB GPU_alloc=323MB GPU_reserved=1928MB
[2026-02-07 01:06:06] INFO reload_viz using full image (no ROI) | RSS=32500MB GPU_alloc=323MB GPU_reserved=1928MB
[2026-02-07 01:06:06] INFO compute_initial_viz START | RSS=32500MB GPU_alloc=323MB GPU_reserved=1928MB
[2026-02-07 01:06:06] INFO config loaded | RSS=32590MB GPU_alloc=16MB GPU_reserved=40MB
[2026-02-07 01:06:06] INFO reusing cached image (path unchanged): E:\MSImaging-data\_msi_visual\Extractions\NRL4558_5um\5bins\2\0.npy | RSS=32590MB GPU_alloc=16MB GPU_reserved=40MB
[2026-02-07 01:06:06] INFO creating new model and fitting | RSS=32590MB GPU_alloc=16MB GPU_reserved=40MB
[2026-02-07 01:06:06] INFO building model kwargs | RSS=32590MB GPU_alloc=16MB GPU_reserved=40MB
[2026-02-07 01:06:06] INFO model kwargs built in 0.00s | RSS=32590MB GPU_alloc=16MB GPU_reserved=40MB
[2026-02-07 01:06:06] INFO initializing model | RSS=32590MB GPU_alloc=16MB GPU_reserved=40MB
[2026-02-07 01:06:06] INFO model init done in 0.00s | RSS=32590MB GPU_alloc=16MB GPU_reserved=40MB
[2026-02-07 01:06:06] INFO starting model.fit (train) | RSS=32590MB GPU_alloc=16MB GPU_reserved=40MB
[2026-02-07 01:06:06] INFO [fit] set_image starting: shape=(1274, 1283, 5005)
[2026-02-07 01:06:06] INFO [set_image] start: shape=(1274, 1283, 5005), roi_mask=False, category_annotations=False
[2026-02-07 01:06:09] INFO [set_image] reshape+mask done in 3.11s
[2026-02-07 01:06:12] INFO [set_image] sampling done in 2.73s (method=random, sampled=10000)
[2026-02-07 01:06:12] INFO [set_image] model init done in 0.13s (input_dim=5005, n_components=3)
[2026-02-07 01:06:42] INFO [set_image] resample done in 30.17s (points=1000)
[2026-02-07 01:06:45] INFO [set_image] category labels done in 2.91s
[2026-02-07 01:06:46] INFO [set_image] clustering init done in 1.40s (levels=3)
[2026-02-07 01:06:46] INFO [set_image] optimizer init done in 0.00s (lr=1.0, warmup=10)
[2026-02-07 01:06:46] INFO [set_image] total setup time 40.44s
[2026-02-07 01:06:46] INFO [fit] set_image done in 40.45s
[2026-02-07 01:06:46] INFO [fit] training loop starting: epochs=100
[2026-02-07 01:07:06] INFO [fit] training loop finished in 19.83s
[2026-02-07 01:07:06] INFO model.fit completed in 60.27s | RSS=32685MB GPU_alloc=407MB GPU_reserved=842MB
[2026-02-07 01:07:06] INFO running predict (train) | RSS=32685MB GPU_alloc=407MB GPU_reserved=842MB
[2026-02-07 01:07:23] INFO compute_initial_viz DONE | RSS=32725MB GPU_alloc=407MB GPU_reserved=2236MB
[2026-02-07 01:12:23] INFO reload_viz using full image (no ROI) | RSS=78MB GPU_alloc=0MB GPU_reserved=0MB
[2026-02-07 01:12:25] INFO compute_initial_viz START | RSS=521MB GPU_alloc=0MB GPU_reserved=0MB
[2026-02-07 01:12:25] INFO config loaded | RSS=521MB GPU_alloc=0MB GPU_reserved=0MB
[2026-02-07 01:12:47] INFO image loaded shape=(1274,1283,5005) from E:\MSImaging-data\_msi_visual\Extractions\NRL4558_5um\5bins\2\0.npy | RSS=31731MB GPU_alloc=0MB GPU_reserved=0MB
[2026-02-07 01:12:47] INFO creating new model and fitting | RSS=31731MB GPU_alloc=0MB GPU_reserved=0MB
[2026-02-07 01:12:47] INFO building model kwargs | RSS=31731MB GPU_alloc=0MB GPU_reserved=0MB
[2026-02-07 01:12:47] INFO model kwargs built in 0.00s | RSS=31731MB GPU_alloc=0MB GPU_reserved=0MB
[2026-02-07 01:12:47] INFO initializing model | RSS=31731MB GPU_alloc=0MB GPU_reserved=0MB
[2026-02-07 01:12:47] INFO model init done in 0.01s | RSS=31732MB GPU_alloc=0MB GPU_reserved=0MB
[2026-02-07 01:12:47] INFO starting model.fit (train) | RSS=31732MB GPU_alloc=0MB GPU_reserved=0MB
[2026-02-07 01:12:47] INFO [fit] set_image starting: shape=(1274, 1283, 5005)
[2026-02-07 01:12:47] INFO [set_image] start: shape=(1274, 1283, 5005), roi_mask=False, category_annotations=False
[2026-02-07 01:12:50] INFO [set_image] reshape+mask done in 2.96s
[2026-02-07 01:12:53] INFO [set_image] sampling done in 2.99s (method=random, sampled=2000)
[2026-02-07 01:12:53] INFO [set_image] model init done in 0.21s (input_dim=5005, n_components=3)
[2026-02-07 01:12:56] INFO [set_image] resample done in 2.30s (points=500)
[2026-02-07 01:12:59] INFO [set_image] category labels done in 3.03s
[2026-02-07 01:12:59] INFO [set_image] clustering init done in 0.51s (levels=3)
[2026-02-07 01:13:01] INFO [set_image] optimizer init done in 1.31s (lr=1.0, warmup=10)
[2026-02-07 01:13:01] INFO [set_image] total setup time 13.31s
[2026-02-07 01:13:01] INFO [fit] set_image done in 13.31s
[2026-02-07 01:13:01] INFO [fit] training loop starting: epochs=50
[2026-02-07 01:13:03] INFO [fit] training loop finished in 1.99s
[2026-02-07 01:13:03] INFO model.fit completed in 15.31s | RSS=32476MB GPU_alloc=328MB GPU_reserved=688MB
[2026-02-07 01:13:03] INFO running predict (train) | RSS=32476MB GPU_alloc=328MB GPU_reserved=688MB
[2026-02-07 01:13:20] INFO compute_initial_viz DONE | RSS=32532MB GPU_alloc=328MB GPU_reserved=2082MB
[2026-02-07 01:14:33] INFO reload_viz using full image (no ROI) | RSS=32546MB GPU_alloc=328MB GPU_reserved=2082MB
[2026-02-07 01:14:33] INFO compute_initial_viz START | RSS=32546MB GPU_alloc=328MB GPU_reserved=2082MB
[2026-02-07 01:14:33] INFO config loaded | RSS=32607MB GPU_alloc=16MB GPU_reserved=40MB
[2026-02-07 01:14:33] INFO reusing cached image (path unchanged): E:\MSImaging-data\_msi_visual\Extractions\NRL4558_5um\5bins\2\0.npy | RSS=32607MB GPU_alloc=16MB GPU_reserved=40MB
[2026-02-07 01:14:33] INFO creating new model and fitting | RSS=32607MB GPU_alloc=16MB GPU_reserved=40MB
[2026-02-07 01:14:33] INFO building model kwargs | RSS=32607MB GPU_alloc=16MB GPU_reserved=40MB
[2026-02-07 01:14:33] INFO model kwargs built in 0.00s | RSS=32607MB GPU_alloc=16MB GPU_reserved=40MB
[2026-02-07 01:14:33] INFO initializing model | RSS=32607MB GPU_alloc=16MB GPU_reserved=40MB
[2026-02-07 01:14:33] INFO model init done in 0.00s | RSS=32607MB GPU_alloc=16MB GPU_reserved=40MB
[2026-02-07 01:14:33] INFO starting model.fit (train) | RSS=32607MB GPU_alloc=16MB GPU_reserved=40MB
[2026-02-07 01:14:33] INFO [fit] set_image starting: shape=(1274, 1283, 5005)
[2026-02-07 01:14:33] INFO [set_image] start: shape=(1274, 1283, 5005), roi_mask=False, category_annotations=False
[2026-02-07 01:14:36] INFO [set_image] reshape+mask done in 3.58s
[2026-02-07 01:14:54] INFO [set_image] sampling done in 17.74s (method=superpixel, sampled=1610)
[2026-02-07 01:14:54] INFO [set_image] model init done in 0.12s (input_dim=5005, n_components=3)
[2026-02-07 01:15:00] INFO [set_image] resample done in 5.75s (points=1000)
[2026-02-07 01:15:03] INFO [set_image] category labels done in 3.05s
[2026-02-07 01:15:08] INFO [set_image] clustering init done in 4.74s (levels=3)
[2026-02-07 01:15:08] INFO [set_image] optimizer init done in 0.00s (lr=1.0, warmup=10)
[2026-02-07 01:15:08] INFO [set_image] total setup time 34.98s
[2026-02-07 01:15:08] INFO [fit] set_image done in 34.98s
[2026-02-07 01:15:08] INFO [fit] training loop starting: epochs=100
[2026-02-07 01:15:11] INFO [fit] training loop finished in 3.04s
[2026-02-07 01:15:11] INFO model.fit completed in 38.02s | RSS=33261MB GPU_alloc=343MB GPU_reserved=826MB
[2026-02-07 01:15:11] INFO running predict (train) | RSS=33261MB GPU_alloc=343MB GPU_reserved=826MB
[2026-02-07 01:15:28] INFO compute_initial_viz DONE | RSS=33300MB GPU_alloc=343MB GPU_reserved=2220MB
[2026-02-07 01:15:49] INFO recompute_viz START | RSS=33300MB GPU_alloc=343MB GPU_reserved=2220MB
[2026-02-07 01:15:49] INFO releasing previous model (GPU + large tensors) | RSS=33300MB GPU_alloc=343MB GPU_reserved=2220MB
[2026-02-07 01:15:49] INFO after release + gc + cuda empty_cache | RSS=33369MB GPU_alloc=16MB GPU_reserved=40MB
[2026-02-07 01:15:49] INFO ROI mask built H=1274 W=1283 roi_pixels=35534 | RSS=33371MB GPU_alloc=16MB GPU_reserved=40MB
[2026-02-07 01:15:49] INFO creating new MSIParametricMiCSLMC | RSS=33371MB GPU_alloc=16MB GPU_reserved=40MB
[2026-02-07 01:15:49] INFO calling set_image(roi_mask=..., category_annotations=...) | RSS=33371MB GPU_alloc=16MB GPU_reserved=40MB
[2026-02-07 01:15:49] INFO [set_image] start: shape=(1274, 1283, 5005), roi_mask=True, category_annotations=False
[2026-02-07 01:15:52] INFO [set_image] reshape+mask done in 3.24s
[2026-02-07 01:16:19] INFO [set_image] sampling done in 26.23s (method=superpixel, sampled=594)
[2026-02-07 01:16:19] INFO [set_image] model init done in 0.14s (input_dim=5005, n_components=3)
[2026-02-07 01:16:20] INFO [set_image] resample done in 1.08s (points=594)
[2026-02-07 01:16:23] INFO [set_image] category labels done in 3.17s
[2026-02-07 01:16:25] INFO [set_image] clustering init done in 1.85s (levels=3)
[2026-02-07 01:16:25] INFO [set_image] optimizer init done in 0.00s (lr=1.0, warmup=10)
[2026-02-07 01:16:25] INFO [set_image] total setup time 35.71s
[2026-02-07 01:16:25] INFO training 100 epochs | RSS=33243MB GPU_alloc=109MB GPU_reserved=114MB
[2026-02-07 01:16:25] INFO epoch 1/100 | RSS=33243MB GPU_alloc=326MB GPU_reserved=502MB
[2026-02-07 01:16:25] INFO epoch 20/100 | RSS=33243MB GPU_alloc=326MB GPU_reserved=542MB
[2026-02-07 01:16:26] INFO epoch 40/100 | RSS=33243MB GPU_alloc=326MB GPU_reserved=542MB
[2026-02-07 01:16:26] INFO epoch 60/100 | RSS=33243MB GPU_alloc=326MB GPU_reserved=542MB
[2026-02-07 01:16:26] INFO epoch 80/100 | RSS=33243MB GPU_alloc=326MB GPU_reserved=542MB
[2026-02-07 01:16:27] INFO epoch 100/100 | RSS=33243MB GPU_alloc=326MB GPU_reserved=542MB
[2026-02-07 01:16:27] INFO running predict | RSS=33243MB GPU_alloc=326MB GPU_reserved=542MB
[2026-02-07 01:16:44] INFO recompute_viz DONE | RSS=33283MB GPU_alloc=326MB GPU_reserved=1936MB
[2026-02-07 01:17:12] INFO reload_viz using ROI (128 points) | RSS=33283MB GPU_alloc=326MB GPU_reserved=342MB
[2026-02-07 01:17:12] INFO recompute_viz START | RSS=33283MB GPU_alloc=326MB GPU_reserved=342MB
[2026-02-07 01:17:12] INFO releasing previous model (GPU + large tensors) | RSS=33283MB GPU_alloc=326MB GPU_reserved=342MB
[2026-02-07 01:17:13] INFO after release + gc + cuda empty_cache | RSS=33370MB GPU_alloc=16MB GPU_reserved=40MB
[2026-02-07 01:17:13] INFO ROI mask built H=1274 W=1283 roi_pixels=35534 | RSS=33371MB GPU_alloc=16MB GPU_reserved=40MB
[2026-02-07 01:17:13] INFO creating new MSIParametricMiCSLMC | RSS=33371MB GPU_alloc=16MB GPU_reserved=40MB
[2026-02-07 01:17:13] INFO calling set_image(roi_mask=..., category_annotations=...) | RSS=33371MB GPU_alloc=16MB GPU_reserved=40MB
[2026-02-07 01:17:13] INFO [set_image] start: shape=(1274, 1283, 5005), roi_mask=True, category_annotations=False
[2026-02-07 01:17:16] INFO [set_image] reshape+mask done in 3.03s
[2026-02-07 01:17:41] INFO [set_image] sampling done in 25.04s (method=superpixel, sampled=602)
[2026-02-07 01:17:41] INFO [set_image] model init done in 0.12s (input_dim=5005, n_components=3)
[2026-02-07 01:17:42] INFO [set_image] resample done in 0.95s (points=602)
[2026-02-07 01:17:45] INFO [set_image] category labels done in 3.07s
[2026-02-07 01:17:45] INFO [set_image] clustering init done in 0.21s (levels=3)
[2026-02-07 01:17:45] INFO [set_image] optimizer init done in 0.00s (lr=1.0, warmup=10)
[2026-02-07 01:17:45] INFO [set_image] total setup time 32.43s
[2026-02-07 01:17:45] INFO training 100 epochs | RSS=33245MB GPU_alloc=109MB GPU_reserved=114MB
[2026-02-07 01:17:45] INFO epoch 1/100 | RSS=33245MB GPU_alloc=326MB GPU_reserved=542MB
[2026-02-07 01:17:46] INFO epoch 20/100 | RSS=33245MB GPU_alloc=326MB GPU_reserved=542MB
[2026-02-07 01:17:46] INFO epoch 40/100 | RSS=33245MB GPU_alloc=326MB GPU_reserved=542MB
[2026-02-07 01:17:47] INFO epoch 60/100 | RSS=33245MB GPU_alloc=326MB GPU_reserved=542MB
[2026-02-07 01:17:47] INFO epoch 80/100 | RSS=33245MB GPU_alloc=326MB GPU_reserved=542MB
[2026-02-07 01:17:48] INFO epoch 100/100 | RSS=33245MB GPU_alloc=326MB GPU_reserved=542MB
[2026-02-07 01:17:48] INFO running predict | RSS=33245MB GPU_alloc=326MB GPU_reserved=542MB
[2026-02-07 01:18:05] INFO recompute_viz DONE | RSS=33285MB GPU_alloc=326MB GPU_reserved=1936MB
[2026-02-07 01:18:28] INFO reload_viz using ROI (128 points) | RSS=33285MB GPU_alloc=326MB GPU_reserved=334MB
[2026-02-07 01:18:28] INFO recompute_viz START | RSS=33285MB GPU_alloc=326MB GPU_reserved=334MB
[2026-02-07 01:18:28] INFO releasing previous model (GPU + large tensors) | RSS=33285MB GPU_alloc=326MB GPU_reserved=334MB
[2026-02-07 01:18:28] INFO after release + gc + cuda empty_cache | RSS=33371MB GPU_alloc=16MB GPU_reserved=40MB
[2026-02-07 01:18:28] INFO ROI mask built H=1274 W=1283 roi_pixels=35534 | RSS=33373MB GPU_alloc=16MB GPU_reserved=40MB
[2026-02-07 01:18:28] INFO creating new MSIParametricMiCSLMC | RSS=33373MB GPU_alloc=16MB GPU_reserved=40MB
[2026-02-07 01:18:28] INFO calling set_image(roi_mask=..., category_annotations=...) | RSS=33373MB GPU_alloc=16MB GPU_reserved=40MB
[2026-02-07 01:18:28] INFO [set_image] start: shape=(1274, 1283, 5005), roi_mask=True, category_annotations=False
[2026-02-07 01:18:32] INFO [set_image] reshape+mask done in 3.28s
[2026-02-07 01:19:01] INFO [set_image] sampling done in 29.24s (method=superpixel, sampled=1401)
[2026-02-07 01:19:01] INFO [set_image] model init done in 0.12s (input_dim=5005, n_components=3)
[2026-02-07 01:19:06] INFO [set_image] resample done in 4.84s (points=1000)
[2026-02-07 01:19:09] INFO [set_image] category labels done in 3.19s
[2026-02-07 01:19:09] INFO [set_image] clustering init done in 0.33s (levels=3)
[2026-02-07 01:19:09] INFO [set_image] optimizer init done in 0.00s (lr=1.0, warmup=10)
[2026-02-07 01:19:09] INFO [set_image] total setup time 41.00s
[2026-02-07 01:19:09] INFO training 100 epochs | RSS=33261MB GPU_alloc=125MB GPU_reserved=134MB
[2026-02-07 01:19:10] INFO epoch 1/100 | RSS=33261MB GPU_alloc=342MB GPU_reserved=646MB
[2026-02-07 01:19:10] INFO epoch 20/100 | RSS=33261MB GPU_alloc=342MB GPU_reserved=686MB
[2026-02-07 01:19:11] INFO epoch 40/100 | RSS=33261MB GPU_alloc=342MB GPU_reserved=686MB
[2026-02-07 01:19:12] INFO epoch 60/100 | RSS=33261MB GPU_alloc=342MB GPU_reserved=686MB
[2026-02-07 01:19:13] INFO epoch 80/100 | RSS=33261MB GPU_alloc=342MB GPU_reserved=686MB
[2026-02-07 01:19:14] INFO epoch 100/100 | RSS=33261MB GPU_alloc=342MB GPU_reserved=686MB
[2026-02-07 01:19:14] INFO running predict | RSS=33261MB GPU_alloc=342MB GPU_reserved=686MB
[2026-02-07 01:19:31] INFO recompute_viz DONE | RSS=33300MB GPU_alloc=342MB GPU_reserved=2080MB
[2026-02-07 01:23:07] INFO reload_viz using full image (no ROI) | RSS=78MB GPU_alloc=0MB GPU_reserved=0MB
[2026-02-07 01:23:09] INFO compute_initial_viz START | RSS=521MB GPU_alloc=0MB GPU_reserved=0MB
[2026-02-07 01:23:09] INFO config loaded | RSS=521MB GPU_alloc=0MB GPU_reserved=0MB
[2026-02-07 01:23:31] INFO image loaded shape=(1274,1283,5005) from E:\MSImaging-data\_msi_visual\Extractions\NRL4558_5um\5bins\2\0.npy | RSS=31731MB GPU_alloc=0MB GPU_reserved=0MB
[2026-02-07 01:23:31] INFO creating new model and fitting | RSS=31731MB GPU_alloc=0MB GPU_reserved=0MB
[2026-02-07 01:23:31] INFO building model kwargs | RSS=31731MB GPU_alloc=0MB GPU_reserved=0MB
[2026-02-07 01:23:31] INFO model kwargs built in 0.00s | RSS=31731MB GPU_alloc=0MB GPU_reserved=0MB
[2026-02-07 01:23:31] INFO initializing model | RSS=31731MB GPU_alloc=0MB GPU_reserved=0MB
[2026-02-07 01:23:31] INFO model init done in 0.01s | RSS=31732MB GPU_alloc=0MB GPU_reserved=0MB
[2026-02-07 01:23:31] INFO starting model.fit (train) | RSS=31732MB GPU_alloc=0MB GPU_reserved=0MB
[2026-02-07 01:23:31] INFO [fit] set_image starting: shape=(1274, 1283, 5005)
[2026-02-07 01:23:31] INFO [set_image] start: shape=(1274, 1283, 5005), roi_mask=False, category_annotations=False
[2026-02-07 01:23:35] INFO [set_image] reshape+mask done in 3.10s
[2026-02-07 01:23:38] INFO [set_image] sampling done in 3.11s (method=random, sampled=2000)
[2026-02-07 01:23:38] INFO [set_image] model init done in 0.21s (input_dim=5005, n_components=3)
[2026-02-07 01:23:40] INFO [set_image] resample done in 2.31s (points=500)
[2026-02-07 01:23:43] INFO [set_image] category labels done in 3.14s
[2026-02-07 01:23:44] INFO [set_image] clustering init done in 0.51s (levels=3)
[2026-02-07 01:23:45] INFO [set_image] optimizer init done in 1.29s (lr=1.0, warmup=10)
[2026-02-07 01:23:45] INFO [set_image] total setup time 13.68s
[2026-02-07 01:23:45] INFO [fit] set_image done in 13.68s
[2026-02-07 01:23:45] INFO [fit] training loop starting: epochs=50
[2026-02-07 01:23:47] INFO [fit] training loop finished in 2.13s
[2026-02-07 01:23:47] INFO model.fit completed in 15.81s | RSS=32478MB GPU_alloc=328MB GPU_reserved=688MB
[2026-02-07 01:23:47] INFO running predict (train) | RSS=32478MB GPU_alloc=328MB GPU_reserved=688MB
[2026-02-07 01:24:05] INFO compute_initial_viz DONE | RSS=32532MB GPU_alloc=328MB GPU_reserved=2082MB
[2026-02-07 01:28:11] INFO reload_viz using full image (no ROI) | RSS=77MB GPU_alloc=0MB GPU_reserved=0MB
[2026-02-07 01:28:13] INFO compute_initial_viz START | RSS=521MB GPU_alloc=0MB GPU_reserved=0MB
[2026-02-07 01:28:13] INFO config loaded | RSS=521MB GPU_alloc=0MB GPU_reserved=0MB
[2026-02-07 01:28:35] INFO image loaded shape=(1274,1283,5005) from E:\MSImaging-data\_msi_visual\Extractions\NRL4558_5um\5bins\2\0.npy | RSS=31731MB GPU_alloc=0MB GPU_reserved=0MB
[2026-02-07 01:28:35] INFO creating new model and fitting | RSS=31731MB GPU_alloc=0MB GPU_reserved=0MB
[2026-02-07 01:28:35] INFO building model kwargs | RSS=31731MB GPU_alloc=0MB GPU_reserved=0MB
[2026-02-07 01:28:35] INFO model kwargs built in 0.00s | RSS=31731MB GPU_alloc=0MB GPU_reserved=0MB
[2026-02-07 01:28:35] INFO initializing model | RSS=31731MB GPU_alloc=0MB GPU_reserved=0MB
[2026-02-07 01:28:35] INFO model init done in 0.01s | RSS=31731MB GPU_alloc=0MB GPU_reserved=0MB
[2026-02-07 01:28:35] INFO starting model.fit (train) | RSS=31731MB GPU_alloc=0MB GPU_reserved=0MB
[2026-02-07 01:28:35] INFO [fit] set_image starting: shape=(1274, 1283, 5005)
[2026-02-07 01:28:35] INFO [set_image] start: shape=(1274, 1283, 5005), roi_mask=False, category_annotations=False
[2026-02-07 01:28:38] INFO [set_image] reshape+mask done in 2.94s
[2026-02-07 01:28:40] INFO [set_image] sampling done in 2.94s (method=random, sampled=2000)
[2026-02-07 01:28:41] INFO [set_image] model init done in 0.22s (input_dim=5005, n_components=3)
[2026-02-07 01:28:43] INFO [set_image] resample done in 2.33s (points=500)
[2026-02-07 01:28:46] INFO [set_image] category labels done in 2.96s
[2026-02-07 01:28:46] INFO [set_image] clustering init done in 0.46s (levels=2)
[2026-02-07 01:28:48] INFO [set_image] optimizer init done in 1.32s (lr=1.0, warmup=10)
[2026-02-07 01:28:48] INFO [set_image] total setup time 13.15s
[2026-02-07 01:28:48] INFO [fit] set_image done in 13.15s
[2026-02-07 01:28:48] INFO [fit] training loop starting: epochs=50
[2026-02-07 01:28:50] INFO [fit] training loop finished in 2.01s
[2026-02-07 01:28:50] INFO model.fit completed in 15.16s | RSS=32476MB GPU_alloc=328MB GPU_reserved=686MB
[2026-02-07 01:28:50] INFO running predict (train) | RSS=32476MB GPU_alloc=328MB GPU_reserved=686MB
[2026-02-07 01:29:07] INFO compute_initial_viz DONE | RSS=32531MB GPU_alloc=328MB GPU_reserved=2080MB
[2026-02-07 01:30:32] INFO recompute_viz START | RSS=32544MB GPU_alloc=328MB GPU_reserved=2080MB
[2026-02-07 01:30:32] INFO releasing previous model (GPU + large tensors) | RSS=32544MB GPU_alloc=328MB GPU_reserved=2080MB
[2026-02-07 01:30:33] INFO after release + gc + cuda empty_cache | RSS=32606MB GPU_alloc=16MB GPU_reserved=40MB
[2026-02-07 01:30:33] INFO ROI mask built H=1274 W=1283 roi_pixels=152222 | RSS=32607MB GPU_alloc=16MB GPU_reserved=40MB
[2026-02-07 01:30:33] INFO creating new MSIParametricMiCSLMC | RSS=32607MB GPU_alloc=16MB GPU_reserved=40MB
[2026-02-07 01:30:33] INFO calling set_image(roi_mask=..., category_annotations=...) | RSS=32607MB GPU_alloc=16MB GPU_reserved=40MB
[2026-02-07 01:30:33] INFO [set_image] start: shape=(1274, 1283, 5005), roi_mask=True, category_annotations=False
[2026-02-07 01:30:36] INFO [set_image] reshape+mask done in 3.31s
[2026-02-07 01:30:39] INFO [set_image] sampling done in 2.72s (method=random, sampled=2000)
[2026-02-07 01:30:39] INFO [set_image] model init done in 0.13s (input_dim=5005, n_components=3)
[2026-02-07 01:30:41] INFO [set_image] resample done in 2.25s (points=500)
[2026-02-07 01:30:44] INFO [set_image] category labels done in 2.70s
[2026-02-07 01:30:44] INFO [set_image] clustering init done in 0.18s (levels=2)
[2026-02-07 01:30:44] INFO [set_image] optimizer init done in 0.00s (lr=1.0, warmup=10)
[2026-02-07 01:30:44] INFO [set_image] total setup time 11.29s
[2026-02-07 01:30:44] INFO training 50 epochs | RSS=32509MB GPU_alloc=112MB GPU_reserved=134MB
[2026-02-07 01:30:44] INFO epoch 1/50 | RSS=32509MB GPU_alloc=328MB GPU_reserved=614MB
[2026-02-07 01:30:45] INFO epoch 20/50 | RSS=32509MB GPU_alloc=328MB GPU_reserved=686MB
[2026-02-07 01:30:46] INFO epoch 40/50 | RSS=32509MB GPU_alloc=328MB GPU_reserved=686MB
[2026-02-07 01:30:46] INFO running predict | RSS=32509MB GPU_alloc=328MB GPU_reserved=686MB
[2026-02-07 01:31:02] INFO recompute_viz DONE | RSS=32550MB GPU_alloc=328MB GPU_reserved=2080MB
[2026-02-07 01:31:52] INFO reload_viz using ROI (124 points) | RSS=32550MB GPU_alloc=328MB GPU_reserved=354MB
[2026-02-07 01:31:52] INFO recompute_viz START | RSS=32550MB GPU_alloc=328MB GPU_reserved=354MB
[2026-02-07 01:31:52] INFO releasing previous model (GPU + large tensors) | RSS=32550MB GPU_alloc=328MB GPU_reserved=354MB
[2026-02-07 01:31:52] INFO after release + gc + cuda empty_cache | RSS=32610MB GPU_alloc=16MB GPU_reserved=40MB
[2026-02-07 01:31:52] INFO ROI mask built H=1274 W=1283 roi_pixels=152222 | RSS=32612MB GPU_alloc=16MB GPU_reserved=40MB
[2026-02-07 01:31:52] INFO creating new MSIParametricMiCSLMC | RSS=32612MB GPU_alloc=16MB GPU_reserved=40MB
[2026-02-07 01:31:52] INFO calling set_image(roi_mask=..., category_annotations=...) | RSS=32612MB GPU_alloc=16MB GPU_reserved=40MB
[2026-02-07 01:31:52] INFO [set_image] start: shape=(1274, 1283, 5005), roi_mask=True, category_annotations=False
[2026-02-07 01:31:55] INFO [set_image] reshape+mask done in 3.42s
[2026-02-07 01:32:22] INFO [set_image] sampling done in 26.53s (method=superpixel, sampled=2639)
[2026-02-07 01:32:22] INFO [set_image] model init done in 0.12s (input_dim=5005, n_components=3)
[2026-02-07 01:32:25] INFO [set_image] resample done in 3.14s (points=500)
[2026-02-07 01:32:28] INFO [set_image] category labels done in 3.17s
[2026-02-07 01:32:29] INFO [set_image] clustering init done in 0.22s (levels=2)
[2026-02-07 01:32:29] INFO [set_image] optimizer init done in 0.00s (lr=1.0, warmup=10)
[2026-02-07 01:32:29] INFO [set_image] total setup time 36.60s
[2026-02-07 01:32:29] INFO training 50 epochs | RSS=33271MB GPU_alloc=114MB GPU_reserved=126MB
[2026-02-07 01:32:29] INFO epoch 1/50 | RSS=33271MB GPU_alloc=331MB GPU_reserved=606MB
[2026-02-07 01:32:30] INFO epoch 20/50 | RSS=33271MB GPU_alloc=331MB GPU_reserved=698MB
[2026-02-07 01:32:31] INFO epoch 40/50 | RSS=33271MB GPU_alloc=331MB GPU_reserved=698MB
[2026-02-07 01:32:31] INFO running predict | RSS=33271MB GPU_alloc=331MB GPU_reserved=698MB
[2026-02-07 01:32:49] INFO recompute_viz DONE | RSS=33310MB GPU_alloc=331MB GPU_reserved=2092MB
[2026-02-07 01:33:33] INFO reload_viz using ROI (124 points) | RSS=33310MB GPU_alloc=331MB GPU_reserved=342MB
[2026-02-07 01:33:33] INFO recompute_viz START | RSS=33310MB GPU_alloc=331MB GPU_reserved=342MB
[2026-02-07 01:33:33] INFO releasing previous model (GPU + large tensors) | RSS=33310MB GPU_alloc=331MB GPU_reserved=342MB
[2026-02-07 01:33:33] INFO after release + gc + cuda empty_cache | RSS=33358MB GPU_alloc=16MB GPU_reserved=40MB
[2026-02-07 01:33:33] INFO ROI mask built H=1274 W=1283 roi_pixels=152222 | RSS=33360MB GPU_alloc=16MB GPU_reserved=40MB
[2026-02-07 01:33:33] INFO creating new MSIParametricMiCSLMC | RSS=33360MB GPU_alloc=16MB GPU_reserved=40MB
[2026-02-07 01:33:33] INFO calling set_image(roi_mask=..., category_annotations=...) | RSS=33360MB GPU_alloc=16MB GPU_reserved=40MB
[2026-02-07 01:33:33] INFO [set_image] start: shape=(1274, 1283, 5005), roi_mask=True, category_annotations=False
[2026-02-07 01:33:36] INFO [set_image] reshape+mask done in 2.86s
[2026-02-07 01:34:00] INFO [set_image] sampling done in 23.97s (method=superpixel, sampled=2587)
[2026-02-07 01:34:00] INFO [set_image] model init done in 0.12s (input_dim=5005, n_components=3)
[2026-02-07 01:34:03] INFO [set_image] resample done in 2.82s (points=500)
[2026-02-07 01:34:06] INFO [set_image] category labels done in 2.79s
[2026-02-07 01:34:06] INFO [set_image] clustering init done in 0.21s (levels=2)
[2026-02-07 01:34:06] INFO [set_image] optimizer init done in 0.00s (lr=1.0, warmup=10)
[2026-02-07 01:34:06] INFO [set_image] total setup time 32.79s
[2026-02-07 01:34:06] INFO training 100 epochs | RSS=33271MB GPU_alloc=114MB GPU_reserved=134MB
[2026-02-07 01:34:06] INFO epoch 1/100 | RSS=33271MB GPU_alloc=330MB GPU_reserved=614MB
[2026-02-07 01:34:07] INFO epoch 20/100 | RSS=33271MB GPU_alloc=330MB GPU_reserved=726MB
[2026-02-07 01:34:08] INFO epoch 40/100 | RSS=33271MB GPU_alloc=330MB GPU_reserved=726MB
[2026-02-07 01:34:09] INFO epoch 60/100 | RSS=33271MB GPU_alloc=330MB GPU_reserved=726MB
[2026-02-07 01:34:10] INFO epoch 80/100 | RSS=33271MB GPU_alloc=330MB GPU_reserved=726MB
[2026-02-07 01:34:11] INFO epoch 100/100 | RSS=33271MB GPU_alloc=330MB GPU_reserved=726MB
[2026-02-07 01:34:11] INFO running predict | RSS=33271MB GPU_alloc=330MB GPU_reserved=726MB
[2026-02-07 01:34:27] INFO recompute_viz DONE | RSS=33310MB GPU_alloc=330MB GPU_reserved=2120MB
[2026-02-07 01:36:25] INFO reload_viz using ROI (124 points) | RSS=33310MB GPU_alloc=330MB GPU_reserved=350MB
[2026-02-07 01:36:25] INFO recompute_viz START | RSS=33310MB GPU_alloc=330MB GPU_reserved=350MB
[2026-02-07 01:36:25] INFO releasing previous model (GPU + large tensors) | RSS=33310MB GPU_alloc=330MB GPU_reserved=350MB
[2026-02-07 01:36:25] INFO after release + gc + cuda empty_cache | RSS=33359MB GPU_alloc=16MB GPU_reserved=40MB
[2026-02-07 01:36:25] INFO ROI mask built H=1274 W=1283 roi_pixels=152222 | RSS=33361MB GPU_alloc=16MB GPU_reserved=40MB
[2026-02-07 01:36:25] INFO creating new MSIParametricMiCSLMC | RSS=33361MB GPU_alloc=16MB GPU_reserved=40MB
[2026-02-07 01:36:25] INFO calling set_image(roi_mask=..., category_annotations=...) | RSS=33361MB GPU_alloc=16MB GPU_reserved=40MB
[2026-02-07 01:36:25] INFO [set_image] start: shape=(1274, 1283, 5005), roi_mask=True, category_annotations=False
[2026-02-07 01:36:29] INFO [set_image] reshape+mask done in 3.98s
[2026-02-07 01:36:59] INFO [set_image] sampling done in 29.96s (method=superpixel, sampled=5590)
[2026-02-07 01:36:59] INFO [set_image] model init done in 0.14s (input_dim=5005, n_components=3)
[2026-02-07 01:37:18] INFO [set_image] resample done in 18.55s (points=1000)
[2026-02-07 01:37:21] INFO [set_image] category labels done in 3.40s
[2026-02-07 01:37:21] INFO [set_image] clustering init done in 0.35s (levels=2)
[2026-02-07 01:37:21] INFO [set_image] optimizer init done in 0.00s (lr=1.0, warmup=10)
[2026-02-07 01:37:21] INFO [set_image] total setup time 56.38s
[2026-02-07 01:37:21] INFO training 150 epochs | RSS=33332MB GPU_alloc=157MB GPU_reserved=178MB
[2026-02-07 01:37:22] INFO epoch 1/150 | RSS=33332MB GPU_alloc=374MB GPU_reserved=806MB
[2026-02-07 01:37:24] INFO epoch 20/150 | RSS=33332MB GPU_alloc=374MB GPU_reserved=806MB
[2026-02-07 01:37:26] INFO epoch 40/150 | RSS=33332MB GPU_alloc=374MB GPU_reserved=806MB
[2026-02-07 01:37:28] INFO epoch 60/150 | RSS=33332MB GPU_alloc=374MB GPU_reserved=806MB
[2026-02-07 01:37:30] INFO epoch 80/150 | RSS=33332MB GPU_alloc=374MB GPU_reserved=806MB
[2026-02-07 01:37:33] INFO epoch 100/150 | RSS=33332MB GPU_alloc=374MB GPU_reserved=806MB
[2026-02-07 01:37:35] INFO epoch 120/150 | RSS=33332MB GPU_alloc=374MB GPU_reserved=806MB
[2026-02-07 01:37:38] INFO epoch 140/150 | RSS=33332MB GPU_alloc=374MB GPU_reserved=806MB
[2026-02-07 01:37:39] INFO running predict | RSS=33332MB GPU_alloc=374MB GPU_reserved=806MB
[2026-02-07 01:37:58] INFO recompute_viz DONE | RSS=33372MB GPU_alloc=374MB GPU_reserved=2200MB
[2026-02-07 01:45:56] INFO compute_initial_viz START | RSS=509MB GPU_alloc=0MB GPU_reserved=0MB
[2026-02-07 01:45:56] INFO config loaded | RSS=521MB GPU_alloc=0MB GPU_reserved=0MB
[2026-02-07 01:47:15] INFO image loaded shape=(1054,1382,5005) from E:\MSImaging-data\_msi_visual\Extractions\NRL4558_5um\5bins\1\0.npy | RSS=28334MB GPU_alloc=0MB GPU_reserved=0MB
[2026-02-07 01:47:15] INFO creating new model and fitting | RSS=28334MB GPU_alloc=0MB GPU_reserved=0MB
[2026-02-07 01:47:15] INFO building model kwargs | RSS=28334MB GPU_alloc=0MB GPU_reserved=0MB
[2026-02-07 01:47:15] INFO model kwargs built in 0.00s | RSS=28334MB GPU_alloc=0MB GPU_reserved=0MB
[2026-02-07 01:47:15] INFO initializing model | RSS=28334MB GPU_alloc=0MB GPU_reserved=0MB
[2026-02-07 01:47:15] INFO model init done in 0.00s | RSS=28334MB GPU_alloc=0MB GPU_reserved=0MB
[2026-02-07 01:47:15] INFO starting model.fit (train) | RSS=28334MB GPU_alloc=0MB GPU_reserved=0MB
[2026-02-07 01:47:15] INFO [fit] set_image starting: shape=(1054, 1382, 5005)
[2026-02-07 01:47:15] INFO [set_image] start: shape=(1054, 1382, 5005), roi_mask=False, category_annotations=False
[2026-02-07 01:47:18] INFO [set_image] reshape+mask done in 2.36s
[2026-02-07 01:47:20] INFO [set_image] sampling done in 2.35s (method=random, sampled=500)
[2026-02-07 01:47:20] INFO [set_image] model init done in 0.21s (input_dim=5005, n_components=3)
[2026-02-07 01:47:21] INFO [set_image] resample done in 0.57s (points=500)
[2026-02-07 01:47:23] INFO [set_image] category labels done in 2.35s
[2026-02-07 01:47:25] INFO [set_image] clustering init done in 1.68s (levels=3)
[2026-02-07 01:47:26] INFO [set_image] optimizer init done in 1.16s (lr=1.0, warmup=10)
[2026-02-07 01:47:26] INFO [set_image] total setup time 10.68s
[2026-02-07 01:47:26] INFO [fit] set_image done in 10.68s
[2026-02-07 01:47:26] INFO [fit] training loop starting: epochs=100
[2026-02-07 01:47:28] INFO [fit] training loop finished in 1.71s
[2026-02-07 01:47:28] INFO model.fit completed in 12.39s | RSS=29026MB GPU_alloc=322MB GPU_reserved=534MB
[2026-02-07 01:47:28] INFO running predict (train) | RSS=29026MB GPU_alloc=322MB GPU_reserved=534MB
[2026-02-07 01:47:42] INFO compute_initial_viz DONE | RSS=29075MB GPU_alloc=322MB GPU_reserved=1928MB
[2026-02-07 01:48:19] INFO reload_viz using full image (no ROI) | RSS=29086MB GPU_alloc=322MB GPU_reserved=1928MB
[2026-02-07 01:48:19] INFO compute_initial_viz START | RSS=29086MB GPU_alloc=322MB GPU_reserved=1928MB
[2026-02-07 01:48:20] INFO config loaded | RSS=29191MB GPU_alloc=16MB GPU_reserved=40MB
[2026-02-07 01:48:20] INFO reusing cached image (path unchanged): E:\MSImaging-data\_msi_visual\Extractions\NRL4558_5um\5bins\1\0.npy | RSS=29191MB GPU_alloc=16MB GPU_reserved=40MB
[2026-02-07 01:48:20] INFO creating new model and fitting | RSS=29191MB GPU_alloc=16MB GPU_reserved=40MB
[2026-02-07 01:48:20] INFO building model kwargs | RSS=29191MB GPU_alloc=16MB GPU_reserved=40MB
[2026-02-07 01:48:20] INFO model kwargs built in 0.00s | RSS=29191MB GPU_alloc=16MB GPU_reserved=40MB
[2026-02-07 01:48:20] INFO initializing model | RSS=29191MB GPU_alloc=16MB GPU_reserved=40MB
[2026-02-07 01:48:20] INFO model init done in 0.00s | RSS=29191MB GPU_alloc=16MB GPU_reserved=40MB
[2026-02-07 01:48:20] INFO starting model.fit (train) | RSS=29191MB GPU_alloc=16MB GPU_reserved=40MB
[2026-02-07 01:48:20] INFO [fit] set_image starting: shape=(1054, 1382, 5005)
[2026-02-07 01:48:20] INFO [set_image] start: shape=(1054, 1382, 5005), roi_mask=False, category_annotations=False
[2026-02-07 01:48:23] INFO [set_image] reshape+mask done in 2.81s
[2026-02-07 01:48:41] INFO [set_image] sampling done in 18.80s (method=superpixel, sampled=6596)
[2026-02-07 01:48:41] INFO [set_image] model init done in 0.13s (input_dim=5005, n_components=3)
[2026-02-07 01:49:03] INFO [set_image] resample done in 21.10s (points=1000)
[2026-02-07 01:49:05] INFO [set_image] category labels done in 2.73s
[2026-02-07 01:49:24] INFO [set_image] clustering init done in 18.32s (levels=5)
[2026-02-07 01:49:24] INFO [set_image] optimizer init done in 0.00s (lr=1.0, warmup=10)
[2026-02-07 01:49:24] INFO [set_image] total setup time 63.89s
[2026-02-07 01:49:24] INFO [fit] set_image done in 63.89s
[2026-02-07 01:49:24] INFO [fit] training loop starting: epochs=100
[2026-02-07 01:49:39] INFO [fit] training loop finished in 15.09s
[2026-02-07 01:49:39] INFO model.fit completed in 78.98s | RSS=30102MB GPU_alloc=381MB GPU_reserved=816MB
[2026-02-07 01:49:39] INFO running predict (train) | RSS=30102MB GPU_alloc=381MB GPU_reserved=816MB
[2026-02-07 01:49:54] INFO compute_initial_viz DONE | RSS=30143MB GPU_alloc=381MB GPU_reserved=2210MB
[2026-02-07 01:51:05] INFO reload_viz using ROI (134 points) | RSS=30143MB GPU_alloc=381MB GPU_reserved=2210MB
[2026-02-07 01:51:05] INFO recompute_viz START | RSS=30143MB GPU_alloc=381MB GPU_reserved=2210MB
[2026-02-07 01:51:05] INFO releasing previous model (GPU + large tensors) | RSS=30143MB GPU_alloc=381MB GPU_reserved=2210MB
[2026-02-07 01:51:05] INFO after release + gc + cuda empty_cache | RSS=30120MB GPU_alloc=16MB GPU_reserved=40MB
[2026-02-07 01:51:05] ERROR recompute_viz FAILED: ROI mask is empty | RSS=30121MB GPU_alloc=16MB GPU_reserved=40MB
[2026-02-07 01:51:31] INFO reload_viz using ROI (136 points) | RSS=30120MB GPU_alloc=16MB GPU_reserved=40MB
[2026-02-07 01:51:31] INFO recompute_viz START | RSS=30120MB GPU_alloc=16MB GPU_reserved=40MB
[2026-02-07 01:51:31] INFO releasing previous model (GPU + large tensors) | RSS=30120MB GPU_alloc=16MB GPU_reserved=40MB
[2026-02-07 01:51:32] INFO after release + gc + cuda empty_cache | RSS=30120MB GPU_alloc=16MB GPU_reserved=40MB
[2026-02-07 01:51:32] INFO ROI mask built H=1054 W=1382 roi_pixels=185665 | RSS=30122MB GPU_alloc=16MB GPU_reserved=40MB
[2026-02-07 01:51:32] INFO creating new MSIParametricMiCSLMC | RSS=30122MB GPU_alloc=16MB GPU_reserved=40MB
[2026-02-07 01:51:32] INFO calling set_image(roi_mask=..., category_annotations=...) | RSS=30122MB GPU_alloc=16MB GPU_reserved=40MB
[2026-02-07 01:51:32] INFO [set_image] start: shape=(1054, 1382, 5005), roi_mask=True, category_annotations=False
[2026-02-07 01:51:35] INFO [set_image] reshape+mask done in 3.15s
[2026-02-07 01:52:00] INFO [set_image] sampling done in 24.69s (method=superpixel, sampled=6556)
[2026-02-07 01:52:00] INFO [set_image] model init done in 0.13s (input_dim=5005, n_components=3)
[2026-02-07 01:52:22] INFO [set_image] resample done in 22.78s (points=1000)
[2026-02-07 01:52:25] INFO [set_image] category labels done in 2.92s
[2026-02-07 01:52:45] INFO [set_image] clustering init done in 19.63s (levels=5)
[2026-02-07 01:52:45] INFO [set_image] optimizer init done in 0.00s (lr=1.0, warmup=10)
[2026-02-07 01:52:45] INFO [set_image] total setup time 73.32s
[2026-02-07 01:52:45] INFO training 100 epochs | RSS=30108MB GPU_alloc=164MB GPU_reserved=186MB
[2026-02-07 01:52:45] INFO epoch 1/100 | RSS=30108MB GPU_alloc=381MB GPU_reserved=816MB
[2026-02-07 01:52:48] INFO epoch 20/100 | RSS=30108MB GPU_alloc=381MB GPU_reserved=816MB
[2026-02-07 01:52:51] INFO epoch 40/100 | RSS=30108MB GPU_alloc=381MB GPU_reserved=816MB
[2026-02-07 01:52:54] INFO epoch 60/100 | RSS=30108MB GPU_alloc=381MB GPU_reserved=816MB
[2026-02-07 01:52:57] INFO epoch 80/100 | RSS=30108MB GPU_alloc=381MB GPU_reserved=816MB
[2026-02-07 01:53:01] INFO epoch 100/100 | RSS=30108MB GPU_alloc=381MB GPU_reserved=816MB
[2026-02-07 01:53:01] INFO running predict | RSS=30108MB GPU_alloc=381MB GPU_reserved=816MB
[2026-02-07 01:53:17] INFO recompute_viz DONE | RSS=30149MB GPU_alloc=381MB GPU_reserved=2210MB
[2026-02-07 01:54:19] INFO reload_viz using full image (no ROI) | RSS=467MB GPU_alloc=0MB GPU_reserved=0MB
[2026-02-07 01:54:19] INFO compute_initial_viz START | RSS=522MB GPU_alloc=0MB GPU_reserved=0MB
[2026-02-07 01:54:19] INFO compute_initial_viz START | RSS=522MB GPU_alloc=0MB GPU_reserved=0MB
[2026-02-07 01:54:19] INFO config loaded | RSS=522MB GPU_alloc=0MB GPU_reserved=0MB
[2026-02-07 01:54:19] INFO config loaded | RSS=522MB GPU_alloc=0MB GPU_reserved=0MB
[2026-02-07 01:58:38] INFO image loaded shape=(1054,1382,10010) from E:\MSImaging-data\_msi_visual\Extractions\NRL4558_5um\10bins\1\0.npy | RSS=117585MB GPU_alloc=0MB GPU_reserved=0MB
[2026-02-07 01:58:38] INFO creating new model and fitting | RSS=117585MB GPU_alloc=0MB GPU_reserved=0MB
[2026-02-07 01:58:38] INFO building model kwargs | RSS=117585MB GPU_alloc=0MB GPU_reserved=0MB
[2026-02-07 01:58:38] INFO model kwargs built in 0.00s | RSS=117585MB GPU_alloc=0MB GPU_reserved=0MB
[2026-02-07 01:58:38] INFO initializing model | RSS=117585MB GPU_alloc=0MB GPU_reserved=0MB
[2026-02-07 01:58:38] INFO model init done in 0.00s | RSS=117586MB GPU_alloc=0MB GPU_reserved=0MB
[2026-02-07 01:58:38] INFO starting model.fit (train) | RSS=117586MB GPU_alloc=0MB GPU_reserved=0MB
[2026-02-07 01:58:38] INFO [fit] set_image starting: shape=(1054, 1382, 10010)
[2026-02-07 01:58:38] INFO [set_image] start: shape=(1054, 1382, 10010), roi_mask=False, category_annotations=False
[2026-02-07 01:58:44] INFO [set_image] reshape+mask done in 6.23s
[2026-02-07 01:59:06] INFO image loaded shape=(1274,1283,10010) from E:\MSImaging-data\_msi_visual\Extractions\NRL4558_5um\10bins\2\0.npy | RSS=118633MB GPU_alloc=0MB GPU_reserved=0MB
[2026-02-07 01:59:06] INFO creating new model and fitting | RSS=118633MB GPU_alloc=0MB GPU_reserved=0MB
[2026-02-07 01:59:06] INFO building model kwargs | RSS=118633MB GPU_alloc=0MB GPU_reserved=0MB
[2026-02-07 01:59:06] INFO model kwargs built in 0.00s | RSS=118633MB GPU_alloc=0MB GPU_reserved=0MB
[2026-02-07 01:59:06] INFO initializing model | RSS=118633MB GPU_alloc=0MB GPU_reserved=0MB
[2026-02-07 01:59:06] INFO model init done in 0.00s | RSS=118633MB GPU_alloc=0MB GPU_reserved=0MB
[2026-02-07 01:59:06] INFO starting model.fit (train) | RSS=118633MB GPU_alloc=0MB GPU_reserved=0MB
[2026-02-07 01:59:06] INFO [fit] set_image starting: shape=(1274, 1283, 10010)
[2026-02-07 01:59:06] INFO [set_image] start: shape=(1274, 1283, 10010), roi_mask=False, category_annotations=False
[2026-02-07 01:59:14] INFO [set_image] reshape+mask done in 8.39s
[2026-02-07 01:59:20] INFO [set_image] sampling done in 35.30s (method=superpixel, sampled=5458)
[2026-02-07 01:59:20] INFO [set_image] model init done in 0.31s (input_dim=10010, n_components=3)
[2026-02-07 02:00:03] INFO [set_image] sampling done in 49.20s (method=superpixel, sampled=5425)
[2026-02-07 02:00:04] INFO [set_image] model init done in 0.24s (input_dim=10010, n_components=3)
[2026-02-07 02:00:10] INFO [set_image] resample done in 49.53s (points=1000)
[2026-02-07 02:00:18] INFO [set_image] category labels done in 7.90s
[2026-02-07 02:00:55] INFO [set_image] clustering init done in 37.46s (levels=5)
[2026-02-07 02:00:57] INFO [set_image] optimizer init done in 1.76s (lr=1.0, warmup=10)
[2026-02-07 02:00:57] INFO [set_image] total setup time 138.49s
[2026-02-07 02:00:57] INFO [fit] set_image done in 138.49s
[2026-02-07 02:00:57] INFO [fit] training loop starting: epochs=100
[2026-02-07 02:00:58] INFO [set_image] resample done in 54.19s (points=1000)
[2026-02-07 02:01:06] INFO [set_image] category labels done in 8.59s
[2026-02-07 02:01:18] INFO [fit] training loop finished in 21.69s
[2026-02-07 02:01:18] INFO model.fit completed in 160.18s | RSS=120737MB GPU_alloc=740MB GPU_reserved=1258MB
[2026-02-07 02:01:18] INFO running predict (train) | RSS=120739MB GPU_alloc=740MB GPU_reserved=1258MB
[2026-02-07 02:01:41] INFO [set_image] clustering init done in 34.50s (levels=5)
[2026-02-07 02:01:41] INFO [set_image] optimizer init done in 0.00s (lr=1.0, warmup=10)
[2026-02-07 02:01:41] INFO [set_image] total setup time 155.11s
[2026-02-07 02:01:41] INFO [fit] set_image done in 155.11s
[2026-02-07 02:01:41] INFO [fit] training loop starting: epochs=100
[2026-02-07 02:01:47] INFO compute_initial_viz DONE | RSS=120538MB GPU_alloc=1217MB GPU_reserved=3278MB
[2026-02-07 02:01:59] INFO [fit] training loop finished in 18.44s
[2026-02-07 02:01:59] INFO model.fit completed in 173.55s | RSS=120529MB GPU_alloc=1079MB GPU_reserved=3278MB
[2026-02-07 02:01:59] INFO running predict (train) | RSS=120529MB GPU_alloc=1079MB GPU_reserved=3278MB
[2026-02-07 02:02:28] INFO compute_initial_viz DONE | RSS=120540MB GPU_alloc=1079MB GPU_reserved=3534MB
[2026-02-07 02:03:07] INFO compute_initial_viz START | RSS=509MB GPU_alloc=0MB GPU_reserved=0MB
[2026-02-07 02:03:07] INFO config loaded | RSS=520MB GPU_alloc=0MB GPU_reserved=0MB
[2026-02-07 02:03:46] INFO image loaded shape=(1054,1382,10010) from E:\MSImaging-data\_msi_visual\Extractions\NRL4558_5um\10bins\1\0.npy | RSS=56144MB GPU_alloc=0MB GPU_reserved=0MB
[2026-02-07 02:03:46] INFO creating new model and fitting | RSS=56144MB GPU_alloc=0MB GPU_reserved=0MB
[2026-02-07 02:03:46] INFO building model kwargs | RSS=56144MB GPU_alloc=0MB GPU_reserved=0MB
[2026-02-07 02:03:46] INFO model kwargs built in 0.00s | RSS=56144MB GPU_alloc=0MB GPU_reserved=0MB
[2026-02-07 02:03:46] INFO initializing model | RSS=56144MB GPU_alloc=0MB GPU_reserved=0MB
[2026-02-07 02:03:46] INFO model init done in 0.00s | RSS=56145MB GPU_alloc=0MB GPU_reserved=0MB
[2026-02-07 02:03:46] INFO starting model.fit (train) | RSS=56145MB GPU_alloc=0MB GPU_reserved=0MB
[2026-02-07 02:03:46] INFO [fit] set_image starting: shape=(1054, 1382, 10010)
[2026-02-07 02:03:46] INFO [set_image] start: shape=(1054, 1382, 10010), roi_mask=False, category_annotations=False
[2026-02-07 02:03:51] INFO [set_image] reshape+mask done in 5.17s
[2026-02-07 02:04:22] INFO [set_image] sampling done in 31.17s (method=superpixel, sampled=5458)
[2026-02-07 02:04:23] INFO [set_image] model init done in 0.27s (input_dim=10010, n_components=3)
[2026-02-07 02:05:02] INFO [set_image] resample done in 39.65s (points=1000)
[2026-02-07 02:05:08] INFO [set_image] category labels done in 6.01s
[2026-02-07 02:05:40] INFO [set_image] clustering init done in 31.24s (levels=5)
[2026-02-07 02:05:41] INFO [set_image] optimizer init done in 1.16s (lr=1.0, warmup=10)
[2026-02-07 02:05:41] INFO [set_image] total setup time 114.67s
[2026-02-07 02:05:41] INFO [fit] set_image done in 114.68s
[2026-02-07 02:05:41] INFO [fit] training loop starting: epochs=100
[2026-02-07 02:06:00] INFO [fit] training loop finished in 19.08s
[2026-02-07 02:06:00] INFO model.fit completed in 133.75s | RSS=57813MB GPU_alloc=543MB GPU_reserved=1026MB
[2026-02-07 02:06:00] INFO running predict (train) | RSS=57813MB GPU_alloc=543MB GPU_reserved=1026MB
[2026-02-07 02:06:23] INFO compute_initial_viz DONE | RSS=57867MB GPU_alloc=543MB GPU_reserved=3046MB
[2026-02-07 02:08:09] INFO reload_viz using full image (no ROI) | RSS=500MB GPU_alloc=0MB GPU_reserved=0MB
[2026-02-07 02:08:09] INFO compute_initial_viz START | RSS=521MB GPU_alloc=0MB GPU_reserved=0MB
[2026-02-07 02:08:09] INFO compute_initial_viz START | RSS=521MB GPU_alloc=0MB GPU_reserved=0MB
[2026-02-07 02:08:09] INFO config loaded | RSS=521MB GPU_alloc=0MB GPU_reserved=0MB
[2026-02-07 02:08:09] INFO config loaded | RSS=521MB GPU_alloc=0MB GPU_reserved=0MB
[2026-02-07 02:08:13] INFO image loaded shape=(262,286,880) from E:\MSImaging-data\_msi_visual\Extractions\atlas_verification\0.npy | RSS=2825MB GPU_alloc=0MB GPU_reserved=0MB
[2026-02-07 02:08:13] INFO creating new model and fitting | RSS=2825MB GPU_alloc=0MB GPU_reserved=0MB
[2026-02-07 02:08:13] INFO building model kwargs | RSS=2825MB GPU_alloc=0MB GPU_reserved=0MB
[2026-02-07 02:08:13] INFO model kwargs built in 0.00s | RSS=2825MB GPU_alloc=0MB GPU_reserved=0MB
[2026-02-07 02:08:13] INFO initializing model | RSS=2825MB GPU_alloc=0MB GPU_reserved=0MB
[2026-02-07 02:08:13] INFO model init done in 0.00s | RSS=2825MB GPU_alloc=0MB GPU_reserved=0MB
[2026-02-07 02:08:13] INFO starting model.fit (train) | RSS=2825MB GPU_alloc=0MB GPU_reserved=0MB
[2026-02-07 02:08:13] INFO [fit] set_image starting: shape=(262, 286, 880)
[2026-02-07 02:08:13] INFO [set_image] start: shape=(262, 286, 880), roi_mask=False, category_annotations=False
[2026-02-07 02:08:13] INFO [set_image] reshape+mask done in 0.03s
[2026-02-07 02:08:13] INFO [set_image] sampling done in 0.61s (method=superpixel, sampled=5114)
[2026-02-07 02:08:13] INFO [set_image] model init done in 0.17s (input_dim=880, n_components=3)
[2026-02-07 02:08:16] INFO [set_image] resample done in 2.80s (points=1000)
[2026-02-07 02:08:16] INFO [set_image] category labels done in 0.04s
[2026-02-07 02:08:18] INFO image loaded shape=(305,382,6010) from E:\MSImaging-data\_msi_visual\Extractions\2025_Bassini_LipidBrainAtlas\212G\0.npy | RSS=3737MB GPU_alloc=83MB GPU_reserved=94MB
[2026-02-07 02:08:18] INFO creating new model and fitting | RSS=3737MB GPU_alloc=83MB GPU_reserved=94MB
[2026-02-07 02:08:18] INFO building model kwargs | RSS=3733MB GPU_alloc=83MB GPU_reserved=94MB
[2026-02-07 02:08:18] INFO model kwargs built in 0.00s | RSS=3737MB GPU_alloc=83MB GPU_reserved=94MB
[2026-02-07 02:08:18] INFO initializing model | RSS=3737MB GPU_alloc=83MB GPU_reserved=94MB
[2026-02-07 02:08:18] INFO model init done in 0.02s | RSS=3748MB GPU_alloc=83MB GPU_reserved=94MB
[2026-02-07 02:08:18] INFO starting model.fit (train) | RSS=3745MB GPU_alloc=83MB GPU_reserved=94MB
[2026-02-07 02:08:18] INFO [fit] set_image starting: shape=(305, 382, 6010)
[2026-02-07 02:08:18] INFO [set_image] start: shape=(305, 382, 6010), roi_mask=False, category_annotations=False
[2026-02-07 02:08:19] INFO [set_image] reshape+mask done in 0.37s
[2026-02-07 02:08:21] INFO [set_image] clustering init done in 4.56s (levels=5)
[2026-02-07 02:08:22] INFO [set_image] optimizer init done in 1.49s (lr=1.0, warmup=10)
[2026-02-07 02:08:22] INFO [set_image] total setup time 9.69s
[2026-02-07 02:08:22] INFO [fit] set_image done in 9.70s
[2026-02-07 02:08:22] INFO [fit] training loop starting: epochs=100
[2026-02-07 02:08:22] INFO [set_image] sampling done in 3.60s (method=superpixel, sampled=6102)
[2026-02-07 02:08:23] INFO [set_image] model init done in 0.20s (input_dim=6010, n_components=3)
[2026-02-07 02:08:32] INFO [fit] training loop finished in 9.25s
[2026-02-07 02:08:32] INFO model.fit completed in 18.94s | RSS=4907MB GPU_alloc=318MB GPU_reserved=700MB
[2026-02-07 02:08:32] INFO running predict (train) | RSS=4907MB GPU_alloc=318MB GPU_reserved=700MB
[2026-02-07 02:08:32] INFO compute_initial_viz DONE | RSS=4916MB GPU_alloc=318MB GPU_reserved=1578MB
[2026-02-07 02:08:50] INFO [set_image] resample done in 27.84s (points=1000)
[2026-02-07 02:08:51] INFO [set_image] category labels done in 0.30s
[2026-02-07 02:09:12] INFO [set_image] clustering init done in 21.03s (levels=5)
[2026-02-07 02:09:12] INFO [set_image] optimizer init done in 0.00s (lr=1.0, warmup=10)
[2026-02-07 02:09:12] INFO [set_image] total setup time 53.34s
[2026-02-07 02:09:12] INFO [fit] set_image done in 53.34s
[2026-02-07 02:09:12] INFO [fit] training loop starting: epochs=100
[2026-02-07 02:09:19] INFO reload_viz using full image (no ROI) | RSS=4576MB GPU_alloc=708MB GPU_reserved=1578MB
[2026-02-07 02:09:19] INFO compute_initial_viz START | RSS=4576MB GPU_alloc=732MB GPU_reserved=1578MB
[2026-02-07 02:09:19] INFO config loaded | RSS=4609MB GPU_alloc=622MB GPU_reserved=870MB
[2026-02-07 02:09:19] INFO reusing cached image (path unchanged): E:\MSImaging-data\_msi_visual\Extractions\2025_Bassini_LipidBrainAtlas\212G\0.npy | RSS=4633MB GPU_alloc=447MB GPU_reserved=870MB
[2026-02-07 02:09:19] INFO creating new model and fitting | RSS=4633MB GPU_alloc=447MB GPU_reserved=870MB
[2026-02-07 02:09:19] INFO building model kwargs | RSS=4633MB GPU_alloc=447MB GPU_reserved=870MB
[2026-02-07 02:09:19] INFO model kwargs built in 0.00s | RSS=4633MB GPU_alloc=447MB GPU_reserved=870MB
[2026-02-07 02:09:19] INFO initializing model | RSS=4610MB GPU_alloc=455MB GPU_reserved=870MB
[2026-02-07 02:09:19] INFO model init done in 0.00s | RSS=4610MB GPU_alloc=605MB GPU_reserved=870MB
[2026-02-07 02:09:19] INFO starting model.fit (train) | RSS=4610MB GPU_alloc=613MB GPU_reserved=870MB
[2026-02-07 02:09:19] INFO [fit] set_image starting: shape=(305, 382, 6010)
[2026-02-07 02:09:19] INFO [set_image] start: shape=(305, 382, 6010), roi_mask=False, category_annotations=False
[2026-02-07 02:09:19] INFO [set_image] reshape+mask done in 0.34s
[2026-02-07 02:09:22] INFO [set_image] sampling done in 2.61s (method=superpixel, sampled=6102)
[2026-02-07 02:09:22] INFO [set_image] model init done in 0.14s (input_dim=6010, n_components=3)
[2026-02-07 02:09:29] INFO [fit] training loop finished in 17.10s
[2026-02-07 02:09:29] INFO model.fit completed in 70.44s | RSS=5139MB GPU_alloc=513MB GPU_reserved=966MB
[2026-02-07 02:09:29] INFO running predict (train) | RSS=5139MB GPU_alloc=513MB GPU_reserved=966MB
[2026-02-07 02:09:30] INFO compute_initial_viz DONE | RSS=5145MB GPU_alloc=513MB GPU_reserved=2486MB
[2026-02-07 02:09:51] INFO [set_image] resample done in 28.27s (points=1000)
[2026-02-07 02:09:51] INFO [set_image] category labels done in 0.28s
[2026-02-07 02:10:40] INFO compute_initial_viz START | RSS=4919MB GPU_alloc=560MB GPU_reserved=2486MB
[2026-02-07 02:10:40] INFO config loaded | RSS=4929MB GPU_alloc=174MB GPU_reserved=388MB
[2026-02-07 02:10:44] INFO image loaded shape=(873,708,500) from E:\MSImaging-data\_msi_visual\Extractions\PXD049325-pep\S5-SAD-5_bins\0.npy | RSS=6122MB GPU_alloc=174MB GPU_reserved=388MB
[2026-02-07 02:10:44] INFO creating new model and fitting | RSS=6109MB GPU_alloc=174MB GPU_reserved=388MB
[2026-02-07 02:10:44] INFO building model kwargs | RSS=6109MB GPU_alloc=174MB GPU_reserved=388MB
[2026-02-07 02:10:44] INFO model kwargs built in 0.00s | RSS=6109MB GPU_alloc=174MB GPU_reserved=388MB
[2026-02-07 02:10:44] INFO initializing model | RSS=6109MB GPU_alloc=174MB GPU_reserved=388MB
[2026-02-07 02:10:44] INFO model init done in 0.00s | RSS=6113MB GPU_alloc=174MB GPU_reserved=388MB
[2026-02-07 02:10:44] INFO starting model.fit (train) | RSS=6115MB GPU_alloc=174MB GPU_reserved=388MB
[2026-02-07 02:10:44] INFO [fit] set_image starting: shape=(873, 708, 500)
[2026-02-07 02:10:44] INFO [set_image] start: shape=(873, 708, 500), roi_mask=False, category_annotations=False
[2026-02-07 02:10:45] INFO [set_image] reshape+mask done in 0.19s
[2026-02-07 02:13:42] INFO reload_viz using full image (no ROI) | RSS=77MB GPU_alloc=0MB GPU_reserved=0MB
[2026-02-07 02:13:44] INFO compute_initial_viz START | RSS=520MB GPU_alloc=0MB GPU_reserved=0MB
[2026-02-07 02:13:44] INFO config loaded | RSS=520MB GPU_alloc=0MB GPU_reserved=0MB
[2026-02-07 02:14:25] INFO image loaded shape=(1054,1382,10010) from E:\MSImaging-data\_msi_visual\Extractions\NRL4558_5um\10bins\1\0.npy | RSS=56145MB GPU_alloc=0MB GPU_reserved=0MB
[2026-02-07 02:14:25] INFO creating new model and fitting | RSS=56145MB GPU_alloc=0MB GPU_reserved=0MB
[2026-02-07 02:14:25] INFO building model kwargs | RSS=56145MB GPU_alloc=0MB GPU_reserved=0MB
[2026-02-07 02:14:25] INFO model kwargs built in 0.00s | RSS=56145MB GPU_alloc=0MB GPU_reserved=0MB
[2026-02-07 02:14:25] INFO initializing model | RSS=56145MB GPU_alloc=0MB GPU_reserved=0MB
[2026-02-07 02:14:25] INFO model init done in 0.01s | RSS=56145MB GPU_alloc=0MB GPU_reserved=0MB
[2026-02-07 02:14:25] INFO starting model.fit (train) | RSS=56145MB GPU_alloc=0MB GPU_reserved=0MB
[2026-02-07 02:14:25] INFO [fit] set_image starting: shape=(1054, 1382, 10010)
[2026-02-07 02:14:25] INFO [set_image] start: shape=(1054, 1382, 10010), roi_mask=False, category_annotations=False
[2026-02-07 02:14:30] INFO [set_image] reshape+mask done in 5.50s
[2026-02-07 02:15:01] INFO [set_image] sampling done in 31.26s (method=superpixel, sampled=5458)
[2026-02-07 02:15:02] INFO [set_image] model init done in 0.25s (input_dim=10010, n_components=3)
[2026-02-07 02:15:42] INFO [set_image] resample done in 40.43s (points=1000)
[2026-02-07 02:15:48] INFO [set_image] category labels done in 6.24s
[2026-02-07 02:16:19] INFO [set_image] clustering init done in 30.75s (levels=5)
[2026-02-07 02:17:36] INFO reload_viz using full image (no ROI) | RSS=3962MB GPU_alloc=0MB GPU_reserved=0MB
[2026-02-07 02:17:36] INFO compute_initial_viz START | RSS=3973MB GPU_alloc=0MB GPU_reserved=0MB
[2026-02-07 02:17:36] INFO config loaded | RSS=3974MB GPU_alloc=0MB GPU_reserved=0MB
[2026-02-07 02:17:36] INFO reusing cached image (path unchanged): E:\MSImaging-data\_msi_visual\Extractions\2025_Bassini_LipidBrainAtlas\Brain2-D1\0.npy | RSS=3974MB GPU_alloc=0MB GPU_reserved=0MB
[2026-02-07 02:17:36] INFO creating new model and fitting | RSS=3974MB GPU_alloc=0MB GPU_reserved=0MB
[2026-02-07 02:17:36] INFO building model kwargs | RSS=3974MB GPU_alloc=0MB GPU_reserved=0MB
[2026-02-07 02:17:36] INFO model kwargs built in 0.00s | RSS=3974MB GPU_alloc=0MB GPU_reserved=0MB
[2026-02-07 02:17:36] INFO initializing model | RSS=3974MB GPU_alloc=0MB GPU_reserved=0MB
[2026-02-07 02:17:36] INFO model init done in 0.01s | RSS=3975MB GPU_alloc=0MB GPU_reserved=0MB
[2026-02-07 02:17:36] INFO starting model.fit (train) | RSS=3975MB GPU_alloc=0MB GPU_reserved=0MB
[2026-02-07 02:17:36] INFO [fit] set_image starting: shape=(333, 452, 6010)
[2026-02-07 02:17:36] INFO [set_image] start: shape=(333, 452, 6010), roi_mask=False, category_annotations=False
[2026-02-07 02:17:37] INFO [set_image] reshape+mask done in 0.32s
[2026-02-07 02:17:40] INFO [set_image] sampling done in 2.92s (method=superpixel, sampled=8316)
[2026-02-07 02:17:40] INFO [set_image] model init done in 0.22s (input_dim=6010, n_components=3)
[2026-02-07 02:18:15] INFO [set_image] resample done in 35.01s (points=1000)
[2026-02-07 02:18:15] INFO [set_image] category labels done in 0.37s
[2026-02-07 02:18:46] INFO [set_image] clustering init done in 30.41s (levels=5)
[2026-02-07 02:18:47] INFO [set_image] optimizer init done in 1.33s (lr=1.0, warmup=10)
[2026-02-07 02:18:47] INFO [set_image] total setup time 70.58s
[2026-02-07 02:18:47] INFO [fit] set_image done in 70.58s
[2026-02-07 02:18:47] INFO [fit] training loop starting: epochs=100
[2026-02-07 02:19:09] INFO [fit] training loop finished in 21.70s
[2026-02-07 02:19:09] INFO model.fit completed in 92.28s | RSS=5121MB GPU_alloc=420MB GPU_reserved=874MB
[2026-02-07 02:19:09] INFO running predict (train) | RSS=5121MB GPU_alloc=420MB GPU_reserved=874MB
[2026-02-07 02:19:10] INFO compute_initial_viz DONE | RSS=5132MB GPU_alloc=420MB GPU_reserved=2394MB
[2026-02-07 02:20:14] INFO reload_viz using full image (no ROI) | RSS=6029MB GPU_alloc=420MB GPU_reserved=2394MB
[2026-02-07 02:20:14] INFO compute_initial_viz START | RSS=6029MB GPU_alloc=420MB GPU_reserved=2394MB
[2026-02-07 02:20:14] INFO config loaded | RSS=5992MB GPU_alloc=16MB GPU_reserved=40MB
[2026-02-07 02:20:14] INFO reusing cached image (path unchanged): E:\MSImaging-data\_msi_visual\Extractions\PXD049325-pep\S6-SAD-5_bins\0.npy | RSS=5993MB GPU_alloc=16MB GPU_reserved=40MB
[2026-02-07 02:20:14] INFO creating new model and fitting | RSS=5993MB GPU_alloc=16MB GPU_reserved=40MB
[2026-02-07 02:20:14] INFO building model kwargs | RSS=5993MB GPU_alloc=16MB GPU_reserved=40MB
[2026-02-07 02:20:14] INFO model kwargs built in 0.00s | RSS=5993MB GPU_alloc=16MB GPU_reserved=40MB
[2026-02-07 02:20:14] INFO initializing model | RSS=5993MB GPU_alloc=16MB GPU_reserved=40MB
[2026-02-07 02:20:14] INFO model init done in 0.00s | RSS=5993MB GPU_alloc=16MB GPU_reserved=40MB
[2026-02-07 02:20:14] INFO starting model.fit (train) | RSS=5993MB GPU_alloc=16MB GPU_reserved=40MB
[2026-02-07 02:20:14] INFO [fit] set_image starting: shape=(630, 744, 500)
[2026-02-07 02:20:14] INFO [set_image] start: shape=(630, 744, 500), roi_mask=False, category_annotations=False
[2026-02-07 02:20:14] INFO [set_image] reshape+mask done in 0.11s
[2026-02-07 02:20:18] INFO [set_image] sampling done in 3.44s (method=superpixel, sampled=6606)
[2026-02-07 02:20:18] INFO [set_image] model init done in 0.07s (input_dim=500, n_components=3)
[2026-02-07 02:20:20] INFO [set_image] resample done in 2.27s (points=1000)
[2026-02-07 02:20:20] INFO [set_image] category labels done in 0.11s
[2026-02-07 02:20:23] INFO [set_image] clustering init done in 3.38s (levels=5)
[2026-02-07 02:20:23] INFO [set_image] optimizer init done in 0.00s (lr=1.0, warmup=10)
[2026-02-07 02:20:23] INFO [set_image] total setup time 9.40s
[2026-02-07 02:20:23] INFO [fit] set_image done in 9.40s
[2026-02-07 02:20:23] INFO [fit] training loop starting: epochs=100
[2026-02-07 02:20:32] INFO [fit] training loop finished in 8.60s
[2026-02-07 02:20:32] INFO model.fit completed in 18.00s | RSS=6102MB GPU_alloc=216MB GPU_reserved=596MB
[2026-02-07 02:20:32] INFO running predict (train) | RSS=6102MB GPU_alloc=216MB GPU_reserved=596MB
[2026-02-07 02:20:33] INFO compute_initial_viz DONE | RSS=6073MB GPU_alloc=216MB GPU_reserved=1428MB
[2026-02-07 02:24:05] INFO compute_initial_viz START | RSS=509MB GPU_alloc=0MB GPU_reserved=0MB
[2026-02-07 02:24:05] INFO config loaded | RSS=521MB GPU_alloc=0MB GPU_reserved=0MB
[2026-02-07 02:24:06] INFO image loaded shape=(873,708,500) from E:\MSImaging-data\_msi_visual\Extractions\PXD049325-pep\S5-SAD-5_bins\0.npy | RSS=1703MB GPU_alloc=0MB GPU_reserved=0MB
[2026-02-07 02:24:06] INFO creating new model and fitting | RSS=1703MB GPU_alloc=0MB GPU_reserved=0MB
[2026-02-07 02:24:06] INFO building model kwargs | RSS=1703MB GPU_alloc=0MB GPU_reserved=0MB
[2026-02-07 02:24:06] INFO model kwargs built in 0.00s | RSS=1703MB GPU_alloc=0MB GPU_reserved=0MB
[2026-02-07 02:24:06] INFO initializing model | RSS=1703MB GPU_alloc=0MB GPU_reserved=0MB
[2026-02-07 02:24:06] INFO model init done in 0.00s | RSS=1703MB GPU_alloc=0MB GPU_reserved=0MB
[2026-02-07 02:24:06] INFO starting model.fit (train) | RSS=1703MB GPU_alloc=0MB GPU_reserved=0MB
[2026-02-07 02:24:06] INFO [fit] set_image starting: shape=(873, 708, 500)
[2026-02-07 02:24:06] INFO [set_image] start: shape=(873, 708, 500), roi_mask=False, category_annotations=False
[2026-02-07 02:24:06] INFO [set_image] reshape+mask done in 0.15s
[2026-02-07 02:24:11] INFO [set_image] sampling done in 4.54s (method=superpixel, sampled=7474)
[2026-02-07 02:24:11] INFO [set_image] model init done in 0.16s (input_dim=500, n_components=3)
[2026-02-07 02:24:14] INFO [set_image] resample done in 2.55s (points=1000)
[2026-02-07 02:24:14] INFO [set_image] category labels done in 0.16s
[2026-02-07 02:24:18] INFO [set_image] clustering init done in 3.92s (levels=5)
[2026-02-07 02:24:19] INFO [set_image] optimizer init done in 1.15s (lr=1.0, warmup=10)
[2026-02-07 02:24:19] INFO [set_image] total setup time 12.63s
[2026-02-07 02:24:19] INFO [fit] set_image done in 12.63s
[2026-02-07 02:24:19] INFO [fit] training loop starting: epochs=100
[2026-02-07 02:24:29] INFO [fit] training loop finished in 10.04s
[2026-02-07 02:24:29] INFO model.fit completed in 22.67s | RSS=2852MB GPU_alloc=224MB GPU_reserved=606MB
[2026-02-07 02:24:29] INFO running predict (train) | RSS=2852MB GPU_alloc=224MB GPU_reserved=606MB
[2026-02-07 02:24:30] INFO compute_initial_viz DONE | RSS=2874MB GPU_alloc=224MB GPU_reserved=1438MB
[2026-02-07 02:24:45] INFO compute_initial_viz START | RSS=2889MB GPU_alloc=224MB GPU_reserved=1438MB
[2026-02-07 02:24:45] INFO config loaded | RSS=2943MB GPU_alloc=16MB GPU_reserved=40MB
[2026-02-07 02:24:47] INFO image loaded shape=(685,470,641) from E:\MSImaging-data\_msi_visual\Extractions\PXD049325-pep\S3-SAD-5_bins\0.npy | RSS=3731MB GPU_alloc=16MB GPU_reserved=40MB
[2026-02-07 02:24:47] INFO creating new model and fitting | RSS=3731MB GPU_alloc=16MB GPU_reserved=40MB
[2026-02-07 02:24:47] INFO building model kwargs | RSS=3731MB GPU_alloc=16MB GPU_reserved=40MB
[2026-02-07 02:24:47] INFO model kwargs built in 0.00s | RSS=3731MB GPU_alloc=16MB GPU_reserved=40MB
[2026-02-07 02:24:47] INFO initializing model | RSS=3731MB GPU_alloc=16MB GPU_reserved=40MB
[2026-02-07 02:24:47] INFO model init done in 0.00s | RSS=3731MB GPU_alloc=16MB GPU_reserved=40MB
[2026-02-07 02:24:47] INFO starting model.fit (train) | RSS=3731MB GPU_alloc=16MB GPU_reserved=40MB
[2026-02-07 02:24:47] INFO [fit] set_image starting: shape=(685, 470, 641)
[2026-02-07 02:24:47] INFO [set_image] start: shape=(685, 470, 641), roi_mask=False, category_annotations=False
[2026-02-07 02:24:47] INFO [set_image] reshape+mask done in 0.08s
[2026-02-07 02:24:50] INFO [set_image] sampling done in 2.27s (method=superpixel, sampled=5936)
[2026-02-07 02:24:50] INFO [set_image] model init done in 0.07s (input_dim=641, n_components=3)
[2026-02-07 02:24:52] INFO [set_image] resample done in 2.37s (points=1000)
[2026-02-07 02:24:52] INFO [set_image] category labels done in 0.09s
[2026-02-07 02:24:56] INFO [set_image] clustering init done in 3.58s (levels=5)
[2026-02-07 02:24:56] INFO [set_image] optimizer init done in 0.00s (lr=1.0, warmup=10)
[2026-02-07 02:24:56] INFO [set_image] total setup time 8.45s
[2026-02-07 02:24:56] INFO [fit] set_image done in 8.45s
[2026-02-07 02:24:56] INFO [fit] training loop starting: epochs=100
[2026-02-07 02:25:03] INFO [fit] training loop finished in 7.39s
[2026-02-07 02:25:03] INFO model.fit completed in 15.84s | RSS=3891MB GPU_alloc=215MB GPU_reserved=610MB
[2026-02-07 02:25:03] INFO running predict (train) | RSS=3891MB GPU_alloc=215MB GPU_reserved=610MB
[2026-02-07 02:25:04] INFO compute_initial_viz DONE | RSS=3866MB GPU_alloc=215MB GPU_reserved=1460MB
[2026-02-07 02:25:12] INFO compute_initial_viz START | RSS=3866MB GPU_alloc=215MB GPU_reserved=1460MB
[2026-02-07 02:25:12] INFO config loaded | RSS=3922MB GPU_alloc=16MB GPU_reserved=40MB
[2026-02-07 02:25:17] INFO image loaded shape=(787,922,499) from E:\MSImaging-data\_msi_visual\Extractions\PXD049325-pep\S16-PA-5_bins\0.npy | RSS=4516MB GPU_alloc=16MB GPU_reserved=40MB
[2026-02-07 02:25:17] INFO creating new model and fitting | RSS=4516MB GPU_alloc=16MB GPU_reserved=40MB
[2026-02-07 02:25:17] INFO building model kwargs | RSS=4516MB GPU_alloc=16MB GPU_reserved=40MB
[2026-02-07 02:25:17] INFO model kwargs built in 0.00s | RSS=4516MB GPU_alloc=16MB GPU_reserved=40MB
[2026-02-07 02:25:17] INFO initializing model | RSS=4516MB GPU_alloc=16MB GPU_reserved=40MB
[2026-02-07 02:25:17] INFO model init done in 0.00s | RSS=4516MB GPU_alloc=16MB GPU_reserved=40MB
[2026-02-07 02:25:17] INFO starting model.fit (train) | RSS=4516MB GPU_alloc=16MB GPU_reserved=40MB
[2026-02-07 02:25:17] INFO [fit] set_image starting: shape=(787, 922, 499)
[2026-02-07 02:25:17] INFO [set_image] start: shape=(787, 922, 499), roi_mask=False, category_annotations=False
[2026-02-07 02:25:17] INFO [set_image] reshape+mask done in 0.16s
[2026-02-07 02:25:22] INFO [set_image] sampling done in 4.97s (method=superpixel, sampled=6190)
[2026-02-07 02:25:22] INFO [set_image] model init done in 0.07s (input_dim=499, n_components=3)
[2026-02-07 02:25:24] INFO [set_image] resample done in 2.16s (points=1000)
[2026-02-07 02:25:24] INFO [set_image] category labels done in 0.18s
[2026-02-07 02:25:27] INFO [set_image] clustering init done in 3.04s (levels=5)
[2026-02-07 02:25:27] INFO [set_image] optimizer init done in 0.00s (lr=1.0, warmup=10)
[2026-02-07 02:25:27] INFO [set_image] total setup time 10.59s
[2026-02-07 02:25:27] INFO [fit] set_image done in 10.59s
[2026-02-07 02:25:27] INFO [fit] training loop starting: epochs=100
[2026-02-07 02:25:35] INFO [fit] training loop finished in 8.14s
[2026-02-07 02:25:35] INFO model.fit completed in 18.73s | RSS=4485MB GPU_alloc=214MB GPU_reserved=596MB
[2026-02-07 02:25:35] INFO running predict (train) | RSS=4485MB GPU_alloc=214MB GPU_reserved=596MB
[2026-02-07 02:25:37] INFO compute_initial_viz DONE | RSS=4505MB GPU_alloc=214MB GPU_reserved=1428MB
[2026-02-07 02:25:55] INFO compute_initial_viz START | RSS=4505MB GPU_alloc=214MB GPU_reserved=1428MB
[2026-02-07 02:25:56] INFO config loaded | RSS=4553MB GPU_alloc=16MB GPU_reserved=40MB
[2026-02-07 02:26:55] INFO image loaded shape=(652,1036,8000) from E:\MSImaging-data\_msi_visual\Extractions\PXD049325-pep\S15-SAD-5_bins\0.npy | RSS=23786MB GPU_alloc=16MB GPU_reserved=40MB
[2026-02-07 02:26:55] INFO creating new model and fitting | RSS=23786MB GPU_alloc=16MB GPU_reserved=40MB
[2026-02-07 02:26:55] INFO building model kwargs | RSS=23786MB GPU_alloc=16MB GPU_reserved=40MB
[2026-02-07 02:26:55] INFO model kwargs built in 0.00s | RSS=23786MB GPU_alloc=16MB GPU_reserved=40MB
[2026-02-07 02:26:55] INFO initializing model | RSS=23786MB GPU_alloc=16MB GPU_reserved=40MB
[2026-02-07 02:26:55] INFO model init done in 0.00s | RSS=23786MB GPU_alloc=16MB GPU_reserved=40MB
[2026-02-07 02:26:55] INFO starting model.fit (train) | RSS=23786MB GPU_alloc=16MB GPU_reserved=40MB
[2026-02-07 02:26:55] INFO [fit] set_image starting: shape=(652, 1036, 8000)
[2026-02-07 02:26:55] INFO [set_image] start: shape=(652, 1036, 8000), roi_mask=False, category_annotations=False
[2026-02-07 02:26:57] INFO [set_image] reshape+mask done in 2.00s
[2026-02-07 02:27:10] INFO [set_image] sampling done in 13.50s (method=superpixel, sampled=7407)
[2026-02-07 02:27:10] INFO [set_image] model init done in 0.16s (input_dim=8000, n_components=3)
[2026-02-07 02:27:52] INFO [set_image] resample done in 41.15s (points=1000)
[2026-02-07 02:27:54] INFO [set_image] category labels done in 2.26s
[2026-02-07 02:28:25] INFO [set_image] clustering init done in 30.81s (levels=5)
[2026-02-07 02:28:25] INFO [set_image] optimizer init done in 0.00s (lr=1.0, warmup=10)
[2026-02-07 02:28:25] INFO [set_image] total setup time 89.88s
[2026-02-07 02:28:25] INFO [fit] set_image done in 89.88s
[2026-02-07 02:28:25] INFO [fit] training loop starting: epochs=100
[2026-02-07 02:28:46] INFO [fit] training loop finished in 21.34s
[2026-02-07 02:28:46] INFO model.fit completed in 111.22s | RSS=24129MB GPU_alloc=484MB GPU_reserved=952MB
[2026-02-07 02:28:46] INFO running predict (train) | RSS=24129MB GPU_alloc=484MB GPU_reserved=952MB
[2026-02-07 02:28:55] INFO compute_initial_viz DONE | RSS=24148MB GPU_alloc=484MB GPU_reserved=2720MB
[2026-02-07 02:29:55] INFO reload_viz using full image (no ROI) | RSS=44762MB GPU_alloc=484MB GPU_reserved=2720MB
[2026-02-07 02:29:55] INFO compute_initial_viz START | RSS=44762MB GPU_alloc=484MB GPU_reserved=2720MB
[2026-02-07 02:29:56] INFO config loaded | RSS=24093MB GPU_alloc=16MB GPU_reserved=40MB
[2026-02-07 02:29:56] INFO reusing cached image (path unchanged): E:\MSImaging-data\_msi_visual\Extractions\PXD049325-pep\S15-SAD-5_bins\0.npy | RSS=24094MB GPU_alloc=16MB GPU_reserved=40MB
[2026-02-07 02:29:56] INFO creating new model and fitting | RSS=24094MB GPU_alloc=16MB GPU_reserved=40MB
[2026-02-07 02:29:56] INFO building model kwargs | RSS=24094MB GPU_alloc=16MB GPU_reserved=40MB
[2026-02-07 02:29:56] INFO model kwargs built in 0.00s | RSS=24094MB GPU_alloc=16MB GPU_reserved=40MB
[2026-02-07 02:29:56] INFO initializing model | RSS=24094MB GPU_alloc=16MB GPU_reserved=40MB
[2026-02-07 02:29:56] INFO model init done in 0.00s | RSS=24094MB GPU_alloc=16MB GPU_reserved=40MB
[2026-02-07 02:29:56] INFO starting model.fit (train) | RSS=24094MB GPU_alloc=16MB GPU_reserved=40MB
[2026-02-07 02:29:56] INFO [fit] set_image starting: shape=(652, 1036, 8000)
[2026-02-07 02:29:56] INFO [set_image] start: shape=(652, 1036, 8000), roi_mask=False, category_annotations=False
[2026-02-07 02:29:58] INFO [set_image] reshape+mask done in 2.01s
[2026-02-07 02:30:12] INFO [set_image] sampling done in 14.05s (method=superpixel, sampled=7346)
[2026-02-07 02:30:12] INFO [set_image] model init done in 0.17s (input_dim=8000, n_components=3)
[2026-02-07 02:30:53] INFO [set_image] resample done in 41.33s (points=1000)
[2026-02-07 02:30:56] INFO [set_image] category labels done in 2.26s
[2026-02-07 02:30:58] ERROR compute_initial_viz FAILED: n_samples=7346 should be >= n_clusters=256512. | RSS=24157MB GPU_alloc=204MB GPU_reserved=228MB
[2026-02-07 02:31:47] INFO reload_viz using full image (no ROI) | RSS=23919MB GPU_alloc=16MB GPU_reserved=228MB
[2026-02-07 02:31:47] INFO compute_initial_viz START | RSS=23919MB GPU_alloc=16MB GPU_reserved=228MB
[2026-02-07 02:31:47] INFO config loaded | RSS=23919MB GPU_alloc=16MB GPU_reserved=228MB
[2026-02-07 02:31:47] INFO reusing cached image (path unchanged): E:\MSImaging-data\_msi_visual\Extractions\PXD049325-pep\S15-SAD-5_bins\0.npy | RSS=23919MB GPU_alloc=16MB GPU_reserved=228MB
[2026-02-07 02:31:47] INFO creating new model and fitting | RSS=23919MB GPU_alloc=16MB GPU_reserved=228MB
[2026-02-07 02:31:47] INFO building model kwargs | RSS=23919MB GPU_alloc=16MB GPU_reserved=228MB
[2026-02-07 02:31:47] INFO model kwargs built in 0.00s | RSS=23919MB GPU_alloc=16MB GPU_reserved=228MB
[2026-02-07 02:31:47] INFO initializing model | RSS=23919MB GPU_alloc=16MB GPU_reserved=228MB
[2026-02-07 02:31:47] INFO model init done in 0.00s | RSS=23919MB GPU_alloc=16MB GPU_reserved=228MB
[2026-02-07 02:31:47] INFO starting model.fit (train) | RSS=23919MB GPU_alloc=16MB GPU_reserved=228MB
[2026-02-07 02:31:47] INFO [fit] set_image starting: shape=(652, 1036, 8000)
[2026-02-07 02:31:47] INFO [set_image] start: shape=(652, 1036, 8000), roi_mask=False, category_annotations=False
[2026-02-07 02:31:49] INFO [set_image] reshape+mask done in 2.00s
[2026-02-07 02:32:04] INFO [set_image] sampling done in 15.22s (method=superpixel, sampled=7336)
[2026-02-07 02:32:05] INFO [set_image] model init done in 0.15s (input_dim=8000, n_components=3)
[2026-02-07 02:32:44] INFO [set_image] resample done in 39.79s (points=1000)
[2026-02-07 02:32:46] INFO [set_image] category labels done in 1.86s
[2026-02-07 02:32:53] INFO [set_image] clustering init done in 6.76s (levels=4)
[2026-02-07 02:32:53] INFO [set_image] optimizer init done in 0.00s (lr=1.0, warmup=10)
[2026-02-07 02:32:53] INFO [set_image] total setup time 65.80s
[2026-02-07 02:32:53] INFO [fit] set_image done in 65.80s
[2026-02-07 02:32:53] INFO [fit] training loop starting: epochs=100
[2026-02-07 02:33:14] INFO [fit] training loop finished in 21.23s
[2026-02-07 02:33:14] INFO model.fit completed in 87.03s | RSS=24143MB GPU_alloc=484MB GPU_reserved=950MB
[2026-02-07 02:33:14] INFO running predict (train) | RSS=24143MB GPU_alloc=484MB GPU_reserved=950MB
[2026-02-07 02:33:23] INFO compute_initial_viz DONE | RSS=24157MB GPU_alloc=484MB GPU_reserved=2718MB
[2026-02-07 02:35:08] INFO reload_viz using full image (no ROI) | RSS=24514MB GPU_alloc=484MB GPU_reserved=2718MB
[2026-02-07 02:35:08] INFO compute_initial_viz START | RSS=24514MB GPU_alloc=484MB GPU_reserved=2718MB
[2026-02-07 02:35:09] INFO config loaded | RSS=3852MB GPU_alloc=16MB GPU_reserved=40MB
[2026-02-07 02:35:09] INFO reusing cached image (path unchanged): E:\MSImaging-data\_msi_visual\Extractions\PXD049325-pep\S2-SAD-5_bins\0.npy | RSS=3852MB GPU_alloc=16MB GPU_reserved=40MB
[2026-02-07 02:35:09] INFO creating new model and fitting | RSS=3852MB GPU_alloc=16MB GPU_reserved=40MB
[2026-02-07 02:35:09] INFO building model kwargs | RSS=3852MB GPU_alloc=16MB GPU_reserved=40MB
[2026-02-07 02:35:09] INFO model kwargs built in 0.00s | RSS=3852MB GPU_alloc=16MB GPU_reserved=40MB
[2026-02-07 02:35:09] INFO initializing model | RSS=3852MB GPU_alloc=16MB GPU_reserved=40MB
[2026-02-07 02:35:09] INFO model init done in 0.00s | RSS=3852MB GPU_alloc=16MB GPU_reserved=40MB
[2026-02-07 02:35:09] INFO starting model.fit (train) | RSS=3852MB GPU_alloc=16MB GPU_reserved=40MB
[2026-02-07 02:35:09] INFO [fit] set_image starting: shape=(529, 726, 244)
[2026-02-07 02:35:09] INFO [set_image] start: shape=(529, 726, 244), roi_mask=False, category_annotations=False
[2026-02-07 02:35:10] INFO [set_image] reshape+mask done in 0.06s
[2026-02-07 02:35:10] INFO [set_image] sampling done in 0.06s (method=random, sampled=2000)
[2026-02-07 02:35:10] INFO [set_image] model init done in 0.08s (input_dim=244, n_components=3)
[2026-02-07 02:35:10] INFO [set_image] resample done in 0.24s (points=500)
[2026-02-07 02:35:10] INFO [set_image] category labels done in 0.07s
[2026-02-07 02:35:10] INFO [set_image] clustering init done in 0.14s (levels=3)
[2026-02-07 02:35:10] INFO [set_image] optimizer init done in 0.00s (lr=1.0, warmup=10)
[2026-02-07 02:35:10] INFO [set_image] total setup time 0.66s
[2026-02-07 02:35:10] INFO [fit] set_image done in 0.66s
[2026-02-07 02:35:10] INFO [fit] training loop starting: epochs=50
[2026-02-07 02:35:11] INFO [fit] training loop finished in 0.89s
[2026-02-07 02:35:11] INFO model.fit completed in 1.55s | RSS=3660MB GPU_alloc=164MB GPU_reserved=440MB
[2026-02-07 02:35:11] INFO running predict (train) | RSS=3660MB GPU_alloc=164MB GPU_reserved=440MB
[2026-02-07 02:35:12] INFO compute_initial_viz DONE | RSS=3666MB GPU_alloc=164MB GPU_reserved=1208MB
[2026-02-07 02:36:15] INFO reload_viz using full image (no ROI) | RSS=4023MB GPU_alloc=164MB GPU_reserved=1208MB
[2026-02-07 02:36:15] INFO compute_initial_viz START | RSS=4023MB GPU_alloc=164MB GPU_reserved=1208MB
[2026-02-07 02:36:15] INFO config loaded | RSS=3728MB GPU_alloc=16MB GPU_reserved=40MB
[2026-02-07 02:36:15] INFO reusing cached image (path unchanged): E:\MSImaging-data\_msi_visual\Extractions\PXD049325-pep\S2-SAD-5_bins\0.npy | RSS=3728MB GPU_alloc=16MB GPU_reserved=40MB
[2026-02-07 02:36:15] INFO creating new model and fitting | RSS=3728MB GPU_alloc=16MB GPU_reserved=40MB
[2026-02-07 02:36:15] INFO building model kwargs | RSS=3728MB GPU_alloc=16MB GPU_reserved=40MB
[2026-02-07 02:36:15] INFO model kwargs built in 0.00s | RSS=3728MB GPU_alloc=16MB GPU_reserved=40MB
[2026-02-07 02:36:15] INFO initializing model | RSS=3728MB GPU_alloc=16MB GPU_reserved=40MB
[2026-02-07 02:36:15] INFO model init done in 0.00s | RSS=3728MB GPU_alloc=16MB GPU_reserved=40MB
[2026-02-07 02:36:15] INFO starting model.fit (train) | RSS=3728MB GPU_alloc=16MB GPU_reserved=40MB
[2026-02-07 02:36:15] INFO [fit] set_image starting: shape=(529, 726, 244)
[2026-02-07 02:36:15] INFO [set_image] start: shape=(529, 726, 244), roi_mask=False, category_annotations=False
[2026-02-07 02:36:15] INFO [set_image] reshape+mask done in 0.05s
[2026-02-07 02:36:17] INFO [set_image] sampling done in 2.23s (method=superpixel, sampled=5137)
[2026-02-07 02:36:17] INFO [set_image] model init done in 0.06s (input_dim=244, n_components=3)
[2026-02-07 02:36:19] INFO [set_image] resample done in 1.33s (points=1000)
[2026-02-07 02:36:19] INFO [set_image] category labels done in 0.06s
[2026-02-07 02:36:19] INFO [set_image] clustering init done in 0.56s (levels=5)
[2026-02-07 02:36:19] INFO [set_image] optimizer init done in 0.00s (lr=1.0, warmup=10)
[2026-02-07 02:36:19] INFO [set_image] total setup time 4.29s
[2026-02-07 02:36:19] INFO [fit] set_image done in 4.29s
[2026-02-07 02:36:19] INFO [fit] training loop starting: epochs=50
[2026-02-07 02:36:23] INFO [fit] training loop finished in 3.54s
[2026-02-07 02:36:23] INFO model.fit completed in 7.84s | RSS=3664MB GPU_alloc=196MB GPU_reserved=564MB
[2026-02-07 02:36:23] INFO running predict (train) | RSS=3664MB GPU_alloc=196MB GPU_reserved=564MB
[2026-02-07 02:36:23] INFO compute_initial_viz DONE | RSS=3669MB GPU_alloc=196MB GPU_reserved=1364MB
[2026-02-07 02:36:59] INFO reload_viz using ROI (22 points) | RSS=4027MB GPU_alloc=196MB GPU_reserved=1364MB
[2026-02-07 02:36:59] INFO recompute_viz START | RSS=4027MB GPU_alloc=196MB GPU_reserved=1364MB
[2026-02-07 02:36:59] INFO releasing previous model (GPU + large tensors) | RSS=4027MB GPU_alloc=196MB GPU_reserved=1364MB
[2026-02-07 02:36:59] INFO after release + gc + cuda empty_cache | RSS=3729MB GPU_alloc=16MB GPU_reserved=40MB
[2026-02-07 02:36:59] INFO ROI mask built H=529 W=726 roi_pixels=1173 | RSS=3729MB GPU_alloc=16MB GPU_reserved=40MB
[2026-02-07 02:36:59] INFO creating new MSIParametricMiCSLMC | RSS=3729MB GPU_alloc=16MB GPU_reserved=40MB
[2026-02-07 02:36:59] INFO calling set_image(roi_mask=..., category_annotations=...) | RSS=3729MB GPU_alloc=16MB GPU_reserved=40MB
[2026-02-07 02:36:59] INFO [set_image] start: shape=(529, 726, 244), roi_mask=True, category_annotations=False
[2026-02-07 02:36:59] INFO [set_image] reshape+mask done in 0.05s
[2026-02-07 02:37:03] INFO [set_image] sampling done in 3.19s (method=superpixel, sampled=281)
[2026-02-07 02:37:03] INFO [set_image] model init done in 0.07s (input_dim=244, n_components=3)
[2026-02-07 02:37:03] INFO [set_image] resample done in 0.02s (points=281)
[2026-02-07 02:37:03] INFO [set_image] category labels done in 0.05s
[2026-02-07 02:37:03] INFO [set_image] clustering init done in 0.18s (levels=5)
[2026-02-07 02:37:03] INFO [set_image] optimizer init done in 0.00s (lr=1.0, warmup=10)
[2026-02-07 02:37:03] INFO [set_image] total setup time 3.57s
[2026-02-07 02:37:03] INFO training 50 epochs | RSS=3680MB GPU_alloc=53MB GPU_reserved=74MB
[2026-02-07 02:37:03] INFO epoch 1/50 | RSS=3680MB GPU_alloc=156MB GPU_reserved=244MB
[2026-02-07 02:37:03] INFO epoch 20/50 | RSS=3680MB GPU_alloc=156MB GPU_reserved=262MB
[2026-02-07 02:37:04] INFO epoch 40/50 | RSS=3680MB GPU_alloc=156MB GPU_reserved=262MB
[2026-02-07 02:37:04] INFO running predict | RSS=3680MB GPU_alloc=156MB GPU_reserved=262MB
[2026-02-07 02:37:04] INFO recompute_viz DONE | RSS=3666MB GPU_alloc=156MB GPU_reserved=1062MB
[2026-02-07 02:37:22] INFO reload_viz using ROI (22 points) | RSS=4023MB GPU_alloc=156MB GPU_reserved=212MB
[2026-02-07 02:37:22] INFO recompute_viz START | RSS=4023MB GPU_alloc=156MB GPU_reserved=212MB
[2026-02-07 02:37:22] INFO releasing previous model (GPU + large tensors) | RSS=4023MB GPU_alloc=156MB GPU_reserved=212MB
[2026-02-07 02:37:23] INFO after release + gc + cuda empty_cache | RSS=3729MB GPU_alloc=16MB GPU_reserved=40MB
[2026-02-07 02:37:23] INFO ROI mask built H=529 W=726 roi_pixels=1173 | RSS=3729MB GPU_alloc=16MB GPU_reserved=40MB
[2026-02-07 02:37:23] INFO creating new MSIParametricMiCSLMC | RSS=3729MB GPU_alloc=16MB GPU_reserved=40MB
[2026-02-07 02:37:23] INFO calling set_image(roi_mask=..., category_annotations=...) | RSS=3729MB GPU_alloc=16MB GPU_reserved=40MB
[2026-02-07 02:37:23] INFO [set_image] start: shape=(529, 726, 244), roi_mask=True, category_annotations=False
[2026-02-07 02:37:23] INFO [set_image] reshape+mask done in 0.05s
[2026-02-07 02:37:26] INFO [set_image] sampling done in 3.23s (method=superpixel, sampled=281)
[2026-02-07 02:37:26] INFO [set_image] model init done in 0.07s (input_dim=244, n_components=3)
[2026-02-07 02:37:26] INFO [set_image] resample done in 0.02s (points=281)
[2026-02-07 02:37:26] INFO [set_image] category labels done in 0.05s
[2026-02-07 02:37:26] INFO [set_image] clustering init done in 0.21s (levels=5)
[2026-02-07 02:37:26] INFO [set_image] optimizer init done in 0.00s (lr=1.0, warmup=10)
[2026-02-07 02:37:26] INFO [set_image] total setup time 3.64s
[2026-02-07 02:37:26] INFO training 100 epochs | RSS=3680MB GPU_alloc=53MB GPU_reserved=74MB
[2026-02-07 02:37:26] INFO epoch 1/100 | RSS=3680MB GPU_alloc=156MB GPU_reserved=244MB
[2026-02-07 02:37:27] INFO epoch 20/100 | RSS=3680MB GPU_alloc=156MB GPU_reserved=262MB
[2026-02-07 02:37:27] INFO epoch 40/100 | RSS=3680MB GPU_alloc=156MB GPU_reserved=262MB
[2026-02-07 02:37:27] INFO epoch 60/100 | RSS=3680MB GPU_alloc=156MB GPU_reserved=262MB
[2026-02-07 02:37:28] INFO epoch 80/100 | RSS=3680MB GPU_alloc=156MB GPU_reserved=262MB
[2026-02-07 02:37:28] INFO epoch 100/100 | RSS=3680MB GPU_alloc=156MB GPU_reserved=262MB
[2026-02-07 02:37:28] INFO running predict | RSS=3680MB GPU_alloc=156MB GPU_reserved=262MB
[2026-02-07 02:37:28] INFO recompute_viz DONE | RSS=3670MB GPU_alloc=156MB GPU_reserved=1062MB
[2026-02-07 02:38:45] INFO reload_viz using ROI (22 points) | RSS=4028MB GPU_alloc=156MB GPU_reserved=212MB
[2026-02-07 02:38:45] INFO recompute_viz START | RSS=4028MB GPU_alloc=156MB GPU_reserved=212MB
[2026-02-07 02:38:45] INFO releasing previous model (GPU + large tensors) | RSS=4028MB GPU_alloc=156MB GPU_reserved=212MB
[2026-02-07 02:38:45] INFO after release + gc + cuda empty_cache | RSS=3727MB GPU_alloc=16MB GPU_reserved=40MB
[2026-02-07 02:38:45] INFO ROI mask built H=529 W=726 roi_pixels=1173 | RSS=3727MB GPU_alloc=16MB GPU_reserved=40MB
[2026-02-07 02:38:45] INFO creating new MSIParametricMiCSLMC | RSS=3727MB GPU_alloc=16MB GPU_reserved=40MB
[2026-02-07 02:38:45] INFO category_annotations: 4 polygons | RSS=3727MB GPU_alloc=16MB GPU_reserved=40MB
[2026-02-07 02:38:45] INFO calling set_image(roi_mask=..., category_annotations=...) | RSS=3727MB GPU_alloc=16MB GPU_reserved=40MB
[2026-02-07 02:38:45] INFO [set_image] start: shape=(529, 726, 244), roi_mask=True, category_annotations=True
[2026-02-07 02:38:45] INFO [set_image] reshape+mask done in 0.06s
[2026-02-07 02:38:49] INFO [set_image] sampling done in 3.27s (method=superpixel, sampled=281)
[2026-02-07 02:38:49] INFO [set_image] model init done in 0.07s (input_dim=244, n_components=3)
[2026-02-07 02:38:49] INFO [set_image] resample done in 0.02s (points=281)
[2026-02-07 02:38:49] INFO [set_image] category labels done in 0.06s
[2026-02-07 02:38:49] INFO [set_image] clustering init done in 0.21s (levels=5)
[2026-02-07 02:38:49] INFO [set_image] optimizer init done in 0.00s (lr=1.0, warmup=10)
[2026-02-07 02:38:49] INFO [set_image] total setup time 3.68s
[2026-02-07 02:38:49] INFO training 100 epochs | RSS=3682MB GPU_alloc=53MB GPU_reserved=74MB
[2026-02-07 02:38:49] INFO epoch 1/100 | RSS=3682MB GPU_alloc=156MB GPU_reserved=244MB
[2026-02-07 02:38:50] INFO epoch 20/100 | RSS=3682MB GPU_alloc=156MB GPU_reserved=262MB
[2026-02-07 02:38:50] INFO epoch 40/100 | RSS=3682MB GPU_alloc=156MB GPU_reserved=262MB
[2026-02-07 02:38:50] INFO epoch 60/100 | RSS=3682MB GPU_alloc=156MB GPU_reserved=262MB
[2026-02-07 02:38:50] INFO epoch 80/100 | RSS=3682MB GPU_alloc=156MB GPU_reserved=262MB
[2026-02-07 02:38:50] INFO epoch 100/100 | RSS=3682MB GPU_alloc=156MB GPU_reserved=262MB
[2026-02-07 02:38:50] INFO running predict | RSS=3682MB GPU_alloc=156MB GPU_reserved=262MB
[2026-02-07 02:38:51] INFO recompute_viz DONE | RSS=3670MB GPU_alloc=156MB GPU_reserved=1062MB
[2026-02-07 02:39:24] INFO reload_viz using ROI (74 points) | RSS=4028MB GPU_alloc=156MB GPU_reserved=212MB
[2026-02-07 02:39:24] INFO recompute_viz START | RSS=4028MB GPU_alloc=156MB GPU_reserved=212MB
[2026-02-07 02:39:24] INFO releasing previous model (GPU + large tensors) | RSS=4028MB GPU_alloc=156MB GPU_reserved=212MB
[2026-02-07 02:39:25] INFO after release + gc + cuda empty_cache | RSS=3727MB GPU_alloc=16MB GPU_reserved=40MB
[2026-02-07 02:39:25] INFO ROI mask built H=529 W=726 roi_pixels=21841 | RSS=3727MB GPU_alloc=16MB GPU_reserved=40MB
[2026-02-07 02:39:25] INFO creating new MSIParametricMiCSLMC | RSS=3727MB GPU_alloc=16MB GPU_reserved=40MB
[2026-02-07 02:39:25] INFO category_annotations: 4 polygons | RSS=3727MB GPU_alloc=16MB GPU_reserved=40MB
[2026-02-07 02:39:25] INFO calling set_image(roi_mask=..., category_annotations=...) | RSS=3727MB GPU_alloc=16MB GPU_reserved=40MB
[2026-02-07 02:39:25] INFO [set_image] start: shape=(529, 726, 244), roi_mask=True, category_annotations=True
[2026-02-07 02:39:25] INFO [set_image] reshape+mask done in 0.05s
[2026-02-07 02:39:28] INFO [set_image] sampling done in 3.36s (method=superpixel, sampled=4010)
[2026-02-07 02:39:28] INFO [set_image] model init done in 0.06s (input_dim=244, n_components=3)
[2026-02-07 02:39:29] INFO [set_image] resample done in 1.02s (points=1000)
[2026-02-07 02:39:29] INFO [set_image] category labels done in 0.06s
[2026-02-07 02:39:30] INFO [set_image] clustering init done in 1.22s (levels=5)
[2026-02-07 02:39:30] INFO [set_image] optimizer init done in 0.00s (lr=1.0, warmup=10)
[2026-02-07 02:39:30] INFO [set_image] total setup time 5.78s
[2026-02-07 02:39:30] INFO training 100 epochs | RSS=3686MB GPU_alloc=84MB GPU_reserved=106MB
[2026-02-07 02:39:31] INFO epoch 1/100 | RSS=3686MB GPU_alloc=187MB GPU_reserved=554MB
[2026-02-07 02:39:32] INFO epoch 20/100 | RSS=3686MB GPU_alloc=187MB GPU_reserved=556MB
[2026-02-07 02:39:33] INFO epoch 40/100 | RSS=3686MB GPU_alloc=187MB GPU_reserved=556MB
[2026-02-07 02:39:34] INFO epoch 60/100 | RSS=3686MB GPU_alloc=187MB GPU_reserved=556MB
[2026-02-07 02:39:35] INFO epoch 80/100 | RSS=3686MB GPU_alloc=187MB GPU_reserved=556MB
[2026-02-07 02:39:36] INFO epoch 100/100 | RSS=3686MB GPU_alloc=187MB GPU_reserved=556MB
[2026-02-07 02:39:36] INFO running predict | RSS=3686MB GPU_alloc=187MB GPU_reserved=556MB
[2026-02-07 02:39:36] INFO recompute_viz DONE | RSS=3670MB GPU_alloc=187MB GPU_reserved=1356MB
[2026-02-07 02:40:11] INFO reload_viz using ROI (74 points) | RSS=4027MB GPU_alloc=187MB GPU_reserved=242MB
[2026-02-07 02:40:11] INFO recompute_viz START | RSS=4027MB GPU_alloc=187MB GPU_reserved=242MB
[2026-02-07 02:40:11] INFO releasing previous model (GPU + large tensors) | RSS=4027MB GPU_alloc=187MB GPU_reserved=242MB
[2026-02-07 02:40:11] INFO after release + gc + cuda empty_cache | RSS=3729MB GPU_alloc=16MB GPU_reserved=40MB
[2026-02-07 02:40:11] INFO ROI mask built H=529 W=726 roi_pixels=21841 | RSS=3729MB GPU_alloc=16MB GPU_reserved=40MB
[2026-02-07 02:40:11] INFO creating new MSIParametricMiCSLMC | RSS=3729MB GPU_alloc=16MB GPU_reserved=40MB
[2026-02-07 02:40:11] INFO category_annotations: 4 polygons | RSS=3729MB GPU_alloc=16MB GPU_reserved=40MB
[2026-02-07 02:40:11] INFO calling set_image(roi_mask=..., category_annotations=...) | RSS=3729MB GPU_alloc=16MB GPU_reserved=40MB
[2026-02-07 02:40:11] INFO [set_image] start: shape=(529, 726, 244), roi_mask=True, category_annotations=True
[2026-02-07 02:40:11] INFO [set_image] reshape+mask done in 0.05s
[2026-02-07 02:40:15] INFO [set_image] sampling done in 3.40s (method=superpixel, sampled=4010)
[2026-02-07 02:40:15] INFO [set_image] model init done in 0.06s (input_dim=244, n_components=3)
[2026-02-07 02:40:16] INFO [set_image] resample done in 1.05s (points=1000)
[2026-02-07 02:40:16] INFO [set_image] category labels done in 0.06s
[2026-02-07 02:40:18] INFO [set_image] clustering init done in 2.19s (levels=7)
[2026-02-07 02:40:18] INFO [set_image] optimizer init done in 0.00s (lr=1.0, warmup=10)
[2026-02-07 02:40:18] INFO [set_image] total setup time 6.82s
[2026-02-07 02:40:18] INFO training 100 epochs | RSS=3664MB GPU_alloc=84MB GPU_reserved=106MB
[2026-02-07 02:40:18] INFO epoch 1/100 | RSS=3664MB GPU_alloc=187MB GPU_reserved=558MB
[2026-02-07 02:40:19] INFO epoch 20/100 | RSS=3664MB GPU_alloc=187MB GPU_reserved=560MB
[2026-02-07 02:40:20] INFO epoch 40/100 | RSS=3664MB GPU_alloc=187MB GPU_reserved=560MB
[2026-02-07 02:40:22] INFO epoch 60/100 | RSS=3664MB GPU_alloc=187MB GPU_reserved=560MB
[2026-02-07 02:40:23] INFO epoch 80/100 | RSS=3664MB GPU_alloc=187MB GPU_reserved=560MB
[2026-02-07 02:40:24] INFO epoch 100/100 | RSS=3664MB GPU_alloc=187MB GPU_reserved=560MB
[2026-02-07 02:40:24] INFO running predict | RSS=3664MB GPU_alloc=187MB GPU_reserved=560MB
[2026-02-07 02:40:24] INFO recompute_viz DONE | RSS=3669MB GPU_alloc=187MB GPU_reserved=1360MB
[2026-02-07 02:41:06] INFO reload_viz using ROI (118 points) | RSS=4026MB GPU_alloc=187MB GPU_reserved=246MB
[2026-02-07 02:41:06] INFO recompute_viz START | RSS=4026MB GPU_alloc=187MB GPU_reserved=246MB
[2026-02-07 02:41:06] INFO releasing previous model (GPU + large tensors) | RSS=4026MB GPU_alloc=187MB GPU_reserved=246MB
[2026-02-07 02:41:07] INFO after release + gc + cuda empty_cache | RSS=3730MB GPU_alloc=16MB GPU_reserved=40MB
[2026-02-07 02:41:07] INFO ROI mask built H=529 W=726 roi_pixels=37083 | RSS=3730MB GPU_alloc=16MB GPU_reserved=40MB
[2026-02-07 02:41:07] INFO creating new MSIParametricMiCSLMC | RSS=3730MB GPU_alloc=16MB GPU_reserved=40MB
[2026-02-07 02:41:07] INFO calling set_image(roi_mask=..., category_annotations=...) | RSS=3730MB GPU_alloc=16MB GPU_reserved=40MB
[2026-02-07 02:41:07] INFO [set_image] start: shape=(529, 726, 244), roi_mask=True, category_annotations=False
[2026-02-07 02:41:07] INFO [set_image] reshape+mask done in 0.05s
[2026-02-07 02:41:10] INFO [set_image] sampling done in 3.51s (method=superpixel, sampled=6232)
[2026-02-07 02:41:10] INFO [set_image] model init done in 0.06s (input_dim=244, n_components=3)
[2026-02-07 02:41:12] INFO [set_image] resample done in 1.63s (points=1000)
[2026-02-07 02:41:12] INFO [set_image] category labels done in 0.06s
[2026-02-07 02:41:15] INFO [set_image] clustering init done in 3.06s (levels=7)
[2026-02-07 02:41:15] INFO [set_image] optimizer init done in 0.00s (lr=1.0, warmup=10)
[2026-02-07 02:41:15] INFO [set_image] total setup time 8.37s
[2026-02-07 02:41:15] INFO training 100 epochs | RSS=3689MB GPU_alloc=101MB GPU_reserved=122MB
[2026-02-07 02:41:15] INFO epoch 1/100 | RSS=3689MB GPU_alloc=204MB GPU_reserved=580MB
[2026-02-07 02:41:17] INFO epoch 20/100 | RSS=3689MB GPU_alloc=204MB GPU_reserved=580MB
[2026-02-07 02:41:19] INFO epoch 40/100 | RSS=3689MB GPU_alloc=204MB GPU_reserved=580MB
[2026-02-07 02:41:21] INFO epoch 60/100 | RSS=3689MB GPU_alloc=204MB GPU_reserved=580MB
[2026-02-07 02:41:22] INFO epoch 80/100 | RSS=3689MB GPU_alloc=204MB GPU_reserved=580MB
[2026-02-07 02:41:24] INFO epoch 100/100 | RSS=3689MB GPU_alloc=204MB GPU_reserved=580MB
[2026-02-07 02:41:24] INFO running predict | RSS=3689MB GPU_alloc=204MB GPU_reserved=580MB
[2026-02-07 02:41:25] INFO recompute_viz DONE | RSS=3675MB GPU_alloc=204MB GPU_reserved=1380MB
[2026-02-07 02:42:07] INFO reload_viz using ROI (163 points) | RSS=4033MB GPU_alloc=204MB GPU_reserved=258MB
[2026-02-07 02:42:07] INFO recompute_viz START | RSS=4033MB GPU_alloc=204MB GPU_reserved=258MB
[2026-02-07 02:42:07] INFO releasing previous model (GPU + large tensors) | RSS=4033MB GPU_alloc=204MB GPU_reserved=258MB
[2026-02-07 02:42:07] INFO after release + gc + cuda empty_cache | RSS=3733MB GPU_alloc=16MB GPU_reserved=40MB
[2026-02-07 02:42:07] INFO ROI mask built H=529 W=726 roi_pixels=49801 | RSS=3733MB GPU_alloc=16MB GPU_reserved=40MB
[2026-02-07 02:42:07] INFO creating new MSIParametricMiCSLMC | RSS=3733MB GPU_alloc=16MB GPU_reserved=40MB
[2026-02-07 02:42:07] INFO calling set_image(roi_mask=..., category_annotations=...) | RSS=3733MB GPU_alloc=16MB GPU_reserved=40MB
[2026-02-07 02:42:07] INFO [set_image] start: shape=(529, 726, 244), roi_mask=True, category_annotations=False
[2026-02-07 02:42:07] INFO [set_image] reshape+mask done in 0.05s
[2026-02-07 02:42:10] INFO [set_image] sampling done in 3.15s (method=superpixel, sampled=6053)
[2026-02-07 02:42:10] INFO [set_image] model init done in 0.07s (input_dim=244, n_components=3)
[2026-02-07 02:42:12] INFO [set_image] resample done in 1.59s (points=1000)
[2026-02-07 02:42:12] INFO [set_image] category labels done in 0.06s
[2026-02-07 02:42:15] INFO [set_image] clustering init done in 2.98s (levels=7)
[2026-02-07 02:42:15] INFO [set_image] optimizer init done in 0.00s (lr=1.0, warmup=10)
[2026-02-07 02:42:15] INFO [set_image] total setup time 7.90s
[2026-02-07 02:42:15] INFO training 100 epochs | RSS=3689MB GPU_alloc=99MB GPU_reserved=122MB
[2026-02-07 02:42:15] INFO epoch 1/100 | RSS=3689MB GPU_alloc=202MB GPU_reserved=574MB
[2026-02-07 02:42:17] INFO epoch 20/100 | RSS=3689MB GPU_alloc=202MB GPU_reserved=576MB
[2026-02-07 02:42:18] INFO epoch 40/100 | RSS=3689MB GPU_alloc=202MB GPU_reserved=576MB
[2026-02-07 02:42:20] INFO epoch 60/100 | RSS=3689MB GPU_alloc=202MB GPU_reserved=576MB
[2026-02-07 02:42:21] INFO epoch 80/100 | RSS=3689MB GPU_alloc=202MB GPU_reserved=576MB
[2026-02-07 02:42:23] INFO epoch 100/100 | RSS=3689MB GPU_alloc=202MB GPU_reserved=576MB
[2026-02-07 02:42:23] INFO running predict | RSS=3689MB GPU_alloc=202MB GPU_reserved=576MB
[2026-02-07 02:42:23] INFO recompute_viz DONE | RSS=3675MB GPU_alloc=202MB GPU_reserved=1376MB
[2026-02-07 02:42:56] INFO reload_viz using ROI (163 points) | RSS=4882MB GPU_alloc=202MB GPU_reserved=258MB
[2026-02-07 02:42:56] INFO recompute_viz START | RSS=4882MB GPU_alloc=202MB GPU_reserved=258MB
[2026-02-07 02:42:56] INFO releasing previous model (GPU + large tensors) | RSS=4882MB GPU_alloc=202MB GPU_reserved=258MB
[2026-02-07 02:42:56] INFO after release + gc + cuda empty_cache | RSS=4582MB GPU_alloc=16MB GPU_reserved=40MB
[2026-02-07 02:42:56] INFO ROI mask built H=768 W=824 roi_pixels=49801 | RSS=4582MB GPU_alloc=16MB GPU_reserved=40MB
[2026-02-07 02:42:56] INFO creating new MSIParametricMiCSLMC | RSS=4582MB GPU_alloc=16MB GPU_reserved=40MB
[2026-02-07 02:42:56] INFO calling set_image(roi_mask=..., category_annotations=...) | RSS=4582MB GPU_alloc=16MB GPU_reserved=40MB
[2026-02-07 02:42:56] INFO [set_image] start: shape=(768, 824, 500), roi_mask=True, category_annotations=False
[2026-02-07 02:42:56] INFO [set_image] reshape+mask done in 0.14s
[2026-02-07 02:43:02] INFO [set_image] sampling done in 6.16s (method=superpixel, sampled=1639)
[2026-02-07 02:43:02] INFO [set_image] model init done in 0.06s (input_dim=500, n_components=3)
[2026-02-07 02:43:03] INFO [set_image] resample done in 0.56s (points=1000)
[2026-02-07 02:43:03] INFO [set_image] category labels done in 0.16s
[2026-02-07 02:43:04] INFO [set_image] clustering init done in 1.19s (levels=7)
[2026-02-07 02:43:04] INFO [set_image] optimizer init done in 0.00s (lr=1.0, warmup=10)
[2026-02-07 02:43:04] INFO [set_image] total setup time 8.28s
[2026-02-07 02:43:04] INFO training 100 epochs | RSS=4515MB GPU_alloc=69MB GPU_reserved=88MB
[2026-02-07 02:43:04] INFO epoch 1/100 | RSS=4515MB GPU_alloc=178MB GPU_reserved=522MB
[2026-02-07 02:43:05] INFO epoch 20/100 | RSS=4515MB GPU_alloc=178MB GPU_reserved=524MB
[2026-02-07 02:43:06] INFO epoch 40/100 | RSS=4515MB GPU_alloc=178MB GPU_reserved=524MB
[2026-02-07 02:43:06] INFO epoch 60/100 | RSS=4515MB GPU_alloc=178MB GPU_reserved=524MB
[2026-02-07 02:43:07] INFO epoch 80/100 | RSS=4515MB GPU_alloc=178MB GPU_reserved=524MB
[2026-02-07 02:43:07] INFO epoch 100/100 | RSS=4515MB GPU_alloc=178MB GPU_reserved=524MB
[2026-02-07 02:43:07] INFO running predict | RSS=4515MB GPU_alloc=178MB GPU_reserved=524MB
[2026-02-07 02:43:08] INFO recompute_viz DONE | RSS=4525MB GPU_alloc=178MB GPU_reserved=1356MB
[2026-02-07 02:43:35] INFO reload_viz using ROI (125 points) | RSS=5732MB GPU_alloc=178MB GPU_reserved=244MB
[2026-02-07 02:43:35] INFO recompute_viz START | RSS=5732MB GPU_alloc=178MB GPU_reserved=244MB
[2026-02-07 02:43:35] INFO releasing previous model (GPU + large tensors) | RSS=5732MB GPU_alloc=178MB GPU_reserved=244MB
[2026-02-07 02:43:35] INFO after release + gc + cuda empty_cache | RSS=4584MB GPU_alloc=16MB GPU_reserved=40MB
[2026-02-07 02:43:35] INFO ROI mask built H=768 W=824 roi_pixels=109196 | RSS=4584MB GPU_alloc=16MB GPU_reserved=40MB
[2026-02-07 02:43:35] INFO creating new MSIParametricMiCSLMC | RSS=4584MB GPU_alloc=16MB GPU_reserved=40MB
[2026-02-07 02:43:35] INFO calling set_image(roi_mask=..., category_annotations=...) | RSS=4584MB GPU_alloc=16MB GPU_reserved=40MB
[2026-02-07 02:43:35] INFO [set_image] start: shape=(768, 824, 500), roi_mask=True, category_annotations=False
[2026-02-07 02:43:35] INFO [set_image] reshape+mask done in 0.15s
[2026-02-07 02:43:40] INFO [set_image] sampling done in 5.30s (method=superpixel, sampled=5818)
[2026-02-07 02:43:41] INFO [set_image] model init done in 0.08s (input_dim=500, n_components=3)
[2026-02-07 02:43:43] INFO [set_image] resample done in 2.10s (points=1000)
[2026-02-07 02:43:43] INFO [set_image] category labels done in 0.15s
[2026-02-07 02:43:46] INFO [set_image] clustering init done in 3.27s (levels=7)
[2026-02-07 02:43:46] INFO [set_image] optimizer init done in 0.00s (lr=1.0, warmup=10)
[2026-02-07 02:43:46] INFO [set_image] total setup time 11.06s
[2026-02-07 02:43:46] INFO training 100 epochs | RSS=4522MB GPU_alloc=101MB GPU_reserved=120MB
[2026-02-07 02:43:47] INFO epoch 1/100 | RSS=4522MB GPU_alloc=210MB GPU_reserved=596MB
[2026-02-07 02:43:48] INFO epoch 20/100 | RSS=4522MB GPU_alloc=210MB GPU_reserved=596MB
[2026-02-07 02:43:50] INFO epoch 40/100 | RSS=4522MB GPU_alloc=210MB GPU_reserved=596MB
[2026-02-07 02:43:51] INFO epoch 60/100 | RSS=4522MB GPU_alloc=210MB GPU_reserved=596MB
[2026-02-07 02:43:53] INFO epoch 80/100 | RSS=4522MB GPU_alloc=210MB GPU_reserved=596MB
[2026-02-07 02:43:54] INFO epoch 100/100 | RSS=4522MB GPU_alloc=210MB GPU_reserved=596MB
[2026-02-07 02:43:54] INFO running predict | RSS=4522MB GPU_alloc=210MB GPU_reserved=596MB
[2026-02-07 02:43:56] INFO recompute_viz DONE | RSS=4540MB GPU_alloc=210MB GPU_reserved=1428MB
[2026-02-07 02:44:10] INFO reload_viz using ROI (125 points) | RSS=5747MB GPU_alloc=210MB GPU_reserved=278MB
[2026-02-07 02:44:10] INFO recompute_viz START | RSS=5747MB GPU_alloc=210MB GPU_reserved=278MB
[2026-02-07 02:44:10] INFO releasing previous model (GPU + large tensors) | RSS=5747MB GPU_alloc=210MB GPU_reserved=278MB
[2026-02-07 02:44:10] INFO after release + gc + cuda empty_cache | RSS=4591MB GPU_alloc=16MB GPU_reserved=40MB
[2026-02-07 02:44:10] INFO ROI mask built H=768 W=824 roi_pixels=109196 | RSS=4591MB GPU_alloc=16MB GPU_reserved=40MB
[2026-02-07 02:44:10] INFO creating new MSIParametricMiCSLMC | RSS=4591MB GPU_alloc=16MB GPU_reserved=40MB
[2026-02-07 02:44:10] INFO calling set_image(roi_mask=..., category_annotations=...) | RSS=4591MB GPU_alloc=16MB GPU_reserved=40MB
[2026-02-07 02:44:10] INFO [set_image] start: shape=(768, 824, 500), roi_mask=True, category_annotations=False
[2026-02-07 02:44:10] INFO [set_image] reshape+mask done in 0.15s
[2026-02-07 02:44:16] INFO [set_image] sampling done in 5.38s (method=superpixel, sampled=6030)
[2026-02-07 02:44:16] INFO [set_image] model init done in 0.07s (input_dim=500, n_components=3)
[2026-02-07 02:44:18] INFO [set_image] resample done in 2.12s (points=1000)
[2026-02-07 02:44:18] INFO [set_image] category labels done in 0.16s
[2026-02-07 02:44:21] INFO [set_image] clustering init done in 3.23s (levels=7)
[2026-02-07 02:44:21] INFO [set_image] optimizer init done in 0.00s (lr=1.0, warmup=10)
[2026-02-07 02:44:21] INFO [set_image] total setup time 11.12s
[2026-02-07 02:44:21] INFO training 100 epochs | RSS=4523MB GPU_alloc=103MB GPU_reserved=122MB
[2026-02-07 02:44:21] INFO epoch 1/100 | RSS=4523MB GPU_alloc=212MB GPU_reserved=598MB
[2026-02-07 02:44:23] INFO epoch 20/100 | RSS=4523MB GPU_alloc=212MB GPU_reserved=598MB
[2026-02-07 02:44:25] INFO epoch 40/100 | RSS=4523MB GPU_alloc=212MB GPU_reserved=598MB
[2026-02-07 02:44:26] INFO epoch 60/100 | RSS=4523MB GPU_alloc=212MB GPU_reserved=598MB
[2026-02-07 02:44:28] INFO epoch 80/100 | RSS=4523MB GPU_alloc=212MB GPU_reserved=598MB
[2026-02-07 02:44:30] INFO epoch 100/100 | RSS=4523MB GPU_alloc=212MB GPU_reserved=598MB
[2026-02-07 02:44:30] INFO running predict | RSS=4523MB GPU_alloc=212MB GPU_reserved=598MB
[2026-02-07 02:44:31] INFO recompute_viz DONE | RSS=4540MB GPU_alloc=212MB GPU_reserved=1430MB
[2026-02-07 02:44:57] INFO reload_viz using ROI (125 points) | RSS=5747MB GPU_alloc=212MB GPU_reserved=276MB
[2026-02-07 02:44:57] INFO recompute_viz START | RSS=5747MB GPU_alloc=212MB GPU_reserved=276MB
[2026-02-07 02:44:57] INFO releasing previous model (GPU + large tensors) | RSS=5747MB GPU_alloc=212MB GPU_reserved=276MB
[2026-02-07 02:44:58] INFO after release + gc + cuda empty_cache | RSS=4591MB GPU_alloc=16MB GPU_reserved=40MB
[2026-02-07 02:44:58] INFO ROI mask built H=768 W=824 roi_pixels=109196 | RSS=4591MB GPU_alloc=16MB GPU_reserved=40MB
[2026-02-07 02:44:58] INFO creating new MSIParametricMiCSLMC | RSS=4591MB GPU_alloc=16MB GPU_reserved=40MB
[2026-02-07 02:44:58] INFO calling set_image(roi_mask=..., category_annotations=...) | RSS=4591MB GPU_alloc=16MB GPU_reserved=40MB
[2026-02-07 02:44:58] INFO [set_image] start: shape=(768, 824, 500), roi_mask=True, category_annotations=False
[2026-02-07 02:44:58] INFO [set_image] reshape+mask done in 0.15s
[2026-02-07 02:45:03] INFO [set_image] sampling done in 5.45s (method=superpixel, sampled=6030)
[2026-02-07 02:45:03] INFO [set_image] model init done in 0.07s (input_dim=500, n_components=3)
[2026-02-07 02:45:06] INFO [set_image] resample done in 2.16s (points=1000)
[2026-02-07 02:45:06] INFO [set_image] category labels done in 0.16s
[2026-02-07 02:45:09] INFO [set_image] clustering init done in 2.87s (levels=5)
[2026-02-07 02:45:09] INFO [set_image] optimizer init done in 0.00s (lr=1.0, warmup=10)
[2026-02-07 02:45:09] INFO [set_image] total setup time 10.86s
[2026-02-07 02:45:09] INFO training 100 epochs | RSS=4523MB GPU_alloc=103MB GPU_reserved=122MB
[2026-02-07 02:45:09] INFO epoch 1/100 | RSS=4523MB GPU_alloc=212MB GPU_reserved=596MB
[2026-02-07 02:45:10] INFO epoch 20/100 | RSS=4523MB GPU_alloc=212MB GPU_reserved=596MB
[2026-02-07 02:45:12] INFO epoch 40/100 | RSS=4523MB GPU_alloc=212MB GPU_reserved=596MB
[2026-02-07 02:45:13] INFO epoch 60/100 | RSS=4523MB GPU_alloc=212MB GPU_reserved=596MB
[2026-02-07 02:45:14] INFO epoch 80/100 | RSS=4523MB GPU_alloc=212MB GPU_reserved=596MB
[2026-02-07 02:45:16] INFO epoch 100/100 | RSS=4523MB GPU_alloc=212MB GPU_reserved=596MB
[2026-02-07 02:45:16] INFO running predict | RSS=4523MB GPU_alloc=212MB GPU_reserved=596MB
[2026-02-07 02:45:17] INFO recompute_viz DONE | RSS=4540MB GPU_alloc=212MB GPU_reserved=1428MB
[2026-02-07 02:46:02] INFO compute_initial_viz START | RSS=4540MB GPU_alloc=212MB GPU_reserved=276MB
[2026-02-07 02:46:02] INFO config loaded | RSS=4591MB GPU_alloc=16MB GPU_reserved=40MB
[2026-02-07 02:46:29] INFO image loaded shape=(550,824,5255) from E:\MSImaging-data\_msi_visual\Extractions\Metaspace_datasets\Dataset4_kidney\5bins\0.npy | RSS=12469MB GPU_alloc=16MB GPU_reserved=40MB
[2026-02-07 02:46:29] INFO creating new model and fitting | RSS=12469MB GPU_alloc=16MB GPU_reserved=40MB
[2026-02-07 02:46:29] INFO building model kwargs | RSS=12469MB GPU_alloc=16MB GPU_reserved=40MB
[2026-02-07 02:46:29] INFO model kwargs built in 0.00s | RSS=12469MB GPU_alloc=16MB GPU_reserved=40MB
[2026-02-07 02:46:29] INFO initializing model | RSS=12469MB GPU_alloc=16MB GPU_reserved=40MB
[2026-02-07 02:46:29] INFO model init done in 0.00s | RSS=12469MB GPU_alloc=16MB GPU_reserved=40MB
[2026-02-07 02:46:29] INFO starting model.fit (train) | RSS=12469MB GPU_alloc=16MB GPU_reserved=40MB
[2026-02-07 02:46:29] INFO [fit] set_image starting: shape=(550, 824, 5255)
[2026-02-07 02:46:29] INFO [set_image] start: shape=(550, 824, 5255), roi_mask=False, category_annotations=False
[2026-02-07 02:46:30] INFO [set_image] reshape+mask done in 0.85s
[2026-02-07 02:46:37] INFO [set_image] sampling done in 7.59s (method=superpixel, sampled=6259)
[2026-02-07 02:46:37] INFO [set_image] model init done in 0.15s (input_dim=5255, n_components=3)
[2026-02-07 02:46:59] INFO [set_image] resample done in 21.74s (points=1000)
[2026-02-07 02:47:00] INFO [set_image] category labels done in 0.92s
[2026-02-07 02:47:03] INFO [set_image] clustering init done in 3.17s (levels=5)
[2026-02-07 02:47:03] INFO [set_image] optimizer init done in 0.00s (lr=1.0, warmup=10)
[2026-02-07 02:47:03] INFO [set_image] total setup time 34.42s
[2026-02-07 02:47:03] INFO [fit] set_image done in 34.42s
[2026-02-07 02:47:03] INFO [fit] training loop starting: epochs=100
[2026-02-07 02:47:18] INFO [fit] training loop finished in 15.11s
[2026-02-07 02:47:18] INFO model.fit completed in 49.52s | RSS=12550MB GPU_alloc=383MB GPU_reserved=818MB
[2026-02-07 02:47:18] INFO running predict (train) | RSS=12550MB GPU_alloc=383MB GPU_reserved=818MB
[2026-02-07 02:47:23] INFO compute_initial_viz DONE | RSS=12529MB GPU_alloc=383MB GPU_reserved=2244MB
[2026-02-07 02:48:55] INFO reload_viz using ROI (130 points) | RSS=21614MB GPU_alloc=383MB GPU_reserved=2244MB
[2026-02-07 02:48:55] INFO recompute_viz START | RSS=21614MB GPU_alloc=383MB GPU_reserved=2244MB
[2026-02-07 02:48:55] INFO releasing previous model (GPU + large tensors) | RSS=21614MB GPU_alloc=383MB GPU_reserved=2244MB
[2026-02-07 02:48:55] INFO after release + gc + cuda empty_cache | RSS=12539MB GPU_alloc=16MB GPU_reserved=40MB
[2026-02-07 02:48:55] INFO ROI mask built H=550 W=824 roi_pixels=16713 | RSS=12539MB GPU_alloc=16MB GPU_reserved=40MB
[2026-02-07 02:48:55] INFO creating new MSIParametricMiCSLMC | RSS=12539MB GPU_alloc=16MB GPU_reserved=40MB
[2026-02-07 02:48:55] INFO calling set_image(roi_mask=..., category_annotations=...) | RSS=12539MB GPU_alloc=16MB GPU_reserved=40MB
[2026-02-07 02:48:55] INFO [set_image] start: shape=(550, 824, 5255), roi_mask=True, category_annotations=False
[2026-02-07 02:48:56] INFO [set_image] reshape+mask done in 0.84s
[2026-02-07 02:49:05] INFO [set_image] sampling done in 8.63s (method=superpixel, sampled=2818)
[2026-02-07 02:49:05] INFO [set_image] model init done in 0.13s (input_dim=5255, n_components=3)
[2026-02-07 02:49:14] INFO [set_image] resample done in 9.43s (points=1000)
[2026-02-07 02:49:15] INFO [set_image] category labels done in 0.86s
[2026-02-07 02:49:17] INFO [set_image] clustering init done in 1.74s (levels=5)
[2026-02-07 02:49:17] INFO [set_image] optimizer init done in 0.00s (lr=1.0, warmup=10)
[2026-02-07 02:49:17] INFO [set_image] total setup time 21.62s
[2026-02-07 02:49:17] INFO training 100 epochs | RSS=12486MB GPU_alloc=134MB GPU_reserved=160MB
[2026-02-07 02:49:17] INFO epoch 1/100 | RSS=12486MB GPU_alloc=357MB GPU_reserved=782MB
[2026-02-07 02:49:19] INFO epoch 20/100 | RSS=12486MB GPU_alloc=357MB GPU_reserved=782MB
[2026-02-07 02:49:20] INFO epoch 40/100 | RSS=12486MB GPU_alloc=357MB GPU_reserved=782MB
[2026-02-07 02:49:21] INFO epoch 60/100 | RSS=12486MB GPU_alloc=357MB GPU_reserved=782MB
[2026-02-07 02:49:22] INFO epoch 80/100 | RSS=12486MB GPU_alloc=357MB GPU_reserved=782MB
[2026-02-07 02:49:24] INFO epoch 100/100 | RSS=12486MB GPU_alloc=357MB GPU_reserved=782MB
[2026-02-07 02:49:24] INFO running predict | RSS=12486MB GPU_alloc=357MB GPU_reserved=782MB
[2026-02-07 02:49:28] INFO recompute_viz DONE | RSS=12457MB GPU_alloc=357MB GPU_reserved=2208MB
[2026-02-07 02:50:32] INFO reload_viz using ROI (167 points) | RSS=21542MB GPU_alloc=357MB GPU_reserved=404MB
[2026-02-07 02:50:32] INFO recompute_viz START | RSS=21542MB GPU_alloc=357MB GPU_reserved=404MB
[2026-02-07 02:50:32] INFO releasing previous model (GPU + large tensors) | RSS=21542MB GPU_alloc=357MB GPU_reserved=404MB
[2026-02-07 02:50:32] INFO after release + gc + cuda empty_cache | RSS=12536MB GPU_alloc=16MB GPU_reserved=40MB
[2026-02-07 02:50:32] INFO ROI mask built H=550 W=824 roi_pixels=19016 | RSS=12536MB GPU_alloc=16MB GPU_reserved=40MB
[2026-02-07 02:50:32] INFO creating new MSIParametricMiCSLMC | RSS=12536MB GPU_alloc=16MB GPU_reserved=40MB
[2026-02-07 02:50:32] INFO calling set_image(roi_mask=..., category_annotations=...) | RSS=12536MB GPU_alloc=16MB GPU_reserved=40MB
[2026-02-07 02:50:32] INFO [set_image] start: shape=(550, 824, 5255), roi_mask=True, category_annotations=False
[2026-02-07 02:50:33] INFO [set_image] reshape+mask done in 0.88s
[2026-02-07 02:50:42] INFO [set_image] sampling done in 8.68s (method=superpixel, sampled=3645)
[2026-02-07 02:50:42] INFO [set_image] model init done in 0.13s (input_dim=5255, n_components=3)
[2026-02-07 02:50:54] INFO [set_image] resample done in 11.99s (points=1000)
[2026-02-07 02:50:55] INFO [set_image] category labels done in 0.88s
[2026-02-07 02:50:57] INFO [set_image] clustering init done in 2.14s (levels=5)
[2026-02-07 02:50:57] INFO [set_image] optimizer init done in 0.00s (lr=1.0, warmup=10)
[2026-02-07 02:50:57] INFO [set_image] total setup time 24.70s
[2026-02-07 02:50:57] INFO training 100 epochs | RSS=12503MB GPU_alloc=140MB GPU_reserved=166MB
[2026-02-07 02:50:57] INFO epoch 1/100 | RSS=12503MB GPU_alloc=363MB GPU_reserved=788MB
[2026-02-07 02:50:59] INFO epoch 20/100 | RSS=12503MB GPU_alloc=363MB GPU_reserved=788MB
[2026-02-07 02:51:01] INFO epoch 40/100 | RSS=12503MB GPU_alloc=363MB GPU_reserved=788MB
[2026-02-07 02:51:02] INFO epoch 60/100 | RSS=12503MB GPU_alloc=363MB GPU_reserved=788MB
[2026-02-07 02:51:04] INFO epoch 80/100 | RSS=12503MB GPU_alloc=363MB GPU_reserved=788MB
[2026-02-07 02:51:06] INFO epoch 100/100 | RSS=12503MB GPU_alloc=363MB GPU_reserved=788MB
[2026-02-07 02:51:06] INFO running predict | RSS=12503MB GPU_alloc=363MB GPU_reserved=788MB
[2026-02-07 02:51:11] INFO recompute_viz DONE | RSS=12474MB GPU_alloc=363MB GPU_reserved=2214MB
[2026-02-07 02:53:44] INFO reload_viz using ROI (237 points) | RSS=21559MB GPU_alloc=363MB GPU_reserved=410MB
[2026-02-07 02:53:44] INFO recompute_viz START | RSS=21559MB GPU_alloc=363MB GPU_reserved=410MB
[2026-02-07 02:53:44] INFO releasing previous model (GPU + large tensors) | RSS=21559MB GPU_alloc=363MB GPU_reserved=410MB
[2026-02-07 02:53:45] INFO after release + gc + cuda empty_cache | RSS=12536MB GPU_alloc=16MB GPU_reserved=40MB
[2026-02-07 02:53:45] INFO ROI mask built H=550 W=824 roi_pixels=161002 | RSS=12536MB GPU_alloc=16MB GPU_reserved=40MB
[2026-02-07 02:53:45] INFO creating new MSIParametricMiCSLMC | RSS=12536MB GPU_alloc=16MB GPU_reserved=40MB
[2026-02-07 02:53:45] INFO category_annotations: 8 polygons | RSS=12536MB GPU_alloc=16MB GPU_reserved=40MB
[2026-02-07 02:53:45] INFO calling set_image(roi_mask=..., category_annotations=...) | RSS=12536MB GPU_alloc=16MB GPU_reserved=40MB
[2026-02-07 02:53:45] INFO [set_image] start: shape=(550, 824, 5255), roi_mask=True, category_annotations=True
[2026-02-07 02:53:46] INFO [set_image] reshape+mask done in 0.91s
[2026-02-07 02:53:53] INFO [set_image] sampling done in 7.15s (method=superpixel, sampled=5306)
[2026-02-07 02:53:53] INFO [set_image] model init done in 0.13s (input_dim=5255, n_components=3)
[2026-02-07 02:54:11] INFO [set_image] resample done in 18.29s (points=1000)
[2026-02-07 02:54:12] INFO [set_image] category labels done in 0.93s
[2026-02-07 02:54:15] INFO [set_image] clustering init done in 2.70s (levels=5)
[2026-02-07 02:54:15] INFO [set_image] optimizer init done in 0.00s (lr=1.0, warmup=10)
[2026-02-07 02:54:15] INFO [set_image] total setup time 30.11s
[2026-02-07 02:54:15] INFO training 100 epochs | RSS=12539MB GPU_alloc=153MB GPU_reserved=180MB
[2026-02-07 02:54:15] INFO epoch 1/100 | RSS=12540MB GPU_alloc=375MB GPU_reserved=802MB
[2026-02-07 02:54:18] INFO epoch 20/100 | RSS=12540MB GPU_alloc=375MB GPU_reserved=802MB
[2026-02-07 02:54:20] INFO epoch 40/100 | RSS=12540MB GPU_alloc=375MB GPU_reserved=802MB
[2026-02-07 02:54:23] INFO epoch 60/100 | RSS=12540MB GPU_alloc=375MB GPU_reserved=802MB
[2026-02-07 02:54:25] INFO epoch 80/100 | RSS=12540MB GPU_alloc=375MB GPU_reserved=802MB
[2026-02-07 02:54:28] INFO epoch 100/100 | RSS=12540MB GPU_alloc=375MB GPU_reserved=802MB
[2026-02-07 02:54:28] INFO running predict | RSS=12540MB GPU_alloc=375MB GPU_reserved=802MB
[2026-02-07 02:54:33] INFO recompute_viz DONE | RSS=12510MB GPU_alloc=375MB GPU_reserved=2228MB
[2026-02-07 02:55:00] INFO reload_viz using ROI (237 points) | RSS=21595MB GPU_alloc=375MB GPU_reserved=420MB
[2026-02-07 02:55:00] INFO recompute_viz START | RSS=21595MB GPU_alloc=375MB GPU_reserved=420MB
[2026-02-07 02:55:00] INFO releasing previous model (GPU + large tensors) | RSS=21595MB GPU_alloc=375MB GPU_reserved=420MB
[2026-02-07 02:55:00] INFO after release + gc + cuda empty_cache | RSS=12539MB GPU_alloc=16MB GPU_reserved=40MB
[2026-02-07 02:55:00] INFO ROI mask built H=550 W=824 roi_pixels=161002 | RSS=12539MB GPU_alloc=16MB GPU_reserved=40MB
[2026-02-07 02:55:00] INFO creating new MSIParametricMiCSLMC | RSS=12539MB GPU_alloc=16MB GPU_reserved=40MB
[2026-02-07 02:55:00] INFO category_annotations: 8 polygons | RSS=12539MB GPU_alloc=16MB GPU_reserved=40MB
[2026-02-07 02:55:00] INFO calling set_image(roi_mask=..., category_annotations=...) | RSS=12539MB GPU_alloc=16MB GPU_reserved=40MB
[2026-02-07 02:55:00] INFO [set_image] start: shape=(550, 824, 5255), roi_mask=True, category_annotations=True
[2026-02-07 02:55:01] INFO [set_image] reshape+mask done in 0.88s
[2026-02-07 02:55:08] INFO [set_image] sampling done in 7.09s (method=superpixel, sampled=5306)
[2026-02-07 02:55:08] INFO [set_image] model init done in 0.13s (input_dim=5255, n_components=3)
[2026-02-07 02:55:26] INFO [set_image] resample done in 17.42s (points=1000)
[2026-02-07 02:55:27] INFO [set_image] category labels done in 0.91s
[2026-02-07 02:55:29] INFO [set_image] clustering init done in 2.70s (levels=5)
[2026-02-07 02:55:29] INFO [set_image] optimizer init done in 0.00s (lr=1.0, warmup=10)
[2026-02-07 02:55:29] INFO [set_image] total setup time 29.13s
[2026-02-07 02:55:29] INFO training 100 epochs | RSS=12540MB GPU_alloc=153MB GPU_reserved=180MB
[2026-02-07 02:55:30] INFO epoch 1/100 | RSS=12540MB GPU_alloc=375MB GPU_reserved=802MB
[2026-02-07 02:55:32] INFO epoch 20/100 | RSS=12540MB GPU_alloc=375MB GPU_reserved=802MB
[2026-02-07 02:55:35] INFO epoch 40/100 | RSS=12540MB GPU_alloc=375MB GPU_reserved=802MB
[2026-02-07 02:55:37] INFO epoch 60/100 | RSS=12540MB GPU_alloc=375MB GPU_reserved=802MB
[2026-02-07 02:55:40] INFO epoch 80/100 | RSS=12540MB GPU_alloc=375MB GPU_reserved=802MB
[2026-02-07 02:55:43] INFO epoch 100/100 | RSS=12540MB GPU_alloc=375MB GPU_reserved=802MB
[2026-02-07 02:55:43] INFO running predict | RSS=12540MB GPU_alloc=375MB GPU_reserved=802MB
[2026-02-07 02:55:48] INFO recompute_viz DONE | RSS=12510MB GPU_alloc=375MB GPU_reserved=2228MB
[2026-02-07 02:56:33] INFO reload_viz using ROI (237 points) | RSS=21595MB GPU_alloc=375MB GPU_reserved=420MB
[2026-02-07 02:56:33] INFO recompute_viz START | RSS=21595MB GPU_alloc=375MB GPU_reserved=420MB
[2026-02-07 02:56:33] INFO releasing previous model (GPU + large tensors) | RSS=21595MB GPU_alloc=375MB GPU_reserved=420MB
[2026-02-07 02:56:34] INFO after release + gc + cuda empty_cache | RSS=12539MB GPU_alloc=16MB GPU_reserved=40MB
[2026-02-07 02:56:34] INFO ROI mask built H=550 W=824 roi_pixels=161002 | RSS=12539MB GPU_alloc=16MB GPU_reserved=40MB
[2026-02-07 02:56:34] INFO creating new MSIParametricMiCSLMC | RSS=12539MB GPU_alloc=16MB GPU_reserved=40MB
[2026-02-07 02:56:34] INFO category_annotations: 8 polygons | RSS=12539MB GPU_alloc=16MB GPU_reserved=40MB
[2026-02-07 02:56:34] INFO calling set_image(roi_mask=..., category_annotations=...) | RSS=12539MB GPU_alloc=16MB GPU_reserved=40MB
[2026-02-07 02:56:34] INFO [set_image] start: shape=(550, 824, 5255), roi_mask=True, category_annotations=True
[2026-02-07 02:56:35] INFO [set_image] reshape+mask done in 0.86s
[2026-02-07 02:56:42] INFO [set_image] sampling done in 7.30s (method=superpixel, sampled=5306)
[2026-02-07 02:56:42] INFO [set_image] model init done in 0.13s (input_dim=5255, n_components=3)
[2026-02-07 02:57:01] INFO [set_image] resample done in 19.01s (points=1000)
[2026-02-07 02:57:02] INFO [set_image] category labels done in 0.88s
[2026-02-07 02:57:06] INFO [set_image] clustering init done in 4.56s (levels=3)
[2026-02-07 02:57:06] INFO [set_image] optimizer init done in 0.00s (lr=1.0, warmup=10)
[2026-02-07 02:57:06] INFO [set_image] total setup time 32.74s
[2026-02-07 02:57:06] INFO training 100 epochs | RSS=12551MB GPU_alloc=153MB GPU_reserved=180MB
[2026-02-07 02:57:07] INFO epoch 1/100 | RSS=12551MB GPU_alloc=375MB GPU_reserved=800MB
[2026-02-07 02:57:09] INFO epoch 20/100 | RSS=12551MB GPU_alloc=375MB GPU_reserved=804MB
[2026-02-07 02:57:11] INFO epoch 40/100 | RSS=12551MB GPU_alloc=375MB GPU_reserved=804MB
[2026-02-07 02:57:14] INFO epoch 60/100 | RSS=12551MB GPU_alloc=375MB GPU_reserved=804MB
[2026-02-07 02:57:17] INFO epoch 80/100 | RSS=12551MB GPU_alloc=375MB GPU_reserved=804MB
[2026-02-07 02:57:19] INFO epoch 100/100 | RSS=12551MB GPU_alloc=375MB GPU_reserved=804MB
[2026-02-07 02:57:19] INFO running predict | RSS=12551MB GPU_alloc=375MB GPU_reserved=804MB
[2026-02-07 02:57:24] INFO recompute_viz DONE | RSS=12522MB GPU_alloc=375MB GPU_reserved=2230MB
[2026-02-07 02:58:28] INFO reload_viz using ROI (237 points) | RSS=21607MB GPU_alloc=375MB GPU_reserved=420MB
[2026-02-07 02:58:28] INFO recompute_viz START | RSS=21607MB GPU_alloc=375MB GPU_reserved=420MB
[2026-02-07 02:58:28] INFO releasing previous model (GPU + large tensors) | RSS=21607MB GPU_alloc=375MB GPU_reserved=420MB
[2026-02-07 02:58:29] INFO after release + gc + cuda empty_cache | RSS=12551MB GPU_alloc=16MB GPU_reserved=40MB
[2026-02-07 02:58:29] INFO ROI mask built H=550 W=824 roi_pixels=161002 | RSS=12551MB GPU_alloc=16MB GPU_reserved=40MB
[2026-02-07 02:58:29] INFO creating new MSIParametricMiCSLMC | RSS=12551MB GPU_alloc=16MB GPU_reserved=40MB
[2026-02-07 02:58:29] INFO category_annotations: 8 polygons | RSS=12551MB GPU_alloc=16MB GPU_reserved=40MB
[2026-02-07 02:58:29] INFO calling set_image(roi_mask=..., category_annotations=...) | RSS=12551MB GPU_alloc=16MB GPU_reserved=40MB
[2026-02-07 02:58:29] INFO [set_image] start: shape=(550, 824, 5255), roi_mask=True, category_annotations=True
[2026-02-07 02:58:29] INFO [set_image] reshape+mask done in 0.86s
[2026-02-07 02:58:37] INFO [set_image] sampling done in 7.31s (method=superpixel, sampled=5306)
[2026-02-07 02:58:37] INFO [set_image] model init done in 0.13s (input_dim=5255, n_components=3)
[2026-02-07 02:58:55] INFO [set_image] resample done in 18.57s (points=1000)
[2026-02-07 02:58:56] INFO [set_image] category labels done in 0.94s
[2026-02-07 02:59:01] INFO [set_image] clustering init done in 4.70s (levels=4)
[2026-02-07 02:59:01] INFO [set_image] optimizer init done in 0.00s (lr=1.0, warmup=10)
[2026-02-07 02:59:01] INFO [set_image] total setup time 32.51s
[2026-02-07 02:59:01] INFO training 100 epochs | RSS=12551MB GPU_alloc=153MB GPU_reserved=180MB
[2026-02-07 02:59:01] INFO epoch 1/100 | RSS=12551MB GPU_alloc=375MB GPU_reserved=800MB
[2026-02-07 02:59:04] INFO epoch 20/100 | RSS=12551MB GPU_alloc=375MB GPU_reserved=804MB
[2026-02-07 02:59:06] INFO epoch 40/100 | RSS=12551MB GPU_alloc=375MB GPU_reserved=804MB
[2026-02-07 02:59:09] INFO epoch 60/100 | RSS=12551MB GPU_alloc=375MB GPU_reserved=804MB
[2026-02-07 02:59:11] INFO epoch 80/100 | RSS=12551MB GPU_alloc=375MB GPU_reserved=804MB
[2026-02-07 02:59:14] INFO epoch 100/100 | RSS=12551MB GPU_alloc=375MB GPU_reserved=804MB
[2026-02-07 02:59:14] INFO running predict | RSS=12551MB GPU_alloc=375MB GPU_reserved=804MB
[2026-02-07 02:59:19] INFO recompute_viz DONE | RSS=12522MB GPU_alloc=375MB GPU_reserved=2230MB
[2026-02-07 02:59:44] INFO reload_viz using ROI (237 points) | RSS=21607MB GPU_alloc=375MB GPU_reserved=418MB
[2026-02-07 02:59:44] INFO recompute_viz START | RSS=21607MB GPU_alloc=375MB GPU_reserved=418MB
[2026-02-07 02:59:44] INFO releasing previous model (GPU + large tensors) | RSS=21607MB GPU_alloc=375MB GPU_reserved=418MB
[2026-02-07 02:59:45] INFO after release + gc + cuda empty_cache | RSS=12551MB GPU_alloc=16MB GPU_reserved=40MB
[2026-02-07 02:59:45] INFO ROI mask built H=550 W=824 roi_pixels=161002 | RSS=12551MB GPU_alloc=16MB GPU_reserved=40MB
[2026-02-07 02:59:45] INFO creating new MSIParametricMiCSLMC | RSS=12551MB GPU_alloc=16MB GPU_reserved=40MB
[2026-02-07 02:59:45] INFO category_annotations: 8 polygons | RSS=12551MB GPU_alloc=16MB GPU_reserved=40MB
[2026-02-07 02:59:45] INFO calling set_image(roi_mask=..., category_annotations=...) | RSS=12551MB GPU_alloc=16MB GPU_reserved=40MB
[2026-02-07 02:59:45] INFO [set_image] start: shape=(550, 824, 5255), roi_mask=True, category_annotations=True
[2026-02-07 02:59:46] INFO [set_image] reshape+mask done in 0.88s
[2026-02-07 02:59:53] INFO [set_image] sampling done in 7.75s (method=superpixel, sampled=5306)
[2026-02-07 02:59:53] INFO [set_image] model init done in 0.13s (input_dim=5255, n_components=3)
[2026-02-07 03:00:11] INFO [set_image] resample done in 17.85s (points=1000)
[2026-02-07 03:00:12] INFO [set_image] category labels done in 0.91s
[2026-02-07 03:00:17] INFO [set_image] clustering init done in 4.56s (levels=4)
[2026-02-07 03:00:17] INFO [set_image] optimizer init done in 0.00s (lr=1.0, warmup=10)
[2026-02-07 03:00:17] INFO [set_image] total setup time 32.08s
[2026-02-07 03:00:17] INFO training 100 epochs | RSS=12552MB GPU_alloc=153MB GPU_reserved=180MB
[2026-02-07 03:00:17] INFO epoch 1/100 | RSS=12552MB GPU_alloc=375MB GPU_reserved=800MB
[2026-02-07 03:00:20] INFO epoch 20/100 | RSS=12552MB GPU_alloc=375MB GPU_reserved=804MB
[2026-02-07 03:00:22] INFO epoch 40/100 | RSS=12552MB GPU_alloc=375MB GPU_reserved=804MB
[2026-02-07 03:00:25] INFO epoch 60/100 | RSS=12552MB GPU_alloc=375MB GPU_reserved=804MB
[2026-02-07 03:00:27] INFO epoch 80/100 | RSS=12552MB GPU_alloc=375MB GPU_reserved=804MB
[2026-02-07 03:00:30] INFO epoch 100/100 | RSS=12552MB GPU_alloc=375MB GPU_reserved=804MB
[2026-02-07 03:00:30] INFO running predict | RSS=12552MB GPU_alloc=375MB GPU_reserved=804MB
[2026-02-07 03:00:35] INFO recompute_viz DONE | RSS=12522MB GPU_alloc=375MB GPU_reserved=2230MB
[2026-02-07 03:01:32] INFO reload_viz using ROI (237 points) | RSS=21607MB GPU_alloc=375MB GPU_reserved=418MB
[2026-02-07 03:01:32] INFO recompute_viz START | RSS=21607MB GPU_alloc=375MB GPU_reserved=418MB
[2026-02-07 03:01:32] INFO releasing previous model (GPU + large tensors) | RSS=21607MB GPU_alloc=375MB GPU_reserved=418MB
[2026-02-07 03:01:32] INFO after release + gc + cuda empty_cache | RSS=12552MB GPU_alloc=16MB GPU_reserved=40MB
[2026-02-07 03:01:32] INFO ROI mask built H=550 W=824 roi_pixels=161002 | RSS=12552MB GPU_alloc=16MB GPU_reserved=40MB
[2026-02-07 03:01:32] INFO creating new MSIParametricMiCSLMC | RSS=12552MB GPU_alloc=16MB GPU_reserved=40MB
[2026-02-07 03:01:32] INFO category_annotations: 8 polygons | RSS=12552MB GPU_alloc=16MB GPU_reserved=40MB
[2026-02-07 03:01:32] INFO calling set_image(roi_mask=..., category_annotations=...) | RSS=12552MB GPU_alloc=16MB GPU_reserved=40MB
[2026-02-07 03:01:32] INFO [set_image] start: shape=(550, 824, 5255), roi_mask=True, category_annotations=True
[2026-02-07 03:01:33] INFO [set_image] reshape+mask done in 0.88s
[2026-02-07 03:01:41] INFO [set_image] sampling done in 7.29s (method=superpixel, sampled=5306)
[2026-02-07 03:01:41] INFO [set_image] model init done in 0.13s (input_dim=5255, n_components=3)
[2026-02-07 03:01:59] INFO [set_image] resample done in 18.68s (points=1000)
[2026-02-07 03:02:00] INFO [set_image] category labels done in 0.94s
[2026-02-07 03:02:02] INFO [set_image] clustering init done in 1.30s (levels=4)
[2026-02-07 03:02:02] INFO [set_image] optimizer init done in 0.00s (lr=1.0, warmup=10)
[2026-02-07 03:02:02] INFO [set_image] total setup time 29.23s
[2026-02-07 03:02:02] INFO training 100 epochs | RSS=12552MB GPU_alloc=153MB GPU_reserved=180MB
[2026-02-07 03:02:02] INFO epoch 1/100 | RSS=12552MB GPU_alloc=375MB GPU_reserved=800MB
[2026-02-07 03:02:04] INFO epoch 20/100 | RSS=12552MB GPU_alloc=375MB GPU_reserved=804MB
[2026-02-07 03:02:07] INFO epoch 40/100 | RSS=12552MB GPU_alloc=375MB GPU_reserved=804MB
[2026-02-07 03:02:09] INFO epoch 60/100 | RSS=12552MB GPU_alloc=375MB GPU_reserved=804MB
[2026-02-07 03:02:12] INFO epoch 80/100 | RSS=12552MB GPU_alloc=375MB GPU_reserved=804MB
[2026-02-07 03:02:14] INFO epoch 100/100 | RSS=12552MB GPU_alloc=375MB GPU_reserved=804MB
[2026-02-07 03:02:14] INFO running predict | RSS=12552MB GPU_alloc=375MB GPU_reserved=804MB
[2026-02-07 03:02:19] INFO recompute_viz DONE | RSS=12523MB GPU_alloc=375MB GPU_reserved=2230MB
[2026-02-07 03:02:51] INFO reload_viz using ROI (237 points) | RSS=21608MB GPU_alloc=375MB GPU_reserved=418MB
[2026-02-07 03:02:51] INFO recompute_viz START | RSS=21608MB GPU_alloc=375MB GPU_reserved=418MB
[2026-02-07 03:02:51] INFO releasing previous model (GPU + large tensors) | RSS=21608MB GPU_alloc=375MB GPU_reserved=418MB
[2026-02-07 03:02:51] INFO after release + gc + cuda empty_cache | RSS=12552MB GPU_alloc=16MB GPU_reserved=40MB
[2026-02-07 03:02:51] INFO ROI mask built H=550 W=824 roi_pixels=161002 | RSS=12552MB GPU_alloc=16MB GPU_reserved=40MB
[2026-02-07 03:02:51] INFO creating new MSIParametricMiCSLMC | RSS=12552MB GPU_alloc=16MB GPU_reserved=40MB
[2026-02-07 03:02:51] INFO category_annotations: 8 polygons | RSS=12552MB GPU_alloc=16MB GPU_reserved=40MB
[2026-02-07 03:02:51] INFO calling set_image(roi_mask=..., category_annotations=...) | RSS=12552MB GPU_alloc=16MB GPU_reserved=40MB
[2026-02-07 03:02:51] INFO [set_image] start: shape=(550, 824, 5255), roi_mask=True, category_annotations=True
[2026-02-07 03:02:52] INFO [set_image] reshape+mask done in 0.84s
[2026-02-07 03:02:59] INFO [set_image] sampling done in 7.01s (method=superpixel, sampled=5306)
[2026-02-07 03:02:59] INFO [set_image] model init done in 0.13s (input_dim=5255, n_components=3)
[2026-02-07 03:03:17] INFO [set_image] resample done in 17.86s (points=1000)
[2026-02-07 03:03:18] INFO [set_image] category labels done in 0.84s
[2026-02-07 03:03:19] INFO [set_image] clustering init done in 1.32s (levels=4)
[2026-02-07 03:03:19] INFO [set_image] optimizer init done in 0.00s (lr=1.0, warmup=10)
[2026-02-07 03:03:19] INFO [set_image] total setup time 28.00s
[2026-02-07 03:03:19] INFO training 100 epochs | RSS=12552MB GPU_alloc=153MB GPU_reserved=180MB
[2026-02-07 03:03:20] INFO epoch 1/100 | RSS=12552MB GPU_alloc=375MB GPU_reserved=800MB
[2026-02-07 03:03:22] INFO epoch 20/100 | RSS=12552MB GPU_alloc=375MB GPU_reserved=804MB
[2026-02-07 03:03:24] INFO epoch 40/100 | RSS=12552MB GPU_alloc=375MB GPU_reserved=804MB
[2026-02-07 03:03:27] INFO epoch 60/100 | RSS=12552MB GPU_alloc=375MB GPU_reserved=804MB
[2026-02-07 03:03:29] INFO epoch 80/100 | RSS=12552MB GPU_alloc=375MB GPU_reserved=804MB
[2026-02-07 03:03:32] INFO epoch 100/100 | RSS=12552MB GPU_alloc=375MB GPU_reserved=804MB
[2026-02-07 03:03:32] INFO running predict | RSS=12552MB GPU_alloc=375MB GPU_reserved=804MB
[2026-02-07 03:03:37] INFO recompute_viz DONE | RSS=12523MB GPU_alloc=375MB GPU_reserved=2230MB
[2026-02-07 03:04:01] INFO reload_viz using ROI (237 points) | RSS=21608MB GPU_alloc=375MB GPU_reserved=418MB
[2026-02-07 03:04:01] INFO recompute_viz START | RSS=21608MB GPU_alloc=375MB GPU_reserved=418MB
[2026-02-07 03:04:01] INFO releasing previous model (GPU + large tensors) | RSS=21608MB GPU_alloc=375MB GPU_reserved=418MB
[2026-02-07 03:04:02] INFO after release + gc + cuda empty_cache | RSS=12552MB GPU_alloc=16MB GPU_reserved=40MB
[2026-02-07 03:04:02] INFO ROI mask built H=550 W=824 roi_pixels=161002 | RSS=12552MB GPU_alloc=16MB GPU_reserved=40MB
[2026-02-07 03:04:02] INFO creating new MSIParametricMiCSLMC | RSS=12552MB GPU_alloc=16MB GPU_reserved=40MB
[2026-02-07 03:04:02] INFO calling set_image(roi_mask=..., category_annotations=...) | RSS=12552MB GPU_alloc=16MB GPU_reserved=40MB
[2026-02-07 03:04:02] INFO [set_image] start: shape=(550, 824, 5255), roi_mask=True, category_annotations=False
[2026-02-07 03:04:03] INFO [set_image] reshape+mask done in 0.98s
[2026-02-07 03:04:10] INFO [set_image] sampling done in 7.38s (method=superpixel, sampled=5306)
[2026-02-07 03:04:11] INFO [set_image] model init done in 0.13s (input_dim=5255, n_components=3)
[2026-02-07 03:04:28] INFO [set_image] resample done in 17.63s (points=1000)
[2026-02-07 03:04:29] INFO [set_image] category labels done in 0.97s
[2026-02-07 03:04:30] INFO [set_image] clustering init done in 1.29s (levels=4)
[2026-02-07 03:04:30] INFO [set_image] optimizer init done in 0.00s (lr=1.0, warmup=10)
[2026-02-07 03:04:30] INFO [set_image] total setup time 28.39s
[2026-02-07 03:04:30] INFO training 100 epochs | RSS=12552MB GPU_alloc=153MB GPU_reserved=180MB
[2026-02-07 03:04:31] INFO epoch 1/100 | RSS=12552MB GPU_alloc=375MB GPU_reserved=800MB
[2026-02-07 03:04:33] INFO epoch 20/100 | RSS=12552MB GPU_alloc=375MB GPU_reserved=804MB
[2026-02-07 03:04:35] INFO epoch 40/100 | RSS=12552MB GPU_alloc=375MB GPU_reserved=804MB
[2026-02-07 03:04:38] INFO epoch 60/100 | RSS=12552MB GPU_alloc=375MB GPU_reserved=804MB
[2026-02-07 03:04:40] INFO epoch 80/100 | RSS=12552MB GPU_alloc=375MB GPU_reserved=804MB
[2026-02-07 03:04:43] INFO epoch 100/100 | RSS=12552MB GPU_alloc=375MB GPU_reserved=804MB
[2026-02-07 03:04:43] INFO running predict | RSS=12552MB GPU_alloc=375MB GPU_reserved=804MB
[2026-02-07 03:04:48] INFO recompute_viz DONE | RSS=12523MB GPU_alloc=375MB GPU_reserved=2230MB
[2026-02-07 03:05:10] INFO compute_initial_viz START | RSS=12523MB GPU_alloc=375MB GPU_reserved=418MB
[2026-02-07 03:05:10] INFO config loaded | RSS=12552MB GPU_alloc=16MB GPU_reserved=40MB
[2026-02-07 03:05:29] INFO image loaded shape=(255,368,17505) from E:\MSImaging-data\_msi_visual\Extractions\Metaspace_datasets\Dataset13_TMA-pancreas\0.npy | RSS=9733MB GPU_alloc=16MB GPU_reserved=40MB
[2026-02-07 03:05:29] INFO creating new model and fitting | RSS=9733MB GPU_alloc=16MB GPU_reserved=40MB
[2026-02-07 03:05:29] INFO building model kwargs | RSS=9733MB GPU_alloc=16MB GPU_reserved=40MB
[2026-02-07 03:05:29] INFO model kwargs built in 0.00s | RSS=9733MB GPU_alloc=16MB GPU_reserved=40MB
[2026-02-07 03:05:29] INFO initializing model | RSS=9733MB GPU_alloc=16MB GPU_reserved=40MB
[2026-02-07 03:05:29] INFO model init done in 0.00s | RSS=9733MB GPU_alloc=16MB GPU_reserved=40MB
[2026-02-07 03:05:29] INFO starting model.fit (train) | RSS=9733MB GPU_alloc=16MB GPU_reserved=40MB
[2026-02-07 03:05:29] INFO [fit] set_image starting: shape=(255, 368, 17505)
[2026-02-07 03:05:29] INFO [set_image] start: shape=(255, 368, 17505), roi_mask=False, category_annotations=False
[2026-02-07 03:05:30] INFO [set_image] reshape+mask done in 0.57s
[2026-02-07 03:05:33] INFO [set_image] sampling done in 3.63s (method=superpixel, sampled=5450)
[2026-02-07 03:05:34] INFO [set_image] model init done in 0.28s (input_dim=17505, n_components=3)
[2026-02-07 03:06:36] INFO [set_image] resample done in 62.28s (points=1000)
[2026-02-07 03:06:36] INFO [set_image] category labels done in 0.53s
[2026-02-07 03:06:38] INFO [set_image] clustering init done in 1.60s (levels=4)
[2026-02-07 03:06:38] INFO [set_image] optimizer init done in 0.00s (lr=1.0, warmup=10)
[2026-02-07 03:06:38] INFO [set_image] total setup time 68.89s
[2026-02-07 03:06:38] INFO [fit] set_image done in 68.89s
[2026-02-07 03:06:38] INFO [fit] training loop starting: epochs=100
[2026-02-07 03:07:04] INFO [fit] training loop finished in 25.57s
[2026-02-07 03:07:04] INFO model.fit completed in 94.46s | RSS=9986MB GPU_alloc=801MB GPU_reserved=1510MB
[2026-02-07 03:07:04] INFO running predict (train) | RSS=9986MB GPU_alloc=801MB GPU_reserved=1510MB
[2026-02-07 03:07:06] INFO compute_initial_viz DONE | RSS=9988MB GPU_alloc=801MB GPU_reserved=4468MB
[2026-02-07 03:07:32] INFO reload_viz using ROI (237 points) | RSS=16254MB GPU_alloc=801MB GPU_reserved=4468MB
[2026-02-07 03:07:32] INFO recompute_viz START | RSS=16254MB GPU_alloc=801MB GPU_reserved=4468MB
[2026-02-07 03:07:32] INFO releasing previous model (GPU + large tensors) | RSS=16254MB GPU_alloc=801MB GPU_reserved=4468MB
[2026-02-07 03:07:33] INFO after release + gc + cuda empty_cache | RSS=9925MB GPU_alloc=16MB GPU_reserved=40MB
[2026-02-07 03:07:33] INFO ROI mask built H=255 W=368 roi_pixels=54727 | RSS=9925MB GPU_alloc=16MB GPU_reserved=40MB
[2026-02-07 03:07:33] INFO creating new MSIParametricMiCSLMC | RSS=9925MB GPU_alloc=16MB GPU_reserved=40MB
[2026-02-07 03:07:33] INFO calling set_image(roi_mask=..., category_annotations=...) | RSS=9925MB GPU_alloc=16MB GPU_reserved=40MB
[2026-02-07 03:07:33] INFO [set_image] start: shape=(255, 368, 17505), roi_mask=True, category_annotations=False
[2026-02-07 03:07:33] INFO [set_image] reshape+mask done in 0.57s
[2026-02-07 03:07:34] INFO [set_image] sampling done in 0.60s (method=random, sampled=2000)
[2026-02-07 03:07:34] INFO [set_image] model init done in 0.28s (input_dim=17505, n_components=3)
[2026-02-07 03:07:45] INFO [set_image] resample done in 11.53s (points=500)
[2026-02-07 03:07:46] INFO [set_image] category labels done in 0.58s
[2026-02-07 03:07:47] INFO [set_image] clustering init done in 0.50s (levels=3)
[2026-02-07 03:07:47] INFO [set_image] optimizer init done in 0.00s (lr=1.0, warmup=10)
[2026-02-07 03:07:47] INFO [set_image] total setup time 14.06s
[2026-02-07 03:07:47] INFO training 50 epochs | RSS=9713MB GPU_alloc=227MB GPU_reserved=246MB
[2026-02-07 03:07:47] INFO epoch 1/50 | RSS=9713MB GPU_alloc=734MB GPU_reserved=1212MB
[2026-02-07 03:07:49] INFO epoch 20/50 | RSS=9713MB GPU_alloc=734MB GPU_reserved=1490MB
[2026-02-07 03:07:50] INFO epoch 40/50 | RSS=9713MB GPU_alloc=734MB GPU_reserved=1490MB
[2026-02-07 03:07:51] INFO running predict | RSS=9713MB GPU_alloc=734MB GPU_reserved=1490MB
[2026-02-07 03:07:53] INFO recompute_viz DONE | RSS=9715MB GPU_alloc=734MB GPU_reserved=4448MB
[2026-02-07 03:09:05] INFO reload_viz using ROI (237 points) | RSS=65337MB GPU_alloc=734MB GPU_reserved=760MB
[2026-02-07 03:09:05] INFO recompute_viz START | RSS=65337MB GPU_alloc=734MB GPU_reserved=760MB
[2026-02-07 03:09:05] INFO releasing previous model (GPU + large tensors) | RSS=65337MB GPU_alloc=734MB GPU_reserved=760MB
[2026-02-07 03:09:06] INFO after release + gc + cuda empty_cache | RSS=59275MB GPU_alloc=16MB GPU_reserved=40MB
[2026-02-07 03:09:06] INFO ROI mask built H=1054 W=1382 roi_pixels=161002 | RSS=59276MB GPU_alloc=16MB GPU_reserved=40MB
[2026-02-07 03:09:06] INFO creating new MSIParametricMiCSLMC | RSS=59276MB GPU_alloc=16MB GPU_reserved=40MB
[2026-02-07 03:09:06] INFO calling set_image(roi_mask=..., category_annotations=...) | RSS=59276MB GPU_alloc=16MB GPU_reserved=40MB
[2026-02-07 03:09:06] INFO [set_image] start: shape=(1054, 1382, 10010), roi_mask=True, category_annotations=False
[2026-02-07 03:09:12] INFO [set_image] reshape+mask done in 5.72s
[2026-02-07 03:09:50] INFO [set_image] sampling done in 38.34s (method=superpixel, sampled=5810)
[2026-02-07 03:09:50] INFO [set_image] model init done in 0.20s (input_dim=10010, n_components=3)
[2026-02-07 03:10:33] INFO [set_image] resample done in 42.86s (points=1000)
[2026-02-07 03:10:36] INFO compute_initial_viz START | RSS=59218MB GPU_alloc=209MB GPU_reserved=240MB
[2026-02-07 03:10:36] INFO config loaded | RSS=59218MB GPU_alloc=209MB GPU_reserved=240MB
[2026-02-07 03:10:40] INFO [set_image] category labels done in 6.91s
[2026-02-07 03:10:41] INFO image loaded shape=(255,368,17505) from E:\MSImaging-data\_msi_visual\Extractions\Metaspace_datasets\Dataset13_TMA-pancreas\0.npy | RSS=65669MB GPU_alloc=215MB GPU_reserved=240MB
[2026-02-07 03:10:41] INFO creating new model and fitting | RSS=65662MB GPU_alloc=215MB GPU_reserved=240MB
[2026-02-07 03:10:41] INFO building model kwargs | RSS=65663MB GPU_alloc=215MB GPU_reserved=240MB
[2026-02-07 03:10:41] INFO model kwargs built in 0.00s | RSS=65668MB GPU_alloc=215MB GPU_reserved=240MB
[2026-02-07 03:10:41] INFO initializing model | RSS=65671MB GPU_alloc=215MB GPU_reserved=240MB
[2026-02-07 03:10:41] INFO model init done in 0.00s | RSS=65676MB GPU_alloc=215MB GPU_reserved=240MB
[2026-02-07 03:10:41] INFO starting model.fit (train) | RSS=65678MB GPU_alloc=215MB GPU_reserved=240MB
[2026-02-07 03:10:41] INFO [fit] set_image starting: shape=(255, 368, 17505)
[2026-02-07 03:10:41] INFO [set_image] start: shape=(255, 368, 17505), roi_mask=False, category_annotations=False
[2026-02-07 03:10:42] INFO [set_image] reshape+mask done in 0.74s
[2026-02-07 03:10:45] INFO [set_image] sampling done in 3.90s (method=superpixel, sampled=5307)
[2026-02-07 03:10:46] INFO [set_image] model init done in 0.29s (input_dim=17505, n_components=3)
[2026-02-07 03:11:17] INFO [set_image] clustering init done in 36.71s (levels=5)
[2026-02-07 03:11:17] INFO [set_image] optimizer init done in 0.00s (lr=1.0, warmup=10)
[2026-02-07 03:11:17] INFO [set_image] total setup time 130.75s
[2026-02-07 03:11:17] INFO training 100 epochs | RSS=66883MB GPU_alloc=450MB GPU_reserved=478MB
[2026-02-07 03:11:17] INFO epoch 1/100 | RSS=66883MB GPU_alloc=781MB GPU_reserved=1268MB
[2026-02-07 03:11:21] INFO epoch 20/100 | RSS=66885MB GPU_alloc=781MB GPU_reserved=1268MB
[2026-02-07 03:11:26] INFO epoch 40/100 | RSS=66887MB GPU_alloc=781MB GPU_reserved=1268MB
[2026-02-07 03:11:30] INFO epoch 60/100 | RSS=66890MB GPU_alloc=781MB GPU_reserved=1268MB
[2026-02-07 03:11:34] INFO epoch 80/100 | RSS=66892MB GPU_alloc=781MB GPU_reserved=1268MB
[2026-02-07 03:11:39] INFO epoch 100/100 | RSS=66894MB GPU_alloc=781MB GPU_reserved=1268MB
[2026-02-07 03:11:39] INFO running predict | RSS=66894MB GPU_alloc=781MB GPU_reserved=1268MB
[2026-02-07 03:11:39] ERROR recompute_viz FAILED: mat1 and mat2 shapes cannot be multiplied (32768x17505 and 10010x2048) | RSS=66905MB GPU_alloc=2969MB GPU_reserved=3458MB
[2026-02-07 03:12:04] INFO [set_image] resample done in 78.14s (points=1000)
[2026-02-07 03:12:05] INFO [set_image] category labels done in 0.72s
[2026-02-07 03:12:20] INFO reload_viz using full image (no ROI) | RSS=72473MB GPU_alloc=822MB GPU_reserved=3024MB
[2026-02-07 03:12:20] INFO compute_initial_viz START | RSS=72473MB GPU_alloc=822MB GPU_reserved=3024MB
[2026-02-07 03:12:22] INFO config loaded | RSS=16774MB GPU_alloc=293MB GPU_reserved=2470MB
[2026-02-07 03:12:23] INFO reusing cached image (path unchanged): E:\MSImaging-data\_msi_visual\Extractions\Metaspace_datasets\Dataset13_TMA-pancreas\0.npy | RSS=16769MB GPU_alloc=293MB GPU_reserved=2470MB
[2026-02-07 03:12:23] INFO creating new model and fitting | RSS=16769MB GPU_alloc=293MB GPU_reserved=2470MB
[2026-02-07 03:12:23] INFO building model kwargs | RSS=16769MB GPU_alloc=293MB GPU_reserved=2470MB
[2026-02-07 03:12:23] INFO model kwargs built in 0.00s | RSS=16769MB GPU_alloc=293MB GPU_reserved=2470MB
[2026-02-07 03:12:23] INFO initializing model | RSS=16769MB GPU_alloc=293MB GPU_reserved=2470MB
[2026-02-07 03:12:23] INFO model init done in 0.00s | RSS=16773MB GPU_alloc=293MB GPU_reserved=2470MB
[2026-02-07 03:12:23] INFO starting model.fit (train) | RSS=16774MB GPU_alloc=293MB GPU_reserved=2470MB
[2026-02-07 03:12:23] INFO [fit] set_image starting: shape=(255, 368, 17505)
[2026-02-07 03:12:23] INFO [set_image] start: shape=(255, 368, 17505), roi_mask=False, category_annotations=False
[2026-02-07 03:12:23] INFO [set_image] reshape+mask done in 0.77s
[2026-02-07 03:12:28] INFO [set_image] sampling done in 4.88s (method=superpixel, sampled=5450)
[2026-02-07 03:12:29] INFO [set_image] model init done in 0.30s (input_dim=17505, n_components=3)
[2026-02-07 03:13:03] INFO [set_image] clustering init done in 58.76s (levels=5)
[2026-02-07 03:13:03] INFO [set_image] optimizer init done in 0.00s (lr=1.0, warmup=10)
[2026-02-07 03:13:03] INFO [set_image] total setup time 142.54s
[2026-02-07 03:13:03] INFO [fit] set_image done in 142.54s
[2026-02-07 03:13:03] INFO [fit] training loop starting: epochs=100
[2026-02-07 03:13:33] INFO [fit] training loop finished in 30.06s
[2026-02-07 03:13:33] INFO model.fit completed in 172.60s | RSS=17596MB GPU_alloc=1043MB GPU_reserved=2478MB
[2026-02-07 03:13:33] INFO running predict (train) | RSS=17596MB GPU_alloc=1043MB GPU_reserved=2478MB
[2026-02-07 03:13:37] INFO compute_initial_viz DONE | RSS=17600MB GPU_alloc=1043MB GPU_reserved=4668MB
[2026-02-07 03:13:54] INFO [set_image] resample done in 84.94s (points=1000)
[2026-02-07 03:13:54] INFO [set_image] category labels done in 0.95s
[2026-02-07 03:14:03] INFO reload_viz using full image (no ROI) | RSS=23305MB GPU_alloc=1085MB GPU_reserved=4668MB
[2026-02-07 03:14:03] INFO compute_initial_viz START | RSS=23270MB GPU_alloc=1085MB GPU_reserved=4668MB
[2026-02-07 03:14:03] INFO config loaded | RSS=17015MB GPU_alloc=302MB GPU_reserved=2232MB
[2026-02-07 03:14:03] INFO reusing cached image (path unchanged): E:\MSImaging-data\_msi_visual\Extractions\Metaspace_datasets\Dataset13_TMA-pancreas\0.npy | RSS=17013MB GPU_alloc=302MB GPU_reserved=2232MB
[2026-02-07 03:14:03] INFO creating new model and fitting | RSS=17016MB GPU_alloc=302MB GPU_reserved=2232MB
[2026-02-07 03:14:03] INFO building model kwargs | RSS=17018MB GPU_alloc=302MB GPU_reserved=2232MB
[2026-02-07 03:14:03] INFO model kwargs built in 0.00s | RSS=17023MB GPU_alloc=302MB GPU_reserved=2232MB
[2026-02-07 03:14:03] INFO initializing model | RSS=16987MB GPU_alloc=302MB GPU_reserved=2232MB
[2026-02-07 03:14:03] INFO model init done in 0.00s | RSS=16987MB GPU_alloc=302MB GPU_reserved=2232MB
[2026-02-07 03:14:03] INFO starting model.fit (train) | RSS=16987MB GPU_alloc=302MB GPU_reserved=2232MB
[2026-02-07 03:14:03] INFO [fit] set_image starting: shape=(255, 368, 17505)
[2026-02-07 03:14:03] INFO [set_image] start: shape=(255, 368, 17505), roi_mask=False, category_annotations=False
[2026-02-07 03:14:04] INFO [set_image] reshape+mask done in 0.75s
[2026-02-07 03:14:09] INFO [set_image] sampling done in 4.70s (method=superpixel, sampled=5450)
[2026-02-07 03:14:09] INFO [set_image] model init done in 0.35s (input_dim=17505, n_components=3)
[2026-02-07 03:15:28] INFO [set_image] resample done in 78.83s (points=1000)
[2026-02-07 03:15:29] INFO [set_image] category labels done in 1.04s
[2026-02-07 03:15:31] INFO [set_image] clustering init done in 1.46s (levels=6)
[2026-02-07 03:15:31] INFO [set_image] optimizer init done in 0.00s (lr=1.0, warmup=10)
[2026-02-07 03:15:31] INFO [set_image] total setup time 87.14s
[2026-02-07 03:15:31] INFO [fit] set_image done in 87.14s
[2026-02-07 03:15:31] INFO [fit] training loop starting: epochs=100
[2026-02-07 03:16:01] INFO [fit] training loop finished in 30.67s
[2026-02-07 03:16:01] INFO model.fit completed in 117.80s | RSS=17027MB GPU_alloc=1086MB GPU_reserved=2240MB
[2026-02-07 03:16:01] INFO running predict (train) | RSS=16992MB GPU_alloc=1086MB GPU_reserved=2240MB
[2026-02-07 03:16:04] INFO compute_initial_viz DONE | RSS=17024MB GPU_alloc=1086MB GPU_reserved=4430MB
[2026-02-07 03:17:02] INFO [set_image] clustering init done in 187.86s (levels=5)
[2026-02-07 03:17:02] INFO [set_image] optimizer init done in 0.00s (lr=1.0, warmup=10)
[2026-02-07 03:17:02] INFO [set_image] total setup time 279.71s
[2026-02-07 03:17:02] INFO [fit] set_image done in 279.71s
[2026-02-07 03:17:02] INFO [fit] training loop starting: epochs=100
[2026-02-07 03:17:30] INFO [fit] training loop finished in 27.42s
[2026-02-07 03:17:30] INFO model.fit completed in 307.13s | RSS=16627MB GPU_alloc=1593MB GPU_reserved=4430MB
[2026-02-07 03:17:30] INFO running predict (train) | RSS=16627MB GPU_alloc=1593MB GPU_reserved=4430MB
[2026-02-07 03:17:32] INFO compute_initial_viz DONE | RSS=16629MB GPU_alloc=1593MB GPU_reserved=5198MB
[2026-02-07 09:30:08] INFO reload_viz using ROI (21 points) | RSS=16265MB GPU_alloc=809MB GPU_reserved=5198MB
[2026-02-07 09:30:08] INFO recompute_viz START | RSS=16265MB GPU_alloc=809MB GPU_reserved=5198MB
[2026-02-07 09:30:08] INFO releasing previous model (GPU + large tensors) | RSS=16265MB GPU_alloc=809MB GPU_reserved=5198MB
[2026-02-07 09:30:09] INFO after release + gc + cuda empty_cache | RSS=9972MB GPU_alloc=24MB GPU_reserved=2230MB
[2026-02-07 09:30:09] INFO ROI mask built H=255 W=368 roi_pixels=728 | RSS=9972MB GPU_alloc=24MB GPU_reserved=2230MB
[2026-02-07 09:30:09] INFO creating new MSIParametricMiCSLMC | RSS=9972MB GPU_alloc=24MB GPU_reserved=2230MB
[2026-02-07 09:30:09] INFO calling set_image(roi_mask=..., category_annotations=...) | RSS=9972MB GPU_alloc=24MB GPU_reserved=2230MB
[2026-02-07 09:30:09] INFO [set_image] start: shape=(255, 368, 17505), roi_mask=True, category_annotations=False
[2026-02-07 09:30:09] INFO [set_image] reshape+mask done in 0.56s
[2026-02-07 09:30:13] INFO [set_image] sampling done in 4.00s (method=superpixel, sampled=606)
[2026-02-07 09:30:14] INFO [set_image] model init done in 0.27s (input_dim=17505, n_components=3)
[2026-02-07 09:30:18] INFO [set_image] resample done in 4.53s (points=606)
[2026-02-07 09:30:19] INFO [set_image] category labels done in 0.57s
[2026-02-07 09:30:19] INFO [set_image] clustering init done in 0.43s (levels=6)
[2026-02-07 09:30:19] INFO [set_image] optimizer init done in 0.00s (lr=1.0, warmup=10)
[2026-02-07 09:30:19] INFO [set_image] total setup time 10.36s
[2026-02-07 09:30:19] INFO training 100 epochs | RSS=9703MB GPU_alloc=237MB GPU_reserved=2232MB
[2026-02-07 09:30:19] INFO epoch 1/100 | RSS=9703MB GPU_alloc=744MB GPU_reserved=2236MB
[2026-02-07 09:30:20] INFO epoch 20/100 | RSS=9703MB GPU_alloc=744MB GPU_reserved=2236MB
[2026-02-07 09:30:20] INFO epoch 40/100 | RSS=9703MB GPU_alloc=744MB GPU_reserved=2236MB
[2026-02-07 09:30:21] INFO epoch 60/100 | RSS=9703MB GPU_alloc=744MB GPU_reserved=2236MB
[2026-02-07 09:30:22] INFO epoch 80/100 | RSS=9703MB GPU_alloc=744MB GPU_reserved=2236MB
[2026-02-07 09:30:22] INFO epoch 100/100 | RSS=9703MB GPU_alloc=744MB GPU_reserved=2236MB
[2026-02-07 09:30:22] INFO running predict | RSS=9703MB GPU_alloc=744MB GPU_reserved=2236MB
[2026-02-07 09:30:25] INFO recompute_viz DONE | RSS=9705MB GPU_alloc=744MB GPU_reserved=4426MB
[2026-02-07 09:59:51] INFO reload_viz using ROI (25 points) | RSS=15971MB GPU_alloc=744MB GPU_reserved=2234MB
[2026-02-07 09:59:51] INFO recompute_viz START | RSS=15971MB GPU_alloc=744MB GPU_reserved=2234MB
[2026-02-07 09:59:51] INFO releasing previous model (GPU + large tensors) | RSS=15971MB GPU_alloc=744MB GPU_reserved=2234MB
[2026-02-07 09:59:51] INFO after release + gc + cuda empty_cache | RSS=9970MB GPU_alloc=24MB GPU_reserved=2230MB
[2026-02-07 09:59:51] INFO ROI mask built H=255 W=368 roi_pixels=1084 | RSS=9970MB GPU_alloc=24MB GPU_reserved=2230MB
[2026-02-07 09:59:51] INFO creating new MSIParametricMiCSLMC | RSS=9970MB GPU_alloc=24MB GPU_reserved=2230MB
[2026-02-07 09:59:51] INFO calling set_image(roi_mask=..., category_annotations=...) | RSS=9970MB GPU_alloc=24MB GPU_reserved=2230MB
[2026-02-07 09:59:51] INFO [set_image] start: shape=(255, 368, 17505), roi_mask=True, category_annotations=False
[2026-02-07 09:59:52] INFO [set_image] reshape+mask done in 0.64s
[2026-02-07 09:59:57] INFO [set_image] sampling done in 4.69s (method=superpixel, sampled=855)
[2026-02-07 09:59:57] INFO [set_image] model init done in 0.31s (input_dim=17505, n_components=3)
[2026-02-07 10:00:08] INFO [set_image] resample done in 10.63s (points=855)
[2026-02-07 10:00:08] INFO [set_image] category labels done in 0.63s
[2026-02-07 10:00:09] INFO [set_image] clustering init done in 0.59s (levels=6)
[2026-02-07 10:00:09] INFO [set_image] optimizer init done in 0.00s (lr=1.0, warmup=10)
[2026-02-07 10:00:09] INFO [set_image] total setup time 17.50s
[2026-02-07 10:00:09] INFO training 100 epochs | RSS=9719MB GPU_alloc=256MB GPU_reserved=2232MB
[2026-02-07 10:00:09] INFO epoch 1/100 | RSS=9719MB GPU_alloc=763MB GPU_reserved=2238MB
[2026-02-07 10:00:10] INFO epoch 20/100 | RSS=9719MB GPU_alloc=763MB GPU_reserved=2238MB
[2026-02-07 10:00:11] INFO epoch 40/100 | RSS=9719MB GPU_alloc=763MB GPU_reserved=2238MB
[2026-02-07 10:00:12] INFO epoch 60/100 | RSS=9719MB GPU_alloc=763MB GPU_reserved=2238MB
[2026-02-07 10:00:13] INFO epoch 80/100 | RSS=9719MB GPU_alloc=763MB GPU_reserved=2238MB
[2026-02-07 10:00:14] INFO epoch 100/100 | RSS=9719MB GPU_alloc=763MB GPU_reserved=2238MB
[2026-02-07 10:00:14] INFO running predict | RSS=9719MB GPU_alloc=763MB GPU_reserved=2238MB
[2026-02-07 10:00:17] INFO recompute_viz DONE | RSS=9681MB GPU_alloc=763MB GPU_reserved=4428MB
[2026-02-07 10:02:41] INFO reload_viz using ROI (43 points) | RSS=15947MB GPU_alloc=763MB GPU_reserved=2234MB
[2026-02-07 10:02:41] INFO recompute_viz START | RSS=15947MB GPU_alloc=763MB GPU_reserved=2234MB
[2026-02-07 10:02:41] INFO releasing previous model (GPU + large tensors) | RSS=15947MB GPU_alloc=763MB GPU_reserved=2234MB
[2026-02-07 10:02:42] INFO after release + gc + cuda empty_cache | RSS=9962MB GPU_alloc=24MB GPU_reserved=2230MB
[2026-02-07 10:02:42] INFO ROI mask built H=255 W=368 roi_pixels=1742 | RSS=9962MB GPU_alloc=24MB GPU_reserved=2230MB
[2026-02-07 10:02:42] INFO creating new MSIParametricMiCSLMC | RSS=9962MB GPU_alloc=24MB GPU_reserved=2230MB
[2026-02-07 10:02:42] INFO calling set_image(roi_mask=..., category_annotations=...) | RSS=9962MB GPU_alloc=24MB GPU_reserved=2230MB
[2026-02-07 10:02:42] INFO [set_image] start: shape=(255, 368, 17505), roi_mask=True, category_annotations=False
[2026-02-07 10:02:42] INFO [set_image] reshape+mask done in 0.60s
[2026-02-07 10:02:47] INFO [set_image] sampling done in 4.72s (method=superpixel, sampled=1316)
[2026-02-07 10:02:47] INFO [set_image] model init done in 0.29s (input_dim=17505, n_components=3)
[2026-02-07 10:03:07] INFO [set_image] resample done in 19.36s (points=1000)
[2026-02-07 10:03:07] INFO [set_image] category labels done in 0.77s
[2026-02-07 10:03:08] INFO [set_image] clustering init done in 0.75s (levels=6)
[2026-02-07 10:03:08] INFO [set_image] optimizer init done in 0.00s (lr=1.0, warmup=10)
[2026-02-07 10:03:08] INFO [set_image] total setup time 26.50s
[2026-02-07 10:03:08] INFO training 100 epochs | RSS=9750MB GPU_alloc=270MB GPU_reserved=2232MB
[2026-02-07 10:03:08] INFO epoch 1/100 | RSS=9750MB GPU_alloc=778MB GPU_reserved=2238MB
[2026-02-07 10:03:10] INFO epoch 20/100 | RSS=9750MB GPU_alloc=777MB GPU_reserved=2240MB
[2026-02-07 10:03:12] INFO epoch 40/100 | RSS=9750MB GPU_alloc=777MB GPU_reserved=2240MB
[2026-02-07 10:03:13] INFO epoch 60/100 | RSS=9750MB GPU_alloc=777MB GPU_reserved=2240MB
[2026-02-07 10:03:15] INFO epoch 80/100 | RSS=9750MB GPU_alloc=777MB GPU_reserved=2240MB
[2026-02-07 10:03:17] INFO epoch 100/100 | RSS=9750MB GPU_alloc=777MB GPU_reserved=2240MB
[2026-02-07 10:03:17] INFO running predict | RSS=9750MB GPU_alloc=777MB GPU_reserved=2240MB
[2026-02-07 10:03:19] INFO recompute_viz DONE | RSS=9752MB GPU_alloc=777MB GPU_reserved=4430MB
[2026-02-07 10:03:45] INFO reload_viz using ROI (43 points) | RSS=16018MB GPU_alloc=777MB GPU_reserved=2234MB
[2026-02-07 10:03:45] INFO recompute_viz START | RSS=16018MB GPU_alloc=777MB GPU_reserved=2234MB
[2026-02-07 10:03:45] INFO releasing previous model (GPU + large tensors) | RSS=16018MB GPU_alloc=777MB GPU_reserved=2234MB
[2026-02-07 10:03:46] INFO after release + gc + cuda empty_cache | RSS=9969MB GPU_alloc=24MB GPU_reserved=2230MB
[2026-02-07 10:03:46] INFO ROI mask built H=255 W=368 roi_pixels=1742 | RSS=9969MB GPU_alloc=24MB GPU_reserved=2230MB
[2026-02-07 10:03:46] INFO creating new MSIParametricMiCSLMC | RSS=9969MB GPU_alloc=24MB GPU_reserved=2230MB
[2026-02-07 10:03:46] INFO calling set_image(roi_mask=..., category_annotations=...) | RSS=9969MB GPU_alloc=24MB GPU_reserved=2230MB
[2026-02-07 10:03:46] INFO [set_image] start: shape=(255, 368, 17505), roi_mask=True, category_annotations=False
[2026-02-07 10:03:47] INFO [set_image] reshape+mask done in 0.70s
[2026-02-07 10:03:51] INFO [set_image] sampling done in 4.57s (method=superpixel, sampled=1316)
[2026-02-07 10:03:51] INFO [set_image] model init done in 0.08s (input_dim=17505, n_components=3)
[2026-02-07 10:04:11] INFO [set_image] resample done in 19.10s (points=1000)
[2026-02-07 10:04:11] INFO [set_image] category labels done in 0.63s
[2026-02-07 10:04:12] INFO [set_image] clustering init done in 0.72s (levels=6)
[2026-02-07 10:04:12] INFO [set_image] optimizer init done in 0.00s (lr=1.0, warmup=10)
[2026-02-07 10:04:12] INFO [set_image] total setup time 25.82s
[2026-02-07 10:04:12] INFO training 100 epochs | RSS=9712MB GPU_alloc=130MB GPU_reserved=2232MB
[2026-02-07 10:04:12] INFO epoch 1/100 | RSS=9712MB GPU_alloc=216MB GPU_reserved=2244MB
[2026-02-07 10:04:14] INFO epoch 20/100 | RSS=9712MB GPU_alloc=216MB GPU_reserved=2244MB
[2026-02-07 10:04:15] INFO epoch 40/100 | RSS=9712MB GPU_alloc=216MB GPU_reserved=2244MB
[2026-02-07 10:04:16] INFO epoch 60/100 | RSS=9712MB GPU_alloc=216MB GPU_reserved=2244MB
[2026-02-07 10:04:18] INFO epoch 80/100 | RSS=9712MB GPU_alloc=216MB GPU_reserved=2244MB
[2026-02-07 10:04:19] INFO epoch 100/100 | RSS=9712MB GPU_alloc=216MB GPU_reserved=2244MB
[2026-02-07 10:04:19] INFO running predict | RSS=9712MB GPU_alloc=216MB GPU_reserved=2244MB
[2026-02-07 10:04:22] INFO recompute_viz DONE | RSS=9713MB GPU_alloc=216MB GPU_reserved=4434MB
[2026-02-07 11:51:23] INFO compute_initial_viz START | RSS=9713MB GPU_alloc=216MB GPU_reserved=2238MB
[2026-02-07 11:51:23] INFO config loaded | RSS=9683MB GPU_alloc=24MB GPU_reserved=2230MB
[2026-02-07 11:51:24] INFO image loaded shape=(129,99,4810) from E:\MSImaging-data\_msi_visual\Extractions\Daphnia_datasets\5_bins\s10-sample4\0.npy | RSS=3651MB GPU_alloc=24MB GPU_reserved=2230MB
[2026-02-07 11:51:24] INFO creating new model and fitting | RSS=3651MB GPU_alloc=24MB GPU_reserved=2230MB
[2026-02-07 11:51:24] INFO building model kwargs | RSS=3651MB GPU_alloc=24MB GPU_reserved=2230MB
[2026-02-07 11:51:24] INFO model kwargs built in 0.00s | RSS=3651MB GPU_alloc=24MB GPU_reserved=2230MB
[2026-02-07 11:51:24] INFO initializing model | RSS=3651MB GPU_alloc=24MB GPU_reserved=2230MB
[2026-02-07 11:51:24] INFO model init done in 0.00s | RSS=3651MB GPU_alloc=24MB GPU_reserved=2230MB
[2026-02-07 11:51:24] INFO starting model.fit (train) | RSS=3651MB GPU_alloc=24MB GPU_reserved=2230MB
[2026-02-07 11:51:24] INFO [fit] set_image starting: shape=(129, 99, 4810)
[2026-02-07 11:51:24] INFO [set_image] start: shape=(129, 99, 4810), roi_mask=False, category_annotations=False
[2026-02-07 11:51:24] INFO [set_image] reshape+mask done in 0.03s
[2026-02-07 11:51:25] INFO [set_image] sampling done in 0.38s (method=superpixel, sampled=6218)
[2026-02-07 11:51:25] INFO [set_image] model init done in 0.02s (input_dim=4810, n_components=3)
[2026-02-07 11:51:44] INFO [set_image] resample done in 19.87s (points=1000)
[2026-02-07 11:51:44] INFO [set_image] category labels done in 0.03s
[2026-02-07 11:51:46] INFO [set_image] clustering init done in 1.09s (levels=6)
[2026-02-07 11:51:46] INFO [set_image] optimizer init done in 0.00s (lr=1.0, warmup=10)
[2026-02-07 11:51:46] INFO [set_image] total setup time 21.43s
[2026-02-07 11:51:46] INFO [fit] set_image done in 21.43s
[2026-02-07 11:51:46] INFO [fit] training loop starting: epochs=100
[2026-02-07 11:52:00] INFO [fit] training loop finished in 14.18s
[2026-02-07 11:52:00] INFO model.fit completed in 35.61s | RSS=3711MB GPU_alloc=126MB GPU_reserved=2244MB
[2026-02-07 11:52:00] INFO running predict (train) | RSS=3711MB GPU_alloc=126MB GPU_reserved=2244MB
[2026-02-07 11:52:00] INFO compute_initial_viz DONE | RSS=3711MB GPU_alloc=126MB GPU_reserved=2244MB
[2026-02-07 12:04:46] INFO compute_initial_viz START | RSS=3711MB GPU_alloc=126MB GPU_reserved=2244MB
[2026-02-07 12:04:46] INFO config loaded | RSS=3605MB GPU_alloc=24MB GPU_reserved=2230MB
[2026-02-07 12:06:09] INFO image loaded shape=(772,596,16505) from E:\MSImaging-data\_msi_visual\Extractions\Metaspace_datasets\Dataset6_lung\0.npy | RSS=32340MB GPU_alloc=24MB GPU_reserved=2230MB
[2026-02-07 12:06:09] INFO creating new model and fitting | RSS=32340MB GPU_alloc=24MB GPU_reserved=2230MB
[2026-02-07 12:06:09] INFO building model kwargs | RSS=32340MB GPU_alloc=24MB GPU_reserved=2230MB
[2026-02-07 12:06:09] INFO model kwargs built in 0.00s | RSS=32340MB GPU_alloc=24MB GPU_reserved=2230MB
[2026-02-07 12:06:09] INFO initializing model | RSS=32340MB GPU_alloc=24MB GPU_reserved=2230MB
[2026-02-07 12:06:10] INFO model init done in 0.00s | RSS=32340MB GPU_alloc=24MB GPU_reserved=2230MB
[2026-02-07 12:06:10] INFO starting model.fit (train) | RSS=32340MB GPU_alloc=24MB GPU_reserved=2230MB
[2026-02-07 12:06:10] INFO [fit] set_image starting: shape=(772, 596, 16505)
[2026-02-07 12:06:10] INFO [set_image] start: shape=(772, 596, 16505), roi_mask=False, category_annotations=False
[2026-02-07 12:06:12] INFO [set_image] reshape+mask done in 2.83s
[2026-02-07 12:06:33] INFO [set_image] sampling done in 21.02s (method=superpixel, sampled=6831)
[2026-02-07 12:06:33] INFO [set_image] model init done in 0.05s (input_dim=16505, n_components=3)
[2026-02-07 12:07:55] INFO [set_image] resample done in 81.66s (points=1000)
[2026-02-07 12:07:59] INFO [set_image] category labels done in 3.44s
[2026-02-07 12:08:00] INFO [set_image] clustering init done in 1.81s (levels=6)
[2026-02-07 12:08:00] INFO [set_image] optimizer init done in 0.00s (lr=1.0, warmup=10)
[2026-02-07 12:08:00] INFO [set_image] total setup time 110.81s
[2026-02-07 12:08:00] INFO [fit] set_image done in 110.81s
[2026-02-07 12:08:00] INFO [fit] training loop starting: epochs=100
[2026-02-07 12:08:29] INFO [fit] training loop finished in 28.31s
[2026-02-07 12:08:29] INFO model.fit completed in 139.12s | RSS=32765MB GPU_alloc=249MB GPU_reserved=2244MB
[2026-02-07 12:08:29] INFO running predict (train) | RSS=32765MB GPU_alloc=249MB GPU_reserved=2244MB
[2026-02-07 12:08:38] INFO compute_initial_viz DONE | RSS=32767MB GPU_alloc=249MB GPU_reserved=4308MB
[2026-02-07 12:09:45] INFO reload_viz using ROI (43 points) | RSS=61736MB GPU_alloc=249MB GPU_reserved=4308MB
[2026-02-07 12:09:45] INFO recompute_viz START | RSS=61736MB GPU_alloc=249MB GPU_reserved=4308MB
[2026-02-07 12:09:45] INFO releasing previous model (GPU + large tensors) | RSS=61736MB GPU_alloc=249MB GPU_reserved=4308MB
[2026-02-07 12:09:47] INFO after release + gc + cuda empty_cache | RSS=32384MB GPU_alloc=24MB GPU_reserved=2230MB
[2026-02-07 12:09:47] INFO ROI mask built H=772 W=596 roi_pixels=1742 | RSS=32384MB GPU_alloc=24MB GPU_reserved=2230MB
[2026-02-07 12:09:47] INFO creating new MSIParametricMiCSLMC | RSS=32384MB GPU_alloc=24MB GPU_reserved=2230MB
[2026-02-07 12:09:47] INFO calling set_image(roi_mask=..., category_annotations=...) | RSS=32384MB GPU_alloc=24MB GPU_reserved=2230MB
[2026-02-07 12:09:47] INFO [set_image] start: shape=(772, 596, 16505), roi_mask=True, category_annotations=False
[2026-02-07 12:09:50] INFO [set_image] reshape+mask done in 2.82s
[2026-02-07 12:10:10] INFO [set_image] sampling done in 20.13s (method=superpixel, sampled=183)
[2026-02-07 12:10:10] INFO [set_image] model init done in 0.26s (input_dim=16505, n_components=3)
[2026-02-07 12:10:11] INFO [set_image] resample done in 0.31s (points=183)
[2026-02-07 12:10:14] INFO [set_image] category labels done in 2.82s
[2026-02-07 12:10:14] INFO [set_image] clustering init done in 0.23s (levels=4)
[2026-02-07 12:10:14] INFO [set_image] optimizer init done in 0.00s (lr=1.0, warmup=10)
[2026-02-07 12:10:14] INFO [set_image] total setup time 26.56s
[2026-02-07 12:10:14] INFO training 100 epochs | RSS=32346MB GPU_alloc=199MB GPU_reserved=2232MB
[2026-02-07 12:10:14] INFO epoch 1/100 | RSS=32346MB GPU_alloc=683MB GPU_reserved=2232MB
[2026-02-07 12:10:14] INFO epoch 20/100 | RSS=32346MB GPU_alloc=683MB GPU_reserved=2234MB
[2026-02-07 12:10:15] INFO epoch 40/100 | RSS=32346MB GPU_alloc=683MB GPU_reserved=2234MB
[2026-02-07 12:10:15] INFO epoch 60/100 | RSS=32346MB GPU_alloc=683MB GPU_reserved=2234MB
[2026-02-07 12:10:15] INFO epoch 80/100 | RSS=32346MB GPU_alloc=683MB GPU_reserved=2234MB
[2026-02-07 12:10:16] INFO epoch 100/100 | RSS=32346MB GPU_alloc=683MB GPU_reserved=2234MB
[2026-02-07 12:10:16] INFO running predict | RSS=32346MB GPU_alloc=683MB GPU_reserved=2234MB
[2026-02-07 12:10:27] INFO recompute_viz DONE | RSS=32357MB GPU_alloc=683MB GPU_reserved=4298MB
[2026-02-07 12:12:51] INFO reload_viz using ROI (43 points) | RSS=61326MB GPU_alloc=683MB GPU_reserved=2232MB
[2026-02-07 12:12:51] INFO recompute_viz START | RSS=61326MB GPU_alloc=683MB GPU_reserved=2232MB
[2026-02-07 12:12:51] INFO releasing previous model (GPU + large tensors) | RSS=61326MB GPU_alloc=683MB GPU_reserved=2232MB
[2026-02-07 12:12:55] INFO after release + gc + cuda empty_cache | RSS=32655MB GPU_alloc=24MB GPU_reserved=2230MB
[2026-02-07 12:12:55] INFO ROI mask built H=772 W=596 roi_pixels=1742 | RSS=32655MB GPU_alloc=24MB GPU_reserved=2230MB
[2026-02-07 12:12:55] INFO creating new MSIParametricMiCSLMC | RSS=32655MB GPU_alloc=24MB GPU_reserved=2230MB
[2026-02-07 12:12:55] INFO calling set_image(roi_mask=..., category_annotations=...) | RSS=32655MB GPU_alloc=24MB GPU_reserved=2230MB
[2026-02-07 12:12:55] INFO [set_image] start: shape=(772, 596, 16505), roi_mask=True, category_annotations=False
[2026-02-07 12:12:57] INFO [set_image] reshape+mask done in 2.73s
[2026-02-07 12:13:16] INFO [set_image] sampling done in 18.88s (method=superpixel, sampled=183)
[2026-02-07 12:13:16] INFO [set_image] model init done in 0.27s (input_dim=16505, n_components=3)
[2026-02-07 12:13:17] INFO [set_image] resample done in 0.32s (points=183)
[2026-02-07 12:13:19] INFO [set_image] category labels done in 2.53s
[2026-02-07 12:13:20] ERROR recompute_viz FAILED: n_samples=183 should be >= n_clusters=256. | RSS=32383MB GPU_alloc=199MB GPU_reserved=2232MB
[2026-02-07 12:16:16] INFO compute_initial_viz START | RSS=32366MB GPU_alloc=24MB GPU_reserved=2232MB
[2026-02-07 12:16:16] INFO config loaded | RSS=32366MB GPU_alloc=24MB GPU_reserved=2232MB
[2026-02-07 12:16:24] INFO image loaded shape=(550,824,5255) from E:\MSImaging-data\_msi_visual\Extractions\Metaspace_datasets\Dataset4_kidney\5bins\0.npy | RSS=12482MB GPU_alloc=24MB GPU_reserved=2232MB
[2026-02-07 12:16:24] INFO creating new model and fitting | RSS=12482MB GPU_alloc=24MB GPU_reserved=2232MB
[2026-02-07 12:16:24] INFO building model kwargs | RSS=12482MB GPU_alloc=24MB GPU_reserved=2232MB
[2026-02-07 12:16:24] INFO model kwargs built in 0.00s | RSS=12482MB GPU_alloc=24MB GPU_reserved=2232MB
[2026-02-07 12:16:24] INFO initializing model | RSS=12482MB GPU_alloc=24MB GPU_reserved=2232MB
[2026-02-07 12:16:24] INFO model init done in 0.00s | RSS=12482MB GPU_alloc=24MB GPU_reserved=2232MB
[2026-02-07 12:16:24] INFO starting model.fit (train) | RSS=12482MB GPU_alloc=24MB GPU_reserved=2232MB
[2026-02-07 12:16:24] INFO [fit] set_image starting: shape=(550, 824, 5255)
[2026-02-07 12:16:24] INFO [set_image] start: shape=(550, 824, 5255), roi_mask=False, category_annotations=False
[2026-02-07 12:16:25] INFO [set_image] reshape+mask done in 0.88s
[2026-02-07 12:16:35] INFO [set_image] sampling done in 10.40s (method=superpixel, sampled=21090)
[2026-02-07 12:16:36] INFO [set_image] model init done in 0.13s (input_dim=5255, n_components=3)
[2026-02-07 12:17:49] INFO [set_image] resample done in 73.84s (points=1000)
[2026-02-07 12:17:50] INFO [set_image] category labels done in 0.85s
[2026-02-07 12:17:55] INFO [set_image] clustering init done in 4.23s (levels=5)
[2026-02-07 12:17:55] INFO [set_image] optimizer init done in 0.00s (lr=1.0, warmup=10)
[2026-02-07 12:17:55] INFO [set_image] total setup time 90.34s
[2026-02-07 12:17:55] INFO [fit] set_image done in 90.34s
[2026-02-07 12:17:55] INFO [fit] training loop starting: epochs=100
[2026-02-07 12:18:43] INFO [fit] training loop finished in 48.57s
[2026-02-07 12:18:43] INFO model.fit completed in 138.91s | RSS=12880MB GPU_alloc=500MB GPU_reserved=2238MB
[2026-02-07 12:18:43] INFO running predict (train) | RSS=12880MB GPU_alloc=500MB GPU_reserved=2238MB
[2026-02-07 12:18:48] INFO compute_initial_viz DONE | RSS=12887MB GPU_alloc=500MB GPU_reserved=2238MB
[2026-02-07 12:22:18] INFO reload_viz using ROI (43 points) | RSS=21972MB GPU_alloc=500MB GPU_reserved=2238MB
[2026-02-07 12:22:18] INFO recompute_viz START | RSS=21972MB GPU_alloc=500MB GPU_reserved=2238MB
[2026-02-07 12:22:18] INFO releasing previous model (GPU + large tensors) | RSS=21972MB GPU_alloc=500MB GPU_reserved=2238MB
[2026-02-07 12:22:19] INFO after release + gc + cuda empty_cache | RSS=12603MB GPU_alloc=24MB GPU_reserved=2230MB
[2026-02-07 12:22:19] INFO ROI mask built H=550 W=824 roi_pixels=1742 | RSS=12603MB GPU_alloc=24MB GPU_reserved=2230MB
[2026-02-07 12:22:19] INFO creating new MSIParametricMiCSLMC | RSS=12603MB GPU_alloc=24MB GPU_reserved=2230MB
[2026-02-07 12:22:19] INFO calling set_image(roi_mask=..., category_annotations=...) | RSS=12603MB GPU_alloc=24MB GPU_reserved=2230MB
[2026-02-07 12:22:19] INFO [set_image] start: shape=(550, 824, 5255), roi_mask=True, category_annotations=False
[2026-02-07 12:22:20] INFO [set_image] reshape+mask done in 1.02s
[2026-02-07 12:22:28] INFO [set_image] sampling done in 8.18s (method=superpixel, sampled=0)
[2026-02-07 12:22:28] INFO [set_image] model init done in 0.12s (input_dim=5255, n_components=3)
[2026-02-07 12:22:28] ERROR recompute_viz FAILED: float division by zero | RSS=12498MB GPU_alloc=98MB GPU_reserved=2232MB
[2026-02-07 12:24:01] INFO reload_viz using ROI (43 points) | RSS=12495MB GPU_alloc=24MB GPU_reserved=2232MB
[2026-02-07 12:24:01] INFO recompute_viz START | RSS=12495MB GPU_alloc=24MB GPU_reserved=2232MB
[2026-02-07 12:24:01] INFO releasing previous model (GPU + large tensors) | RSS=12495MB GPU_alloc=24MB GPU_reserved=2232MB
[2026-02-07 12:24:01] INFO after release + gc + cuda empty_cache | RSS=12495MB GPU_alloc=24MB GPU_reserved=2230MB
[2026-02-07 12:24:01] INFO ROI mask built H=550 W=824 roi_pixels=1742 | RSS=12495MB GPU_alloc=24MB GPU_reserved=2230MB
[2026-02-07 12:24:01] INFO creating new MSIParametricMiCSLMC | RSS=12495MB GPU_alloc=24MB GPU_reserved=2230MB
[2026-02-07 12:24:01] INFO calling set_image(roi_mask=..., category_annotations=...) | RSS=12495MB GPU_alloc=24MB GPU_reserved=2230MB
[2026-02-07 12:24:01] INFO [set_image] start: shape=(550, 824, 5255), roi_mask=True, category_annotations=False
[2026-02-07 12:24:02] INFO [set_image] reshape+mask done in 0.88s
[2026-02-07 12:24:10] INFO [set_image] sampling done in 7.64s (method=superpixel, sampled=0)
[2026-02-07 12:24:10] INFO [set_image] model init done in 0.12s (input_dim=5255, n_components=3)
[2026-02-07 12:24:10] ERROR recompute_viz FAILED: float division by zero | RSS=12536MB GPU_alloc=98MB GPU_reserved=2232MB
[2026-02-07 12:24:30] INFO reload_viz using ROI (43 points) | RSS=12532MB GPU_alloc=24MB GPU_reserved=2232MB
[2026-02-07 12:24:30] INFO recompute_viz START | RSS=12532MB GPU_alloc=24MB GPU_reserved=2232MB
[2026-02-07 12:24:30] INFO releasing previous model (GPU + large tensors) | RSS=12532MB GPU_alloc=24MB GPU_reserved=2232MB
[2026-02-07 12:24:30] INFO after release + gc + cuda empty_cache | RSS=12532MB GPU_alloc=24MB GPU_reserved=2230MB
[2026-02-07 12:24:30] INFO ROI mask built H=550 W=824 roi_pixels=1742 | RSS=12532MB GPU_alloc=24MB GPU_reserved=2230MB
[2026-02-07 12:24:30] INFO creating new MSIParametricMiCSLMC | RSS=12532MB GPU_alloc=24MB GPU_reserved=2230MB
[2026-02-07 12:24:30] INFO calling set_image(roi_mask=..., category_annotations=...) | RSS=12532MB GPU_alloc=24MB GPU_reserved=2230MB
[2026-02-07 12:24:30] INFO [set_image] start: shape=(550, 824, 5255), roi_mask=True, category_annotations=False
[2026-02-07 12:24:31] INFO [set_image] reshape+mask done in 0.88s
[2026-02-07 12:24:39] INFO [set_image] sampling done in 7.93s (method=superpixel, sampled=0)
[2026-02-07 12:24:39] INFO [set_image] model init done in 0.12s (input_dim=5255, n_components=3)
[2026-02-07 12:24:39] ERROR recompute_viz FAILED: float division by zero | RSS=12493MB GPU_alloc=98MB GPU_reserved=2232MB
[2026-02-07 12:37:24] INFO compute_initial_viz START | RSS=509MB GPU_alloc=0MB GPU_reserved=0MB
[2026-02-07 12:37:24] INFO config loaded | RSS=521MB GPU_alloc=0MB GPU_reserved=0MB
[2026-02-07 12:38:24] INFO image loaded shape=(550,824,10510) from E:\MSImaging-data\_msi_visual\Extractions\Metaspace_datasets\Dataset4_kidney\10bins\0.npy | RSS=18694MB GPU_alloc=0MB GPU_reserved=0MB
[2026-02-07 12:38:24] INFO creating new model and fitting | RSS=18694MB GPU_alloc=0MB GPU_reserved=0MB
[2026-02-07 12:38:24] INFO building model kwargs | RSS=18694MB GPU_alloc=0MB GPU_reserved=0MB
[2026-02-07 12:38:24] INFO model kwargs built in 0.00s | RSS=18694MB GPU_alloc=0MB GPU_reserved=0MB
[2026-02-07 12:38:24] INFO initializing model | RSS=18694MB GPU_alloc=0MB GPU_reserved=0MB
[2026-02-07 12:38:24] INFO model init done in 0.00s | RSS=18694MB GPU_alloc=0MB GPU_reserved=0MB
[2026-02-07 12:38:24] INFO starting model.fit (train) | RSS=18694MB GPU_alloc=0MB GPU_reserved=0MB
[2026-02-07 12:38:24] INFO [fit] set_image starting: shape=(550, 824, 10510)
[2026-02-07 12:38:24] INFO [set_image] start: shape=(550, 824, 10510), roi_mask=False, category_annotations=False
[2026-02-07 12:38:26] INFO [set_image] reshape+mask done in 1.98s
[2026-02-07 12:38:39] INFO [set_image] sampling done in 13.64s (method=superpixel, sampled=6068)
[2026-02-07 12:38:40] INFO [set_image] model init done in 0.38s (input_dim=10510, n_components=3)
[2026-02-07 12:39:27] INFO [set_image] resample done in 47.07s (points=1000)
[2026-02-07 12:39:29] INFO [set_image] category labels done in 2.43s
[2026-02-07 12:40:09] INFO [set_image] clustering init done in 40.36s (levels=5)
[2026-02-07 12:40:11] INFO [set_image] optimizer init done in 1.52s (lr=1.0, warmup=10)
[2026-02-07 12:40:11] INFO [set_image] total setup time 107.39s
[2026-02-07 12:40:11] INFO [fit] set_image done in 107.39s
[2026-02-07 12:40:11] INFO [fit] training loop starting: epochs=100
[2026-02-07 12:40:33] INFO [fit] training loop finished in 22.20s
[2026-02-07 12:40:33] INFO model.fit completed in 129.59s | RSS=20393MB GPU_alloc=561MB GPU_reserved=1056MB
[2026-02-07 12:40:33] INFO running predict (train) | RSS=20394MB GPU_alloc=561MB GPU_reserved=1056MB
[2026-02-07 12:40:41] INFO compute_initial_viz DONE | RSS=20411MB GPU_alloc=561MB GPU_reserved=3138MB
[2026-02-07 12:42:04] INFO reload_viz using full image (no ROI) | RSS=38598MB GPU_alloc=561MB GPU_reserved=3138MB
[2026-02-07 12:42:04] INFO compute_initial_viz START | RSS=38598MB GPU_alloc=561MB GPU_reserved=3138MB
[2026-02-07 12:42:05] INFO config loaded | RSS=38574MB GPU_alloc=16MB GPU_reserved=40MB
[2026-02-07 12:42:05] INFO reusing cached image (path unchanged): E:\MSImaging-data\_msi_visual\Extractions\Metaspace_datasets\Dataset4_kidney\10bins\0.npy | RSS=38575MB GPU_alloc=16MB GPU_reserved=40MB
[2026-02-07 12:42:05] INFO creating new model and fitting | RSS=38575MB GPU_alloc=16MB GPU_reserved=40MB
[2026-02-07 12:42:05] INFO building model kwargs | RSS=38575MB GPU_alloc=16MB GPU_reserved=40MB
[2026-02-07 12:42:05] INFO model kwargs built in 0.00s | RSS=38575MB GPU_alloc=16MB GPU_reserved=40MB
[2026-02-07 12:42:05] INFO initializing model | RSS=38575MB GPU_alloc=16MB GPU_reserved=40MB
[2026-02-07 12:42:05] INFO model init done in 0.00s | RSS=38575MB GPU_alloc=16MB GPU_reserved=40MB
[2026-02-07 12:42:05] INFO starting model.fit (train) | RSS=38575MB GPU_alloc=16MB GPU_reserved=40MB
[2026-02-07 12:42:05] INFO [fit] set_image starting: shape=(550, 824, 10510)
[2026-02-07 12:42:05] INFO [set_image] start: shape=(550, 824, 10510), roi_mask=False, category_annotations=False
[2026-02-07 12:42:06] INFO [set_image] reshape+mask done in 1.67s
[2026-02-07 12:42:20] INFO [set_image] sampling done in 13.42s (method=superpixel, sampled=20167)
[2026-02-07 12:42:20] INFO [set_image] model init done in 0.20s (input_dim=10510, n_components=3)
[2026-02-07 12:45:04] INFO [set_image] resample done in 164.28s (points=1000)
[2026-02-07 12:45:07] INFO [set_image] category labels done in 2.95s
[2026-02-07 12:57:57] INFO [set_image] clustering init done in 769.70s (levels=5)
[2026-02-07 12:57:57] INFO [set_image] optimizer init done in 0.00s (lr=1.0, warmup=10)
[2026-02-07 12:57:57] INFO [set_image] total setup time 952.22s
[2026-02-07 12:57:57] INFO [fit] set_image done in 952.23s
[2026-02-07 12:57:57] INFO [fit] training loop starting: epochs=100
[2026-02-07 12:59:03] INFO [fit] training loop finished in 66.30s
[2026-02-07 12:59:03] INFO model.fit completed in 1018.53s | RSS=39418MB GPU_alloc=669MB GPU_reserved=1250MB
[2026-02-07 12:59:03] INFO running predict (train) | RSS=39418MB GPU_alloc=669MB GPU_reserved=1250MB
[2026-02-07 12:59:12] INFO compute_initial_viz DONE | RSS=39431MB GPU_alloc=669MB GPU_reserved=3332MB
[2026-02-07 13:03:41] INFO compute_initial_viz START | RSS=508MB GPU_alloc=0MB GPU_reserved=0MB
[2026-02-07 13:03:41] INFO config loaded | RSS=519MB GPU_alloc=0MB GPU_reserved=0MB
[2026-02-07 13:06:26] INFO image loaded shape=(1054,1382,10010) from E:\MSImaging-data\_msi_visual\Extractions\NRL4558_5um\10bins\1\0.npy | RSS=56144MB GPU_alloc=0MB GPU_reserved=0MB
[2026-02-07 13:06:26] INFO creating new model and fitting | RSS=56144MB GPU_alloc=0MB GPU_reserved=0MB
[2026-02-07 13:06:26] INFO building model kwargs | RSS=56144MB GPU_alloc=0MB GPU_reserved=0MB
[2026-02-07 13:06:26] INFO model kwargs built in 0.00s | RSS=56144MB GPU_alloc=0MB GPU_reserved=0MB
[2026-02-07 13:06:26] INFO initializing model | RSS=56144MB GPU_alloc=0MB GPU_reserved=0MB
[2026-02-07 13:06:26] INFO model init done in 0.00s | RSS=56144MB GPU_alloc=0MB GPU_reserved=0MB
[2026-02-07 13:06:26] INFO starting model.fit (train) | RSS=56144MB GPU_alloc=0MB GPU_reserved=0MB
[2026-02-07 13:06:26] INFO [fit] set_image starting: shape=(1054, 1382, 10010)
[2026-02-07 13:06:26] INFO [set_image] start: shape=(1054, 1382, 10010), roi_mask=False, category_annotations=False
[2026-02-07 13:06:32] INFO reload_viz using full image (no ROI) | RSS=57351MB GPU_alloc=0MB GPU_reserved=0MB
[2026-02-07 13:06:32] INFO compute_initial_viz START | RSS=57351MB GPU_alloc=0MB GPU_reserved=0MB
[2026-02-07 13:06:32] INFO config loaded | RSS=57351MB GPU_alloc=0MB GPU_reserved=0MB
[2026-02-07 13:06:32] INFO [set_image] reshape+mask done in 6.02s
[2026-02-07 13:07:08] INFO [set_image] sampling done in 35.39s (method=superpixel, sampled=5458)
[2026-02-07 13:07:08] INFO [set_image] model init done in 0.26s (input_dim=10010, n_components=3)
[2026-02-07 13:07:15] INFO image loaded shape=(1054,1382,10010) from E:\MSImaging-data\_msi_visual\Extractions\NRL4558_5um\10bins\1\0.npy | RSS=114703MB GPU_alloc=149MB GPU_reserved=154MB
[2026-02-07 13:07:15] INFO creating new model and fitting | RSS=114704MB GPU_alloc=149MB GPU_reserved=154MB
[2026-02-07 13:07:15] INFO building model kwargs | RSS=114704MB GPU_alloc=149MB GPU_reserved=154MB
[2026-02-07 13:07:15] INFO model kwargs built in 0.00s | RSS=114704MB GPU_alloc=149MB GPU_reserved=154MB
[2026-02-07 13:07:15] INFO initializing model | RSS=114704MB GPU_alloc=149MB GPU_reserved=154MB
[2026-02-07 13:07:15] INFO model init done in 0.02s | RSS=114712MB GPU_alloc=149MB GPU_reserved=154MB
[2026-02-07 13:07:15] INFO starting model.fit (train) | RSS=114712MB GPU_alloc=149MB GPU_reserved=154MB
[2026-02-07 13:07:15] INFO [fit] set_image starting: shape=(1054, 1382, 10010)
[2026-02-07 13:07:15] INFO [set_image] start: shape=(1054, 1382, 10010), roi_mask=False, category_annotations=False
[2026-02-07 13:07:21] INFO [set_image] reshape+mask done in 5.37s
[2026-02-07 13:07:53] INFO [set_image] sampling done in 32.70s (method=superpixel, sampled=5458)
[2026-02-07 13:07:54] INFO [set_image] model init done in 0.18s (input_dim=10010, n_components=3)
[2026-02-07 13:07:54] INFO [set_image] resample done in 46.12s (points=1000)
[2026-02-07 13:08:00] INFO [set_image] category labels done in 6.17s
[2026-02-07 13:08:33] INFO [set_image] clustering init done in 32.75s (levels=5)
[2026-02-07 13:08:34] INFO [set_image] optimizer init done in 1.18s (lr=1.0, warmup=10)
[2026-02-07 13:08:34] INFO [set_image] total setup time 127.92s
[2026-02-07 13:08:34] INFO [fit] set_image done in 127.92s
[2026-02-07 13:08:34] INFO [fit] training loop starting: epochs=100
[2026-02-07 13:08:40] INFO [set_image] resample done in 46.01s (points=1000)
[2026-02-07 13:08:45] INFO [set_image] category labels done in 5.36s
[2026-02-07 13:08:56] INFO [fit] training loop finished in 21.19s
[2026-02-07 13:08:56] INFO model.fit completed in 149.11s | RSS=115140MB GPU_alloc=739MB GPU_reserved=1258MB
[2026-02-07 13:08:56] INFO running predict (train) | RSS=115142MB GPU_alloc=739MB GPU_reserved=1258MB
[2026-02-07 13:09:18] INFO [set_image] clustering init done in 32.99s (levels=5)
[2026-02-07 13:09:18] INFO [set_image] optimizer init done in 0.00s (lr=1.0, warmup=10)
[2026-02-07 13:09:18] INFO [set_image] total setup time 122.62s
[2026-02-07 13:09:18] INFO [fit] set_image done in 122.62s
[2026-02-07 13:09:18] INFO [fit] training loop starting: epochs=100
[2026-02-07 13:09:23] INFO compute_initial_viz DONE | RSS=114961MB GPU_alloc=1216MB GPU_reserved=3278MB
[2026-02-07 13:09:37] INFO [fit] training loop finished in 19.01s
[2026-02-07 13:09:37] INFO model.fit completed in 141.63s | RSS=114935MB GPU_alloc=1078MB GPU_reserved=3278MB
[2026-02-07 13:09:37] INFO running predict (train) | RSS=114935MB GPU_alloc=1078MB GPU_reserved=3278MB
[2026-02-07 13:10:00] INFO compute_initial_viz DONE | RSS=114943MB GPU_alloc=1078MB GPU_reserved=3534MB
[2026-02-07 13:11:47] INFO reload_viz using full image (no ROI) | RSS=114940MB GPU_alloc=1078MB GPU_reserved=3534MB
[2026-02-07 13:11:47] INFO compute_initial_viz START | RSS=114940MB GPU_alloc=1078MB GPU_reserved=3534MB
[2026-02-07 13:11:49] INFO config loaded | RSS=59296MB GPU_alloc=551MB GPU_reserved=612MB
[2026-02-07 13:11:49] INFO reusing cached image (path unchanged): E:\MSImaging-data\_msi_visual\Extractions\Metaspace_datasets\Dataset10_spinalcord-8um\0.npy | RSS=59296MB GPU_alloc=551MB GPU_reserved=612MB
[2026-02-07 13:11:49] INFO creating new model and fitting | RSS=59296MB GPU_alloc=551MB GPU_reserved=612MB
[2026-02-07 13:11:49] INFO building model kwargs | RSS=59296MB GPU_alloc=551MB GPU_reserved=612MB
[2026-02-07 13:11:49] INFO model kwargs built in 0.00s | RSS=59296MB GPU_alloc=551MB GPU_reserved=612MB
[2026-02-07 13:11:49] INFO initializing model | RSS=59296MB GPU_alloc=551MB GPU_reserved=612MB
[2026-02-07 13:11:49] INFO model init done in 0.00s | RSS=59296MB GPU_alloc=551MB GPU_reserved=612MB
[2026-02-07 13:11:49] INFO starting model.fit (train) | RSS=59296MB GPU_alloc=551MB GPU_reserved=612MB
[2026-02-07 13:11:49] INFO [fit] set_image starting: shape=(202, 346, 4505)
[2026-02-07 13:11:49] INFO [set_image] start: shape=(202, 346, 4505), roi_mask=False, category_annotations=False
[2026-02-07 13:11:49] INFO [set_image] reshape+mask done in 0.13s
[2026-02-07 13:11:50] INFO [set_image] sampling done in 1.01s (method=superpixel, sampled=6010)
[2026-02-07 13:11:50] INFO [set_image] model init done in 0.13s (input_dim=4505, n_components=3)
[2026-02-07 13:12:09] INFO [set_image] resample done in 19.05s (points=1000)
[2026-02-07 13:12:09] INFO [set_image] category labels done in 0.13s
[2026-02-07 13:12:26] INFO [set_image] clustering init done in 16.29s (levels=5)
[2026-02-07 13:12:26] INFO [set_image] optimizer init done in 0.00s (lr=1.0, warmup=10)
[2026-02-07 13:12:26] INFO [set_image] total setup time 36.74s
[2026-02-07 13:12:26] INFO [fit] set_image done in 36.74s
[2026-02-07 13:12:26] INFO [fit] training loop starting: epochs=100
[2026-02-07 13:12:39] INFO [fit] training loop finished in 13.73s
[2026-02-07 13:12:39] INFO model.fit completed in 50.47s | RSS=59228MB GPU_alloc=888MB GPU_reserved=1348MB
[2026-02-07 13:12:39] INFO running predict (train) | RSS=59228MB GPU_alloc=888MB GPU_reserved=1348MB
[2026-02-07 13:12:40] INFO compute_initial_viz DONE | RSS=59197MB GPU_alloc=888MB GPU_reserved=2680MB
[2026-02-07 13:19:22] INFO reload_viz using full image (no ROI) | RSS=32797MB GPU_alloc=0MB GPU_reserved=0MB
[2026-02-07 13:19:22] INFO compute_initial_viz START | RSS=32809MB GPU_alloc=0MB GPU_reserved=0MB
[2026-02-07 13:19:22] INFO config loaded | RSS=32809MB GPU_alloc=0MB GPU_reserved=0MB
[2026-02-07 13:19:22] INFO reusing cached image (path unchanged): E:\MSImaging-data\_msi_visual\Extractions\Metaspace_datasets\Dataset12_lung\5bins\0.npy | RSS=32809MB GPU_alloc=0MB GPU_reserved=0MB
[2026-02-07 13:19:22] INFO creating new model and fitting | RSS=32809MB GPU_alloc=0MB GPU_reserved=0MB
[2026-02-07 13:19:22] INFO building model kwargs | RSS=32809MB GPU_alloc=0MB GPU_reserved=0MB
[2026-02-07 13:19:22] INFO model kwargs built in 0.00s | RSS=32809MB GPU_alloc=0MB GPU_reserved=0MB
[2026-02-07 13:19:22] INFO initializing model | RSS=32809MB GPU_alloc=0MB GPU_reserved=0MB
[2026-02-07 13:19:22] INFO model init done in 0.01s | RSS=32809MB GPU_alloc=0MB GPU_reserved=0MB
[2026-02-07 13:19:22] INFO starting model.fit (train) | RSS=32809MB GPU_alloc=0MB GPU_reserved=0MB
[2026-02-07 13:19:22] INFO [fit] set_image starting: shape=(571, 956, 15505)
[2026-02-07 13:19:22] INFO [set_image] start: shape=(571, 956, 15505), roi_mask=False, category_annotations=False
[2026-02-07 13:19:25] INFO [set_image] reshape+mask done in 2.94s
[2026-02-07 13:19:43] INFO [set_image] sampling done in 17.82s (method=superpixel, sampled=6269)
[2026-02-07 13:19:43] INFO [set_image] model init done in 0.33s (input_dim=15505, n_components=3)
[2026-02-07 13:20:54] INFO [set_image] resample done in 70.87s (points=1000)
[2026-02-07 13:20:58] INFO [set_image] category labels done in 3.71s
[2026-02-07 13:21:53] INFO [set_image] clustering init done in 55.40s (levels=5)
[2026-02-07 13:21:55] INFO [set_image] optimizer init done in 1.27s (lr=1.0, warmup=10)
[2026-02-07 13:21:55] INFO [set_image] total setup time 152.35s
[2026-02-07 13:21:55] INFO [fit] set_image done in 152.35s
[2026-02-07 13:21:55] INFO [fit] training loop starting: epochs=100
[2026-02-07 13:22:25] INFO [fit] training loop finished in 30.79s
[2026-02-07 13:22:25] INFO model.fit completed in 183.14s | RSS=34637MB GPU_alloc=743MB GPU_reserved=1398MB
[2026-02-07 13:22:25] INFO running predict (train) | RSS=34637MB GPU_alloc=743MB GPU_reserved=1398MB
[2026-02-07 13:22:39] INFO compute_initial_viz DONE | RSS=34657MB GPU_alloc=743MB GPU_reserved=4106MB
[2026-02-07 13:39:50] INFO reload_viz using full image (no ROI) | RSS=66962MB GPU_alloc=743MB GPU_reserved=4106MB
[2026-02-07 13:39:50] INFO compute_initial_viz START | RSS=66962MB GPU_alloc=743MB GPU_reserved=4106MB
[2026-02-07 13:39:50] INFO config loaded | RSS=66890MB GPU_alloc=16MB GPU_reserved=40MB
[2026-02-07 13:39:50] INFO reusing cached image (path unchanged): E:\MSImaging-data\_msi_visual\Extractions\Metaspace_datasets\Dataset12_lung\5bins\0.npy | RSS=66890MB GPU_alloc=16MB GPU_reserved=40MB
[2026-02-07 13:39:50] INFO creating new model and fitting | RSS=66890MB GPU_alloc=16MB GPU_reserved=40MB
[2026-02-07 13:39:50] INFO building model kwargs | RSS=66890MB GPU_alloc=16MB GPU_reserved=40MB
[2026-02-07 13:39:50] INFO model kwargs built in 0.00s | RSS=66890MB GPU_alloc=16MB GPU_reserved=40MB
[2026-02-07 13:39:50] INFO initializing model | RSS=66890MB GPU_alloc=16MB GPU_reserved=40MB
[2026-02-07 13:39:50] INFO model init done in 0.00s | RSS=66890MB GPU_alloc=16MB GPU_reserved=40MB
[2026-02-07 13:39:50] INFO starting model.fit (train) | RSS=66890MB GPU_alloc=16MB GPU_reserved=40MB
[2026-02-07 13:39:50] INFO [fit] set_image starting: shape=(571, 956, 15505)
[2026-02-07 13:39:50] INFO [set_image] start: shape=(571, 956, 15505), roi_mask=False, category_annotations=False
[2026-02-07 13:39:53] INFO [set_image] reshape+mask done in 3.09s
[2026-02-07 13:40:13] INFO [set_image] sampling done in 20.49s (method=superpixel, sampled=6278)
[2026-02-07 13:40:14] INFO [set_image] model init done in 0.26s (input_dim=15505, n_components=3)
[2026-02-07 13:41:28] INFO [set_image] resample done in 74.48s (points=1000)
[2026-02-07 13:41:32] INFO [set_image] category labels done in 4.14s
[2026-02-07 13:44:42] INFO [set_image] clustering init done in 189.87s (levels=4)
[2026-02-07 13:44:42] INFO [set_image] optimizer init done in 0.00s (lr=1.0, warmup=10)
[2026-02-07 13:44:42] INFO [set_image] total setup time 292.33s
[2026-02-07 13:44:42] INFO [fit] set_image done in 292.33s
[2026-02-07 13:44:42] INFO [fit] training loop starting: epochs=100
[2026-02-07 13:45:12] INFO [fit] training loop finished in 29.67s
[2026-02-07 13:45:12] INFO model.fit completed in 322.00s | RSS=66967MB GPU_alloc=743MB GPU_reserved=1390MB
[2026-02-07 13:45:12] INFO running predict (train) | RSS=66967MB GPU_alloc=743MB GPU_reserved=1390MB
[2026-02-07 13:45:26] INFO compute_initial_viz DONE | RSS=66978MB GPU_alloc=743MB GPU_reserved=4098MB
[2026-02-07 15:16:23] INFO reload_viz using full image (no ROI) | RSS=99266MB GPU_alloc=743MB GPU_reserved=4098MB
[2026-02-07 15:16:23] INFO compute_initial_viz START | RSS=99266MB GPU_alloc=743MB GPU_reserved=4098MB
[2026-02-07 15:16:25] INFO config loaded | RSS=66906MB GPU_alloc=16MB GPU_reserved=40MB
[2026-02-07 15:16:25] INFO reusing cached image (path unchanged): E:\MSImaging-data\_msi_visual\Extractions\Metaspace_datasets\Dataset12_lung\5bins\0.npy | RSS=66906MB GPU_alloc=16MB GPU_reserved=40MB
[2026-02-07 15:16:25] INFO creating new model and fitting | RSS=66906MB GPU_alloc=16MB GPU_reserved=40MB
[2026-02-07 15:16:25] INFO building model kwargs | RSS=66906MB GPU_alloc=16MB GPU_reserved=40MB
[2026-02-07 15:16:25] INFO model kwargs built in 0.00s | RSS=66906MB GPU_alloc=16MB GPU_reserved=40MB
[2026-02-07 15:16:25] INFO initializing model | RSS=66906MB GPU_alloc=16MB GPU_reserved=40MB
[2026-02-07 15:16:25] INFO model init done in 0.00s | RSS=66906MB GPU_alloc=16MB GPU_reserved=40MB
[2026-02-07 15:16:25] INFO starting model.fit (train) | RSS=66906MB GPU_alloc=16MB GPU_reserved=40MB
[2026-02-07 15:16:25] INFO [fit] set_image starting: shape=(571, 956, 15505)
[2026-02-07 15:16:25] INFO [set_image] start: shape=(571, 956, 15505), roi_mask=False, category_annotations=False
[2026-02-07 15:16:27] INFO [set_image] reshape+mask done in 2.60s
[2026-02-07 15:16:30] INFO [set_image] sampling done in 2.75s (method=random, sampled=5000)
[2026-02-07 15:16:30] INFO [set_image] model init done in 0.27s (input_dim=15505, n_components=3)
[2026-02-07 15:17:21] INFO [set_image] resample done in 50.70s (points=1000)
[2026-02-07 15:17:25] INFO [set_image] category labels done in 3.47s
[2026-02-07 15:19:50] INFO [set_image] clustering init done in 145.64s (levels=4)
[2026-02-07 15:19:50] INFO [set_image] optimizer init done in 0.00s (lr=1.0, warmup=10)
[2026-02-07 15:19:50] INFO [set_image] total setup time 205.43s
[2026-02-07 15:19:50] INFO [fit] set_image done in 205.43s
[2026-02-07 15:19:50] INFO [fit] training loop starting: epochs=100
[2026-02-07 15:20:12] INFO [fit] training loop finished in 22.02s
[2026-02-07 15:20:12] INFO model.fit completed in 227.45s | RSS=66892MB GPU_alloc=733MB GPU_reserved=1382MB
[2026-02-07 15:20:12] INFO running predict (train) | RSS=66892MB GPU_alloc=733MB GPU_reserved=1382MB
[2026-02-07 15:20:26] INFO compute_initial_viz DONE | RSS=66907MB GPU_alloc=733MB GPU_reserved=4090MB
[2026-02-07 15:56:48] INFO reload_viz using full image (no ROI) | RSS=67087MB GPU_alloc=733MB GPU_reserved=4090MB
[2026-02-07 15:56:48] INFO compute_initial_viz START | RSS=67087MB GPU_alloc=733MB GPU_reserved=4090MB
[2026-02-07 15:56:50] INFO config loaded | RSS=34800MB GPU_alloc=16MB GPU_reserved=40MB
[2026-02-07 15:56:50] INFO reusing cached image (path unchanged): E:\MSImaging-data\_msi_visual\Extractions\Metaspace_datasets\Dataset2_braintumor\0.npy | RSS=34800MB GPU_alloc=16MB GPU_reserved=40MB
[2026-02-07 15:56:50] INFO creating new model and fitting | RSS=34800MB GPU_alloc=16MB GPU_reserved=40MB
[2026-02-07 15:56:50] INFO building model kwargs | RSS=34800MB GPU_alloc=16MB GPU_reserved=40MB
[2026-02-07 15:56:50] INFO model kwargs built in 0.00s | RSS=34800MB GPU_alloc=16MB GPU_reserved=40MB
[2026-02-07 15:56:50] INFO initializing model | RSS=34800MB GPU_alloc=16MB GPU_reserved=40MB
[2026-02-07 15:56:50] INFO model init done in 0.00s | RSS=34800MB GPU_alloc=16MB GPU_reserved=40MB
[2026-02-07 15:56:50] INFO starting model.fit (train) | RSS=34800MB GPU_alloc=16MB GPU_reserved=40MB
[2026-02-07 15:56:50] INFO [fit] set_image starting: shape=(135, 199, 1755)
[2026-02-07 15:56:50] INFO [set_image] start: shape=(135, 199, 1755), roi_mask=False, category_annotations=False
[2026-02-07 15:56:50] INFO [set_image] reshape+mask done in 0.02s
[2026-02-07 15:56:50] INFO [set_image] sampling done in 0.03s (method=random, sampled=5000)
[2026-02-07 15:56:50] INFO [set_image] model init done in 0.10s (input_dim=1755, n_components=3)
[2026-02-07 15:56:54] INFO [set_image] resample done in 3.81s (points=1000)
[2026-02-07 15:56:54] INFO [set_image] category labels done in 0.02s
[2026-02-07 15:57:16] INFO [set_image] clustering init done in 22.44s (levels=4)
[2026-02-07 15:57:16] INFO [set_image] optimizer init done in 0.00s (lr=1.0, warmup=10)
[2026-02-07 15:57:16] INFO [set_image] total setup time 26.42s
[2026-02-07 15:57:16] INFO [fit] set_image done in 26.42s
[2026-02-07 15:57:16] INFO [fit] training loop starting: epochs=100
[2026-02-07 15:57:23] INFO [fit] training loop finished in 7.02s
[2026-02-07 15:57:23] INFO model.fit completed in 33.44s | RSS=34582MB GPU_alloc=245MB GPU_reserved=646MB
[2026-02-07 15:57:23] INFO running predict (train) | RSS=34582MB GPU_alloc=245MB GPU_reserved=646MB
[2026-02-07 15:57:23] INFO compute_initial_viz DONE | RSS=34583MB GPU_alloc=245MB GPU_reserved=1456MB
[2026-02-07 16:14:07] INFO compute_initial_viz START | RSS=34583MB GPU_alloc=245MB GPU_reserved=1456MB
[2026-02-07 16:14:07] INFO config loaded | RSS=34609MB GPU_alloc=16MB GPU_reserved=40MB
[2026-02-07 16:14:11] INFO image loaded shape=(322,195,5255) from E:\MSImaging-data\_msi_visual\Extractions\Metaspace_datasets\Dataset9_kidney2\0.npy | RSS=35688MB GPU_alloc=16MB GPU_reserved=40MB
[2026-02-07 16:14:11] INFO creating new model and fitting | RSS=35688MB GPU_alloc=16MB GPU_reserved=40MB
[2026-02-07 16:14:11] INFO building model kwargs | RSS=35688MB GPU_alloc=16MB GPU_reserved=40MB
[2026-02-07 16:14:11] INFO model kwargs built in 0.00s | RSS=35688MB GPU_alloc=16MB GPU_reserved=40MB
[2026-02-07 16:14:11] INFO initializing model | RSS=35688MB GPU_alloc=16MB GPU_reserved=40MB
[2026-02-07 16:14:11] INFO model init done in 0.00s | RSS=35688MB GPU_alloc=16MB GPU_reserved=40MB
[2026-02-07 16:14:11] INFO starting model.fit (train) | RSS=35688MB GPU_alloc=16MB GPU_reserved=40MB
[2026-02-07 16:14:11] INFO [fit] set_image starting: shape=(322, 195, 5255)
[2026-02-07 16:14:11] INFO [set_image] start: shape=(322, 195, 5255), roi_mask=False, category_annotations=False
[2026-02-07 16:14:11] INFO [set_image] reshape+mask done in 0.11s
[2026-02-07 16:14:11] INFO [set_image] sampling done in 0.14s (method=random, sampled=5000)
[2026-02-07 16:14:12] INFO [set_image] model init done in 0.12s (input_dim=5255, n_components=3)
[2026-02-07 16:14:30] INFO [set_image] resample done in 18.28s (points=1000)
[2026-02-07 16:14:30] INFO [set_image] category labels done in 0.11s
[2026-02-07 16:15:29] INFO [set_image] clustering init done in 58.93s (levels=4)
[2026-02-07 16:15:29] INFO [set_image] optimizer init done in 0.00s (lr=1.0, warmup=10)
[2026-02-07 16:15:29] INFO [set_image] total setup time 77.71s
[2026-02-07 16:15:29] INFO [fit] set_image done in 77.71s
[2026-02-07 16:15:29] INFO [fit] training loop starting: epochs=100
[2026-02-07 16:15:40] INFO [fit] training loop finished in 11.22s
[2026-02-07 16:15:40] INFO model.fit completed in 88.94s | RSS=35728MB GPU_alloc=371MB GPU_reserved=802MB
[2026-02-07 16:15:40] INFO running predict (train) | RSS=35728MB GPU_alloc=371MB GPU_reserved=802MB
[2026-02-07 16:15:41] INFO compute_initial_viz DONE | RSS=35689MB GPU_alloc=371MB GPU_reserved=2228MB
[2026-02-07 16:16:33] INFO compute_initial_viz START | RSS=35689MB GPU_alloc=371MB GPU_reserved=2228MB
[2026-02-07 16:16:34] INFO config loaded | RSS=35735MB GPU_alloc=16MB GPU_reserved=40MB
[2026-02-07 16:16:40] INFO image loaded shape=(336,161,10505) from E:\MSImaging-data\_msi_visual\Extractions\Metaspace_datasets\Dataset14_Gruber-spinal\mn\0.npy | RSS=36644MB GPU_alloc=16MB GPU_reserved=40MB
[2026-02-07 16:16:40] INFO creating new model and fitting | RSS=36644MB GPU_alloc=16MB GPU_reserved=40MB
[2026-02-07 16:16:40] INFO building model kwargs | RSS=36644MB GPU_alloc=16MB GPU_reserved=40MB
[2026-02-07 16:16:40] INFO model kwargs built in 0.00s | RSS=36644MB GPU_alloc=16MB GPU_reserved=40MB
[2026-02-07 16:16:40] INFO initializing model | RSS=36644MB GPU_alloc=16MB GPU_reserved=40MB
[2026-02-07 16:16:40] INFO model init done in 0.00s | RSS=36644MB GPU_alloc=16MB GPU_reserved=40MB
[2026-02-07 16:16:40] INFO starting model.fit (train) | RSS=36644MB GPU_alloc=16MB GPU_reserved=40MB
[2026-02-07 16:16:40] INFO [fit] set_image starting: shape=(336, 161, 10505)
[2026-02-07 16:16:40] INFO [set_image] start: shape=(336, 161, 10505), roi_mask=False, category_annotations=False
[2026-02-07 16:16:40] INFO [set_image] reshape+mask done in 0.19s
[2026-02-07 16:16:41] INFO [set_image] sampling done in 0.26s (method=random, sampled=5000)
[2026-02-07 16:16:41] INFO [set_image] model init done in 0.20s (input_dim=10505, n_components=3)
[2026-02-07 16:17:18] INFO [set_image] resample done in 36.85s (points=1000)
[2026-02-07 16:17:18] INFO [set_image] category labels done in 0.19s
[2026-02-07 16:19:04] INFO [set_image] clustering init done in 105.99s (levels=4)
[2026-02-07 16:19:04] INFO [set_image] optimizer init done in 0.00s (lr=1.0, warmup=10)
[2026-02-07 16:19:04] INFO [set_image] total setup time 143.68s
[2026-02-07 16:19:04] INFO [fit] set_image done in 143.68s
[2026-02-07 16:19:04] INFO [fit] training loop starting: epochs=100
[2026-02-07 16:19:21] INFO [fit] training loop finished in 16.99s
[2026-02-07 16:19:21] INFO model.fit completed in 160.67s | RSS=36729MB GPU_alloc=551MB GPU_reserved=1054MB
[2026-02-07 16:19:21] INFO running predict (train) | RSS=36729MB GPU_alloc=551MB GPU_reserved=1054MB
[2026-02-07 16:19:22] INFO compute_initial_viz DONE | RSS=36698MB GPU_alloc=551MB GPU_reserved=3136MB
[2026-02-07 16:20:55] INFO compute_initial_viz START | RSS=36698MB GPU_alloc=551MB GPU_reserved=3136MB
[2026-02-07 16:20:55] INFO config loaded | RSS=34559MB GPU_alloc=16MB GPU_reserved=40MB
[2026-02-07 16:21:12] INFO image loaded shape=(433,735,5001) from E:\MSImaging-data\_msi_visual\Extractions\NRL4485-s6-5um\1\5_bins\0.npy | RSS=40630MB GPU_alloc=16MB GPU_reserved=40MB
[2026-02-07 16:21:12] INFO creating new model and fitting | RSS=40630MB GPU_alloc=16MB GPU_reserved=40MB
[2026-02-07 16:21:12] INFO building model kwargs | RSS=40630MB GPU_alloc=16MB GPU_reserved=40MB
[2026-02-07 16:21:12] INFO model kwargs built in 0.00s | RSS=40630MB GPU_alloc=16MB GPU_reserved=40MB
[2026-02-07 16:21:12] INFO initializing model | RSS=40630MB GPU_alloc=16MB GPU_reserved=40MB
[2026-02-07 16:21:12] INFO model init done in 0.00s | RSS=40630MB GPU_alloc=16MB GPU_reserved=40MB
[2026-02-07 16:21:12] INFO starting model.fit (train) | RSS=40630MB GPU_alloc=16MB GPU_reserved=40MB
[2026-02-07 16:21:12] INFO [fit] set_image starting: shape=(433, 735, 5001)
[2026-02-07 16:21:12] INFO [set_image] start: shape=(433, 735, 5001), roi_mask=False, category_annotations=False
[2026-02-07 16:21:12] INFO [set_image] reshape+mask done in 0.49s
[2026-02-07 16:21:13] INFO [set_image] sampling done in 0.52s (method=random, sampled=5000)
[2026-02-07 16:21:13] INFO [set_image] model init done in 0.13s (input_dim=5001, n_components=3)
[2026-02-07 16:21:27] INFO [set_image] resample done in 13.90s (points=1000)
[2026-02-07 16:21:27] INFO [set_image] category labels done in 0.49s
[2026-02-07 16:22:20] INFO [set_image] clustering init done in 52.77s (levels=4)
[2026-02-07 16:22:20] INFO [set_image] optimizer init done in 0.00s (lr=1.0, warmup=10)
[2026-02-07 16:22:20] INFO [set_image] total setup time 68.31s
[2026-02-07 16:22:20] INFO [fit] set_image done in 68.31s
[2026-02-07 16:22:20] INFO [fit] training loop starting: epochs=100
[2026-02-07 16:22:31] INFO [fit] training loop finished in 10.45s
[2026-02-07 16:22:31] INFO model.fit completed in 78.76s | RSS=40537MB GPU_alloc=365MB GPU_reserved=786MB
[2026-02-07 16:22:31] INFO running predict (train) | RSS=40537MB GPU_alloc=365MB GPU_reserved=786MB
[2026-02-07 16:22:34] INFO compute_initial_viz DONE | RSS=40501MB GPU_alloc=365MB GPU_reserved=2180MB
[2026-02-07 16:27:37] INFO compute_initial_viz START | RSS=40501MB GPU_alloc=365MB GPU_reserved=2180MB
[2026-02-07 16:27:37] INFO config loaded | RSS=40549MB GPU_alloc=16MB GPU_reserved=40MB
[2026-02-07 16:28:07] INFO image loaded shape=(524,1077,5001) from E:\MSImaging-data\_msi_visual\Extractions\NRL4485-s6-5um\2\5_bins\0.npy | RSS=45243MB GPU_alloc=16MB GPU_reserved=40MB
[2026-02-07 16:28:07] INFO creating new model and fitting | RSS=45243MB GPU_alloc=16MB GPU_reserved=40MB
[2026-02-07 16:28:07] INFO building model kwargs | RSS=45243MB GPU_alloc=16MB GPU_reserved=40MB
[2026-02-07 16:28:07] INFO model kwargs built in 0.00s | RSS=45243MB GPU_alloc=16MB GPU_reserved=40MB
[2026-02-07 16:28:07] INFO initializing model | RSS=45243MB GPU_alloc=16MB GPU_reserved=40MB
[2026-02-07 16:28:07] INFO model init done in 0.00s | RSS=45243MB GPU_alloc=16MB GPU_reserved=40MB
[2026-02-07 16:28:07] INFO starting model.fit (train) | RSS=45243MB GPU_alloc=16MB GPU_reserved=40MB
[2026-02-07 16:28:07] INFO [fit] set_image starting: shape=(524, 1077, 5001)
[2026-02-07 16:28:07] INFO [set_image] start: shape=(524, 1077, 5001), roi_mask=False, category_annotations=False
[2026-02-07 16:28:08] INFO [set_image] reshape+mask done in 0.95s
[2026-02-07 16:28:09] INFO [set_image] sampling done in 0.91s (method=random, sampled=5000)
[2026-02-07 16:28:09] INFO [set_image] model init done in 0.13s (input_dim=5001, n_components=3)
[2026-02-07 16:28:24] INFO [set_image] resample done in 15.03s (points=1000)
[2026-02-07 16:28:25] INFO [set_image] category labels done in 0.89s
[2026-02-07 16:29:17] INFO [set_image] clustering init done in 51.62s (levels=4)
[2026-02-07 16:29:17] INFO [set_image] optimizer init done in 0.00s (lr=1.0, warmup=10)
[2026-02-07 16:29:17] INFO [set_image] total setup time 69.53s
[2026-02-07 16:29:17] INFO [fit] set_image done in 69.53s
[2026-02-07 16:29:17] INFO [fit] training loop starting: epochs=100
[2026-02-07 16:29:27] INFO [fit] training loop finished in 10.37s
[2026-02-07 16:29:27] INFO model.fit completed in 79.90s | RSS=45191MB GPU_alloc=365MB GPU_reserved=786MB
[2026-02-07 16:29:27] INFO running predict (train) | RSS=45191MB GPU_alloc=365MB GPU_reserved=786MB
[2026-02-07 16:29:33] INFO compute_initial_viz DONE | RSS=45206MB GPU_alloc=365MB GPU_reserved=2180MB
[2026-02-07 16:31:01] INFO compute_initial_viz START | RSS=45206MB GPU_alloc=365MB GPU_reserved=2180MB
[2026-02-07 16:31:01] INFO config loaded | RSS=45241MB GPU_alloc=16MB GPU_reserved=40MB
[2026-02-07 16:31:20] INFO image loaded shape=(282,1214,5001) from E:\MSImaging-data\_msi_visual\Extractions\NRL4485-s6-5um\3\5_bins\0.npy | RSS=41006MB GPU_alloc=16MB GPU_reserved=40MB
[2026-02-07 16:31:20] INFO creating new model and fitting | RSS=41006MB GPU_alloc=16MB GPU_reserved=40MB
[2026-02-07 16:31:20] INFO building model kwargs | RSS=41006MB GPU_alloc=16MB GPU_reserved=40MB
[2026-02-07 16:31:20] INFO model kwargs built in 0.00s | RSS=41006MB GPU_alloc=16MB GPU_reserved=40MB
[2026-02-07 16:31:20] INFO initializing model | RSS=41006MB GPU_alloc=16MB GPU_reserved=40MB
[2026-02-07 16:31:20] INFO model init done in 0.00s | RSS=41006MB GPU_alloc=16MB GPU_reserved=40MB
[2026-02-07 16:31:20] INFO starting model.fit (train) | RSS=41006MB GPU_alloc=16MB GPU_reserved=40MB
[2026-02-07 16:31:20] INFO [fit] set_image starting: shape=(282, 1214, 5001)
[2026-02-07 16:31:20] INFO [set_image] start: shape=(282, 1214, 5001), roi_mask=False, category_annotations=False
[2026-02-07 16:31:21] INFO [set_image] reshape+mask done in 0.71s
[2026-02-07 16:31:21] INFO [set_image] sampling done in 0.66s (method=random, sampled=5000)
[2026-02-07 16:31:21] INFO [set_image] model init done in 0.13s (input_dim=5001, n_components=3)
[2026-02-07 16:31:38] INFO [set_image] resample done in 16.19s (points=1000)
[2026-02-07 16:31:38] INFO [set_image] category labels done in 0.76s
[2026-02-07 16:32:34] INFO [set_image] clustering init done in 55.68s (levels=4)
[2026-02-07 16:32:34] INFO [set_image] optimizer init done in 0.00s (lr=1.0, warmup=10)
[2026-02-07 16:32:34] INFO [set_image] total setup time 74.13s
[2026-02-07 16:32:34] INFO [fit] set_image done in 74.13s
[2026-02-07 16:32:34] INFO [fit] training loop starting: epochs=100
[2026-02-07 16:32:45] INFO [fit] training loop finished in 10.75s
[2026-02-07 16:32:45] INFO model.fit completed in 84.88s | RSS=40997MB GPU_alloc=365MB GPU_reserved=786MB
[2026-02-07 16:32:45] INFO running predict (train) | RSS=40997MB GPU_alloc=365MB GPU_reserved=786MB
[2026-02-07 16:32:49] INFO compute_initial_viz DONE | RSS=40964MB GPU_alloc=365MB GPU_reserved=2180MB
[2026-02-07 16:33:35] INFO reload_viz using full image (no ROI) | RSS=47495MB GPU_alloc=365MB GPU_reserved=2180MB
[2026-02-07 16:33:35] INFO compute_initial_viz START | RSS=47495MB GPU_alloc=365MB GPU_reserved=2180MB
[2026-02-07 16:33:36] INFO config loaded | RSS=41003MB GPU_alloc=16MB GPU_reserved=40MB
[2026-02-07 16:33:36] INFO reusing cached image (path unchanged): E:\MSImaging-data\_msi_visual\Extractions\NRL4485-s6-5um\3\5_bins\0.npy | RSS=41003MB GPU_alloc=16MB GPU_reserved=40MB
[2026-02-07 16:33:36] INFO creating new model and fitting | RSS=41003MB GPU_alloc=16MB GPU_reserved=40MB
[2026-02-07 16:33:36] INFO building model kwargs | RSS=41003MB GPU_alloc=16MB GPU_reserved=40MB
[2026-02-07 16:33:36] INFO model kwargs built in 0.00s | RSS=41003MB GPU_alloc=16MB GPU_reserved=40MB
[2026-02-07 16:33:36] INFO initializing model | RSS=41003MB GPU_alloc=16MB GPU_reserved=40MB
[2026-02-07 16:33:36] INFO model init done in 0.00s | RSS=41003MB GPU_alloc=16MB GPU_reserved=40MB
[2026-02-07 16:33:36] INFO starting model.fit (train) | RSS=41003MB GPU_alloc=16MB GPU_reserved=40MB
[2026-02-07 16:33:36] INFO [fit] set_image starting: shape=(282, 1214, 5001)
[2026-02-07 16:33:36] INFO [set_image] start: shape=(282, 1214, 5001), roi_mask=False, category_annotations=False
[2026-02-07 16:33:37] INFO [set_image] reshape+mask done in 0.70s
[2026-02-07 16:33:37] INFO [set_image] sampling done in 0.70s (method=random, sampled=10000)
[2026-02-07 16:33:38] INFO [set_image] model init done in 0.13s (input_dim=5001, n_components=3)
[2026-02-07 16:34:13] INFO [set_image] resample done in 35.03s (points=1000)
[2026-02-07 16:34:13] INFO [set_image] category labels done in 0.66s
[2026-02-07 16:37:42] INFO [set_image] clustering init done in 208.37s (levels=5)
[2026-02-07 16:37:42] INFO [set_image] optimizer init done in 0.00s (lr=1.0, warmup=10)
[2026-02-07 16:37:42] INFO [set_image] total setup time 245.61s
[2026-02-07 16:37:42] INFO [fit] set_image done in 245.61s
[2026-02-07 16:37:42] INFO [fit] training loop starting: epochs=100
[2026-02-07 16:38:03] INFO [fit] training loop finished in 21.67s
[2026-02-07 16:38:03] INFO model.fit completed in 267.28s | RSS=41062MB GPU_alloc=403MB GPU_reserved=820MB
[2026-02-07 16:38:03] INFO running predict (train) | RSS=41062MB GPU_alloc=403MB GPU_reserved=820MB
[2026-02-07 16:38:07] INFO compute_initial_viz DONE | RSS=41065MB GPU_alloc=403MB GPU_reserved=2214MB
[2026-02-07 16:48:23] INFO reload_viz using full image (no ROI) | RSS=31718MB GPU_alloc=0MB GPU_reserved=0MB
[2026-02-07 16:48:35] WARNING From C:\Users\PahnkeLab\miniconda3\envs\maldi\Lib\site-packages\keras\src\losses.py:2976: The name tf.losses.sparse_softmax_cross_entropy is deprecated. Please use tf.compat.v1.losses.sparse_softmax_cross_entropy instead.

[2026-02-07 16:48:36] INFO compute_initial_viz START | RSS=31985MB GPU_alloc=0MB GPU_reserved=0MB
[2026-02-07 16:48:36] INFO config loaded | RSS=31985MB GPU_alloc=0MB GPU_reserved=0MB
[2026-02-07 16:48:36] INFO reusing cached image (path unchanged): E:\MSImaging-data\_msi_visual\Extractions\NRL4558_5um\5bins\2\0.npy | RSS=31985MB GPU_alloc=0MB GPU_reserved=0MB
[2026-02-07 16:48:36] INFO creating new model and fitting (mics_lmc) | RSS=31985MB GPU_alloc=0MB GPU_reserved=0MB
[2026-02-07 16:48:36] INFO building model kwargs | RSS=31985MB GPU_alloc=0MB GPU_reserved=0MB
[2026-02-07 16:48:36] INFO model kwargs built in 0.00s | RSS=31985MB GPU_alloc=0MB GPU_reserved=0MB
[2026-02-07 16:48:36] INFO initializing model | RSS=31985MB GPU_alloc=0MB GPU_reserved=0MB
[2026-02-07 16:48:36] INFO model init done in 0.00s | RSS=31985MB GPU_alloc=0MB GPU_reserved=0MB
[2026-02-07 16:48:36] INFO starting model.fit (train) | RSS=31985MB GPU_alloc=0MB GPU_reserved=0MB
[2026-02-07 16:48:36] INFO [fit] set_image starting: shape=(1274, 1283, 5005)
[2026-02-07 16:48:36] INFO [set_image] start: shape=(1274, 1283, 5005), roi_mask=False, category_annotations=False
[2026-02-07 16:48:39] INFO [set_image] reshape+mask done in 2.93s
[2026-02-07 16:49:02] INFO [set_image] sampling done in 23.03s (method=superpixel, sampled=5321)
[2026-02-07 16:49:02] INFO [set_image] model init done in 0.21s (input_dim=5005, n_components=3)
[2026-02-07 16:49:18] INFO [set_image] resample done in 16.36s (points=1000)
[2026-02-07 16:49:21] INFO [set_image] category labels done in 3.02s
[2026-02-07 16:49:38] INFO [set_image] clustering init done in 16.31s (levels=5)
[2026-02-07 16:49:39] INFO [set_image] optimizer init done in 0.99s (lr=1.0, warmup=10)
[2026-02-07 16:49:39] INFO [set_image] total setup time 62.84s
[2026-02-07 16:49:39] INFO [fit] set_image done in 62.84s
[2026-02-07 16:49:39] INFO [fit] training loop starting: epochs=100
[2026-02-07 16:49:52] INFO [fit] training loop finished in 13.10s
[2026-02-07 16:49:52] INFO model.fit completed in 75.94s | RSS=33545MB GPU_alloc=372MB GPU_reserved=812MB
[2026-02-07 16:49:52] INFO running predict (train) | RSS=33545MB GPU_alloc=372MB GPU_reserved=812MB
[2026-02-07 16:50:09] INFO compute_initial_viz DONE | RSS=33606MB GPU_alloc=372MB GPU_reserved=2206MB
[2026-02-07 16:54:22] INFO reload_viz using full image (no ROI) | RSS=56133MB GPU_alloc=0MB GPU_reserved=0MB
[2026-02-07 16:54:32] WARNING From C:\Users\PahnkeLab\miniconda3\envs\maldi\Lib\site-packages\keras\src\losses.py:2976: The name tf.losses.sparse_softmax_cross_entropy is deprecated. Please use tf.compat.v1.losses.sparse_softmax_cross_entropy instead.

[2026-02-07 16:54:32] INFO compute_initial_viz START | RSS=56400MB GPU_alloc=0MB GPU_reserved=0MB
[2026-02-07 16:54:32] INFO config loaded | RSS=56400MB GPU_alloc=0MB GPU_reserved=0MB
[2026-02-07 16:54:32] INFO model_type resolved to 'parametric_umap' | RSS=56400MB GPU_alloc=0MB GPU_reserved=0MB
[2026-02-07 16:54:32] INFO reusing cached image (path unchanged): E:\MSImaging-data\_msi_visual\Extractions\NRL4558_5um\10bins\1\0.npy | RSS=56400MB GPU_alloc=0MB GPU_reserved=0MB
[2026-02-07 16:54:32] INFO creating new model and fitting (parametric_umap) | RSS=56400MB GPU_alloc=0MB GPU_reserved=0MB
[2026-02-07 16:54:32] INFO building UMAP kwargs | RSS=56400MB GPU_alloc=0MB GPU_reserved=0MB
[2026-02-07 16:54:32] INFO UMAP kwargs built in 0.00s | RSS=56400MB GPU_alloc=0MB GPU_reserved=0MB
[2026-02-07 16:54:32] INFO UMAP kwargs: {'n_components': 3, 'n_neighbors': 50, 'n_training_epochs': 20, 'start_bin': 0, 'end_bin': None} | RSS=56400MB GPU_alloc=0MB GPU_reserved=0MB
[2026-02-07 16:54:32] INFO starting UMAP.fit (train) | RSS=56400MB GPU_alloc=0MB GPU_reserved=0MB
[2026-02-07 16:54:49] WARNING From C:\Users\PahnkeLab\miniconda3\envs\maldi\Lib\site-packages\keras\src\backend.py:1398: The name tf.executing_eagerly_outside_functions is deprecated. Please use tf.compat.v1.executing_eagerly_outside_functions instead.

[2026-02-07 17:06:07] INFO reload_viz using full image (no ROI) | RSS=31719MB GPU_alloc=0MB GPU_reserved=0MB
[2026-02-07 17:06:17] WARNING From C:\Users\PahnkeLab\miniconda3\envs\maldi\Lib\site-packages\keras\src\losses.py:2976: The name tf.losses.sparse_softmax_cross_entropy is deprecated. Please use tf.compat.v1.losses.sparse_softmax_cross_entropy instead.

[2026-02-07 17:06:18] INFO compute_initial_viz START | RSS=31986MB GPU_alloc=0MB GPU_reserved=0MB
[2026-02-07 17:06:18] INFO config loaded | RSS=31986MB GPU_alloc=0MB GPU_reserved=0MB
[2026-02-07 17:06:18] INFO model_type resolved to 'parametric_umap' | RSS=31986MB GPU_alloc=0MB GPU_reserved=0MB
[2026-02-07 17:06:18] INFO reusing cached image (path unchanged): E:\MSImaging-data\_msi_visual\Extractions\NRL4558_5um\5bins\2\0.npy | RSS=31986MB GPU_alloc=0MB GPU_reserved=0MB
[2026-02-07 17:06:18] INFO creating new model and fitting (parametric_umap) | RSS=31986MB GPU_alloc=0MB GPU_reserved=0MB
[2026-02-07 17:06:18] INFO building UMAP kwargs | RSS=31986MB GPU_alloc=0MB GPU_reserved=0MB
[2026-02-07 17:06:18] INFO UMAP kwargs built in 0.00s | RSS=31986MB GPU_alloc=0MB GPU_reserved=0MB
[2026-02-07 17:06:18] INFO UMAP kwargs: {'n_components': 3, 'n_neighbors': 50, 'n_training_epochs': 20, 'pixel_sampling': 'superpixel', 'num_samples': 5000, 'pca_fit_step': 64, 'random_state': 42, 'start_bin': 0, 'end_bin': None} | RSS=31986MB GPU_alloc=0MB GPU_reserved=0MB
[2026-02-07 17:06:18] INFO starting UMAP.fit (train) | RSS=31986MB GPU_alloc=0MB GPU_reserved=0MB
[2026-02-07 17:06:42] WARNING From C:\Users\PahnkeLab\miniconda3\envs\maldi\Lib\site-packages\keras\src\backend.py:1398: The name tf.executing_eagerly_outside_functions is deprecated. Please use tf.compat.v1.executing_eagerly_outside_functions instead.

[2026-02-07 17:07:19] WARNING From C:\Users\PahnkeLab\miniconda3\envs\maldi\Lib\site-packages\keras\src\utils\tf_utils.py:492: The name tf.ragged.RaggedTensorValue is deprecated. Please use tf.compat.v1.ragged.RaggedTensorValue instead.

[2026-02-07 17:10:36] INFO reload_viz using full image (no ROI) | RSS=31718MB GPU_alloc=0MB GPU_reserved=0MB
[2026-02-07 17:10:46] WARNING From C:\Users\PahnkeLab\miniconda3\envs\maldi\Lib\site-packages\keras\src\losses.py:2976: The name tf.losses.sparse_softmax_cross_entropy is deprecated. Please use tf.compat.v1.losses.sparse_softmax_cross_entropy instead.

[2026-02-07 17:10:46] INFO compute_initial_viz START | RSS=31986MB GPU_alloc=0MB GPU_reserved=0MB
[2026-02-07 17:10:46] INFO config loaded | RSS=31986MB GPU_alloc=0MB GPU_reserved=0MB
[2026-02-07 17:10:46] INFO model_type resolved to 'parametric_umap' | RSS=31986MB GPU_alloc=0MB GPU_reserved=0MB
[2026-02-07 17:10:46] INFO reusing cached image (path unchanged): E:\MSImaging-data\_msi_visual\Extractions\NRL4558_5um\5bins\2\0.npy | RSS=31986MB GPU_alloc=0MB GPU_reserved=0MB
[2026-02-07 17:10:46] INFO creating new model and fitting (parametric_umap) | RSS=31986MB GPU_alloc=0MB GPU_reserved=0MB
[2026-02-07 17:10:46] INFO building UMAP kwargs | RSS=31986MB GPU_alloc=0MB GPU_reserved=0MB
[2026-02-07 17:10:46] INFO UMAP kwargs built in 0.00s | RSS=31986MB GPU_alloc=0MB GPU_reserved=0MB
[2026-02-07 17:10:46] INFO UMAP kwargs: {'n_components': 3, 'n_neighbors': 50, 'n_training_epochs': 2, 'pixel_sampling': 'superpixel', 'num_samples': 5000, 'pca_fit_step': 64, 'random_state': 42, 'start_bin': 0, 'end_bin': None} | RSS=31986MB GPU_alloc=0MB GPU_reserved=0MB
[2026-02-07 17:10:46] INFO starting UMAP.fit (train) | RSS=31986MB GPU_alloc=0MB GPU_reserved=0MB
[2026-02-07 17:11:10] WARNING From C:\Users\PahnkeLab\miniconda3\envs\maldi\Lib\site-packages\keras\src\backend.py:1398: The name tf.executing_eagerly_outside_functions is deprecated. Please use tf.compat.v1.executing_eagerly_outside_functions instead.

[2026-02-07 17:11:47] WARNING From C:\Users\PahnkeLab\miniconda3\envs\maldi\Lib\site-packages\keras\src\utils\tf_utils.py:492: The name tf.ragged.RaggedTensorValue is deprecated. Please use tf.compat.v1.ragged.RaggedTensorValue instead.

[2026-02-07 17:21:53] INFO reload_viz using full image (no ROI) | RSS=31719MB GPU_alloc=0MB GPU_reserved=0MB
[2026-02-07 17:22:03] WARNING From C:\Users\PahnkeLab\miniconda3\envs\maldi\Lib\site-packages\keras\src\losses.py:2976: The name tf.losses.sparse_softmax_cross_entropy is deprecated. Please use tf.compat.v1.losses.sparse_softmax_cross_entropy instead.

[2026-02-07 17:22:04] INFO compute_initial_viz START | RSS=31986MB GPU_alloc=0MB GPU_reserved=0MB
[2026-02-07 17:22:04] INFO config loaded | RSS=31986MB GPU_alloc=0MB GPU_reserved=0MB
[2026-02-07 17:22:04] INFO model_type resolved to 'parametric_umap' | RSS=31986MB GPU_alloc=0MB GPU_reserved=0MB
[2026-02-07 17:22:04] INFO reusing cached image (path unchanged): E:\MSImaging-data\_msi_visual\Extractions\NRL4558_5um\5bins\2\0.npy | RSS=31986MB GPU_alloc=0MB GPU_reserved=0MB
[2026-02-07 17:22:04] INFO creating new model and fitting (parametric_umap) | RSS=31986MB GPU_alloc=0MB GPU_reserved=0MB
[2026-02-07 17:22:04] INFO building UMAP kwargs | RSS=31986MB GPU_alloc=0MB GPU_reserved=0MB
[2026-02-07 17:22:04] INFO UMAP kwargs built in 0.00s | RSS=31986MB GPU_alloc=0MB GPU_reserved=0MB
[2026-02-07 17:22:04] INFO UMAP kwargs: {'n_components': 3, 'n_neighbors': 50, 'n_training_epochs': 2, 'n_epochs': 2, 'pixel_sampling': 'superpixel', 'num_samples': 5000, 'pca_fit_step': 64, 'random_state': 42, 'start_bin': 0, 'end_bin': None} | RSS=31986MB GPU_alloc=0MB GPU_reserved=0MB
[2026-02-07 17:22:04] INFO starting UMAP.fit (train) | RSS=31986MB GPU_alloc=0MB GPU_reserved=0MB
[2026-02-07 17:22:28] WARNING From C:\Users\PahnkeLab\miniconda3\envs\maldi\Lib\site-packages\keras\src\backend.py:1398: The name tf.executing_eagerly_outside_functions is deprecated. Please use tf.compat.v1.executing_eagerly_outside_functions instead.

[2026-02-07 17:22:51] ERROR compute_initial_viz FAILED: Unexpected value for `steps_per_epoch`. Received value is 0. Please check the docstring for `model.fit()` for supported values. | RSS=34441MB GPU_alloc=0MB GPU_reserved=0MB
[2026-02-07 17:24:58] INFO reload_viz using full image (no ROI) | RSS=31719MB GPU_alloc=0MB GPU_reserved=0MB
[2026-02-07 17:25:09] WARNING From C:\Users\PahnkeLab\miniconda3\envs\maldi\Lib\site-packages\keras\src\losses.py:2976: The name tf.losses.sparse_softmax_cross_entropy is deprecated. Please use tf.compat.v1.losses.sparse_softmax_cross_entropy instead.

[2026-02-07 17:25:09] INFO compute_initial_viz START | RSS=31986MB GPU_alloc=0MB GPU_reserved=0MB
[2026-02-07 17:25:09] INFO config loaded | RSS=31986MB GPU_alloc=0MB GPU_reserved=0MB
[2026-02-07 17:25:09] INFO model_type resolved to 'parametric_umap' | RSS=31986MB GPU_alloc=0MB GPU_reserved=0MB
[2026-02-07 17:25:09] INFO reusing cached image (path unchanged): E:\MSImaging-data\_msi_visual\Extractions\NRL4558_5um\5bins\2\0.npy | RSS=31986MB GPU_alloc=0MB GPU_reserved=0MB
[2026-02-07 17:25:09] INFO creating new model and fitting (parametric_umap) | RSS=31986MB GPU_alloc=0MB GPU_reserved=0MB
[2026-02-07 17:25:09] INFO building UMAP kwargs | RSS=31986MB GPU_alloc=0MB GPU_reserved=0MB
[2026-02-07 17:25:09] INFO UMAP kwargs built in 0.00s | RSS=31986MB GPU_alloc=0MB GPU_reserved=0MB
[2026-02-07 17:25:09] INFO UMAP kwargs: {'n_components': 3, 'n_neighbors': 50, 'n_training_epochs': 2, 'n_epochs': 2, 'pixel_sampling': 'superpixel', 'num_samples': 5000, 'pca_fit_step': 64, 'random_state': 42, 'start_bin': 0, 'end_bin': None} | RSS=31986MB GPU_alloc=0MB GPU_reserved=0MB
[2026-02-07 17:25:09] INFO starting UMAP.fit (train) | RSS=31986MB GPU_alloc=0MB GPU_reserved=0MB
[2026-02-07 17:25:32] WARNING From C:\Users\PahnkeLab\miniconda3\envs\maldi\Lib\site-packages\keras\src\backend.py:1398: The name tf.executing_eagerly_outside_functions is deprecated. Please use tf.compat.v1.executing_eagerly_outside_functions instead.

[2026-02-07 17:25:55] ERROR compute_initial_viz FAILED: Unexpected value for `steps_per_epoch`. Received value is 0. Please check the docstring for `model.fit()` for supported values. | RSS=34443MB GPU_alloc=0MB GPU_reserved=0MB
[2026-02-07 17:27:45] INFO reload_viz using full image (no ROI) | RSS=31718MB GPU_alloc=0MB GPU_reserved=0MB
[2026-02-07 17:27:55] WARNING From C:\Users\PahnkeLab\miniconda3\envs\maldi\Lib\site-packages\keras\src\losses.py:2976: The name tf.losses.sparse_softmax_cross_entropy is deprecated. Please use tf.compat.v1.losses.sparse_softmax_cross_entropy instead.

[2026-02-07 17:27:56] INFO compute_initial_viz START | RSS=31986MB GPU_alloc=0MB GPU_reserved=0MB
[2026-02-07 17:27:56] INFO config loaded | RSS=31986MB GPU_alloc=0MB GPU_reserved=0MB
[2026-02-07 17:27:56] INFO model_type resolved to 'parametric_umap' | RSS=31986MB GPU_alloc=0MB GPU_reserved=0MB
[2026-02-07 17:27:56] INFO reusing cached image (path unchanged): E:\MSImaging-data\_msi_visual\Extractions\NRL4558_5um\5bins\2\0.npy | RSS=31986MB GPU_alloc=0MB GPU_reserved=0MB
[2026-02-07 17:27:56] INFO creating new model and fitting (parametric_umap) | RSS=31986MB GPU_alloc=0MB GPU_reserved=0MB
[2026-02-07 17:27:56] INFO building UMAP kwargs | RSS=31986MB GPU_alloc=0MB GPU_reserved=0MB
[2026-02-07 17:27:56] INFO UMAP kwargs built in 0.00s | RSS=31986MB GPU_alloc=0MB GPU_reserved=0MB
[2026-02-07 17:27:56] INFO UMAP kwargs: {'n_components': 3, 'n_neighbors': 50, 'n_training_epochs': 2, 'n_epochs': 2, 'pixel_sampling': 'superpixel', 'num_samples': 5000, 'pca_fit_step': 64, 'random_state': 42, 'start_bin': 0, 'end_bin': None} | RSS=31986MB GPU_alloc=0MB GPU_reserved=0MB
[2026-02-07 17:27:56] INFO starting UMAP.fit (train) | RSS=31986MB GPU_alloc=0MB GPU_reserved=0MB
[2026-02-07 17:28:20] WARNING From C:\Users\PahnkeLab\miniconda3\envs\maldi\Lib\site-packages\keras\src\backend.py:1398: The name tf.executing_eagerly_outside_functions is deprecated. Please use tf.compat.v1.executing_eagerly_outside_functions instead.

[2026-02-07 17:28:42] ERROR compute_initial_viz FAILED: keras.src.engine.training.Model.fit() got multiple values for keyword argument 'steps_per_epoch' | RSS=34443MB GPU_alloc=0MB GPU_reserved=0MB
[2026-02-07 17:30:25] INFO reload_viz using full image (no ROI) | RSS=31719MB GPU_alloc=0MB GPU_reserved=0MB
[2026-02-07 17:30:36] WARNING From C:\Users\PahnkeLab\miniconda3\envs\maldi\Lib\site-packages\keras\src\losses.py:2976: The name tf.losses.sparse_softmax_cross_entropy is deprecated. Please use tf.compat.v1.losses.sparse_softmax_cross_entropy instead.

[2026-02-07 17:30:36] INFO compute_initial_viz START | RSS=31985MB GPU_alloc=0MB GPU_reserved=0MB
[2026-02-07 17:30:36] INFO config loaded | RSS=31986MB GPU_alloc=0MB GPU_reserved=0MB
[2026-02-07 17:30:36] INFO model_type resolved to 'parametric_umap' | RSS=31986MB GPU_alloc=0MB GPU_reserved=0MB
[2026-02-07 17:30:36] INFO reusing cached image (path unchanged): E:\MSImaging-data\_msi_visual\Extractions\NRL4558_5um\5bins\2\0.npy | RSS=31986MB GPU_alloc=0MB GPU_reserved=0MB
[2026-02-07 17:30:36] INFO creating new model and fitting (parametric_umap) | RSS=31986MB GPU_alloc=0MB GPU_reserved=0MB
[2026-02-07 17:30:36] INFO building UMAP kwargs | RSS=31986MB GPU_alloc=0MB GPU_reserved=0MB
[2026-02-07 17:30:36] INFO UMAP kwargs built in 0.00s | RSS=31986MB GPU_alloc=0MB GPU_reserved=0MB
[2026-02-07 17:30:36] INFO UMAP kwargs: {'n_components': 3, 'n_neighbors': 50, 'n_training_epochs': 4, 'n_epochs': 2, 'pixel_sampling': 'superpixel', 'num_samples': 5000, 'pca_fit_step': 64, 'random_state': 42, 'start_bin': 0, 'end_bin': None} | RSS=31986MB GPU_alloc=0MB GPU_reserved=0MB
[2026-02-07 17:30:36] INFO starting UMAP.fit (train) | RSS=31986MB GPU_alloc=0MB GPU_reserved=0MB
[2026-02-07 17:31:01] WARNING From C:\Users\PahnkeLab\miniconda3\envs\maldi\Lib\site-packages\keras\src\backend.py:1398: The name tf.executing_eagerly_outside_functions is deprecated. Please use tf.compat.v1.executing_eagerly_outside_functions instead.

[2026-02-07 17:31:24] ERROR compute_initial_viz FAILED: Unexpected value for `steps_per_epoch`. Received value is 0. Please check the docstring for `model.fit()` for supported values. | RSS=34442MB GPU_alloc=0MB GPU_reserved=0MB
[2026-02-07 17:36:36] INFO reload_viz using full image (no ROI) | RSS=31718MB GPU_alloc=0MB GPU_reserved=0MB
[2026-02-07 17:36:47] WARNING From C:\Users\PahnkeLab\miniconda3\envs\maldi\Lib\site-packages\keras\src\losses.py:2976: The name tf.losses.sparse_softmax_cross_entropy is deprecated. Please use tf.compat.v1.losses.sparse_softmax_cross_entropy instead.

[2026-02-07 17:36:47] INFO compute_initial_viz START | RSS=31986MB GPU_alloc=0MB GPU_reserved=0MB
[2026-02-07 17:36:47] INFO config loaded | RSS=31986MB GPU_alloc=0MB GPU_reserved=0MB
[2026-02-07 17:36:47] INFO model_type resolved to 'parametric_umap' | RSS=31986MB GPU_alloc=0MB GPU_reserved=0MB
[2026-02-07 17:36:47] INFO reusing cached image (path unchanged): E:\MSImaging-data\_msi_visual\Extractions\NRL4558_5um\5bins\2\0.npy | RSS=31986MB GPU_alloc=0MB GPU_reserved=0MB
[2026-02-07 17:36:47] INFO creating new model and fitting (parametric_umap) | RSS=31986MB GPU_alloc=0MB GPU_reserved=0MB
[2026-02-07 17:36:47] INFO building UMAP kwargs | RSS=31986MB GPU_alloc=0MB GPU_reserved=0MB
[2026-02-07 17:36:47] INFO UMAP kwargs built in 0.00s | RSS=31986MB GPU_alloc=0MB GPU_reserved=0MB
[2026-02-07 17:36:47] INFO UMAP kwargs: {'n_components': 3, 'n_neighbors': 50, 'n_training_epochs': 2, 'n_epochs': 2, 'pixel_sampling': 'superpixel', 'num_samples': 5000, 'pca_fit_step': 64, 'random_state': 42, 'start_bin': 0, 'end_bin': None} | RSS=31986MB GPU_alloc=0MB GPU_reserved=0MB
[2026-02-07 17:36:47] INFO starting UMAP.fit (train) | RSS=31986MB GPU_alloc=0MB GPU_reserved=0MB
[2026-02-07 17:37:11] WARNING From C:\Users\PahnkeLab\miniconda3\envs\maldi\Lib\site-packages\keras\src\backend.py:1398: The name tf.executing_eagerly_outside_functions is deprecated. Please use tf.compat.v1.executing_eagerly_outside_functions instead.

[2026-02-07 17:37:44] WARNING From C:\Users\PahnkeLab\miniconda3\envs\maldi\Lib\site-packages\keras\src\utils\tf_utils.py:492: The name tf.ragged.RaggedTensorValue is deprecated. Please use tf.compat.v1.ragged.RaggedTensorValue instead.

[2026-02-07 17:38:06] INFO UMAP.fit completed in 79.08s | RSS=34357MB GPU_alloc=0MB GPU_reserved=0MB
[2026-02-07 17:38:06] INFO running UMAP.predict (train) | RSS=34357MB GPU_alloc=0MB GPU_reserved=0MB
[2026-02-07 17:38:25] INFO UMAP.predict done (viz shape=(1274, 1283, 3), dtype=float32) | RSS=65756MB GPU_alloc=0MB GPU_reserved=0MB
[2026-02-07 17:38:25] INFO UMAP viz normalized (shape=(1274, 1283, 3), dtype=uint8) | RSS=65742MB GPU_alloc=0MB GPU_reserved=0MB
[2026-02-07 17:38:25] INFO compute_initial_viz DONE | RSS=65742MB GPU_alloc=0MB GPU_reserved=0MB
[2026-02-07 17:39:19] INFO reload_viz using ROI (116 points) | RSS=96969MB GPU_alloc=0MB GPU_reserved=0MB
[2026-02-07 17:39:19] INFO recompute_viz START | RSS=96969MB GPU_alloc=0MB GPU_reserved=0MB
[2026-02-07 17:39:19] INFO releasing previous model (GPU + large tensors) | RSS=96969MB GPU_alloc=0MB GPU_reserved=0MB
[2026-02-07 17:39:19] INFO previous model type=UMAPVirtualStain | RSS=96969MB GPU_alloc=0MB GPU_reserved=0MB
[2026-02-07 17:39:21] INFO after release + gc + cuda empty_cache | RSS=65088MB GPU_alloc=0MB GPU_reserved=0MB
[2026-02-07 17:39:21] INFO ROI mask built H=1274 W=1283 roi_pixels=103606 | RSS=65089MB GPU_alloc=0MB GPU_reserved=0MB
[2026-02-07 17:39:21] INFO model_type resolved to 'parametric_umap' | RSS=65089MB GPU_alloc=0MB GPU_reserved=0MB
[2026-02-07 17:39:21] INFO creating new Parametric UMAP model | RSS=65089MB GPU_alloc=0MB GPU_reserved=0MB
[2026-02-07 17:39:21] INFO UMAP kwargs: {'n_components': 3, 'n_neighbors': 50, 'n_training_epochs': 2, 'n_epochs': 2, 'pixel_sampling': 'superpixel', 'num_samples': 5000, 'pca_fit_step': 64, 'random_state': 42, 'start_bin': 0, 'end_bin': None} | RSS=65089MB GPU_alloc=0MB GPU_reserved=0MB
[2026-02-07 17:39:21] INFO starting UMAP.fit (train) on ROI-sampled pixels | RSS=65089MB GPU_alloc=0MB GPU_reserved=0MB
[2026-02-07 17:40:14] ERROR recompute_viz FAILED: Unexpected value for `steps_per_epoch`. Received value is 0. Please check the docstring for `model.fit()` for supported values. | RSS=66121MB GPU_alloc=0MB GPU_reserved=0MB
[2026-02-07 17:41:20] INFO reload_viz using ROI (116 points) | RSS=65241MB GPU_alloc=0MB GPU_reserved=0MB
[2026-02-07 17:41:20] INFO recompute_viz START | RSS=65241MB GPU_alloc=0MB GPU_reserved=0MB
[2026-02-07 17:41:20] INFO releasing previous model (GPU + large tensors) | RSS=65241MB GPU_alloc=0MB GPU_reserved=0MB
[2026-02-07 17:41:21] INFO after release + gc + cuda empty_cache | RSS=65103MB GPU_alloc=0MB GPU_reserved=0MB
[2026-02-07 17:41:21] INFO ROI mask built H=1274 W=1283 roi_pixels=103606 | RSS=65104MB GPU_alloc=0MB GPU_reserved=0MB
[2026-02-07 17:41:21] INFO model_type resolved to 'parametric_umap' | RSS=65104MB GPU_alloc=0MB GPU_reserved=0MB
[2026-02-07 17:41:21] INFO creating new Parametric UMAP model | RSS=65104MB GPU_alloc=0MB GPU_reserved=0MB
[2026-02-07 17:41:21] INFO UMAP kwargs: {'n_components': 3, 'n_neighbors': 50, 'n_training_epochs': 4, 'n_epochs': 2, 'pixel_sampling': 'superpixel', 'num_samples': 5000, 'pca_fit_step': 64, 'random_state': 42, 'start_bin': 0, 'end_bin': None} | RSS=65104MB GPU_alloc=0MB GPU_reserved=0MB
[2026-02-07 17:41:21] INFO starting UMAP.fit (train) on ROI-sampled pixels | RSS=65104MB GPU_alloc=0MB GPU_reserved=0MB
[2026-02-07 17:42:14] ERROR recompute_viz FAILED: Unexpected value for `steps_per_epoch`. Received value is 0. Please check the docstring for `model.fit()` for supported values. | RSS=66119MB GPU_alloc=0MB GPU_reserved=0MB
[2026-02-07 17:43:38] INFO reload_viz using full image (no ROI) | RSS=31718MB GPU_alloc=0MB GPU_reserved=0MB
[2026-02-07 17:43:49] WARNING From C:\Users\PahnkeLab\miniconda3\envs\maldi\Lib\site-packages\keras\src\losses.py:2976: The name tf.losses.sparse_softmax_cross_entropy is deprecated. Please use tf.compat.v1.losses.sparse_softmax_cross_entropy instead.

[2026-02-07 17:43:49] INFO compute_initial_viz START | RSS=31986MB GPU_alloc=0MB GPU_reserved=0MB
[2026-02-07 17:43:49] INFO config loaded | RSS=31986MB GPU_alloc=0MB GPU_reserved=0MB
[2026-02-07 17:43:49] INFO model_type resolved to 'parametric_umap' | RSS=31986MB GPU_alloc=0MB GPU_reserved=0MB
[2026-02-07 17:43:49] INFO reusing cached image (path unchanged): E:\MSImaging-data\_msi_visual\Extractions\NRL4558_5um\5bins\2\0.npy | RSS=31986MB GPU_alloc=0MB GPU_reserved=0MB
[2026-02-07 17:43:49] INFO creating new model and fitting (parametric_umap) | RSS=31986MB GPU_alloc=0MB GPU_reserved=0MB
[2026-02-07 17:43:49] INFO building UMAP kwargs | RSS=31986MB GPU_alloc=0MB GPU_reserved=0MB
[2026-02-07 17:43:49] INFO UMAP kwargs built in 0.00s | RSS=31986MB GPU_alloc=0MB GPU_reserved=0MB
[2026-02-07 17:43:49] INFO UMAP kwargs: {'n_components': 3, 'n_neighbors': 50, 'n_training_epochs': 2, 'n_epochs': 2, 'pixel_sampling': 'superpixel', 'num_samples': 5000, 'pca_fit_step': 64, 'random_state': 42, 'start_bin': 0, 'end_bin': None} | RSS=31986MB GPU_alloc=0MB GPU_reserved=0MB
[2026-02-07 17:43:49] INFO starting UMAP.fit (train) | RSS=31986MB GPU_alloc=0MB GPU_reserved=0MB
[2026-02-07 17:44:15] WARNING From C:\Users\PahnkeLab\miniconda3\envs\maldi\Lib\site-packages\keras\src\backend.py:1398: The name tf.executing_eagerly_outside_functions is deprecated. Please use tf.compat.v1.executing_eagerly_outside_functions instead.

[2026-02-07 17:44:46] WARNING From C:\Users\PahnkeLab\miniconda3\envs\maldi\Lib\site-packages\keras\src\utils\tf_utils.py:492: The name tf.ragged.RaggedTensorValue is deprecated. Please use tf.compat.v1.ragged.RaggedTensorValue instead.

[2026-02-07 17:45:09] INFO UMAP.fit completed in 79.25s | RSS=34363MB GPU_alloc=0MB GPU_reserved=0MB
[2026-02-07 17:45:09] INFO running UMAP.predict (train) | RSS=34363MB GPU_alloc=0MB GPU_reserved=0MB
[2026-02-07 17:45:28] INFO UMAP.predict done (viz shape=(1274, 1283, 3), dtype=float32) | RSS=65762MB GPU_alloc=0MB GPU_reserved=0MB
[2026-02-07 17:45:28] INFO UMAP viz normalized (shape=(1274, 1283, 3), dtype=uint8) | RSS=65748MB GPU_alloc=0MB GPU_reserved=0MB
[2026-02-07 17:45:28] INFO compute_initial_viz DONE | RSS=65748MB GPU_alloc=0MB GPU_reserved=0MB
[2026-02-07 17:46:55] INFO reload_viz using ROI (263 points) | RSS=96975MB GPU_alloc=0MB GPU_reserved=0MB
[2026-02-07 17:46:55] INFO recompute_viz START | RSS=96975MB GPU_alloc=0MB GPU_reserved=0MB
[2026-02-07 17:46:55] INFO releasing previous model (GPU + large tensors) | RSS=96975MB GPU_alloc=0MB GPU_reserved=0MB
[2026-02-07 17:46:55] INFO previous model type=UMAPVirtualStain | RSS=96975MB GPU_alloc=0MB GPU_reserved=0MB
[2026-02-07 17:46:57] INFO after release + gc + cuda empty_cache | RSS=65094MB GPU_alloc=0MB GPU_reserved=0MB
[2026-02-07 17:46:57] INFO ROI mask built H=1274 W=1283 roi_pixels=170596 | RSS=65096MB GPU_alloc=0MB GPU_reserved=0MB
[2026-02-07 17:46:57] INFO model_type resolved to 'parametric_umap' | RSS=65096MB GPU_alloc=0MB GPU_reserved=0MB
[2026-02-07 17:46:57] INFO creating new Parametric UMAP model | RSS=65096MB GPU_alloc=0MB GPU_reserved=0MB
[2026-02-07 17:46:57] INFO UMAP kwargs: {'n_components': 3, 'n_neighbors': 50, 'n_training_epochs': 2, 'n_epochs': 2, 'pixel_sampling': 'superpixel', 'num_samples': 5000, 'pca_fit_step': 64, 'random_state': 42, 'start_bin': 0, 'end_bin': None} | RSS=65096MB GPU_alloc=0MB GPU_reserved=0MB
[2026-02-07 17:46:57] INFO starting UMAP.fit (train) on ROI-sampled pixels | RSS=65096MB GPU_alloc=0MB GPU_reserved=0MB
[2026-02-07 17:48:02] INFO running UMAP.predict | RSS=65480MB GPU_alloc=0MB GPU_reserved=0MB
[2026-02-07 17:48:21] INFO UMAP.predict done (viz shape=(1274, 1283, 3), dtype=float32) | RSS=96617MB GPU_alloc=0MB GPU_reserved=0MB
[2026-02-07 17:48:21] INFO UMAP viz normalized (shape=(1274, 1283, 3), dtype=uint8) | RSS=96603MB GPU_alloc=0MB GPU_reserved=0MB
[2026-02-07 17:48:21] INFO recompute_viz DONE | RSS=96603MB GPU_alloc=0MB GPU_reserved=0MB
[2026-02-07 17:49:20] INFO reload_viz using ROI (254 points) | RSS=65128MB GPU_alloc=0MB GPU_reserved=0MB
[2026-02-07 17:49:20] INFO recompute_viz START | RSS=65128MB GPU_alloc=0MB GPU_reserved=0MB
[2026-02-07 17:49:20] INFO releasing previous model (GPU + large tensors) | RSS=65128MB GPU_alloc=0MB GPU_reserved=0MB
[2026-02-07 17:49:20] INFO previous model type=UMAPVirtualStain | RSS=65123MB GPU_alloc=0MB GPU_reserved=0MB
[2026-02-07 17:49:21] INFO after release + gc + cuda empty_cache | RSS=65123MB GPU_alloc=0MB GPU_reserved=0MB
[2026-02-07 17:49:21] INFO ROI mask built H=1274 W=1283 roi_pixels=103991 | RSS=65125MB GPU_alloc=0MB GPU_reserved=0MB
[2026-02-07 17:49:21] INFO model_type resolved to 'parametric_umap' | RSS=65125MB GPU_alloc=0MB GPU_reserved=0MB
[2026-02-07 17:49:21] INFO creating new Parametric UMAP model | RSS=65125MB GPU_alloc=0MB GPU_reserved=0MB
[2026-02-07 17:49:21] INFO UMAP kwargs: {'n_components': 3, 'n_neighbors': 50, 'n_training_epochs': 2, 'n_epochs': 2, 'pixel_sampling': 'superpixel', 'num_samples': 5000, 'pca_fit_step': 64, 'random_state': 42, 'start_bin': 0, 'end_bin': None} | RSS=65125MB GPU_alloc=0MB GPU_reserved=0MB
[2026-02-07 17:49:21] INFO starting UMAP.fit (train) on ROI-sampled pixels | RSS=65125MB GPU_alloc=0MB GPU_reserved=0MB
[2026-02-07 17:50:26] INFO running UMAP.predict | RSS=65436MB GPU_alloc=0MB GPU_reserved=0MB
[2026-02-07 17:50:44] INFO UMAP.predict done (viz shape=(1274, 1283, 3), dtype=float32) | RSS=96589MB GPU_alloc=0MB GPU_reserved=0MB
[2026-02-07 17:50:44] INFO UMAP viz normalized (shape=(1274, 1283, 3), dtype=uint8) | RSS=96575MB GPU_alloc=0MB GPU_reserved=0MB
[2026-02-07 17:50:44] INFO recompute_viz DONE | RSS=96575MB GPU_alloc=0MB GPU_reserved=0MB
[2026-02-07 17:52:26] INFO reload_viz using ROI (254 points) | RSS=65182MB GPU_alloc=0MB GPU_reserved=0MB
[2026-02-07 17:52:26] INFO recompute_viz START | RSS=65182MB GPU_alloc=0MB GPU_reserved=0MB
[2026-02-07 17:52:26] INFO releasing previous model (GPU + large tensors) | RSS=65182MB GPU_alloc=0MB GPU_reserved=0MB
[2026-02-07 17:52:26] INFO previous model type=UMAPVirtualStain | RSS=65177MB GPU_alloc=0MB GPU_reserved=0MB
[2026-02-07 17:52:27] INFO after release + gc + cuda empty_cache | RSS=65177MB GPU_alloc=0MB GPU_reserved=0MB
[2026-02-07 17:52:27] INFO ROI mask built H=1274 W=1283 roi_pixels=103991 | RSS=65179MB GPU_alloc=0MB GPU_reserved=0MB
[2026-02-07 17:52:27] INFO model_type resolved to 'parametric_umap' | RSS=65179MB GPU_alloc=0MB GPU_reserved=0MB
[2026-02-07 17:52:27] INFO creating new Parametric UMAP model | RSS=65179MB GPU_alloc=0MB GPU_reserved=0MB
[2026-02-07 17:52:27] INFO UMAP kwargs: {'n_components': 3, 'n_neighbors': 50, 'n_training_epochs': 16, 'n_epochs': 16, 'pixel_sampling': 'superpixel', 'num_samples': 5000, 'pca_fit_step': 64, 'random_state': 42, 'start_bin': 0, 'end_bin': None} | RSS=65179MB GPU_alloc=0MB GPU_reserved=0MB
[2026-02-07 17:52:27] INFO starting UMAP.fit (train) on ROI-sampled pixels | RSS=65179MB GPU_alloc=0MB GPU_reserved=0MB
[2026-02-07 19:03:06] INFO running UMAP.predict | RSS=67654MB GPU_alloc=0MB GPU_reserved=0MB
[2026-02-07 19:03:27] INFO UMAP.predict done (viz shape=(1274, 1283, 3), dtype=float32) | RSS=98818MB GPU_alloc=0MB GPU_reserved=0MB
[2026-02-07 19:03:27] INFO UMAP viz normalized (shape=(1274, 1283, 3), dtype=uint8) | RSS=98804MB GPU_alloc=0MB GPU_reserved=0MB
[2026-02-07 19:03:27] INFO recompute_viz DONE | RSS=98804MB GPU_alloc=0MB GPU_reserved=0MB
[2026-02-07 20:09:48] INFO reload_viz using ROI (254 points) | RSS=55974MB
[2026-02-07 20:09:58] WARNING From C:\Users\PahnkeLab\miniconda3\envs\maldi\Lib\site-packages\keras\src\losses.py:2976: The name tf.losses.sparse_softmax_cross_entropy is deprecated. Please use tf.compat.v1.losses.sparse_softmax_cross_entropy instead.

[2026-02-07 20:09:58] INFO recompute_viz START | RSS=56231MB
[2026-02-07 20:09:58] INFO releasing previous model (GPU + large tensors) | RSS=56231MB
[2026-02-07 20:09:58] INFO after release + gc + cuda empty_cache | RSS=56231MB
[2026-02-07 20:09:58] INFO ROI mask built H=1054 W=1382 roi_pixels=103991 | RSS=56233MB
[2026-02-07 20:09:58] INFO model_type resolved to 'mics_lmc' | RSS=56233MB
[2026-02-07 20:09:58] INFO creating new MSIParametricMiCSLMC | RSS=56233MB
[2026-02-07 20:09:58] INFO MiCS+LMC kwargs: {'number_of_points': 1000, 'sampling': 'coreset', 'num_epochs': 100, 'number_of_components': 3, 'num_layers': 2, 'lab_to_rgb': True, 'cluster': True, 'clusters': [32, 64, 128, 256, 512], 'num_samples': 10000, 'beta': 1.0, 'k_epoch': 20, 'temperature': 100.0, 'lr': 1.0, 'batch_size': 1024, 'warmup_epochs': 10, 'factor': 1.0, 'random_state': 42, 'verbose': False, 'cluster_loss_weight': 1.0, 'category_loss_weight': 1.0, 'pixel_sampling': 'superpixel', 'pca_fit_step': 1, 'cluster_on_pca': False, 'cluster_pca_dims': 50} | RSS=56233MB
[2026-02-07 20:09:58] INFO calling set_image(roi_mask=..., category_annotations=...) | RSS=56233MB
[2026-02-07 20:09:58] INFO [set_image] start: shape=(1054, 1382, 10010), roi_mask=True, category_annotations=False
[2026-02-07 20:10:03] INFO [set_image] reshape+mask done in 5.05s
[2026-02-07 20:10:47] INFO reload_viz using ROI (254 points) | RSS=167479MB
[2026-02-07 20:10:47] INFO recompute_viz START | RSS=167479MB
[2026-02-07 20:10:47] INFO releasing previous model (GPU + large tensors) | RSS=167479MB
[2026-02-07 20:10:48] INFO after release + gc + cuda empty_cache | RSS=167479MB
[2026-02-07 20:10:48] INFO ROI mask built H=1054 W=1382 roi_pixels=103991 | RSS=167480MB
[2026-02-07 20:10:48] INFO model_type resolved to 'mics_lmc' | RSS=167480MB
[2026-02-07 20:10:48] INFO creating new MSIParametricMiCSLMC | RSS=167480MB
[2026-02-07 20:10:48] INFO MiCS+LMC kwargs: {'number_of_points': 1000, 'sampling': 'coreset', 'num_epochs': 100, 'number_of_components': 3, 'num_layers': 2, 'lab_to_rgb': True, 'cluster': True, 'clusters': [32, 64, 128, 256, 512], 'num_samples': 10000, 'beta': 1.0, 'k_epoch': 20, 'temperature': 100.0, 'lr': 1.0, 'batch_size': 1024, 'warmup_epochs': 10, 'factor': 1.0, 'random_state': 42, 'verbose': False, 'cluster_loss_weight': 1.0, 'category_loss_weight': 1.0, 'pixel_sampling': 'superpixel', 'pca_fit_step': 1, 'cluster_on_pca': False, 'cluster_pca_dims': 50} | RSS=167480MB
[2026-02-07 20:10:48] INFO calling set_image(roi_mask=..., category_annotations=...) | RSS=167480MB
[2026-02-07 20:10:48] INFO [set_image] start: shape=(1054, 1382, 10010), roi_mask=True, category_annotations=False
[2026-02-07 20:10:57] INFO [set_image] reshape+mask done in 9.23s
[2026-02-07 20:12:47] INFO [set_image] sampling done in 163.18s (method=superpixel, sampled=3838)
[2026-02-07 20:12:47] INFO [set_image] model init done in 0.34s (input_dim=10010, n_components=3)
[2026-02-07 20:13:28] INFO [set_image] resample done in 41.50s (points=1000)
[2026-02-07 20:13:33] INFO [set_image] category labels done in 4.92s
[2026-02-07 20:13:55] INFO [set_image] sampling done in 177.87s (method=superpixel, sampled=3842)
[2026-02-07 20:13:55] INFO [set_image] model init done in 0.14s (input_dim=10010, n_components=3)
[2026-02-07 20:14:24] INFO [set_image] resample done in 29.14s (points=1000)
[2026-02-07 20:14:30] INFO [set_image] category labels done in 5.47s
[2026-02-07 20:16:44] INFO [set_image] clustering init done in 190.59s (levels=5)
[2026-02-07 20:16:45] INFO [set_image] optimizer init done in 1.40s (lr=1.0, warmup=10)
[2026-02-07 20:16:45] INFO [set_image] total setup time 406.97s
[2026-02-07 20:16:45] INFO training 100 epochs | RSS=113570MB
[2026-02-07 20:16:47] INFO epoch 1/100 | RSS=114331MB
[2026-02-07 20:17:10] INFO epoch 20/100 | RSS=114322MB
[2026-02-07 20:17:35] INFO epoch 40/100 | RSS=114365MB
[2026-02-07 20:18:01] INFO epoch 60/100 | RSS=114361MB
[2026-02-07 20:18:07] INFO [set_image] clustering init done in 216.93s (levels=5)
[2026-02-07 20:18:07] INFO [set_image] optimizer init done in 0.00s (lr=1.0, warmup=10)
[2026-02-07 20:18:07] INFO [set_image] total setup time 438.78s
[2026-02-07 20:18:07] INFO training 100 epochs | RSS=114288MB
[2026-02-07 20:18:08] INFO epoch 1/100 | RSS=114903MB
[2026-02-07 20:18:37] INFO epoch 80/100 | RSS=114846MB
[2026-02-07 20:18:43] INFO epoch 20/100 | RSS=114882MB
[2026-02-07 20:19:15] INFO epoch 100/100 | RSS=114912MB
[2026-02-07 20:19:15] INFO running predict | RSS=114912MB
[2026-02-07 20:19:19] INFO epoch 40/100 | RSS=115369MB
[2026-02-07 20:20:01] INFO epoch 60/100 | RSS=115549MB
[2026-02-07 20:20:43] INFO epoch 80/100 | RSS=115605MB
[2026-02-07 20:20:58] INFO recompute_viz DONE | RSS=115680MB
[2026-02-07 20:21:11] INFO epoch 100/100 | RSS=115555MB
[2026-02-07 20:21:11] INFO running predict | RSS=115555MB
[2026-02-07 20:22:26] INFO recompute_viz DONE | RSS=115566MB
[2026-02-07 20:53:21] INFO reload_viz using full image (no ROI) | RSS=31561MB
[2026-02-07 20:53:32] WARNING From C:\Users\PahnkeLab\miniconda3\envs\maldi\Lib\site-packages\keras\src\losses.py:2976: The name tf.losses.sparse_softmax_cross_entropy is deprecated. Please use tf.compat.v1.losses.sparse_softmax_cross_entropy instead.

[2026-02-07 20:53:32] INFO compute_initial_viz START | RSS=31818MB
[2026-02-07 20:53:32] INFO config loaded | RSS=31818MB
[2026-02-07 20:53:32] INFO model_type resolved to 'mics_lmc' | RSS=31818MB
[2026-02-07 20:53:32] INFO reusing cached image (path unchanged): E:\MSImaging-data\_msi_visual\Extractions\NRL4558_5um\5bins\2\0.npy | RSS=31818MB
[2026-02-07 20:53:32] INFO creating new model and fitting (mics_lmc) | RSS=31818MB
[2026-02-07 20:53:32] INFO building model kwargs | RSS=31818MB
[2026-02-07 20:53:32] INFO model kwargs built in 0.00s | RSS=31818MB
[2026-02-07 20:53:32] INFO MiCS+LMC kwargs: {'number_of_points': 1000, 'sampling': 'coreset', 'num_epochs': 100, 'number_of_components': 3, 'num_layers': 2, 'lab_to_rgb': True, 'cluster': True, 'clusters': [4, 8, 16, 32, 64], 'num_samples': 5000, 'beta': 1.0, 'k_epoch': 20, 'temperature': 100.0, 'lr': 1.0, 'batch_size': 1024, 'warmup_epochs': 10, 'factor': 1.0, 'random_state': 42, 'verbose': False, 'cluster_loss_weight': 1.0, 'category_loss_weight': 1.0, 'pixel_sampling': 'superpixel', 'pca_fit_step': 64, 'cluster_on_pca': False, 'cluster_pca_dims': 50} | RSS=31818MB
[2026-02-07 20:53:32] INFO initializing model | RSS=31818MB
[2026-02-07 20:53:32] INFO model init done in 0.00s | RSS=31818MB
[2026-02-07 20:53:32] INFO starting model.fit (train) | RSS=31818MB
[2026-02-07 20:53:32] INFO [fit] set_image starting: shape=(1274, 1283, 5005)
[2026-02-07 20:53:32] INFO [set_image] start: shape=(1274, 1283, 5005), roi_mask=False, category_annotations=False
[2026-02-07 20:53:35] INFO [set_image] reshape+mask done in 2.88s
[2026-02-07 20:54:00] INFO [set_image] sampling done in 24.39s (method=superpixel, sampled=5321)
[2026-02-07 20:54:00] INFO [set_image] model init done in 0.09s (input_dim=5005, n_components=3)
[2026-02-07 20:54:18] INFO [set_image] resample done in 18.16s (points=1000)
[2026-02-07 20:54:21] INFO [set_image] category labels done in 2.96s
[2026-02-07 20:54:37] INFO [set_image] clustering init done in 16.58s (levels=5)
[2026-02-07 20:54:39] INFO [set_image] optimizer init done in 1.20s (lr=1.0, warmup=10)
[2026-02-07 20:54:39] INFO [set_image] total setup time 66.25s
[2026-02-07 20:54:39] INFO [fit] set_image done in 66.25s
[2026-02-07 20:54:39] INFO [fit] training loop starting: epochs=100
[2026-02-07 20:56:59] INFO [fit] training loop finished in 140.77s
[2026-02-07 20:56:59] INFO model.fit completed in 207.03s | RSS=33524MB
[2026-02-07 20:56:59] INFO running predict (train) | RSS=33524MB
[2026-02-07 20:57:58] INFO compute_initial_viz DONE | RSS=34069MB
[2026-02-07 21:00:07] INFO reload_viz using ROI (50 points) | RSS=65282MB
[2026-02-07 21:00:07] INFO recompute_viz START | RSS=65282MB
[2026-02-07 21:00:07] INFO releasing previous model (GPU + large tensors) | RSS=65282MB
[2026-02-07 21:00:07] INFO previous model type=MSIParametricMiCSLMC | RSS=65278MB
[2026-02-07 21:00:09] INFO after release + gc + cuda empty_cache | RSS=33887MB
[2026-02-07 21:00:09] INFO ROI mask built H=1274 W=1283 roi_pixels=7645 | RSS=33888MB
[2026-02-07 21:00:09] INFO model_type resolved to 'mics_lmc' | RSS=33888MB
[2026-02-07 21:00:09] INFO creating new MSIParametricMiCSLMC | RSS=33888MB
[2026-02-07 21:00:09] INFO MiCS+LMC kwargs: {'number_of_points': 1000, 'sampling': 'coreset', 'num_epochs': 100, 'number_of_components': 3, 'num_layers': 2, 'lab_to_rgb': True, 'cluster': True, 'clusters': [4, 8, 16, 32, 64], 'num_samples': 5000, 'beta': 1.0, 'k_epoch': 20, 'temperature': 100.0, 'lr': 1.0, 'batch_size': 1024, 'warmup_epochs': 10, 'factor': 1.0, 'random_state': 42, 'verbose': False, 'cluster_loss_weight': 1.0, 'category_loss_weight': 1.0, 'pixel_sampling': 'superpixel', 'pca_fit_step': 64, 'cluster_on_pca': False, 'cluster_pca_dims': 50} | RSS=33888MB
[2026-02-07 21:00:09] INFO calling set_image(roi_mask=..., category_annotations=...) | RSS=33889MB
[2026-02-07 21:00:09] INFO [set_image] start: shape=(1274, 1283, 5005), roi_mask=True, category_annotations=False
[2026-02-07 21:00:12] INFO [set_image] reshape+mask done in 3.13s
[2026-02-07 21:00:41] INFO [set_image] sampling done in 28.55s (method=superpixel, sampled=160)
[2026-02-07 21:00:41] INFO [set_image] model init done in 0.07s (input_dim=5005, n_components=3)
[2026-02-07 21:00:41] INFO [set_image] resample done in 0.06s (points=160)
[2026-02-07 21:00:44] INFO [set_image] category labels done in 3.22s
[2026-02-07 21:00:45] INFO [set_image] clustering init done in 0.63s (levels=5)
[2026-02-07 21:00:45] INFO [set_image] optimizer init done in 0.00s (lr=1.0, warmup=10)
[2026-02-07 21:00:45] INFO [set_image] total setup time 35.67s
[2026-02-07 21:00:45] INFO training 100 epochs | RSS=33898MB
[2026-02-07 21:00:45] INFO epoch 1/100 | RSS=34079MB
[2026-02-07 21:00:46] INFO epoch 20/100 | RSS=34083MB
[2026-02-07 21:00:48] INFO epoch 40/100 | RSS=34094MB
[2026-02-07 21:00:49] INFO epoch 60/100 | RSS=34082MB
[2026-02-07 21:00:51] INFO epoch 80/100 | RSS=34082MB
[2026-02-07 21:00:53] INFO epoch 100/100 | RSS=34101MB
[2026-02-07 21:00:53] INFO running predict | RSS=34101MB
[2026-02-07 21:01:51] INFO recompute_viz DONE | RSS=34106MB
[2026-02-07 21:02:28] INFO reload_viz using ROI (50 points) | RSS=65316MB
[2026-02-07 21:02:28] INFO recompute_viz START | RSS=65316MB
[2026-02-07 21:02:28] INFO releasing previous model (GPU + large tensors) | RSS=65316MB
[2026-02-07 21:02:28] INFO previous model type=MSIParametricMiCSLMC | RSS=65311MB
[2026-02-07 21:02:30] INFO after release + gc + cuda empty_cache | RSS=34066MB
[2026-02-07 21:02:30] INFO ROI mask built H=1274 W=1283 roi_pixels=7645 | RSS=34068MB
[2026-02-07 21:02:30] INFO model_type resolved to 'parametric_umap' | RSS=34068MB
[2026-02-07 21:02:30] INFO creating new Parametric UMAP model | RSS=34068MB
[2026-02-07 21:02:30] INFO UMAP kwargs: {'n_components': 3, 'n_neighbors': 50, 'n_training_epochs': 2, 'n_epochs': 2, 'pixel_sampling': 'superpixel', 'num_samples': 5000, 'pca_fit_step': 64, 'random_state': 42, 'start_bin': 0, 'end_bin': None} | RSS=34068MB
[2026-02-07 21:02:30] INFO starting UMAP.fit (train) on ROI-sampled pixels | RSS=34068MB
[2026-02-07 21:02:59] WARNING From C:\Users\PahnkeLab\miniconda3\envs\maldi\Lib\site-packages\keras\src\backend.py:1398: The name tf.executing_eagerly_outside_functions is deprecated. Please use tf.compat.v1.executing_eagerly_outside_functions instead.

[2026-02-07 21:03:05] ERROR recompute_viz FAILED: Unexpected value for `steps_per_epoch`. Received value is 0. Please check the docstring for `model.fit()` for supported values. | RSS=34196MB
[2026-02-07 21:05:57] INFO reload_viz using ROI (199 points) | RSS=34148MB
[2026-02-07 21:05:57] INFO recompute_viz START | RSS=34148MB
[2026-02-07 21:05:57] INFO releasing previous model (GPU + large tensors) | RSS=34148MB
[2026-02-07 21:05:57] INFO after release + gc + cuda empty_cache | RSS=34142MB
[2026-02-07 21:05:57] INFO ROI mask built H=1274 W=1283 roi_pixels=131222 | RSS=34144MB
[2026-02-07 21:05:57] INFO model_type resolved to 'parametric_umap' | RSS=34144MB
[2026-02-07 21:05:57] INFO creating new Parametric UMAP model | RSS=34144MB
[2026-02-07 21:05:57] INFO UMAP kwargs: {'n_components': 3, 'n_neighbors': 50, 'n_training_epochs': 2, 'n_epochs': 2, 'pixel_sampling': 'superpixel', 'num_samples': 5000, 'pca_fit_step': 64, 'random_state': 42, 'start_bin': 0, 'end_bin': None} | RSS=34144MB
[2026-02-07 21:05:57] INFO starting UMAP.fit (train) on ROI-sampled pixels | RSS=34144MB
[2026-02-07 21:06:53] WARNING From C:\Users\PahnkeLab\miniconda3\envs\maldi\Lib\site-packages\keras\src\utils\tf_utils.py:492: The name tf.ragged.RaggedTensorValue is deprecated. Please use tf.compat.v1.ragged.RaggedTensorValue instead.

[2026-02-07 21:07:15] INFO running UMAP.predict | RSS=35569MB
[2026-02-07 21:07:34] INFO UMAP.predict done (viz shape=(1274, 1283, 3), dtype=float32) | RSS=66999MB
[2026-02-07 21:07:34] INFO UMAP viz normalized (shape=(1274, 1283, 3), dtype=uint8) | RSS=66985MB
[2026-02-07 21:07:34] INFO recompute_viz DONE | RSS=66985MB
[2026-02-07 21:09:12] INFO reload_viz using ROI (199 points) | RSS=35147MB
[2026-02-07 21:09:12] INFO recompute_viz START | RSS=35147MB
[2026-02-07 21:09:12] INFO releasing previous model (GPU + large tensors) | RSS=35147MB
[2026-02-07 21:09:12] INFO previous model type=UMAPVirtualStain | RSS=35142MB
[2026-02-07 21:09:12] INFO after release + gc + cuda empty_cache | RSS=35142MB
[2026-02-07 21:09:12] INFO ROI mask built H=1274 W=1283 roi_pixels=131222 | RSS=35144MB
[2026-02-07 21:09:12] INFO model_type resolved to 'parametric_umap' | RSS=35144MB
[2026-02-07 21:09:12] INFO creating new Parametric UMAP model | RSS=35144MB
[2026-02-07 21:09:12] INFO UMAP kwargs: {'n_components': 3, 'n_neighbors': 5, 'n_training_epochs': 2, 'n_epochs': 2, 'pixel_sampling': 'superpixel', 'num_samples': 5000, 'pca_fit_step': 64, 'random_state': 42, 'start_bin': 0, 'end_bin': None} | RSS=35144MB
[2026-02-07 21:09:12] INFO starting UMAP.fit (train) on ROI-sampled pixels | RSS=35144MB
[2026-02-07 21:10:15] INFO running UMAP.predict | RSS=35444MB
[2026-02-07 21:10:35] INFO UMAP.predict done (viz shape=(1274, 1283, 3), dtype=float32) | RSS=66600MB
[2026-02-07 21:10:35] INFO UMAP viz normalized (shape=(1274, 1283, 3), dtype=uint8) | RSS=66586MB
[2026-02-07 21:10:35] INFO recompute_viz DONE | RSS=66586MB
[2026-02-08 05:37:45] INFO reload_viz using ROI (171 points) | RSS=35194MB
[2026-02-08 05:37:45] INFO recompute_viz START | RSS=35194MB
[2026-02-08 05:37:45] INFO releasing previous model (GPU + large tensors) | RSS=35194MB
[2026-02-08 05:37:45] INFO previous model type=UMAPVirtualStain | RSS=35189MB
[2026-02-08 05:37:46] INFO after release + gc + cuda empty_cache | RSS=35189MB
[2026-02-08 05:37:46] INFO ROI mask built H=1274 W=1283 roi_pixels=63955 | RSS=35190MB
[2026-02-08 05:37:46] INFO model_type resolved to 'parametric_umap' | RSS=35190MB
[2026-02-08 05:37:46] INFO creating new Parametric UMAP model | RSS=35190MB
[2026-02-08 05:37:46] INFO UMAP kwargs: {'n_components': 3, 'n_neighbors': 5, 'n_training_epochs': 2, 'n_epochs': 2, 'pixel_sampling': 'superpixel', 'num_samples': 5000, 'pca_fit_step': 64, 'random_state': 42, 'start_bin': 0, 'end_bin': None} | RSS=35190MB
[2026-02-08 05:37:46] INFO starting UMAP.fit (train) on ROI-sampled pixels | RSS=35190MB
[2026-02-08 05:38:41] INFO running UMAP.predict | RSS=35343MB
[2026-02-08 05:39:01] INFO UMAP.predict done (viz shape=(1274, 1283, 3), dtype=float32) | RSS=66535MB
[2026-02-08 05:39:01] INFO UMAP viz normalized (shape=(1274, 1283, 3), dtype=uint8) | RSS=66521MB
[2026-02-08 05:39:01] INFO recompute_viz DONE | RSS=66521MB
[2026-02-08 05:39:54] INFO reload_viz using ROI (171 points) | RSS=35233MB
[2026-02-08 05:39:54] INFO recompute_viz START | RSS=35233MB
[2026-02-08 05:39:54] INFO releasing previous model (GPU + large tensors) | RSS=35233MB
[2026-02-08 05:39:54] INFO previous model type=UMAPVirtualStain | RSS=35228MB
[2026-02-08 05:39:55] INFO after release + gc + cuda empty_cache | RSS=35228MB
[2026-02-08 05:39:55] INFO ROI mask built H=1274 W=1283 roi_pixels=63955 | RSS=35230MB
[2026-02-08 05:39:55] INFO model_type resolved to 'parametric_umap' | RSS=35230MB
[2026-02-08 05:39:55] INFO creating new Parametric UMAP model | RSS=35230MB
[2026-02-08 05:39:55] INFO UMAP kwargs: {'n_components': 3, 'n_neighbors': 5, 'n_training_epochs': 2, 'n_epochs': 2, 'pixel_sampling': 'superpixel', 'num_samples': 5000, 'pca_fit_step': 64, 'random_state': 42, 'start_bin': 0, 'end_bin': None} | RSS=35230MB
[2026-02-08 05:39:55] INFO starting UMAP.fit (train) on ROI-sampled pixels | RSS=35230MB
[2026-02-08 05:40:51] INFO running UMAP.predict | RSS=35364MB
[2026-02-08 05:41:10] INFO UMAP.predict done (viz shape=(1274, 1283, 3), dtype=float32) | RSS=66554MB
[2026-02-08 05:41:10] INFO UMAP viz normalized (shape=(1274, 1283, 3), dtype=uint8) | RSS=66540MB
[2026-02-08 05:41:10] INFO recompute_viz DONE | RSS=66540MB
[2026-02-08 05:42:09] INFO reload_viz using ROI (171 points) | RSS=35251MB
[2026-02-08 05:42:09] INFO recompute_viz START | RSS=35251MB
[2026-02-08 05:42:09] INFO releasing previous model (GPU + large tensors) | RSS=35251MB
[2026-02-08 05:42:09] INFO previous model type=UMAPVirtualStain | RSS=35246MB
[2026-02-08 05:42:09] INFO after release + gc + cuda empty_cache | RSS=35246MB
[2026-02-08 05:42:09] INFO ROI mask built H=1274 W=1283 roi_pixels=63955 | RSS=35248MB
[2026-02-08 05:42:09] INFO model_type resolved to 'parametric_umap' | RSS=35248MB
[2026-02-08 05:42:09] INFO creating new Parametric UMAP model | RSS=35248MB
[2026-02-08 05:42:09] INFO UMAP kwargs: {'n_components': 3, 'n_neighbors': 5, 'n_training_epochs': 2, 'n_epochs': 2, 'pixel_sampling': 'superpixel', 'num_samples': 5000, 'pca_fit_step': 64, 'random_state': 42, 'start_bin': 0, 'end_bin': None} | RSS=35248MB
[2026-02-08 05:42:09] INFO starting UMAP.fit (train) on ROI-sampled pixels | RSS=35248MB
[2026-02-08 05:43:07] INFO running UMAP.predict | RSS=35380MB
[2026-02-08 05:43:26] INFO UMAP.predict done (viz shape=(1274, 1283, 3), dtype=float32) | RSS=66571MB
[2026-02-08 05:43:26] INFO UMAP viz normalized (shape=(1274, 1283, 3), dtype=uint8) | RSS=66557MB
[2026-02-08 05:43:26] INFO recompute_viz DONE | RSS=66557MB
[2026-02-08 05:44:21] INFO reload_viz using ROI (174 points) | RSS=35269MB
[2026-02-08 05:44:21] INFO recompute_viz START | RSS=35269MB
[2026-02-08 05:44:21] INFO releasing previous model (GPU + large tensors) | RSS=35269MB
[2026-02-08 05:44:21] INFO previous model type=UMAPVirtualStain | RSS=35264MB
[2026-02-08 05:44:22] INFO after release + gc + cuda empty_cache | RSS=35264MB
[2026-02-08 05:44:22] INFO ROI mask built H=1274 W=1283 roi_pixels=198418 | RSS=35266MB
[2026-02-08 05:44:22] INFO model_type resolved to 'parametric_umap' | RSS=35266MB
[2026-02-08 05:44:22] INFO creating new Parametric UMAP model | RSS=35266MB
[2026-02-08 05:44:22] INFO UMAP kwargs: {'n_components': 3, 'n_neighbors': 5, 'n_training_epochs': 2, 'n_epochs': 2, 'pixel_sampling': 'superpixel', 'num_samples': 5000, 'pca_fit_step': 64, 'random_state': 42, 'start_bin': 0, 'end_bin': None} | RSS=35266MB
[2026-02-08 05:44:22] INFO starting UMAP.fit (train) on ROI-sampled pixels | RSS=35266MB
[2026-02-08 05:45:25] INFO running UMAP.predict | RSS=35650MB
[2026-02-08 05:45:45] INFO UMAP.predict done (viz shape=(1274, 1283, 3), dtype=float32) | RSS=66765MB
[2026-02-08 05:45:45] INFO UMAP viz normalized (shape=(1274, 1283, 3), dtype=uint8) | RSS=66751MB
[2026-02-08 05:45:45] INFO recompute_viz DONE | RSS=66751MB
[2026-02-08 05:46:47] INFO reload_viz using ROI (194 points) | RSS=35280MB
[2026-02-08 05:46:47] INFO recompute_viz START | RSS=35280MB
[2026-02-08 05:46:47] INFO releasing previous model (GPU + large tensors) | RSS=35280MB
[2026-02-08 05:46:47] INFO previous model type=UMAPVirtualStain | RSS=35276MB
[2026-02-08 05:46:47] INFO after release + gc + cuda empty_cache | RSS=35276MB
[2026-02-08 05:46:47] INFO ROI mask built H=1274 W=1283 roi_pixels=388227 | RSS=35277MB
[2026-02-08 05:46:47] INFO model_type resolved to 'parametric_umap' | RSS=35277MB
[2026-02-08 05:46:47] INFO creating new Parametric UMAP model | RSS=35277MB
[2026-02-08 05:46:47] INFO UMAP kwargs: {'n_components': 3, 'n_neighbors': 5, 'n_training_epochs': 2, 'n_epochs': 2, 'pixel_sampling': 'superpixel', 'num_samples': 5000, 'pca_fit_step': 64, 'random_state': 42, 'start_bin': 0, 'end_bin': None} | RSS=35277MB
[2026-02-08 05:46:47] INFO starting UMAP.fit (train) on ROI-sampled pixels | RSS=35277MB
[2026-02-08 05:48:02] INFO running UMAP.predict | RSS=35517MB
[2026-02-08 05:48:22] INFO UMAP.predict done (viz shape=(1274, 1283, 3), dtype=float32) | RSS=66682MB
[2026-02-08 05:48:22] INFO UMAP viz normalized (shape=(1274, 1283, 3), dtype=uint8) | RSS=66668MB
[2026-02-08 05:48:22] INFO recompute_viz DONE | RSS=66668MB
[2026-02-08 10:08:07] INFO reload_viz using ROI (194 points) | RSS=35327MB
[2026-02-08 10:08:07] INFO recompute_viz START | RSS=35327MB
[2026-02-08 10:08:07] INFO releasing previous model (GPU + large tensors) | RSS=35327MB
[2026-02-08 10:08:07] INFO previous model type=UMAPVirtualStain | RSS=35323MB
[2026-02-08 10:08:08] INFO after release + gc + cuda empty_cache | RSS=35323MB
[2026-02-08 10:08:08] INFO ROI mask built H=1274 W=1283 roi_pixels=388227 | RSS=35324MB
[2026-02-08 10:08:08] INFO model_type resolved to 'parametric_umap' | RSS=35324MB
[2026-02-08 10:08:08] INFO creating new Parametric UMAP model | RSS=35324MB
[2026-02-08 10:08:08] INFO UMAP kwargs: {'n_components': 3, 'n_neighbors': 10, 'n_training_epochs': 100, 'n_epochs': 200, 'pixel_sampling': 'superpixel', 'num_samples': 5000, 'pca_fit_step': 64, 'random_state': 42, 'start_bin': 0, 'end_bin': None} | RSS=35324MB
[2026-02-08 10:08:08] INFO starting UMAP.fit (train) on ROI-sampled pixels | RSS=35324MB
[2026-02-08 10:34:57] INFO reload_viz using full image (no ROI) | RSS=31561MB
[2026-02-08 10:35:07] WARNING From C:\Users\PahnkeLab\miniconda3\envs\maldi\Lib\site-packages\keras\src\losses.py:2976: The name tf.losses.sparse_softmax_cross_entropy is deprecated. Please use tf.compat.v1.losses.sparse_softmax_cross_entropy instead.

[2026-02-08 10:35:07] INFO compute_initial_viz START | RSS=31818MB
[2026-02-08 10:35:07] INFO config loaded | RSS=31818MB
[2026-02-08 10:35:07] INFO model_type resolved to 'parametric_umap' | RSS=31818MB
[2026-02-08 10:35:07] INFO reusing cached image (path unchanged): E:\MSImaging-data\_msi_visual\Extractions\NRL4558_5um\5bins\2\0.npy | RSS=31818MB
[2026-02-08 10:35:07] INFO creating new model and fitting (parametric_umap) | RSS=31818MB
[2026-02-08 10:35:07] INFO building UMAP kwargs | RSS=31818MB
[2026-02-08 10:35:07] INFO UMAP kwargs built in 0.00s | RSS=31818MB
[2026-02-08 10:35:07] INFO UMAP kwargs: {'n_components': 3, 'n_neighbors': 50, 'n_training_epochs': 3, 'n_epochs': 2, 'pixel_sampling': 'superpixel', 'num_samples': 5000, 'pca_fit_step': 64, 'random_state': 42, 'start_bin': 0, 'end_bin': None} | RSS=31818MB
[2026-02-08 10:35:07] INFO starting UMAP.fit (train) | RSS=31818MB
[2026-02-08 10:35:31] WARNING From C:\Users\PahnkeLab\miniconda3\envs\maldi\Lib\site-packages\keras\src\backend.py:1398: The name tf.executing_eagerly_outside_functions is deprecated. Please use tf.compat.v1.executing_eagerly_outside_functions instead.

[2026-02-08 10:36:00] WARNING From C:\Users\PahnkeLab\miniconda3\envs\maldi\Lib\site-packages\keras\src\utils\tf_utils.py:492: The name tf.ragged.RaggedTensorValue is deprecated. Please use tf.compat.v1.ragged.RaggedTensorValue instead.

[2026-02-08 10:36:31] INFO UMAP.fit completed in 84.04s | RSS=34145MB
[2026-02-08 10:36:31] INFO running UMAP.predict (train) | RSS=34145MB
[2026-02-08 10:36:50] INFO UMAP.predict done (viz shape=(1274, 1283, 3), dtype=float32) | RSS=65572MB
[2026-02-08 10:36:50] INFO UMAP viz normalized (shape=(1274, 1283, 3), dtype=uint8) | RSS=65558MB
[2026-02-08 10:36:50] INFO compute_initial_viz DONE | RSS=65558MB
[2026-02-08 11:10:41] INFO reload_viz using full image (no ROI) | RSS=96767MB
[2026-02-08 11:10:41] INFO compute_initial_viz START | RSS=96767MB
[2026-02-08 11:10:41] INFO releasing previous model type=UMAPVirtualStain | RSS=96767MB
[2026-02-08 11:10:44] INFO config loaded | RSS=33661MB
[2026-02-08 11:10:44] INFO model_type resolved to 'parametric_umap' | RSS=33661MB
[2026-02-08 11:10:44] INFO reusing cached image (path unchanged): E:\MSImaging-data\_msi_visual\Extractions\NRL4558_5um\5bins\2\0.npy | RSS=33661MB
[2026-02-08 11:10:44] INFO creating new model and fitting (parametric_umap) | RSS=33661MB
[2026-02-08 11:10:44] INFO building UMAP kwargs | RSS=33661MB
[2026-02-08 11:10:44] INFO UMAP kwargs built in 0.00s | RSS=33661MB
[2026-02-08 11:10:44] INFO UMAP kwargs: {'n_components': 3, 'n_neighbors': 50, 'n_training_epochs': 3, 'n_epochs': 3, 'pixel_sampling': 'superpixel', 'num_samples': 5000, 'pca_fit_step': 64, 'random_state': 42, 'start_bin': 0, 'end_bin': None} | RSS=33661MB
[2026-02-08 11:10:44] INFO starting UMAP.fit (train) | RSS=33661MB
[2026-02-08 11:12:24] INFO UMAP.fit completed in 100.05s | RSS=34012MB
[2026-02-08 11:12:24] INFO running UMAP.predict (train) | RSS=34012MB
[2026-02-08 11:12:43] INFO UMAP.predict done (viz shape=(1274, 1283, 3), dtype=float32) | RSS=65266MB
[2026-02-08 11:12:43] INFO UMAP viz normalized (shape=(1274, 1283, 3), dtype=uint8) | RSS=65252MB
[2026-02-08 11:12:43] INFO compute_initial_viz DONE | RSS=65252MB
[2026-02-08 11:20:21] INFO reload_viz using full image (no ROI) | RSS=65256MB
[2026-02-08 11:20:21] INFO compute_initial_viz START | RSS=65256MB
[2026-02-08 11:20:21] INFO releasing previous model type=UMAPVirtualStain | RSS=65256MB
[2026-02-08 11:20:22] INFO config loaded | RSS=33738MB
[2026-02-08 11:20:22] INFO model_type resolved to 'parametric_umap' | RSS=33738MB
[2026-02-08 11:20:22] INFO reusing cached image (path unchanged): E:\MSImaging-data\_msi_visual\Extractions\NRL4558_5um\5bins\2\0.npy | RSS=33738MB
[2026-02-08 11:20:22] INFO creating new model and fitting (parametric_umap) | RSS=33738MB
[2026-02-08 11:20:22] INFO building UMAP kwargs | RSS=33738MB
[2026-02-08 11:20:22] INFO UMAP kwargs built in 0.00s | RSS=33738MB
[2026-02-08 11:20:22] INFO UMAP kwargs: {'n_components': 3, 'n_neighbors': 50, 'n_training_epochs': 3, 'n_epochs': 3, 'pixel_sampling': 'superpixel', 'num_samples': 5000, 'pca_fit_step': 64, 'random_state': 42, 'start_bin': 0, 'end_bin': None} | RSS=33738MB
[2026-02-08 11:20:22] INFO starting UMAP.fit (train) | RSS=33738MB
[2026-02-08 11:21:59] INFO UMAP.fit completed in 96.20s | RSS=34076MB
[2026-02-08 11:21:59] INFO running UMAP.predict (train) | RSS=34076MB
[2026-02-08 11:22:17] INFO UMAP.predict done (viz shape=(1274, 1283, 3), dtype=float32) | RSS=65327MB
[2026-02-08 11:22:17] INFO UMAP viz normalized (shape=(1274, 1283, 3), dtype=uint8) | RSS=65313MB
[2026-02-08 11:22:17] INFO compute_initial_viz DONE | RSS=65313MB
[2026-02-08 12:01:57] INFO reload_viz using full image (no ROI) | RSS=65316MB
[2026-02-08 12:01:57] INFO compute_initial_viz START | RSS=65316MB
[2026-02-08 12:01:57] INFO releasing previous model type=UMAPVirtualStain | RSS=65316MB
[2026-02-08 12:01:59] INFO config loaded | RSS=33798MB
[2026-02-08 12:01:59] INFO model_type resolved to 'parametric_umap' | RSS=33798MB
[2026-02-08 12:01:59] INFO reusing cached image (path unchanged): E:\MSImaging-data\_msi_visual\Extractions\NRL4558_5um\5bins\2\0.npy | RSS=33798MB
[2026-02-08 12:01:59] INFO creating new model and fitting (parametric_umap) | RSS=33798MB
[2026-02-08 12:01:59] INFO building UMAP kwargs | RSS=33798MB
[2026-02-08 12:01:59] INFO UMAP kwargs built in 0.00s | RSS=33798MB
[2026-02-08 12:01:59] INFO UMAP kwargs: {'n_components': 3, 'n_neighbors': 50, 'n_training_epochs': 3, 'n_epochs': 10, 'pixel_sampling': 'superpixel', 'num_samples': 5000, 'pca_fit_step': 64, 'random_state': 42, 'start_bin': 0, 'end_bin': None} | RSS=33798MB
[2026-02-08 12:01:59] INFO starting UMAP.fit (train) | RSS=33798MB
[2026-02-08 12:09:52] INFO UMAP.fit completed in 473.01s | RSS=34328MB
[2026-02-08 12:09:52] INFO running UMAP.predict (train) | RSS=34328MB
[2026-02-08 12:10:15] INFO UMAP.predict done (viz shape=(1274, 1283, 3), dtype=float32) | RSS=65568MB
[2026-02-08 12:10:15] INFO UMAP viz normalized (shape=(1274, 1283, 3), dtype=uint8) | RSS=65554MB
[2026-02-08 12:10:15] INFO compute_initial_viz DONE | RSS=65554MB
[2026-02-08 14:38:08] INFO reload_viz using full image (no ROI) | RSS=65557MB
[2026-02-08 14:38:08] INFO compute_initial_viz START | RSS=65557MB
[2026-02-08 14:38:08] INFO releasing previous model type=UMAPVirtualStain | RSS=65557MB
[2026-02-08 14:38:10] INFO config loaded | RSS=34040MB
[2026-02-08 14:38:10] INFO model_type resolved to 'parametric_umap' | RSS=34040MB
[2026-02-08 14:38:10] INFO reusing cached image (path unchanged): E:\MSImaging-data\_msi_visual\Extractions\NRL4558_5um\5bins\2\0.npy | RSS=34040MB
[2026-02-08 14:38:10] INFO creating new model and fitting (parametric_umap) | RSS=34040MB
[2026-02-08 14:38:10] INFO building UMAP kwargs | RSS=34040MB
[2026-02-08 14:38:10] INFO UMAP kwargs built in 0.00s | RSS=34040MB
[2026-02-08 14:38:10] INFO UMAP kwargs: {'n_components': 3, 'n_neighbors': 20, 'n_training_epochs': 5, 'n_epochs': 10, 'pixel_sampling': 'superpixel', 'num_samples': 5000, 'pca_fit_step': 64, 'random_state': 42, 'start_bin': 0, 'end_bin': None} | RSS=34040MB
[2026-02-08 14:38:10] INFO starting UMAP.fit (train) | RSS=34040MB
[2026-02-08 14:49:39] INFO UMAP.fit completed in 689.16s | RSS=34703MB
[2026-02-08 14:49:39] INFO running UMAP.predict (train) | RSS=34703MB
[2026-02-08 14:50:01] INFO UMAP.predict done (viz shape=(1274, 1283, 3), dtype=float32) | RSS=65945MB
[2026-02-08 14:50:01] INFO UMAP viz normalized (shape=(1274, 1283, 3), dtype=uint8) | RSS=65931MB
[2026-02-08 14:50:01] INFO compute_initial_viz DONE | RSS=65931MB
[2026-02-08 15:55:22] INFO reload_viz using full image (no ROI) | RSS=65934MB
[2026-02-08 15:55:22] INFO compute_initial_viz START | RSS=65934MB
[2026-02-08 15:55:22] INFO releasing previous model type=UMAPVirtualStain | RSS=65934MB
[2026-02-08 15:55:24] INFO config loaded | RSS=34416MB
[2026-02-08 15:55:24] INFO model_type resolved to 'parametric_umap' | RSS=34416MB
[2026-02-08 15:55:24] INFO reusing cached image (path unchanged): E:\MSImaging-data\_msi_visual\Extractions\NRL4558_5um\5bins\2\0.npy | RSS=34416MB
[2026-02-08 15:55:24] INFO creating new model and fitting (parametric_umap) | RSS=34416MB
[2026-02-08 15:55:24] INFO building UMAP kwargs | RSS=34416MB
[2026-02-08 15:55:24] INFO UMAP kwargs built in 0.00s | RSS=34416MB
[2026-02-08 15:55:24] INFO UMAP kwargs: {'n_components': 3, 'n_neighbors': 200, 'n_training_epochs': 2, 'n_epochs': 2, 'pixel_sampling': 'superpixel', 'num_samples': 5000, 'pca_fit_step': 64, 'random_state': 42, 'start_bin': 0, 'end_bin': None} | RSS=34416MB
[2026-02-08 15:55:24] INFO starting UMAP.fit (train) | RSS=34416MB
[2026-02-08 15:56:28] INFO UMAP.fit completed in 63.94s | RSS=34699MB
[2026-02-08 15:56:28] INFO running UMAP.predict (train) | RSS=34699MB
[2026-02-08 15:56:47] INFO UMAP.predict done (viz shape=(1274, 1283, 3), dtype=float32) | RSS=65841MB
[2026-02-08 15:56:47] INFO UMAP viz normalized (shape=(1274, 1283, 3), dtype=uint8) | RSS=65826MB
[2026-02-08 15:56:47] INFO compute_initial_viz DONE | RSS=65826MB
[2026-02-08 16:34:10] INFO reload_viz using ROI (107 points) | RSS=65832MB
[2026-02-08 16:34:10] INFO recompute_viz START | RSS=65832MB
[2026-02-08 16:34:10] INFO releasing previous model (GPU + large tensors) | RSS=65832MB
[2026-02-08 16:34:10] INFO previous model type=UMAPVirtualStain | RSS=65827MB
[2026-02-08 16:34:12] INFO after release + gc + cuda empty_cache | RSS=34416MB
[2026-02-08 16:34:12] INFO ROI mask built H=1274 W=1283 roi_pixels=27527 | RSS=34417MB
[2026-02-08 16:34:12] INFO model_type resolved to 'parametric_umap' | RSS=34417MB
[2026-02-08 16:34:12] INFO creating new Parametric UMAP model | RSS=34417MB
[2026-02-08 16:34:12] INFO UMAP kwargs: {'n_components': 3, 'n_neighbors': 200, 'n_training_epochs': 2, 'n_epochs': 2, 'pixel_sampling': 'superpixel', 'num_samples': 5000, 'pca_fit_step': 64, 'random_state': 42, 'start_bin': 0, 'end_bin': None} | RSS=34417MB
[2026-02-08 16:34:12] INFO starting UMAP.fit (train) on ROI-sampled pixels | RSS=34417MB
[2026-02-08 16:34:45] ERROR recompute_viz FAILED: Unexpected value for `steps_per_epoch`. Received value is 0. Please check the docstring for `model.fit()` for supported values. | RSS=34723MB
[2026-02-08 16:35:50] INFO reload_viz using ROI (241 points) | RSS=34477MB
[2026-02-08 16:35:50] INFO recompute_viz START | RSS=34477MB
[2026-02-08 16:35:50] INFO releasing previous model (GPU + large tensors) | RSS=34477MB
[2026-02-08 16:35:50] INFO after release + gc + cuda empty_cache | RSS=34436MB
[2026-02-08 16:35:50] INFO ROI mask built H=1274 W=1283 roi_pixels=154487 | RSS=34438MB
[2026-02-08 16:35:50] INFO model_type resolved to 'parametric_umap' | RSS=34438MB
[2026-02-08 16:35:50] INFO creating new Parametric UMAP model | RSS=34438MB
[2026-02-08 16:35:50] INFO UMAP kwargs: {'n_components': 3, 'n_neighbors': 200, 'n_training_epochs': 2, 'n_epochs': 2, 'pixel_sampling': 'superpixel', 'num_samples': 5000, 'pca_fit_step': 64, 'random_state': 42, 'start_bin': 0, 'end_bin': None} | RSS=34438MB
[2026-02-08 16:35:50] INFO starting UMAP.fit (train) on ROI-sampled pixels | RSS=34438MB
[2026-02-08 16:37:04] INFO running UMAP.predict | RSS=34730MB
[2026-02-08 16:37:24] INFO UMAP.predict done (viz shape=(1274, 1283, 3), dtype=float32) | RSS=65877MB
[2026-02-08 16:37:24] INFO UMAP viz normalized (shape=(1274, 1283, 3), dtype=uint8) | RSS=65863MB
[2026-02-08 16:37:24] INFO recompute_viz DONE | RSS=65863MB
[2026-02-08 17:31:35] INFO reload_viz using ROI (241 points) | RSS=34452MB
[2026-02-08 17:31:35] INFO recompute_viz START | RSS=34452MB
[2026-02-08 17:31:35] INFO releasing previous model (GPU + large tensors) | RSS=34452MB
[2026-02-08 17:31:35] INFO previous model type=UMAPVirtualStain | RSS=34447MB
[2026-02-08 17:31:35] INFO after release + gc + cuda empty_cache | RSS=34447MB
[2026-02-08 17:31:35] INFO ROI mask built H=1274 W=1283 roi_pixels=154487 | RSS=34449MB
[2026-02-08 17:31:35] INFO model_type resolved to 'parametric_umap' | RSS=34449MB
[2026-02-08 17:31:35] INFO creating new Parametric UMAP model | RSS=34449MB
[2026-02-08 17:31:35] INFO UMAP kwargs: {'n_components': 3, 'n_neighbors': 200, 'n_training_epochs': 5, 'n_epochs': 5, 'pixel_sampling': 'superpixel', 'num_samples': 5000, 'pca_fit_step': 16, 'random_state': 42, 'start_bin': 0, 'end_bin': None} | RSS=34449MB
[2026-02-08 17:31:35] INFO starting UMAP.fit (train) on ROI-sampled pixels | RSS=34449MB
[2026-02-08 17:37:37] INFO running UMAP.predict | RSS=35074MB
[2026-02-08 17:38:00] INFO UMAP.predict done (viz shape=(1274, 1283, 3), dtype=float32) | RSS=66197MB
[2026-02-08 17:38:00] INFO UMAP viz normalized (shape=(1274, 1283, 3), dtype=uint8) | RSS=66183MB
[2026-02-08 17:38:00] INFO recompute_viz DONE | RSS=66183MB
[2026-02-08 17:53:26] INFO reload_viz using ROI (241 points) | RSS=34765MB
[2026-02-08 17:53:26] INFO recompute_viz START | RSS=34765MB
[2026-02-08 17:53:26] INFO releasing previous model (GPU + large tensors) | RSS=34765MB
[2026-02-08 17:53:26] INFO previous model type=UMAPVirtualStain | RSS=34760MB
[2026-02-08 17:53:27] INFO after release + gc + cuda empty_cache | RSS=34760MB
[2026-02-08 17:53:27] INFO ROI mask built H=1274 W=1283 roi_pixels=154487 | RSS=34761MB
[2026-02-08 17:53:27] INFO model_type resolved to 'parametric_umap' | RSS=34761MB
[2026-02-08 17:53:27] INFO creating new Parametric UMAP model | RSS=34761MB
[2026-02-08 17:53:27] INFO UMAP kwargs: {'n_components': 3, 'n_neighbors': 200, 'n_training_epochs': 5, 'n_epochs': 50, 'pixel_sampling': 'superpixel', 'num_samples': 5000, 'pca_fit_step': 16, 'random_state': 42, 'start_bin': 0, 'end_bin': None} | RSS=34761MB
[2026-02-08 17:53:27] INFO starting UMAP.fit (train) on ROI-sampled pixels | RSS=34761MB
[2026-02-08 19:43:15] INFO running UMAP.predict | RSS=38567MB
[2026-02-08 19:43:40] INFO UMAP.predict done (viz shape=(1274, 1283, 3), dtype=float32) | RSS=69794MB
[2026-02-08 19:43:40] INFO UMAP viz normalized (shape=(1274, 1283, 3), dtype=uint8) | RSS=69780MB
[2026-02-08 19:43:40] INFO recompute_viz DONE | RSS=69780MB
[2026-02-08 20:07:34] INFO reload_viz using ROI (241 points) | RSS=38258MB
[2026-02-08 20:07:34] INFO recompute_viz START | RSS=38258MB
[2026-02-08 20:07:34] INFO releasing previous model (GPU + large tensors) | RSS=38258MB
[2026-02-08 20:07:34] INFO previous model type=UMAPVirtualStain | RSS=38253MB
[2026-02-08 20:07:34] INFO after release + gc + cuda empty_cache | RSS=38253MB
[2026-02-08 20:07:34] INFO ROI mask built H=1274 W=1283 roi_pixels=154487 | RSS=38254MB
[2026-02-08 20:07:34] INFO model_type resolved to 'mics_lmc' | RSS=38254MB
[2026-02-08 20:07:34] INFO creating new MSIParametricMiCSLMC | RSS=38254MB
[2026-02-08 20:07:34] INFO MiCS+LMC kwargs: {'number_of_points': 1000, 'sampling': 'coreset', 'num_epochs': 100, 'number_of_components': 3, 'num_layers': 2, 'lab_to_rgb': True, 'cluster': True, 'clusters': [16, 32, 64, 128, 256, 512], 'num_samples': 20000, 'beta': 1.0, 'k_epoch': 20, 'temperature': 100.0, 'lr': 1.0, 'batch_size': 1024, 'warmup_epochs': 10, 'factor': 1.0, 'random_state': 42, 'verbose': False, 'cluster_loss_weight': 1.0, 'category_loss_weight': 1.0, 'pixel_sampling': 'superpixel', 'pca_fit_step': 8, 'cluster_on_pca': False, 'cluster_pca_dims': 200} | RSS=38254MB
[2026-02-08 20:07:34] INFO calling set_image(roi_mask=..., category_annotations=...) | RSS=38254MB
[2026-02-08 20:07:34] INFO [set_image] start: shape=(1274, 1283, 5005), roi_mask=True, category_annotations=False
[2026-02-08 20:07:37] INFO [set_image] reshape+mask done in 2.99s
[2026-02-08 20:08:13] INFO [set_image] sampling done in 35.44s (method=superpixel, sampled=5544)
[2026-02-08 20:08:13] INFO [set_image] model init done in 0.08s (input_dim=5005, n_components=3)
[2026-02-08 20:08:32] INFO [set_image] resample done in 19.06s (points=1000)
[2026-02-08 20:08:35] INFO [set_image] category labels done in 3.19s
[2026-02-08 20:10:33] INFO [set_image] clustering init done in 118.06s (levels=6)
[2026-02-08 20:10:34] INFO [set_image] optimizer init done in 1.13s (lr=1.0, warmup=10)
[2026-02-08 20:10:34] INFO [set_image] total setup time 179.96s
[2026-02-08 20:10:34] INFO training 100 epochs | RSS=38552MB
[2026-02-08 20:10:36] INFO epoch 1/100 | RSS=39099MB
[2026-02-08 20:10:59] INFO epoch 20/100 | RSS=39147MB
[2026-02-08 20:11:24] INFO epoch 40/100 | RSS=39153MB
[2026-02-08 20:11:50] INFO epoch 60/100 | RSS=39187MB
[2026-02-08 20:12:17] INFO epoch 80/100 | RSS=39196MB
[2026-02-08 20:12:44] INFO epoch 100/100 | RSS=39241MB
[2026-02-08 20:12:44] INFO running predict | RSS=39241MB
[2026-02-08 20:13:40] INFO recompute_viz DONE | RSS=38930MB
[2026-02-08 20:21:07] INFO reload_viz using ROI (241 points) | RSS=163761MB
[2026-02-08 20:21:07] INFO recompute_viz START | RSS=163761MB
[2026-02-08 20:21:07] INFO releasing previous model (GPU + large tensors) | RSS=163761MB
[2026-02-08 20:21:07] INFO previous model type=MSIParametricMiCSLMC | RSS=163756MB
[2026-02-08 20:21:09] INFO after release + gc + cuda empty_cache | RSS=132355MB
[2026-02-08 20:21:09] INFO ROI mask built H=1274 W=1283 roi_pixels=154487 | RSS=132357MB
[2026-02-08 20:21:09] INFO model_type resolved to 'mics_lmc' | RSS=132357MB
[2026-02-08 20:21:09] INFO creating new MSIParametricMiCSLMC | RSS=132357MB
[2026-02-08 20:21:09] INFO MiCS+LMC kwargs: {'number_of_points': 1000, 'sampling': 'coreset', 'num_epochs': 100, 'number_of_components': 3, 'num_layers': 2, 'lab_to_rgb': True, 'cluster': True, 'clusters': [16, 32, 64, 128, 256, 512], 'num_samples': 20000, 'beta': 1.0, 'k_epoch': 20, 'temperature': 100.0, 'lr': 1.0, 'batch_size': 1024, 'warmup_epochs': 10, 'factor': 1.0, 'random_state': 42, 'verbose': False, 'cluster_loss_weight': 1.0, 'category_loss_weight': 1.0, 'pixel_sampling': 'superpixel', 'pca_fit_step': 8, 'cluster_on_pca': False, 'cluster_pca_dims': 200} | RSS=132357MB
[2026-02-08 20:21:09] INFO calling set_image(roi_mask=..., category_annotations=...) | RSS=132357MB
[2026-02-08 20:21:09] INFO [set_image] start: shape=(1274, 1283, 20020), roi_mask=True, category_annotations=False
[2026-02-08 20:21:21] INFO [set_image] reshape+mask done in 11.73s
[2026-02-08 20:22:59] INFO [set_image] sampling done in 98.88s (method=superpixel, sampled=5404)
[2026-02-08 20:23:00] INFO [set_image] model init done in 0.21s (input_dim=20020, n_components=3)
[2026-02-08 20:24:28] INFO [set_image] resample done in 87.98s (points=1000)
[2026-02-08 20:24:43] INFO [set_image] category labels done in 15.58s
[2026-02-08 20:31:22] INFO [set_image] clustering init done in 398.69s (levels=6)
[2026-02-08 20:31:22] INFO [set_image] optimizer init done in 0.00s (lr=1.0, warmup=10)
[2026-02-08 20:31:22] INFO [set_image] total setup time 613.08s
[2026-02-08 20:31:22] INFO training 100 epochs | RSS=133071MB
[2026-02-08 20:31:24] INFO epoch 1/100 | RSS=133920MB
[2026-02-08 20:32:10] INFO epoch 20/100 | RSS=133867MB
[2026-02-08 20:32:58] INFO epoch 40/100 | RSS=133912MB
[2026-02-08 20:33:47] INFO epoch 60/100 | RSS=133928MB
[2026-02-08 20:34:37] INFO epoch 80/100 | RSS=133904MB
[2026-02-08 20:35:29] INFO epoch 100/100 | RSS=133885MB
[2026-02-08 20:35:29] INFO running predict | RSS=133885MB
[2026-02-08 20:37:44] INFO recompute_viz DONE | RSS=133493MB
[2026-02-08 20:50:37] INFO reload_viz using ROI (207 points) | RSS=258324MB
[2026-02-08 20:50:37] INFO recompute_viz START | RSS=258324MB
[2026-02-08 20:50:37] INFO releasing previous model (GPU + large tensors) | RSS=258324MB
[2026-02-08 20:50:37] INFO previous model type=MSIParametricMiCSLMC | RSS=258319MB
[2026-02-08 20:50:45] INFO after release + gc + cuda empty_cache | RSS=132923MB
[2026-02-08 20:50:45] INFO ROI mask built H=1274 W=1283 roi_pixels=211753 | RSS=132924MB
[2026-02-08 20:50:45] INFO model_type resolved to 'mics_lmc' | RSS=132924MB
[2026-02-08 20:50:45] INFO creating new MSIParametricMiCSLMC | RSS=132924MB
[2026-02-08 20:50:45] INFO MiCS+LMC kwargs: {'number_of_points': 1000, 'sampling': 'coreset', 'num_epochs': 100, 'number_of_components': 3, 'num_layers': 2, 'lab_to_rgb': True, 'cluster': True, 'clusters': [16, 32, 64, 128, 256, 512], 'num_samples': 20000, 'beta': 1.0, 'k_epoch': 20, 'temperature': 100.0, 'lr': 1.0, 'batch_size': 1024, 'warmup_epochs': 10, 'factor': 1.0, 'random_state': 42, 'verbose': False, 'cluster_loss_weight': 1.0, 'category_loss_weight': 1.0, 'pixel_sampling': 'superpixel', 'pca_fit_step': 8, 'cluster_on_pca': False, 'cluster_pca_dims': 200} | RSS=132924MB
[2026-02-08 20:50:45] INFO calling set_image(roi_mask=..., category_annotations=...) | RSS=132924MB
[2026-02-08 20:50:45] INFO [set_image] start: shape=(1274, 1283, 20020), roi_mask=True, category_annotations=False
[2026-02-08 20:50:58] INFO [set_image] reshape+mask done in 13.02s
[2026-02-08 20:52:39] INFO [set_image] sampling done in 100.91s (method=superpixel, sampled=6692)
[2026-02-08 20:52:39] INFO [set_image] model init done in 0.21s (input_dim=20020, n_components=3)
[2026-02-08 20:54:27] INFO [set_image] resample done in 107.31s (points=1000)
[2026-02-08 20:54:39] INFO [set_image] category labels done in 12.67s
[2026-02-08 21:02:54] INFO [set_image] clustering init done in 494.79s (levels=6)
[2026-02-08 21:02:54] INFO [set_image] optimizer init done in 0.00s (lr=1.0, warmup=10)
[2026-02-08 21:02:54] INFO [set_image] total setup time 728.90s
[2026-02-08 21:02:54] INFO training 100 epochs | RSS=133572MB
[2026-02-08 21:02:57] INFO epoch 1/100 | RSS=134008MB
[2026-02-08 21:03:59] INFO epoch 20/100 | RSS=134032MB
[2026-02-08 21:05:04] INFO epoch 40/100 | RSS=134017MB
[2026-02-08 21:06:11] INFO epoch 60/100 | RSS=133999MB
[2026-02-08 21:07:19] INFO epoch 80/100 | RSS=134008MB
[2026-02-08 21:08:29] INFO epoch 100/100 | RSS=134048MB
[2026-02-08 21:08:29] INFO running predict | RSS=134048MB
[2026-02-08 21:10:56] INFO recompute_viz DONE | RSS=135155MB
[2026-02-08 21:28:23] INFO reload_viz using ROI (114 points) | RSS=254208MB
[2026-02-08 21:28:23] INFO recompute_viz START | RSS=254209MB
[2026-02-08 21:28:23] INFO releasing previous model (GPU + large tensors) | RSS=254209MB
[2026-02-08 21:28:23] INFO previous model type=MSIParametricMiCSLMC | RSS=254204MB
[2026-02-08 21:28:33] INFO after release + gc + cuda empty_cache | RSS=128698MB
[2026-02-08 21:28:33] INFO ROI mask built H=1274 W=1283 roi_pixels=135990 | RSS=128700MB
[2026-02-08 21:28:33] INFO model_type resolved to 'mics_lmc' | RSS=128700MB
[2026-02-08 21:28:33] INFO creating new MSIParametricMiCSLMC | RSS=128700MB
[2026-02-08 21:28:33] INFO MiCS+LMC kwargs: {'number_of_points': 1000, 'sampling': 'coreset', 'num_epochs': 100, 'number_of_components': 3, 'num_layers': 2, 'lab_to_rgb': True, 'cluster': True, 'clusters': [16, 32, 64, 128, 256, 512], 'num_samples': 20000, 'beta': 1.0, 'k_epoch': 20, 'temperature': 100.0, 'lr': 1.0, 'batch_size': 1024, 'warmup_epochs': 10, 'factor': 1.0, 'random_state': 42, 'verbose': False, 'cluster_loss_weight': 1.0, 'category_loss_weight': 1.0, 'pixel_sampling': 'superpixel', 'pca_fit_step': 8, 'cluster_on_pca': False, 'cluster_pca_dims': 200} | RSS=128700MB
[2026-02-08 21:28:33] INFO calling set_image(roi_mask=..., category_annotations=...) | RSS=128700MB
[2026-02-08 21:28:33] INFO [set_image] start: shape=(1274, 1283, 20020), roi_mask=True, category_annotations=False
[2026-02-08 21:28:46] INFO [set_image] reshape+mask done in 12.85s
[2026-02-08 21:30:26] INFO [set_image] sampling done in 100.34s (method=superpixel, sampled=2185)
[2026-02-08 21:30:26] INFO [set_image] model init done in 0.21s (input_dim=20020, n_components=3)
[2026-02-08 21:31:03] INFO [set_image] resample done in 36.49s (points=1000)
[2026-02-08 21:31:16] INFO [set_image] category labels done in 13.19s
[2026-02-08 21:34:16] INFO [set_image] clustering init done in 180.29s (levels=6)
[2026-02-08 21:34:16] INFO [set_image] optimizer init done in 0.00s (lr=1.0, warmup=10)
[2026-02-08 21:34:16] INFO [set_image] total setup time 343.39s
[2026-02-08 21:34:16] INFO training 100 epochs | RSS=128972MB
[2026-02-08 21:34:18] INFO epoch 1/100 | RSS=128992MB
[2026-02-08 21:34:41] INFO epoch 20/100 | RSS=128975MB
[2026-02-08 21:35:05] INFO epoch 40/100 | RSS=128993MB
[2026-02-08 21:35:31] INFO epoch 60/100 | RSS=129002MB
[2026-02-08 21:35:56] INFO epoch 80/100 | RSS=129009MB
[2026-02-08 21:36:23] INFO epoch 100/100 | RSS=129009MB
[2026-02-08 21:36:23] INFO running predict | RSS=129009MB
[2026-02-08 21:38:50] INFO recompute_viz DONE | RSS=128985MB
[2026-02-09 08:35:14] INFO reload_viz using ROI (213 points) | RSS=253783MB
[2026-02-09 08:35:14] INFO recompute_viz START | RSS=253783MB
[2026-02-09 08:35:14] INFO releasing previous model (GPU + large tensors) | RSS=253783MB
[2026-02-09 08:35:14] INFO previous model type=MSIParametricMiCSLMC | RSS=253779MB
[2026-02-09 08:35:23] INFO after release + gc + cuda empty_cache | RSS=128653MB
[2026-02-09 08:35:23] INFO ROI mask built H=1274 W=1283 roi_pixels=420382 | RSS=128655MB
[2026-02-09 08:35:23] INFO model_type resolved to 'mics_lmc' | RSS=128655MB
[2026-02-09 08:35:23] INFO creating new MSIParametricMiCSLMC | RSS=128655MB
[2026-02-09 08:35:23] INFO MiCS+LMC kwargs: {'number_of_points': 1000, 'sampling': 'coreset', 'num_epochs': 100, 'number_of_components': 3, 'num_layers': 2, 'lab_to_rgb': True, 'cluster': True, 'clusters': [16, 32, 64, 128, 256, 512], 'num_samples': 20000, 'beta': 1.0, 'k_epoch': 20, 'temperature': 100.0, 'lr': 1.0, 'batch_size': 1024, 'warmup_epochs': 10, 'factor': 1.0, 'random_state': 42, 'verbose': False, 'cluster_loss_weight': 1.0, 'category_loss_weight': 1.0, 'pixel_sampling': 'superpixel', 'pca_fit_step': 8, 'cluster_on_pca': False, 'cluster_pca_dims': 200} | RSS=128655MB
[2026-02-09 08:35:23] INFO calling set_image(roi_mask=..., category_annotations=...) | RSS=128655MB
[2026-02-09 08:35:23] INFO [set_image] start: shape=(1274, 1283, 20020), roi_mask=True, category_annotations=False
[2026-02-09 08:35:35] INFO [set_image] reshape+mask done in 12.05s
[2026-02-09 08:37:13] INFO [set_image] sampling done in 97.90s (method=superpixel, sampled=1783)
[2026-02-09 08:37:13] INFO [set_image] model init done in 0.21s (input_dim=20020, n_components=3)
[2026-02-09 08:37:40] INFO [set_image] resample done in 26.53s (points=1000)
[2026-02-09 08:37:53] INFO [set_image] category labels done in 12.90s
[2026-02-09 08:40:28] INFO [set_image] clustering init done in 155.62s (levels=6)
[2026-02-09 08:40:28] INFO [set_image] optimizer init done in 0.00s (lr=1.0, warmup=10)
[2026-02-09 08:40:28] INFO [set_image] total setup time 305.23s
[2026-02-09 08:40:28] INFO training 100 epochs | RSS=128916MB
[2026-02-09 08:40:29] INFO epoch 1/100 | RSS=128944MB
[2026-02-09 08:40:46] INFO epoch 20/100 | RSS=128908MB
[2026-02-09 08:41:04] INFO epoch 40/100 | RSS=128947MB
[2026-02-09 08:41:23] INFO epoch 60/100 | RSS=128925MB
[2026-02-09 08:41:41] INFO epoch 80/100 | RSS=128908MB
[2026-02-09 08:42:01] INFO epoch 100/100 | RSS=128956MB
[2026-02-09 08:42:01] INFO running predict | RSS=128956MB
[2026-02-09 08:44:26] INFO recompute_viz DONE | RSS=128966MB
[2026-02-09 20:11:24] INFO reload_viz using ROI (81 points) | RSS=253719MB
[2026-02-09 20:11:24] INFO recompute_viz START | RSS=253719MB
[2026-02-09 20:11:24] INFO releasing previous model (GPU + large tensors) | RSS=253719MB
[2026-02-09 20:11:24] INFO previous model type=MSIParametricMiCSLMC | RSS=253714MB
[2026-02-09 20:11:33] INFO after release + gc + cuda empty_cache | RSS=128617MB
[2026-02-09 20:11:33] INFO ROI mask built H=1274 W=1283 roi_pixels=25227 | RSS=128619MB
[2026-02-09 20:11:33] INFO model_type resolved to 'mics_lmc' | RSS=128619MB
[2026-02-09 20:11:33] INFO creating new MSIParametricMiCSLMC | RSS=128619MB
[2026-02-09 20:11:33] INFO MiCS+LMC kwargs: {'number_of_points': 1000, 'sampling': 'coreset', 'num_epochs': 100, 'number_of_components': 3, 'num_layers': 2, 'lab_to_rgb': True, 'cluster': True, 'clusters': [16, 32, 64, 128, 256, 512], 'num_samples': 20000, 'beta': 1.0, 'k_epoch': 20, 'temperature': 100.0, 'lr': 1.0, 'batch_size': 1024, 'warmup_epochs': 10, 'factor': 1.0, 'random_state': 42, 'verbose': False, 'cluster_loss_weight': 1.0, 'category_loss_weight': 1.0, 'pixel_sampling': 'superpixel', 'pca_fit_step': 8, 'cluster_on_pca': False, 'cluster_pca_dims': 200} | RSS=128619MB
[2026-02-09 20:11:33] INFO calling set_image(roi_mask=..., category_annotations=...) | RSS=128619MB
[2026-02-09 20:11:33] INFO [set_image] start: shape=(1274, 1283, 20020), roi_mask=True, category_annotations=False
[2026-02-09 20:11:46] INFO [set_image] reshape+mask done in 12.21s
[2026-02-09 20:13:27] INFO [set_image] sampling done in 100.96s (method=superpixel, sampled=1072)
[2026-02-09 20:13:27] INFO [set_image] model init done in 0.21s (input_dim=20020, n_components=3)
[2026-02-09 20:13:44] INFO [set_image] resample done in 16.80s (points=1000)
[2026-02-09 20:13:57] INFO [set_image] category labels done in 13.44s
[2026-02-09 20:15:38] INFO [set_image] clustering init done in 100.84s (levels=6)
[2026-02-09 20:15:38] INFO [set_image] optimizer init done in 0.00s (lr=1.0, warmup=10)
[2026-02-09 20:15:38] INFO [set_image] total setup time 244.46s
[2026-02-09 20:15:38] INFO training 100 epochs | RSS=128797MB
[2026-02-09 20:15:39] INFO epoch 1/100 | RSS=128856MB
[2026-02-09 20:15:52] INFO epoch 20/100 | RSS=128824MB
[2026-02-09 20:16:07] INFO epoch 40/100 | RSS=128817MB
[2026-02-09 20:16:22] INFO epoch 60/100 | RSS=128844MB
[2026-02-09 20:16:37] INFO epoch 80/100 | RSS=128815MB
[2026-02-09 20:16:52] INFO epoch 100/100 | RSS=128807MB
[2026-02-09 20:16:52] INFO running predict | RSS=128807MB
[2026-02-09 20:19:22] INFO recompute_viz DONE | RSS=128833MB
[2026-02-09 20:39:53] INFO reload_viz using ROI (23 points) | RSS=253627MB
[2026-02-09 20:39:53] INFO recompute_viz START | RSS=253627MB
[2026-02-09 20:39:53] INFO releasing previous model (GPU + large tensors) | RSS=253627MB
[2026-02-09 20:39:53] INFO previous model type=MSIParametricMiCSLMC | RSS=253623MB
[2026-02-09 20:40:02] INFO after release + gc + cuda empty_cache | RSS=128603MB
[2026-02-09 20:40:02] INFO ROI mask built H=1274 W=1283 roi_pixels=1394 | RSS=128605MB
[2026-02-09 20:40:02] INFO model_type resolved to 'mics_lmc' | RSS=128605MB
[2026-02-09 20:40:02] INFO creating new MSIParametricMiCSLMC | RSS=128605MB
[2026-02-09 20:40:02] INFO MiCS+LMC kwargs: {'number_of_points': 1000, 'sampling': 'coreset', 'num_epochs': 100, 'number_of_components': 3, 'num_layers': 2, 'lab_to_rgb': True, 'cluster': True, 'clusters': [16, 32, 64, 128, 256, 512], 'num_samples': 20000, 'beta': 1.0, 'k_epoch': 20, 'temperature': 100.0, 'lr': 1.0, 'batch_size': 1024, 'warmup_epochs': 10, 'factor': 1.0, 'random_state': 42, 'verbose': False, 'cluster_loss_weight': 1.0, 'category_loss_weight': 1.0, 'pixel_sampling': 'superpixel', 'pca_fit_step': 8, 'cluster_on_pca': False, 'cluster_pca_dims': 200} | RSS=128605MB
[2026-02-09 20:40:02] INFO calling set_image(roi_mask=..., category_annotations=...) | RSS=128605MB
[2026-02-09 20:40:02] INFO [set_image] start: shape=(1274, 1283, 20020), roi_mask=True, category_annotations=False
[2026-02-09 20:40:14] INFO [set_image] reshape+mask done in 12.28s
[2026-02-09 20:41:52] INFO [set_image] sampling done in 97.75s (method=superpixel, sampled=80)
[2026-02-09 20:41:52] INFO [set_image] model init done in 0.22s (input_dim=20020, n_components=3)
[2026-02-09 20:41:52] INFO [set_image] resample done in 0.08s (points=80)
[2026-02-09 20:42:04] INFO [set_image] category labels done in 12.23s
[2026-02-09 20:42:05] ERROR recompute_viz FAILED: n_samples=80 should be >= n_clusters=128. | RSS=128646MB
[2026-02-09 20:50:02] INFO reload_viz using ROI (40 points) | RSS=126434MB
[2026-02-09 20:50:02] INFO recompute_viz START | RSS=126434MB
[2026-02-09 20:50:02] INFO releasing previous model (GPU + large tensors) | RSS=126434MB
[2026-02-09 20:50:02] INFO after release + gc + cuda empty_cache | RSS=126434MB
[2026-02-09 20:50:02] INFO ROI mask built H=1274 W=1283 roi_pixels=2766 | RSS=126435MB
[2026-02-09 20:50:02] INFO model_type resolved to 'mics_lmc' | RSS=126435MB
[2026-02-09 20:50:02] INFO creating new MSIParametricMiCSLMC | RSS=126435MB
[2026-02-09 20:50:02] INFO MiCS+LMC kwargs: {'number_of_points': 1000, 'sampling': 'coreset', 'num_epochs': 100, 'number_of_components': 3, 'num_layers': 2, 'lab_to_rgb': True, 'cluster': True, 'clusters': [16, 32, 64, 128, 256, 512], 'num_samples': 20000, 'beta': 1.0, 'k_epoch': 20, 'temperature': 100.0, 'lr': 1.0, 'batch_size': 1024, 'warmup_epochs': 10, 'factor': 1.0, 'random_state': 42, 'verbose': False, 'cluster_loss_weight': 1.0, 'category_loss_weight': 1.0, 'pixel_sampling': 'superpixel', 'pca_fit_step': 8, 'cluster_on_pca': False, 'cluster_pca_dims': 200} | RSS=126435MB
[2026-02-09 20:50:02] INFO calling set_image(roi_mask=..., category_annotations=...) | RSS=126435MB
[2026-02-09 20:50:02] INFO [set_image] start: shape=(1274, 1283, 20020), roi_mask=True, category_annotations=False
[2026-02-09 20:50:14] INFO [set_image] reshape+mask done in 11.58s
[2026-02-09 20:51:54] INFO [set_image] sampling done in 99.79s (method=superpixel, sampled=120)
[2026-02-09 20:51:54] INFO [set_image] model init done in 0.33s (input_dim=20020, n_components=3)
[2026-02-09 20:51:54] INFO [set_image] resample done in 0.18s (points=120)
[2026-02-09 20:52:07] INFO [set_image] category labels done in 12.33s
[2026-02-09 20:52:08] ERROR recompute_viz FAILED: n_samples=120 should be >= n_clusters=128. | RSS=126652MB
[2026-02-10 12:24:44] INFO reload_viz using ROI (154 points) | RSS=126608MB
[2026-02-10 12:24:44] INFO recompute_viz START | RSS=126608MB
[2026-02-10 12:24:44] INFO releasing previous model (GPU + large tensors) | RSS=126608MB
[2026-02-10 12:24:45] INFO after release + gc + cuda empty_cache | RSS=126608MB
[2026-02-10 12:24:45] INFO ROI mask built H=1274 W=1283 roi_pixels=232811 | RSS=126610MB
[2026-02-10 12:24:45] INFO model_type resolved to 'mics_lmc' | RSS=126610MB
[2026-02-10 12:24:45] INFO creating new MSIParametricMiCSLMC | RSS=126610MB
[2026-02-10 12:24:45] INFO MiCS+LMC kwargs: {'number_of_points': 1000, 'sampling': 'coreset', 'num_epochs': 100, 'number_of_components': 3, 'num_layers': 2, 'lab_to_rgb': True, 'cluster': True, 'clusters': [16, 32, 64, 128, 256, 512], 'num_samples': 20000, 'beta': 1.0, 'k_epoch': 20, 'temperature': 100.0, 'lr': 1.0, 'batch_size': 1024, 'warmup_epochs': 10, 'factor': 1.0, 'random_state': 42, 'verbose': False, 'cluster_loss_weight': 1.0, 'category_loss_weight': 1.0, 'pixel_sampling': 'superpixel', 'pca_fit_step': 8, 'cluster_on_pca': False, 'cluster_pca_dims': 200} | RSS=126610MB
[2026-02-10 12:24:45] INFO calling set_image(roi_mask=..., category_annotations=...) | RSS=126610MB
[2026-02-10 12:24:45] INFO [set_image] start: shape=(1274, 1283, 20020), roi_mask=True, category_annotations=False
[2026-02-10 12:24:57] INFO [set_image] reshape+mask done in 11.59s
[2026-02-10 12:26:37] INFO [set_image] sampling done in 100.16s (method=superpixel, sampled=806)
[2026-02-10 12:26:37] INFO [set_image] model init done in 0.23s (input_dim=20020, n_components=3)
[2026-02-10 12:26:48] INFO [set_image] resample done in 10.85s (points=806)
[2026-02-10 12:26:59] INFO [set_image] category labels done in 11.04s
[2026-02-10 12:28:12] INFO [set_image] clustering init done in 72.88s (levels=6)
[2026-02-10 12:28:12] INFO [set_image] optimizer init done in 0.00s (lr=1.0, warmup=10)
[2026-02-10 12:28:12] INFO [set_image] total setup time 206.76s
[2026-02-10 12:28:12] INFO training 100 epochs | RSS=126793MB
[2026-02-10 12:28:13] INFO epoch 1/100 | RSS=127643MB
[2026-02-10 12:28:20] INFO epoch 20/100 | RSS=127619MB
[2026-02-10 12:28:27] INFO epoch 40/100 | RSS=127636MB
[2026-02-10 12:28:35] INFO epoch 60/100 | RSS=127615MB
[2026-02-10 12:28:43] INFO epoch 80/100 | RSS=127621MB
[2026-02-10 12:28:51] INFO epoch 100/100 | RSS=127615MB
[2026-02-10 12:28:51] INFO running predict | RSS=127615MB
[2026-02-10 12:31:13] INFO recompute_viz DONE | RSS=128717MB
[2026-02-10 12:54:03] INFO reload_viz using ROI (154 points) | RSS=156532MB
[2026-02-10 12:54:03] INFO recompute_viz START | RSS=156532MB
[2026-02-10 12:54:03] INFO releasing previous model (GPU + large tensors) | RSS=156532MB
[2026-02-10 12:54:03] INFO previous model type=MSIParametricMiCSLMC | RSS=156527MB
[2026-02-10 12:54:13] INFO after release + gc + cuda empty_cache | RSS=31526MB
[2026-02-10 12:54:13] INFO ROI mask built H=1054 W=1382 roi_pixels=225355 | RSS=31527MB
[2026-02-10 12:54:13] INFO model_type resolved to 'mics_lmc' | RSS=31527MB
[2026-02-10 12:54:13] INFO creating new MSIParametricMiCSLMC | RSS=31527MB
[2026-02-10 12:54:13] INFO MiCS+LMC kwargs: {'number_of_points': 1000, 'sampling': 'coreset', 'num_epochs': 100, 'number_of_components': 3, 'num_layers': 2, 'lab_to_rgb': True, 'cluster': True, 'clusters': [16, 32, 64, 128, 256, 512], 'num_samples': 20000, 'beta': 1.0, 'k_epoch': 20, 'temperature': 100.0, 'lr': 1.0, 'batch_size': 1024, 'warmup_epochs': 10, 'factor': 1.0, 'random_state': 42, 'verbose': False, 'cluster_loss_weight': 1.0, 'category_loss_weight': 1.0, 'pixel_sampling': 'superpixel', 'pca_fit_step': 8, 'cluster_on_pca': False, 'cluster_pca_dims': 200} | RSS=31527MB
[2026-02-10 12:54:13] INFO calling set_image(roi_mask=..., category_annotations=...) | RSS=31527MB
[2026-02-10 12:54:13] INFO [set_image] start: shape=(1054, 1382, 5005), roi_mask=True, category_annotations=False
[2026-02-10 12:54:16] INFO [set_image] reshape+mask done in 2.78s
[2026-02-10 12:54:49] INFO [set_image] sampling done in 32.88s (method=superpixel, sampled=11264)
[2026-02-10 12:54:49] INFO [set_image] model init done in 0.09s (input_dim=5005, n_components=3)
[2026-02-10 12:55:28] INFO [set_image] resample done in 39.55s (points=1000)
[2026-02-10 12:55:31] INFO [set_image] category labels done in 2.70s
[2026-02-10 12:59:21] INFO [set_image] clustering init done in 230.50s (levels=6)
[2026-02-10 12:59:21] INFO [set_image] optimizer init done in 0.00s (lr=1.0, warmup=10)
[2026-02-10 12:59:21] INFO [set_image] total setup time 308.51s
[2026-02-10 12:59:21] INFO training 100 epochs | RSS=31920MB
[2026-02-10 12:59:24] INFO epoch 1/100 | RSS=32278MB
[2026-02-10 13:00:15] INFO epoch 20/100 | RSS=32345MB
[2026-02-10 13:01:09] INFO epoch 40/100 | RSS=32275MB
[2026-02-10 13:02:05] INFO epoch 60/100 | RSS=32384MB
[2026-02-10 13:03:03] INFO epoch 80/100 | RSS=32393MB
[2026-02-10 13:04:02] INFO epoch 100/100 | RSS=32351MB
[2026-02-10 13:04:02] INFO running predict | RSS=32351MB
[2026-02-10 13:04:54] INFO recompute_viz DONE | RSS=32484MB
[2026-02-10 13:13:16] INFO reload_viz using ROI (146 points) | RSS=60295MB
[2026-02-10 13:13:16] INFO recompute_viz START | RSS=60295MB
[2026-02-10 13:13:16] INFO releasing previous model (GPU + large tensors) | RSS=60295MB
[2026-02-10 13:13:16] INFO previous model type=MSIParametricMiCSLMC | RSS=60291MB
[2026-02-10 13:13:18] INFO after release + gc + cuda empty_cache | RSS=32130MB
[2026-02-10 13:13:18] INFO ROI mask built H=1054 W=1382 roi_pixels=131624 | RSS=32131MB
[2026-02-10 13:13:18] INFO model_type resolved to 'mics_lmc' | RSS=32131MB
[2026-02-10 13:13:18] INFO creating new MSIParametricMiCSLMC | RSS=32131MB
[2026-02-10 13:13:18] INFO MiCS+LMC kwargs: {'number_of_points': 1000, 'sampling': 'coreset', 'num_epochs': 100, 'number_of_components': 3, 'num_layers': 2, 'lab_to_rgb': True, 'cluster': True, 'clusters': [16, 32, 64, 128, 256, 512], 'num_samples': 20000, 'beta': 1.0, 'k_epoch': 20, 'temperature': 100.0, 'lr': 1.0, 'batch_size': 1024, 'warmup_epochs': 10, 'factor': 1.0, 'random_state': 42, 'verbose': False, 'cluster_loss_weight': 1.0, 'category_loss_weight': 1.0, 'pixel_sampling': 'superpixel', 'pca_fit_step': 8, 'cluster_on_pca': False, 'cluster_pca_dims': 200} | RSS=32131MB
[2026-02-10 13:13:18] INFO calling set_image(roi_mask=..., category_annotations=...) | RSS=32131MB
[2026-02-10 13:13:18] INFO [set_image] start: shape=(1054, 1382, 5005), roi_mask=True, category_annotations=False
[2026-02-10 13:13:21] INFO [set_image] reshape+mask done in 2.54s
[2026-02-10 13:13:52] INFO [set_image] sampling done in 31.61s (method=superpixel, sampled=7105)
[2026-02-10 13:13:52] INFO [set_image] model init done in 0.08s (input_dim=5005, n_components=3)
[2026-02-10 13:14:17] INFO [set_image] resample done in 24.55s (points=1000)
[2026-02-10 13:14:20] INFO [set_image] category labels done in 2.74s
[2026-02-10 13:16:46] INFO [set_image] clustering init done in 146.48s (levels=6)
[2026-02-10 13:16:46] INFO [set_image] optimizer init done in 0.00s (lr=1.0, warmup=10)
[2026-02-10 13:16:46] INFO [set_image] total setup time 208.01s
[2026-02-10 13:16:46] INFO training 100 epochs | RSS=32349MB
[2026-02-10 13:16:48] INFO epoch 1/100 | RSS=32335MB
[2026-02-10 13:17:20] INFO epoch 20/100 | RSS=32437MB
[2026-02-10 13:17:54] INFO epoch 40/100 | RSS=32347MB
[2026-02-10 13:18:30] INFO epoch 60/100 | RSS=32432MB
[2026-02-10 13:19:06] INFO epoch 80/100 | RSS=32389MB
[2026-02-10 13:19:44] INFO epoch 100/100 | RSS=32438MB
[2026-02-10 13:19:44] INFO running predict | RSS=32438MB
[2026-02-10 13:20:35] INFO recompute_viz DONE | RSS=32459MB
[2026-02-10 15:06:12] INFO reload_viz using ROI (134 points) | RSS=60269MB
[2026-02-10 15:06:12] INFO recompute_viz START | RSS=60269MB
[2026-02-10 15:06:12] INFO releasing previous model (GPU + large tensors) | RSS=60269MB
[2026-02-10 15:06:12] INFO previous model type=MSIParametricMiCSLMC | RSS=60265MB
[2026-02-10 15:06:14] INFO after release + gc + cuda empty_cache | RSS=32209MB
[2026-02-10 15:06:14] INFO ROI mask built H=1054 W=1382 roi_pixels=129427 | RSS=32211MB
[2026-02-10 15:06:14] INFO model_type resolved to 'mics_lmc' | RSS=32211MB
[2026-02-10 15:06:14] INFO creating new MSIParametricMiCSLMC | RSS=32211MB
[2026-02-10 15:06:14] INFO MiCS+LMC kwargs: {'number_of_points': 1000, 'sampling': 'coreset', 'num_epochs': 100, 'number_of_components': 3, 'num_layers': 2, 'lab_to_rgb': True, 'cluster': True, 'clusters': [16, 32, 64, 128, 256, 512], 'num_samples': 20000, 'beta': 1.0, 'k_epoch': 20, 'temperature': 100.0, 'lr': 1.0, 'batch_size': 1024, 'warmup_epochs': 10, 'factor': 1.0, 'random_state': 42, 'verbose': False, 'cluster_loss_weight': 1.0, 'category_loss_weight': 1.0, 'pixel_sampling': 'superpixel', 'pca_fit_step': 8, 'cluster_on_pca': False, 'cluster_pca_dims': 200} | RSS=32211MB
[2026-02-10 15:06:14] INFO calling set_image(roi_mask=..., category_annotations=...) | RSS=32211MB
[2026-02-10 15:06:14] INFO [set_image] start: shape=(1054, 1382, 5005), roi_mask=True, category_annotations=False
[2026-02-10 15:06:17] INFO [set_image] reshape+mask done in 2.65s
[2026-02-10 15:06:48] INFO [set_image] sampling done in 31.59s (method=superpixel, sampled=7103)
[2026-02-10 15:06:48] INFO [set_image] model init done in 0.08s (input_dim=5005, n_components=3)
[2026-02-10 15:07:13] INFO [set_image] resample done in 24.72s (points=1000)
[2026-02-10 15:07:16] INFO [set_image] category labels done in 2.61s
[2026-02-10 15:09:43] INFO [set_image] clustering init done in 147.90s (levels=6)
[2026-02-10 15:09:43] INFO [set_image] optimizer init done in 0.00s (lr=1.0, warmup=10)
[2026-02-10 15:09:43] INFO [set_image] total setup time 209.55s
[2026-02-10 15:09:43] INFO training 100 epochs | RSS=32427MB
[2026-02-10 15:09:45] INFO epoch 1/100 | RSS=32376MB
[2026-02-10 15:10:17] INFO epoch 20/100 | RSS=32375MB
[2026-02-10 15:10:51] INFO epoch 40/100 | RSS=32396MB
[2026-02-10 15:11:27] INFO epoch 60/100 | RSS=32425MB
[2026-02-10 15:12:03] INFO epoch 80/100 | RSS=32417MB
[2026-02-10 15:12:41] INFO epoch 100/100 | RSS=32402MB
[2026-02-10 15:12:41] INFO running predict | RSS=32402MB
[2026-02-10 15:13:32] INFO recompute_viz DONE | RSS=32401MB
[2026-02-10 18:45:02] INFO reload_viz using ROI (94 points) | RSS=60212MB
[2026-02-10 18:45:02] INFO recompute_viz START | RSS=60212MB
[2026-02-10 18:45:02] INFO releasing previous model (GPU + large tensors) | RSS=60212MB
[2026-02-10 18:45:02] INFO previous model type=MSIParametricMiCSLMC | RSS=60208MB
[2026-02-10 18:45:04] INFO after release + gc + cuda empty_cache | RSS=32142MB
[2026-02-10 18:45:04] INFO ROI mask built H=1054 W=1382 roi_pixels=39417 | RSS=32143MB
[2026-02-10 18:45:04] INFO model_type resolved to 'mics_lmc' | RSS=32143MB
[2026-02-10 18:45:04] INFO creating new MSIParametricMiCSLMC | RSS=32143MB
[2026-02-10 18:45:04] INFO MiCS+LMC kwargs: {'number_of_points': 1000, 'sampling': 'coreset', 'num_epochs': 100, 'number_of_components': 3, 'num_layers': 2, 'lab_to_rgb': True, 'cluster': True, 'clusters': [16, 32, 64, 128, 256, 512], 'num_samples': 20000, 'beta': 1.0, 'k_epoch': 20, 'temperature': 100.0, 'lr': 1.0, 'batch_size': 1024, 'warmup_epochs': 10, 'factor': 1.0, 'random_state': 42, 'verbose': False, 'cluster_loss_weight': 1.0, 'category_loss_weight': 1.0, 'pixel_sampling': 'superpixel', 'pca_fit_step': 8, 'cluster_on_pca': False, 'cluster_pca_dims': 200} | RSS=32143MB
[2026-02-10 18:45:04] INFO calling set_image(roi_mask=..., category_annotations=...) | RSS=32143MB
[2026-02-10 18:45:04] INFO [set_image] start: shape=(1054, 1382, 5005), roi_mask=True, category_annotations=False
[2026-02-10 18:45:07] INFO [set_image] reshape+mask done in 2.61s
[2026-02-10 18:45:37] INFO [set_image] sampling done in 30.54s (method=superpixel, sampled=2580)
[2026-02-10 18:45:38] INFO [set_image] model init done in 0.08s (input_dim=5005, n_components=3)
[2026-02-10 18:45:46] INFO [set_image] resample done in 8.89s (points=1000)
[2026-02-10 18:45:49] INFO [set_image] category labels done in 2.62s
[2026-02-10 18:46:50] INFO [set_image] clustering init done in 60.94s (levels=6)
[2026-02-10 18:46:50] INFO [set_image] optimizer init done in 0.00s (lr=1.0, warmup=10)
[2026-02-10 18:46:50] INFO [set_image] total setup time 105.68s
[2026-02-10 18:46:50] INFO training 100 epochs | RSS=32221MB
[2026-02-10 18:46:51] INFO epoch 1/100 | RSS=32209MB
[2026-02-10 18:47:04] INFO epoch 20/100 | RSS=32140MB
[2026-02-10 18:47:17] INFO epoch 40/100 | RSS=32223MB
[2026-02-10 18:47:31] INFO epoch 60/100 | RSS=32214MB
[2026-02-10 18:47:46] INFO epoch 80/100 | RSS=32278MB
[2026-02-10 18:48:01] INFO epoch 100/100 | RSS=32311MB
[2026-02-10 18:48:01] INFO running predict | RSS=32311MB
[2026-02-10 18:48:53] INFO recompute_viz DONE | RSS=32312MB
[2026-02-10 19:28:21] INFO reload_viz using full image (no ROI) | RSS=31561MB
[2026-02-10 19:28:32] WARNING From C:\Users\PahnkeLab\miniconda3\envs\maldi\Lib\site-packages\keras\src\losses.py:2976: The name tf.losses.sparse_softmax_cross_entropy is deprecated. Please use tf.compat.v1.losses.sparse_softmax_cross_entropy instead.

[2026-02-10 19:28:32] INFO compute_initial_viz START | RSS=31818MB
[2026-02-10 19:28:32] INFO config loaded | RSS=31818MB
[2026-02-10 19:28:32] INFO model_type resolved to 'mics_lmc' | RSS=31818MB
[2026-02-10 19:28:32] INFO reusing cached image (path unchanged): E:\MSImaging-data\_msi_visual\Extractions\NRL4558_5um\5bins\2\0.npy | RSS=31818MB
[2026-02-10 19:28:32] INFO creating new model and fitting (mics_lmc) | RSS=31818MB
[2026-02-10 19:28:32] INFO building model kwargs | RSS=31818MB
[2026-02-10 19:28:32] INFO model kwargs built in 0.00s | RSS=31818MB
[2026-02-10 19:28:32] INFO MiCS+LMC kwargs: {'number_of_points': 1000, 'sampling': 'coreset', 'num_epochs': 100, 'number_of_components': 3, 'num_layers': 2, 'lab_to_rgb': True, 'cluster': True, 'clusters': [4, 8, 16, 32, 64], 'num_samples': 5000, 'beta': 1.0, 'k_epoch': 20, 'temperature': 100.0, 'lr': 1.0, 'batch_size': 1024, 'warmup_epochs': 10, 'factor': 1.0, 'random_state': 42, 'verbose': False, 'cluster_loss_weight': 1.0, 'category_loss_weight': 1.0, 'pixel_sampling': 'superpixel', 'pca_fit_step': 64, 'cluster_on_pca': False, 'cluster_pca_dims': 50} | RSS=31818MB
[2026-02-10 19:28:32] INFO initializing model | RSS=31818MB
[2026-02-10 19:28:32] INFO model init done in 0.00s | RSS=31819MB
[2026-02-10 19:28:32] INFO starting model.fit (train) | RSS=31819MB
[2026-02-10 19:28:32] INFO [fit] set_image starting: shape=(1274, 1283, 5005)
[2026-02-10 19:28:32] INFO [set_image] start: shape=(1274, 1283, 5005), roi_mask=False, category_annotations=False
[2026-02-10 19:28:35] INFO [set_image] reshape+mask done in 3.05s
[2026-02-10 19:28:59] INFO [set_image] sampling done in 23.57s (method=superpixel, sampled=5321)
[2026-02-10 19:28:59] INFO [set_image] model init done in 0.08s (input_dim=5005, n_components=3)
[2026-02-10 19:29:17] INFO [set_image] resample done in 18.29s (points=1000)
[2026-02-10 19:29:21] INFO [set_image] category labels done in 3.20s
[2026-02-10 19:29:36] INFO [set_image] clustering init done in 15.66s (levels=5)
[2026-02-10 19:29:38] INFO [set_image] optimizer init done in 1.53s (lr=1.0, warmup=10)
[2026-02-10 19:29:38] INFO [set_image] total setup time 65.38s
[2026-02-10 19:29:38] INFO [fit] set_image done in 65.38s
[2026-02-10 19:29:38] INFO [fit] training loop starting: epochs=100
[2026-02-10 19:31:44] INFO [fit] training loop finished in 126.36s
[2026-02-10 19:31:44] INFO model.fit completed in 191.74s | RSS=33521MB
[2026-02-10 19:31:44] INFO running predict (train) | RSS=33521MB
[2026-02-10 19:32:38] INFO compute_initial_viz DONE | RSS=33247MB
[2026-02-10 19:36:14] INFO reload_viz using ROI (77 points) | RSS=64460MB
[2026-02-10 19:36:14] INFO recompute_viz START | RSS=64460MB
[2026-02-10 19:36:14] INFO releasing previous model (GPU + large tensors) | RSS=64460MB
[2026-02-10 19:36:14] INFO previous model type=MSIParametricMiCSLMC | RSS=64455MB
[2026-02-10 19:36:16] INFO after release + gc + cuda empty_cache | RSS=33081MB
[2026-02-10 19:36:16] INFO ROI mask built H=1274 W=1283 roi_pixels=64761 | RSS=33083MB
[2026-02-10 19:36:16] INFO model_type resolved to 'mics_lmc' | RSS=33083MB
[2026-02-10 19:36:16] INFO creating new MSIParametricMiCSLMC | RSS=33083MB
[2026-02-10 19:36:16] INFO MiCS+LMC kwargs: {'number_of_points': 1000, 'sampling': 'coreset', 'num_epochs': 100, 'number_of_components': 3, 'num_layers': 2, 'lab_to_rgb': True, 'cluster': True, 'clusters': [4, 8, 16, 32, 64], 'num_samples': 5000, 'beta': 1.0, 'k_epoch': 20, 'temperature': 100.0, 'lr': 1.0, 'batch_size': 1024, 'warmup_epochs': 10, 'factor': 1.0, 'random_state': 42, 'verbose': False, 'cluster_loss_weight': 1.0, 'category_loss_weight': 1.0, 'pixel_sampling': 'superpixel', 'pca_fit_step': 64, 'cluster_on_pca': False, 'cluster_pca_dims': 50} | RSS=33083MB
[2026-02-10 19:36:16] INFO calling set_image(roi_mask=..., category_annotations=...) | RSS=33083MB
[2026-02-10 19:36:16] INFO [set_image] start: shape=(1274, 1283, 5005), roi_mask=True, category_annotations=False
[2026-02-10 19:36:19] INFO [set_image] reshape+mask done in 2.67s
[2026-02-10 19:36:46] INFO [set_image] sampling done in 27.13s (method=superpixel, sampled=520)
[2026-02-10 19:36:46] INFO [set_image] model init done in 0.08s (input_dim=5005, n_components=3)
[2026-02-10 19:36:47] INFO [set_image] resample done in 0.61s (points=520)
[2026-02-10 19:36:49] INFO [set_image] category labels done in 2.74s
[2026-02-10 19:36:51] INFO [set_image] clustering init done in 1.83s (levels=5)
[2026-02-10 19:36:51] INFO [set_image] optimizer init done in 0.00s (lr=1.0, warmup=10)
[2026-02-10 19:36:51] INFO [set_image] total setup time 35.06s
[2026-02-10 19:36:51] INFO training 100 epochs | RSS=33112MB
[2026-02-10 19:36:51] INFO epoch 1/100 | RSS=33345MB
[2026-02-10 19:36:54] INFO epoch 20/100 | RSS=33343MB
[2026-02-10 19:36:58] INFO epoch 40/100 | RSS=33356MB
[2026-02-10 19:37:01] INFO epoch 60/100 | RSS=33371MB
[2026-02-10 19:37:04] INFO epoch 80/100 | RSS=33371MB
[2026-02-10 19:37:07] INFO epoch 100/100 | RSS=33371MB
[2026-02-10 19:37:07] INFO running predict | RSS=33371MB
[2026-02-10 19:38:05] INFO recompute_viz DONE | RSS=33260MB
[2026-02-12 07:37:21] INFO reload_viz using ROI (77 points) | RSS=64468MB
[2026-02-12 07:37:21] INFO recompute_viz START | RSS=64468MB
[2026-02-12 07:37:21] INFO releasing previous model (GPU + large tensors) | RSS=64468MB
[2026-02-12 07:37:21] INFO previous model type=MSIParametricMiCSLMC | RSS=64463MB
[2026-02-12 07:37:23] INFO after release + gc + cuda empty_cache | RSS=33174MB
[2026-02-12 07:37:23] INFO ROI mask built H=1274 W=1283 roi_pixels=64761 | RSS=33175MB
[2026-02-12 07:37:23] INFO model_type resolved to 'mics_lmc' | RSS=33175MB
[2026-02-12 07:37:23] INFO creating new MSIParametricMiCSLMC | RSS=33175MB
[2026-02-12 07:37:23] INFO MiCS+LMC kwargs: {'number_of_points': 1000, 'sampling': 'coreset', 'num_epochs': 100, 'number_of_components': 3, 'num_layers': 2, 'lab_to_rgb': True, 'cluster': True, 'clusters': [64, 128, 256, 512], 'num_samples': 5000, 'beta': 1.0, 'k_epoch': 20, 'temperature': 100.0, 'lr': 1.0, 'batch_size': 1024, 'warmup_epochs': 10, 'factor': 1.0, 'random_state': 42, 'verbose': False, 'cluster_loss_weight': 1.0, 'category_loss_weight': 1.0, 'pixel_sampling': 'superpixel', 'pca_fit_step': 64, 'cluster_on_pca': False, 'cluster_pca_dims': 50} | RSS=33175MB
[2026-02-12 07:37:23] INFO calling set_image(roi_mask=..., category_annotations=...) | RSS=33175MB
[2026-02-12 07:37:23] INFO [set_image] start: shape=(1274, 1283, 5005), roi_mask=True, category_annotations=False
[2026-02-12 07:37:26] INFO [set_image] reshape+mask done in 2.79s
[2026-02-12 07:37:54] INFO [set_image] sampling done in 27.69s (method=superpixel, sampled=520)
[2026-02-12 07:37:54] INFO [set_image] model init done in 0.08s (input_dim=5005, n_components=3)
[2026-02-12 07:37:55] INFO [set_image] resample done in 0.62s (points=520)
[2026-02-12 07:37:57] INFO [set_image] category labels done in 2.78s
[2026-02-12 07:38:09] INFO [set_image] clustering init done in 11.40s (levels=4)
[2026-02-12 07:38:09] INFO [set_image] optimizer init done in 0.00s (lr=1.0, warmup=10)
[2026-02-12 07:38:09] INFO [set_image] total setup time 45.36s
[2026-02-12 07:38:09] INFO training 100 epochs | RSS=33193MB
[2026-02-12 07:38:09] INFO epoch 1/100 | RSS=33290MB
[2026-02-12 07:38:12] INFO epoch 20/100 | RSS=33262MB
[2026-02-12 07:38:15] INFO epoch 40/100 | RSS=33301MB
[2026-02-12 07:38:19] INFO epoch 60/100 | RSS=33262MB
[2026-02-12 07:38:22] INFO epoch 80/100 | RSS=33262MB
[2026-02-12 07:38:25] INFO epoch 100/100 | RSS=33262MB
[2026-02-12 07:38:25] INFO running predict | RSS=33262MB
[2026-02-12 07:39:23] INFO recompute_viz DONE | RSS=33217MB
[2026-02-12 07:55:58] INFO reload_viz using ROI (77 points) | RSS=64424MB
[2026-02-12 07:55:58] INFO recompute_viz START | RSS=64424MB
[2026-02-12 07:55:58] INFO releasing previous model (GPU + large tensors) | RSS=64424MB
[2026-02-12 07:55:58] INFO previous model type=MSIParametricMiCSLMC | RSS=64420MB
[2026-02-12 07:55:59] INFO after release + gc + cuda empty_cache | RSS=33167MB
[2026-02-12 07:55:59] INFO ROI mask built H=1274 W=1283 roi_pixels=64761 | RSS=33168MB
[2026-02-12 07:55:59] INFO model_type resolved to 'mics_lmc' | RSS=33168MB
[2026-02-12 07:55:59] INFO creating new MSIParametricMiCSLMC | RSS=33168MB
[2026-02-12 07:55:59] INFO MiCS+LMC kwargs: {'number_of_points': 1000, 'sampling': 'coreset', 'num_epochs': 100, 'number_of_components': 3, 'num_layers': 2, 'lab_to_rgb': True, 'cluster': True, 'clusters': [64, 128, 256, 512], 'num_samples': 20000, 'beta': 1.0, 'k_epoch': 20, 'temperature': 100.0, 'lr': 1.0, 'batch_size': 1024, 'warmup_epochs': 10, 'factor': 1.0, 'random_state': 42, 'verbose': False, 'cluster_loss_weight': 1.0, 'category_loss_weight': 1.0, 'pixel_sampling': 'superpixel', 'pca_fit_step': 32, 'cluster_on_pca': False, 'cluster_pca_dims': 50} | RSS=33168MB
[2026-02-12 07:55:59] INFO calling set_image(roi_mask=..., category_annotations=...) | RSS=33168MB
[2026-02-12 07:55:59] INFO [set_image] start: shape=(1274, 1283, 5005), roi_mask=True, category_annotations=False
[2026-02-12 07:56:02] INFO [set_image] reshape+mask done in 2.97s
[2026-02-12 07:56:32] INFO [set_image] sampling done in 29.56s (method=superpixel, sampled=440)
[2026-02-12 07:56:32] INFO [set_image] model init done in 0.08s (input_dim=5005, n_components=3)
[2026-02-12 07:56:33] INFO [set_image] resample done in 0.43s (points=440)
[2026-02-12 07:56:35] INFO [set_image] category labels done in 2.87s
[2026-02-12 07:56:40] ERROR recompute_viz FAILED: n_samples=440 should be >= n_clusters=512. | RSS=33211MB
[2026-02-12 08:23:12] INFO reload_viz using ROI (77 points) | RSS=33167MB
[2026-02-12 08:23:12] INFO recompute_viz START | RSS=33167MB
[2026-02-12 08:23:12] INFO releasing previous model (GPU + large tensors) | RSS=33167MB
[2026-02-12 08:23:13] INFO after release + gc + cuda empty_cache | RSS=33167MB
[2026-02-12 08:23:13] INFO ROI mask built H=1274 W=1283 roi_pixels=64761 | RSS=33169MB
[2026-02-12 08:23:13] INFO model_type resolved to 'mics_lmc' | RSS=33169MB
[2026-02-12 08:23:13] INFO creating new MSIParametricMiCSLMC | RSS=33169MB
[2026-02-12 08:23:13] INFO MiCS+LMC kwargs: {'number_of_points': 1000, 'sampling': 'coreset', 'num_epochs': 100, 'number_of_components': 3, 'num_layers': 2, 'lab_to_rgb': True, 'cluster': True, 'clusters': [64, 128, 256, 512], 'num_samples': 20000, 'beta': 1.0, 'k_epoch': 20, 'temperature': 100.0, 'lr': 1.0, 'batch_size': 1024, 'warmup_epochs': 10, 'factor': 1.0, 'random_state': 42, 'verbose': False, 'cluster_loss_weight': 1.0, 'category_loss_weight': 1.0, 'pixel_sampling': 'superpixel', 'pca_fit_step': 32, 'cluster_on_pca': False, 'cluster_pca_dims': 50} | RSS=33169MB
[2026-02-12 08:23:13] INFO calling set_image(roi_mask=..., category_annotations=...) | RSS=33169MB
[2026-02-12 08:23:13] INFO [set_image] start: shape=(1274, 1283, 5005), roi_mask=True, category_annotations=False
[2026-02-12 08:23:16] INFO [set_image] reshape+mask done in 2.99s
[2026-02-12 08:23:45] INFO [set_image] sampling done in 29.76s (method=superpixel, sampled=440)
[2026-02-12 08:23:45] INFO [set_image] model init done in 0.09s (input_dim=5005, n_components=3)
[2026-02-12 08:23:46] INFO [set_image] resample done in 0.43s (points=440)
[2026-02-12 08:23:49] INFO [set_image] category labels done in 3.10s
[2026-02-12 08:23:54] ERROR recompute_viz FAILED: n_samples=440 should be >= n_clusters=512. | RSS=33270MB
[2026-02-12 08:24:52] INFO reload_viz using ROI (77 points) | RSS=33227MB
[2026-02-12 08:24:52] INFO recompute_viz START | RSS=33227MB
[2026-02-12 08:24:52] INFO releasing previous model (GPU + large tensors) | RSS=33227MB
[2026-02-12 08:24:53] INFO after release + gc + cuda empty_cache | RSS=33227MB
[2026-02-12 08:24:53] INFO ROI mask built H=1274 W=1283 roi_pixels=64761 | RSS=33228MB
[2026-02-12 08:24:53] INFO model_type resolved to 'mics_lmc' | RSS=33228MB
[2026-02-12 08:24:53] INFO creating new MSIParametricMiCSLMC | RSS=33228MB
[2026-02-12 08:24:53] INFO MiCS+LMC kwargs: {'number_of_points': 1000, 'sampling': 'coreset', 'num_epochs': 100, 'number_of_components': 3, 'num_layers': 3, 'lab_to_rgb': True, 'cluster': True, 'clusters': [64, 128, 256, 512], 'num_samples': 20000, 'beta': 1.0, 'k_epoch': 20, 'temperature': 100.0, 'lr': 1.0, 'batch_size': 1024, 'warmup_epochs': 10, 'factor': 1.0, 'random_state': 42, 'verbose': False, 'cluster_loss_weight': 1.0, 'category_loss_weight': 1.0, 'pixel_sampling': 'superpixel', 'pca_fit_step': 32, 'cluster_on_pca': False, 'cluster_pca_dims': 50} | RSS=33228MB
[2026-02-12 08:24:53] INFO calling set_image(roi_mask=..., category_annotations=...) | RSS=33228MB
[2026-02-12 08:24:53] INFO [set_image] start: shape=(1274, 1283, 5005), roi_mask=True, category_annotations=False
[2026-02-12 08:24:55] INFO [set_image] reshape+mask done in 2.61s
[2026-02-12 08:25:23] INFO [set_image] sampling done in 28.02s (method=superpixel, sampled=440)
[2026-02-12 08:25:23] INFO [set_image] model init done in 0.10s (input_dim=5005, n_components=3)
[2026-02-12 08:25:24] INFO [set_image] resample done in 0.43s (points=440)
[2026-02-12 08:25:27] INFO [set_image] category labels done in 2.73s
[2026-02-12 08:25:31] ERROR recompute_viz FAILED: n_samples=440 should be >= n_clusters=512. | RSS=33286MB
[2026-02-12 08:28:41] INFO reload_viz using ROI (77 points) | RSS=33242MB
[2026-02-12 08:28:41] INFO recompute_viz START | RSS=33242MB
[2026-02-12 08:28:41] INFO releasing previous model (GPU + large tensors) | RSS=33242MB
[2026-02-12 08:28:42] INFO after release + gc + cuda empty_cache | RSS=33242MB
[2026-02-12 08:28:42] INFO ROI mask built H=1274 W=1283 roi_pixels=64761 | RSS=33243MB
[2026-02-12 08:28:42] INFO model_type resolved to 'mics_lmc' | RSS=33243MB
[2026-02-12 08:28:42] INFO creating new MSIParametricMiCSLMC | RSS=33243MB
[2026-02-12 08:28:42] INFO MiCS+LMC kwargs: {'number_of_points': 1000, 'sampling': 'coreset', 'num_epochs': 100, 'number_of_components': 3, 'num_layers': 3, 'lab_to_rgb': True, 'cluster': True, 'clusters': [64, 128, 256, 512], 'num_samples': 20000, 'beta': 1.0, 'k_epoch': 20, 'temperature': 100.0, 'lr': 1.0, 'batch_size': 1024, 'warmup_epochs': 10, 'factor': 3.0, 'random_state': 42, 'verbose': False, 'cluster_loss_weight': 1.0, 'category_loss_weight': 1.0, 'pixel_sampling': 'superpixel', 'pca_fit_step': 32, 'cluster_on_pca': False, 'cluster_pca_dims': 50} | RSS=33243MB
[2026-02-12 08:28:42] INFO calling set_image(roi_mask=..., category_annotations=...) | RSS=33243MB
[2026-02-12 08:28:42] INFO [set_image] start: shape=(1274, 1283, 5005), roi_mask=True, category_annotations=False
[2026-02-12 08:28:44] INFO [set_image] reshape+mask done in 2.76s
[2026-02-12 08:29:13] INFO [set_image] sampling done in 28.27s (method=superpixel, sampled=440)
[2026-02-12 08:29:13] INFO [set_image] model init done in 0.63s (input_dim=5005, n_components=3)
[2026-02-12 08:29:14] INFO [set_image] resample done in 0.43s (points=440)
[2026-02-12 08:29:17] INFO [set_image] category labels done in 2.81s
[2026-02-12 08:29:21] ERROR recompute_viz FAILED: n_samples=440 should be >= n_clusters=512. | RSS=33835MB
[2026-02-12 10:24:12] INFO reload_viz using ROI (77 points) | RSS=33792MB
[2026-02-12 10:24:12] INFO recompute_viz START | RSS=33792MB
[2026-02-12 10:24:12] INFO releasing previous model (GPU + large tensors) | RSS=33792MB
[2026-02-12 10:24:13] INFO after release + gc + cuda empty_cache | RSS=33792MB
[2026-02-12 10:24:13] INFO ROI mask built H=1274 W=1283 roi_pixels=64761 | RSS=33793MB
[2026-02-12 10:24:13] INFO model_type resolved to 'mics_lmc' | RSS=33793MB
[2026-02-12 10:24:13] INFO creating new MSIParametricMiCSLMC | RSS=33793MB
[2026-02-12 10:24:13] INFO MiCS+LMC kwargs: {'number_of_points': 1000, 'sampling': 'coreset', 'num_epochs': 100, 'number_of_components': 3, 'num_layers': 2, 'lab_to_rgb': True, 'cluster': True, 'clusters': [64, 128, 256, 512], 'num_samples': 20000, 'beta': 1.0, 'k_epoch': 20, 'temperature': 100.0, 'lr': 1.0, 'batch_size': 1024, 'warmup_epochs': 10, 'factor': 1.0, 'random_state': 42, 'verbose': False, 'cluster_loss_weight': 1.0, 'category_loss_weight': 1.0, 'pixel_sampling': 'superpixel', 'pca_fit_step': 16, 'cluster_on_pca': False, 'cluster_pca_dims': 50} | RSS=33793MB
[2026-02-12 10:24:13] INFO calling set_image(roi_mask=..., category_annotations=...) | RSS=33793MB
[2026-02-12 10:24:13] INFO [set_image] start: shape=(1274, 1283, 5005), roi_mask=True, category_annotations=False
[2026-02-12 10:24:15] INFO [set_image] reshape+mask done in 2.60s
[2026-02-12 10:24:45] INFO [set_image] sampling done in 29.50s (method=superpixel, sampled=440)
[2026-02-12 10:24:45] INFO [set_image] model init done in 0.09s (input_dim=5005, n_components=3)
[2026-02-12 10:24:45] INFO [set_image] resample done in 0.42s (points=440)
[2026-02-12 10:24:48] INFO [set_image] category labels done in 2.60s
[2026-02-12 10:24:53] ERROR recompute_viz FAILED: n_samples=440 should be >= n_clusters=512. | RSS=33835MB
[2026-02-12 12:30:01] INFO reload_viz using ROI (77 points) | RSS=33792MB
[2026-02-12 12:30:01] INFO recompute_viz START | RSS=33792MB
[2026-02-12 12:30:01] INFO releasing previous model (GPU + large tensors) | RSS=33792MB
[2026-02-12 12:30:01] INFO after release + gc + cuda empty_cache | RSS=33792MB
[2026-02-12 12:30:01] INFO ROI mask built H=1274 W=1283 roi_pixels=64761 | RSS=33793MB
[2026-02-12 12:30:01] INFO model_type resolved to 'mics_lmc' | RSS=33793MB
[2026-02-12 12:30:01] INFO creating new MSIParametricMiCSLMC | RSS=33793MB
[2026-02-12 12:30:01] INFO MiCS+LMC kwargs: {'number_of_points': 1000, 'sampling': 'coreset', 'num_epochs': 100, 'number_of_components': 3, 'num_layers': 2, 'lab_to_rgb': True, 'cluster': True, 'clusters': [32, 64, 128, 256], 'num_samples': 20000, 'beta': 1.0, 'k_epoch': 20, 'temperature': 100.0, 'lr': 1.0, 'batch_size': 1024, 'warmup_epochs': 10, 'factor': 1.0, 'random_state': 42, 'verbose': False, 'cluster_loss_weight': 1.0, 'category_loss_weight': 1.0, 'pixel_sampling': 'superpixel', 'pca_fit_step': 128, 'cluster_on_pca': False, 'cluster_pca_dims': 50} | RSS=33793MB
[2026-02-12 12:30:01] INFO calling set_image(roi_mask=..., category_annotations=...) | RSS=33793MB
[2026-02-12 12:30:01] INFO [set_image] start: shape=(1274, 1283, 5005), roi_mask=True, category_annotations=False
[2026-02-12 12:30:04] INFO [set_image] reshape+mask done in 2.66s
[2026-02-12 12:30:31] INFO [set_image] sampling done in 26.48s (method=superpixel, sampled=520)
[2026-02-12 12:30:31] INFO [set_image] model init done in 0.09s (input_dim=5005, n_components=3)
[2026-02-12 12:30:31] INFO [set_image] resample done in 0.60s (points=520)
[2026-02-12 12:30:34] INFO [set_image] category labels done in 2.61s
[2026-02-12 12:30:40] INFO [set_image] clustering init done in 5.77s (levels=4)
[2026-02-12 12:30:40] INFO [set_image] optimizer init done in 0.00s (lr=1.0, warmup=10)
[2026-02-12 12:30:40] INFO [set_image] total setup time 38.21s
[2026-02-12 12:30:40] INFO training 100 epochs | RSS=33819MB
[2026-02-12 12:30:40] INFO epoch 1/100 | RSS=33255MB
[2026-02-12 12:30:43] INFO epoch 20/100 | RSS=33236MB
[2026-02-12 12:30:46] INFO epoch 40/100 | RSS=33242MB
[2026-02-12 12:30:50] INFO epoch 60/100 | RSS=33237MB
[2026-02-12 12:30:53] INFO epoch 80/100 | RSS=33237MB
[2026-02-12 12:30:56] INFO epoch 100/100 | RSS=33237MB
[2026-02-12 12:30:56] INFO running predict | RSS=33237MB
[2026-02-12 12:31:53] INFO recompute_viz DONE | RSS=33189MB
[2026-02-12 12:36:51] INFO reload_viz using ROI (77 points) | RSS=64397MB
[2026-02-12 12:36:51] INFO recompute_viz START | RSS=64397MB
[2026-02-12 12:36:51] INFO releasing previous model (GPU + large tensors) | RSS=64397MB
[2026-02-12 12:36:51] INFO previous model type=MSIParametricMiCSLMC | RSS=64392MB
[2026-02-12 12:36:53] INFO after release + gc + cuda empty_cache | RSS=33104MB
[2026-02-12 12:36:53] INFO ROI mask built H=1274 W=1283 roi_pixels=64761 | RSS=33106MB
[2026-02-12 12:36:53] INFO model_type resolved to 'mics_lmc' | RSS=33106MB
[2026-02-12 12:36:53] INFO creating new MSIParametricMiCSLMC | RSS=33106MB
[2026-02-12 12:36:53] INFO MiCS+LMC kwargs: {'number_of_points': 1000, 'sampling': 'coreset', 'num_epochs': 100, 'number_of_components': 3, 'num_layers': 2, 'lab_to_rgb': True, 'cluster': True, 'clusters': [32, 64, 128, 256], 'num_samples': 20000, 'beta': 1.0, 'k_epoch': 20, 'temperature': 100.0, 'lr': 1.0, 'batch_size': 1024, 'warmup_epochs': 10, 'factor': 1.0, 'random_state': 42, 'verbose': False, 'cluster_loss_weight': 1.0, 'category_loss_weight': 1.0, 'pixel_sampling': 'superpixel', 'pca_fit_step': 128, 'cluster_on_pca': False, 'cluster_pca_dims': 25} | RSS=33106MB
[2026-02-12 12:36:53] INFO calling set_image(roi_mask=..., category_annotations=...) | RSS=33106MB
[2026-02-12 12:36:53] INFO [set_image] start: shape=(1274, 1283, 5005), roi_mask=True, category_annotations=False
[2026-02-12 12:36:56] INFO [set_image] reshape+mask done in 2.95s
[2026-02-12 12:37:25] INFO [set_image] sampling done in 28.52s (method=superpixel, sampled=520)
[2026-02-12 12:37:25] INFO [set_image] model init done in 0.08s (input_dim=5005, n_components=3)
[2026-02-12 12:37:25] INFO [set_image] resample done in 0.64s (points=520)
[2026-02-12 12:37:29] INFO [set_image] category labels done in 3.11s
[2026-02-12 12:37:35] INFO [set_image] clustering init done in 6.05s (levels=4)
[2026-02-12 12:37:35] INFO [set_image] optimizer init done in 0.00s (lr=1.0, warmup=10)
[2026-02-12 12:37:35] INFO [set_image] total setup time 41.35s
[2026-02-12 12:37:35] INFO training 100 epochs | RSS=33189MB
[2026-02-12 12:37:35] INFO epoch 1/100 | RSS=33258MB
[2026-02-12 12:37:38] INFO epoch 20/100 | RSS=33246MB
[2026-02-12 12:37:41] INFO epoch 40/100 | RSS=33255MB
[2026-02-12 12:37:44] INFO epoch 60/100 | RSS=33244MB
[2026-02-12 12:37:48] INFO epoch 80/100 | RSS=33273MB
[2026-02-12 12:37:51] INFO epoch 100/100 | RSS=33273MB
[2026-02-12 12:37:51] INFO running predict | RSS=33273MB
[2026-02-12 12:38:49] INFO recompute_viz DONE | RSS=33218MB
[2026-02-12 12:58:31] INFO reload_viz using ROI (77 points) | RSS=64426MB
[2026-02-12 12:58:31] INFO recompute_viz START | RSS=64426MB
[2026-02-12 12:58:31] INFO releasing previous model (GPU + large tensors) | RSS=64426MB
[2026-02-12 12:58:31] INFO previous model type=MSIParametricMiCSLMC | RSS=64421MB
[2026-02-12 12:58:33] INFO after release + gc + cuda empty_cache | RSS=33148MB
[2026-02-12 12:58:33] INFO ROI mask built H=1274 W=1283 roi_pixels=64761 | RSS=33149MB
[2026-02-12 12:58:33] INFO model_type resolved to 'mics_lmc' | RSS=33149MB
[2026-02-12 12:58:33] INFO creating new MSIParametricMiCSLMC | RSS=33149MB
[2026-02-12 12:58:33] INFO MiCS+LMC kwargs: {'number_of_points': 1000, 'sampling': 'coreset', 'num_epochs': 100, 'number_of_components': 3, 'num_layers': 2, 'lab_to_rgb': True, 'cluster': True, 'clusters': [32, 64, 128, 256], 'num_samples': 20000, 'beta': 1.0, 'k_epoch': 20, 'temperature': 100.0, 'lr': 1.0, 'batch_size': 1024, 'warmup_epochs': 10, 'factor': 1.0, 'random_state': 42, 'verbose': False, 'cluster_loss_weight': 1.0, 'category_loss_weight': 1.0, 'pixel_sampling': 'superpixel', 'pca_fit_step': 128, 'cluster_on_pca': False, 'cluster_pca_dims': 16} | RSS=33149MB
[2026-02-12 12:58:33] INFO calling set_image(roi_mask=..., category_annotations=...) | RSS=33149MB
[2026-02-12 12:58:33] INFO [set_image] start: shape=(1274, 1283, 5005), roi_mask=True, category_annotations=False
[2026-02-12 12:58:36] INFO [set_image] reshape+mask done in 3.04s
[2026-02-12 12:59:04] INFO [set_image] sampling done in 27.99s (method=superpixel, sampled=520)
[2026-02-12 12:59:04] INFO [set_image] model init done in 0.08s (input_dim=5005, n_components=3)
[2026-02-12 12:59:04] INFO [set_image] resample done in 0.65s (points=520)
[2026-02-12 12:59:07] INFO [set_image] category labels done in 3.10s
[2026-02-12 12:59:13] INFO [set_image] clustering init done in 5.95s (levels=4)
[2026-02-12 12:59:13] INFO [set_image] optimizer init done in 0.00s (lr=1.0, warmup=10)
[2026-02-12 12:59:13] INFO [set_image] total setup time 40.83s
[2026-02-12 12:59:13] INFO training 100 epochs | RSS=33175MB
[2026-02-12 12:59:14] INFO epoch 1/100 | RSS=33232MB
[2026-02-12 12:59:17] INFO epoch 20/100 | RSS=33208MB
[2026-02-12 12:59:20] INFO epoch 40/100 | RSS=33245MB
[2026-02-12 12:59:23] INFO epoch 60/100 | RSS=33206MB
[2026-02-12 12:59:27] INFO epoch 80/100 | RSS=33206MB
[2026-02-12 12:59:30] INFO epoch 100/100 | RSS=33206MB
[2026-02-12 12:59:30] INFO running predict | RSS=33206MB
[2026-02-12 13:00:28] INFO recompute_viz DONE | RSS=33161MB
[2026-02-12 13:12:32] INFO reload_viz using ROI (77 points) | RSS=64369MB
[2026-02-12 13:12:32] INFO recompute_viz START | RSS=64369MB
[2026-02-12 13:12:32] INFO releasing previous model (GPU + large tensors) | RSS=64369MB
[2026-02-12 13:12:32] INFO previous model type=MSIParametricMiCSLMC | RSS=64364MB
[2026-02-12 13:12:34] INFO after release + gc + cuda empty_cache | RSS=33105MB
[2026-02-12 13:12:34] INFO ROI mask built H=1274 W=1283 roi_pixels=64761 | RSS=33106MB
[2026-02-12 13:12:34] INFO model_type resolved to 'mics_lmc' | RSS=33106MB
[2026-02-12 13:12:34] INFO creating new MSIParametricMiCSLMC | RSS=33106MB
[2026-02-12 13:12:34] INFO MiCS+LMC kwargs: {'number_of_points': 1000, 'sampling': 'coreset', 'num_epochs': 100, 'number_of_components': 3, 'num_layers': 2, 'lab_to_rgb': True, 'cluster': True, 'clusters': [32, 64, 128, 256], 'num_samples': 20000, 'beta': 1.0, 'k_epoch': 20, 'temperature': 100.0, 'lr': 1.0, 'batch_size': 1024, 'warmup_epochs': 10, 'factor': 1.0, 'random_state': 42, 'verbose': False, 'cluster_loss_weight': 1.0, 'category_loss_weight': 1.0, 'pixel_sampling': 'superpixel', 'pca_fit_step': 128, 'cluster_on_pca': False, 'cluster_pca_dims': 8} | RSS=33106MB
[2026-02-12 13:12:34] INFO calling set_image(roi_mask=..., category_annotations=...) | RSS=33106MB
[2026-02-12 13:12:34] INFO [set_image] start: shape=(1274, 1283, 5005), roi_mask=True, category_annotations=False
[2026-02-12 13:12:37] INFO [set_image] reshape+mask done in 2.91s
[2026-02-12 13:13:05] INFO [set_image] sampling done in 27.94s (method=superpixel, sampled=520)
[2026-02-12 13:13:05] INFO [set_image] model init done in 0.08s (input_dim=5005, n_components=3)
[2026-02-12 13:13:06] INFO [set_image] resample done in 0.64s (points=520)
[2026-02-12 13:13:08] INFO [set_image] category labels done in 2.85s
[2026-02-12 13:13:14] INFO [set_image] clustering init done in 6.08s (levels=4)
[2026-02-12 13:13:14] INFO [set_image] optimizer init done in 0.00s (lr=1.0, warmup=10)
[2026-02-12 13:13:14] INFO [set_image] total setup time 40.51s
[2026-02-12 13:13:14] INFO training 100 epochs | RSS=33138MB
[2026-02-12 13:13:15] INFO epoch 1/100 | RSS=33236MB
[2026-02-12 13:13:18] INFO epoch 20/100 | RSS=33206MB
[2026-02-12 13:13:21] INFO epoch 40/100 | RSS=33241MB
[2026-02-12 13:13:24] INFO epoch 60/100 | RSS=33206MB
[2026-02-12 13:13:28] INFO epoch 80/100 | RSS=33206MB
[2026-02-12 13:13:31] INFO epoch 100/100 | RSS=33206MB
[2026-02-12 13:13:31] INFO running predict | RSS=33206MB
[2026-02-12 13:14:29] INFO recompute_viz DONE | RSS=33161MB
[2026-02-12 13:18:48] INFO reload_viz using ROI (77 points) | RSS=64369MB
[2026-02-12 13:18:48] INFO recompute_viz START | RSS=64369MB
[2026-02-12 13:18:48] INFO releasing previous model (GPU + large tensors) | RSS=64369MB
[2026-02-12 13:18:48] INFO previous model type=MSIParametricMiCSLMC | RSS=64364MB
[2026-02-12 13:18:50] INFO after release + gc + cuda empty_cache | RSS=33105MB
[2026-02-12 13:18:50] INFO ROI mask built H=1274 W=1283 roi_pixels=64761 | RSS=33106MB
[2026-02-12 13:18:50] INFO model_type resolved to 'mics_lmc' | RSS=33106MB
[2026-02-12 13:18:50] INFO creating new MSIParametricMiCSLMC | RSS=33106MB
[2026-02-12 13:18:50] INFO MiCS+LMC kwargs: {'number_of_points': 1000, 'sampling': 'coreset', 'num_epochs': 100, 'number_of_components': 3, 'num_layers': 2, 'lab_to_rgb': True, 'cluster': True, 'clusters': [32, 64, 128, 256], 'num_samples': 20000, 'beta': 1.0, 'k_epoch': 20, 'temperature': 100.0, 'lr': 1.0, 'batch_size': 1024, 'warmup_epochs': 10, 'factor': 1.0, 'random_state': 42, 'verbose': False, 'cluster_loss_weight': 1.0, 'category_loss_weight': 1.0, 'pixel_sampling': 'superpixel', 'pca_fit_step': 16, 'cluster_on_pca': False, 'cluster_pca_dims': 8} | RSS=33106MB
[2026-02-12 13:18:50] INFO calling set_image(roi_mask=..., category_annotations=...) | RSS=33106MB
[2026-02-12 13:18:50] INFO [set_image] start: shape=(1274, 1283, 5005), roi_mask=True, category_annotations=False
[2026-02-12 13:18:54] INFO [set_image] reshape+mask done in 3.13s
[2026-02-12 13:19:25] INFO [set_image] sampling done in 31.77s (method=superpixel, sampled=440)
[2026-02-12 13:19:25] INFO [set_image] model init done in 0.08s (input_dim=5005, n_components=3)
[2026-02-12 13:19:26] INFO [set_image] resample done in 0.43s (points=440)
[2026-02-12 13:19:29] INFO [set_image] category labels done in 3.20s
[2026-02-12 13:19:34] INFO [set_image] clustering init done in 5.27s (levels=4)
[2026-02-12 13:19:34] INFO [set_image] optimizer init done in 0.00s (lr=1.0, warmup=10)
[2026-02-12 13:19:34] INFO [set_image] total setup time 43.89s
[2026-02-12 13:19:34] INFO training 100 epochs | RSS=33134MB
[2026-02-12 13:19:34] INFO epoch 1/100 | RSS=33220MB
[2026-02-12 13:19:37] INFO epoch 20/100 | RSS=33242MB
[2026-02-12 13:19:40] INFO epoch 40/100 | RSS=33232MB
[2026-02-12 13:19:43] INFO epoch 60/100 | RSS=33242MB
[2026-02-12 13:19:46] INFO epoch 80/100 | RSS=33242MB
[2026-02-12 13:19:49] INFO epoch 100/100 | RSS=33242MB
[2026-02-12 13:19:49] INFO running predict | RSS=33242MB
[2026-02-12 13:20:47] INFO recompute_viz DONE | RSS=33164MB
[2026-02-12 13:29:16] INFO reload_viz using full image (no ROI) | RSS=31561MB
[2026-02-12 13:29:28] WARNING From C:\Users\PahnkeLab\miniconda3\envs\maldi\Lib\site-packages\keras\src\losses.py:2976: The name tf.losses.sparse_softmax_cross_entropy is deprecated. Please use tf.compat.v1.losses.sparse_softmax_cross_entropy instead.

[2026-02-12 13:29:28] INFO compute_initial_viz START | RSS=31818MB
[2026-02-12 13:29:28] INFO config loaded | RSS=31818MB
[2026-02-12 13:29:28] INFO model_type resolved to 'mics_lmc' | RSS=31818MB
[2026-02-12 13:29:28] INFO reusing cached image (path unchanged): E:\MSImaging-data\_msi_visual\Extractions\NRL4558_5um\5bins\2\0.npy | RSS=31818MB
[2026-02-12 13:29:28] INFO creating new model and fitting (mics_lmc) | RSS=31818MB
[2026-02-12 13:29:28] INFO building model kwargs | RSS=31818MB
[2026-02-12 13:29:28] INFO model kwargs built in 0.00s | RSS=31818MB
[2026-02-12 13:29:28] INFO MiCS+LMC kwargs: {'number_of_points': 1000, 'sampling': 'coreset', 'num_epochs': 100, 'number_of_components': 3, 'num_layers': 2, 'lab_to_rgb': True, 'cluster': True, 'clusters': [4, 8, 16, 32, 64], 'num_samples': 50000, 'beta': 1.0, 'k_epoch': 20, 'temperature': 100.0, 'lr': 1.0, 'batch_size': 1024, 'warmup_epochs': 10, 'factor': 1.0, 'random_state': 42, 'verbose': False, 'cluster_loss_weight': 1.0, 'category_loss_weight': 1.0, 'pixel_sampling': 'random', 'pca_fit_step': 64, 'cluster_on_pca': False, 'cluster_pca_dims': 50} | RSS=31818MB
[2026-02-12 13:29:28] INFO initializing model | RSS=31818MB
[2026-02-12 13:29:28] INFO model init done in 0.02s | RSS=31818MB
[2026-02-12 13:29:28] INFO starting model.fit (train) | RSS=31818MB
[2026-02-12 13:29:28] INFO [fit] set_image starting: shape=(1274, 1283, 5005)
[2026-02-12 13:29:28] INFO [set_image] start: shape=(1274, 1283, 5005), roi_mask=False, category_annotations=False
[2026-02-12 13:29:31] INFO [set_image] reshape+mask done in 3.10s
[2026-02-12 13:29:34] INFO [set_image] sampling done in 3.16s (method=random, sampled=50000)
[2026-02-12 13:29:34] INFO [set_image] model init done in 0.10s (input_dim=5005, n_components=3)
[2026-02-12 13:32:15] INFO [set_image] resample done in 160.62s (points=1000)
[2026-02-12 13:32:21] INFO [set_image] category labels done in 5.44s
[2026-02-12 13:35:05] INFO [set_image] clustering init done in 164.09s (levels=5)
[2026-02-12 13:35:06] INFO [set_image] optimizer init done in 1.60s (lr=1.0, warmup=10)
[2026-02-12 13:35:06] INFO [set_image] total setup time 338.13s
[2026-02-12 13:35:06] INFO [fit] set_image done in 338.13s
[2026-02-12 13:35:06] INFO [fit] training loop starting: epochs=100
[2026-02-12 13:55:00] INFO [fit] training loop finished in 1193.86s
[2026-02-12 13:55:00] INFO model.fit completed in 1531.99s | RSS=34077MB
[2026-02-12 13:55:00] INFO running predict (train) | RSS=34077MB
[2026-02-12 13:55:53] INFO compute_initial_viz DONE | RSS=33751MB
[2026-02-12 13:56:35] INFO reload_viz using full image (no ROI) | RSS=64965MB
[2026-02-12 13:56:35] INFO compute_initial_viz START | RSS=64965MB
[2026-02-12 13:56:35] INFO releasing previous model type=MSIParametricMiCSLMC | RSS=64965MB
[2026-02-12 13:56:37] INFO config loaded | RSS=32369MB
[2026-02-12 13:56:37] INFO model_type resolved to 'mics_lmc' | RSS=32369MB
[2026-02-12 13:56:37] INFO reusing cached image (path unchanged): E:\MSImaging-data\_msi_visual\Extractions\NRL4558_5um\5bins\2\0.npy | RSS=32369MB
[2026-02-12 13:56:37] INFO creating new model and fitting (mics_lmc) | RSS=32369MB
[2026-02-12 13:56:37] INFO building model kwargs | RSS=32369MB
[2026-02-12 13:56:37] INFO model kwargs built in 0.00s | RSS=32369MB
[2026-02-12 13:56:37] INFO MiCS+LMC kwargs: {'number_of_points': 1000, 'sampling': 'coreset', 'num_epochs': 100, 'number_of_components': 3, 'num_layers': 2, 'lab_to_rgb': True, 'cluster': True, 'clusters': [16, 32, 64, 128, 256], 'num_samples': 50000, 'beta': 1.0, 'k_epoch': 20, 'temperature': 100.0, 'lr': 1.0, 'batch_size': 1024, 'warmup_epochs': 10, 'factor': 1.0, 'random_state': 42, 'verbose': False, 'cluster_loss_weight': 1.0, 'category_loss_weight': 1.0, 'pixel_sampling': 'random', 'pca_fit_step': 64, 'cluster_on_pca': False, 'cluster_pca_dims': 50} | RSS=32369MB
[2026-02-12 13:56:37] INFO initializing model | RSS=32369MB
[2026-02-12 13:56:37] INFO model init done in 0.00s | RSS=32369MB
[2026-02-12 13:56:37] INFO starting model.fit (train) | RSS=32369MB
[2026-02-12 13:56:37] INFO [fit] set_image starting: shape=(1274, 1283, 5005)
[2026-02-12 13:56:37] INFO [set_image] start: shape=(1274, 1283, 5005), roi_mask=False, category_annotations=False
[2026-02-12 13:56:40] INFO [set_image] reshape+mask done in 2.89s
[2026-02-12 13:56:43] INFO [set_image] sampling done in 3.21s (method=random, sampled=50000)
[2026-02-12 13:56:43] INFO [set_image] model init done in 0.08s (input_dim=5005, n_components=3)
[2026-02-12 13:59:28] INFO [set_image] resample done in 164.89s (points=1000)
[2026-02-12 13:59:32] INFO [set_image] category labels done in 4.37s
[2026-02-12 14:08:03] INFO [set_image] clustering init done in 510.75s (levels=5)
[2026-02-12 14:08:03] INFO [set_image] optimizer init done in 0.00s (lr=1.0, warmup=10)
[2026-02-12 14:08:03] INFO [set_image] total setup time 686.20s
[2026-02-12 14:08:03] INFO [fit] set_image done in 686.20s
[2026-02-12 14:08:03] INFO [fit] training loop starting: epochs=100
[2026-02-12 14:28:41] INFO [fit] training loop finished in 1238.16s
[2026-02-12 14:28:41] INFO model.fit completed in 1924.36s | RSS=34071MB
[2026-02-12 14:28:41] INFO running predict (train) | RSS=34071MB
[2026-02-12 14:29:39] INFO compute_initial_viz DONE | RSS=33789MB
[2026-02-12 14:32:29] INFO reload_viz using full image (no ROI) | RSS=64997MB
[2026-02-12 14:32:29] INFO compute_initial_viz START | RSS=64997MB
[2026-02-12 14:32:29] INFO releasing previous model type=MSIParametricMiCSLMC | RSS=64997MB
[2026-02-12 14:32:30] INFO config loaded | RSS=32405MB
[2026-02-12 14:32:30] INFO model_type resolved to 'mics_lmc' | RSS=32405MB
[2026-02-12 14:32:30] INFO reusing cached image (path unchanged): E:\MSImaging-data\_msi_visual\Extractions\NRL4558_5um\5bins\2\0.npy | RSS=32405MB
[2026-02-12 14:32:30] INFO creating new model and fitting (mics_lmc) | RSS=32405MB
[2026-02-12 14:32:30] INFO building model kwargs | RSS=32405MB
[2026-02-12 14:32:30] INFO model kwargs built in 0.00s | RSS=32405MB
[2026-02-12 14:32:30] INFO MiCS+LMC kwargs: {'number_of_points': 1000, 'sampling': 'coreset', 'num_epochs': 100, 'number_of_components': 3, 'num_layers': 2, 'lab_to_rgb': True, 'cluster': True, 'clusters': [16, 32, 64, 128, 256], 'num_samples': 50000, 'beta': 1.0, 'k_epoch': 20, 'temperature': 100.0, 'lr': 1.0, 'batch_size': 1024, 'warmup_epochs': 10, 'factor': 1.0, 'random_state': 42, 'verbose': False, 'cluster_loss_weight': 1.0, 'category_loss_weight': 1.0, 'pixel_sampling': 'random', 'pca_fit_step': 64, 'cluster_on_pca': False, 'cluster_pca_dims': 50} | RSS=32405MB
[2026-02-12 14:32:30] INFO initializing model | RSS=32405MB
[2026-02-12 14:32:30] INFO model init done in 0.00s | RSS=32405MB
[2026-02-12 14:32:30] INFO starting model.fit (train) | RSS=32405MB
[2026-02-12 14:32:30] INFO [fit] set_image starting: shape=(1274, 1283, 5005)
[2026-02-12 14:32:30] INFO [set_image] start: shape=(1274, 1283, 5005), roi_mask=False, category_annotations=False
[2026-02-12 14:32:33] INFO [set_image] reshape+mask done in 2.95s
[2026-02-12 14:32:37] INFO [set_image] sampling done in 3.17s (method=random, sampled=50000)
[2026-02-12 14:32:37] INFO [set_image] model init done in 0.08s (input_dim=5005, n_components=3)
[2026-02-12 14:35:03] INFO [set_image] resample done in 146.29s (points=1000)
[2026-02-12 14:35:07] INFO [set_image] category labels done in 3.98s
[2026-02-12 14:43:22] INFO [set_image] clustering init done in 494.92s (levels=5)
[2026-02-12 14:43:22] INFO [set_image] optimizer init done in 0.00s (lr=1.0, warmup=10)
[2026-02-12 14:43:22] INFO [set_image] total setup time 651.40s
[2026-02-12 14:43:22] INFO [fit] set_image done in 651.40s
[2026-02-12 14:43:22] INFO [fit] training loop starting: epochs=100
[2026-02-12 15:00:39] INFO [fit] training loop finished in 1037.23s
[2026-02-12 15:00:39] INFO model.fit completed in 1688.64s | RSS=34134MB
[2026-02-12 15:00:39] INFO running predict (train) | RSS=34134MB
[2026-02-12 15:01:30] INFO compute_initial_viz DONE | RSS=33831MB
[2026-02-12 17:07:03] INFO reload_viz using ROI (108 points) | RSS=65038MB
[2026-02-12 17:07:03] INFO recompute_viz START | RSS=65038MB
[2026-02-12 17:07:03] INFO releasing previous model (GPU + large tensors) | RSS=65038MB
[2026-02-12 17:07:03] INFO previous model type=MSIParametricMiCSLMC | RSS=65034MB
[2026-02-12 17:07:05] INFO after release + gc + cuda empty_cache | RSS=32436MB
[2026-02-12 17:07:05] INFO ROI mask built H=1274 W=1283 roi_pixels=47306 | RSS=32438MB
[2026-02-12 17:07:05] INFO model_type resolved to 'mics_lmc' | RSS=32438MB
[2026-02-12 17:07:05] INFO creating new MSIParametricMiCSLMC | RSS=32438MB
[2026-02-12 17:07:05] INFO MiCS+LMC kwargs: {'number_of_points': 1000, 'sampling': 'coreset', 'num_epochs': 100, 'number_of_components': 3, 'num_layers': 2, 'lab_to_rgb': True, 'cluster': True, 'clusters': [16, 32, 64, 128, 256], 'num_samples': 50000, 'beta': 1.0, 'k_epoch': 20, 'temperature': 100.0, 'lr': 1.0, 'batch_size': 1024, 'warmup_epochs': 10, 'factor': 1.0, 'random_state': 42, 'verbose': False, 'cluster_loss_weight': 1.0, 'category_loss_weight': 1.0, 'pixel_sampling': 'random', 'pca_fit_step': 64, 'cluster_on_pca': False, 'cluster_pca_dims': 50} | RSS=32438MB
[2026-02-12 17:07:05] INFO calling set_image(roi_mask=..., category_annotations=...) | RSS=32438MB
[2026-02-12 17:07:05] INFO [set_image] start: shape=(1274, 1283, 5005), roi_mask=True, category_annotations=False
[2026-02-12 17:07:08] INFO [set_image] reshape+mask done in 3.38s
[2026-02-12 17:07:12] INFO [set_image] sampling done in 3.71s (method=random, sampled=47306)
[2026-02-12 17:07:12] INFO [set_image] model init done in 0.08s (input_dim=5005, n_components=3)
[2026-02-12 17:10:00] INFO [set_image] resample done in 168.30s (points=1000)
[2026-02-12 17:10:05] INFO [set_image] category labels done in 4.95s
[2026-02-12 17:18:32] INFO [set_image] clustering init done in 506.62s (levels=5)
[2026-02-12 17:18:32] INFO [set_image] optimizer init done in 0.00s (lr=1.0, warmup=10)
[2026-02-12 17:18:32] INFO [set_image] total setup time 687.04s
[2026-02-12 17:18:32] INFO training 100 epochs | RSS=33729MB
[2026-02-12 17:18:43] INFO epoch 1/100 | RSS=33923MB
[2026-02-12 17:22:16] INFO epoch 20/100 | RSS=34085MB
[2026-02-12 17:25:58] INFO epoch 40/100 | RSS=34024MB
[2026-02-12 17:29:51] INFO epoch 60/100 | RSS=34117MB
[2026-02-12 17:33:45] INFO epoch 80/100 | RSS=34079MB
[2026-02-12 17:37:47] INFO epoch 100/100 | RSS=34087MB
[2026-02-12 17:37:47] INFO running predict | RSS=34087MB
[2026-02-12 17:38:41] INFO recompute_viz DONE | RSS=33798MB
[2026-02-12 20:26:59] INFO reload_viz using ROI (91 points) | RSS=31560MB
[2026-02-12 20:27:09] WARNING From C:\Users\PahnkeLab\miniconda3\envs\maldi\Lib\site-packages\keras\src\losses.py:2976: The name tf.losses.sparse_softmax_cross_entropy is deprecated. Please use tf.compat.v1.losses.sparse_softmax_cross_entropy instead.

[2026-02-12 20:27:10] INFO recompute_viz START | RSS=31818MB
[2026-02-12 20:27:10] INFO releasing previous model (GPU + large tensors) | RSS=31818MB
[2026-02-12 20:27:10] INFO after release + gc + cuda empty_cache | RSS=31818MB
[2026-02-12 20:27:10] INFO ROI mask built H=1274 W=1283 roi_pixels=130631 | RSS=31820MB
[2026-02-12 20:27:10] INFO model_type resolved to 'mics_lmc' | RSS=31820MB
[2026-02-12 20:27:10] INFO creating new MSIParametricMiCSLMC | RSS=31820MB
[2026-02-12 20:27:10] INFO MiCS+LMC kwargs: {'number_of_points': 1000, 'sampling': 'coreset', 'num_epochs': 100, 'number_of_components': 3, 'num_layers': 2, 'lab_to_rgb': True, 'cluster': True, 'clusters': [4, 8, 16, 32, 64], 'num_samples': 5000, 'beta': 1.0, 'k_epoch': 20, 'temperature': 100.0, 'lr': 1.0, 'batch_size': 1024, 'warmup_epochs': 10, 'factor': 1.0, 'random_state': 42, 'verbose': False, 'cluster_loss_weight': 1.0, 'category_loss_weight': 1.0, 'pixel_sampling': 'superpixel', 'pca_fit_step': 64, 'cluster_on_pca': False, 'cluster_pca_dims': 50} | RSS=31820MB
[2026-02-12 20:27:10] INFO category_annotations: 4 polygons | RSS=31820MB
[2026-02-12 20:27:10] INFO calling set_image(roi_mask=..., category_annotations=...) | RSS=31820MB
[2026-02-12 20:27:10] INFO [set_image] start: shape=(1274, 1283, 5005), roi_mask=True, category_annotations=True
[2026-02-12 20:27:13] INFO [set_image] reshape+mask done in 2.76s
[2026-02-12 20:27:41] INFO [set_image] sampling done in 27.59s (method=superpixel, sampled=3926)
[2026-02-12 20:27:41] INFO [set_image] model init done in 0.09s (input_dim=5005, n_components=3)
[2026-02-12 20:27:52] INFO [set_image] resample done in 10.92s (points=1000)
[2026-02-12 20:27:55] INFO [set_image] category labels done in 2.88s
[2026-02-12 20:28:07] INFO [set_image] clustering init done in 12.75s (levels=5)
[2026-02-12 20:28:09] INFO [set_image] optimizer init done in 1.34s (lr=1.0, warmup=10)
[2026-02-12 20:28:09] INFO [set_image] total setup time 58.33s
[2026-02-12 20:28:09] INFO training 100 epochs | RSS=32872MB
[2026-02-12 20:28:10] INFO epoch 1/100 | RSS=33381MB
[2026-02-12 20:28:28] INFO epoch 20/100 | RSS=33407MB
[2026-02-12 20:28:47] INFO epoch 40/100 | RSS=33413MB
[2026-02-12 20:29:07] INFO epoch 60/100 | RSS=33386MB
[2026-02-12 20:29:28] INFO epoch 80/100 | RSS=33434MB
[2026-02-12 20:29:48] INFO epoch 100/100 | RSS=33437MB
[2026-02-12 20:29:48] INFO running predict | RSS=33437MB
[2026-02-12 20:30:46] INFO recompute_viz DONE | RSS=34020MB
[2026-02-13 07:42:57] INFO reload_viz using ROI (54 points) | RSS=65235MB
[2026-02-13 07:42:57] INFO recompute_viz START | RSS=65235MB
[2026-02-13 07:42:57] INFO releasing previous model (GPU + large tensors) | RSS=65235MB
[2026-02-13 07:42:57] INFO previous model type=MSIParametricMiCSLMC | RSS=65230MB
[2026-02-13 07:43:01] INFO after release + gc + cuda empty_cache | RSS=33869MB
[2026-02-13 07:43:01] INFO ROI mask built H=1274 W=1283 roi_pixels=14120 | RSS=33870MB
[2026-02-13 07:43:01] INFO model_type resolved to 'mics_lmc' | RSS=33870MB
[2026-02-13 07:43:01] INFO creating new MSIParametricMiCSLMC | RSS=33870MB
[2026-02-13 07:43:01] INFO MiCS+LMC kwargs: {'number_of_points': 1000, 'sampling': 'coreset', 'num_epochs': 100, 'number_of_components': 3, 'num_layers': 2, 'lab_to_rgb': True, 'cluster': True, 'clusters': [4, 8, 16, 32, 64], 'num_samples': 5000, 'beta': 1.0, 'k_epoch': 20, 'temperature': 100.0, 'lr': 1.0, 'batch_size': 1024, 'warmup_epochs': 10, 'factor': 1.0, 'random_state': 42, 'verbose': False, 'cluster_loss_weight': 1.0, 'category_loss_weight': 1.0, 'pixel_sampling': 'superpixel', 'pca_fit_step': 64, 'cluster_on_pca': False, 'cluster_pca_dims': 50} | RSS=33870MB
[2026-02-13 07:43:01] INFO category_annotations: 4 polygons | RSS=33870MB
[2026-02-13 07:43:01] INFO calling set_image(roi_mask=..., category_annotations=...) | RSS=33870MB
[2026-02-13 07:43:01] INFO [set_image] start: shape=(1274, 1283, 5005), roi_mask=True, category_annotations=True
[2026-02-13 07:43:08] INFO [set_image] reshape+mask done in 7.14s
[2026-02-13 07:44:17] INFO [set_image] sampling done in 68.44s (method=superpixel, sampled=889)
[2026-02-13 07:44:17] INFO [set_image] model init done in 0.11s (input_dim=5005, n_components=3)
[2026-02-13 07:44:24] INFO [set_image] resample done in 7.35s (points=889)
[2026-02-13 07:44:32] INFO [set_image] category labels done in 7.79s
[2026-02-13 07:44:38] INFO [set_image] clustering init done in 6.44s (levels=5)
[2026-02-13 07:44:38] INFO [set_image] optimizer init done in 0.00s (lr=1.0, warmup=10)
[2026-02-13 07:44:38] INFO [set_image] total setup time 97.27s
[2026-02-13 07:44:38] INFO training 100 epochs | RSS=33924MB
[2026-02-13 07:44:39] INFO epoch 1/100 | RSS=34092MB
[2026-02-13 07:44:58] INFO epoch 20/100 | RSS=34159MB
[2026-02-13 07:45:13] INFO epoch 40/100 | RSS=34129MB
[2026-02-13 07:45:34] INFO epoch 60/100 | RSS=34154MB
[2026-02-13 07:45:55] INFO epoch 80/100 | RSS=34154MB
[2026-02-13 07:46:15] INFO epoch 100/100 | RSS=34161MB
[2026-02-13 07:46:15] INFO running predict | RSS=34161MB
[2026-02-13 07:48:19] INFO recompute_viz DONE | RSS=34184MB
[2026-02-13 08:39:30] INFO reload_viz using ROI (54 points) | RSS=31560MB
[2026-02-13 08:39:41] WARNING From C:\Users\PahnkeLab\miniconda3\envs\maldi\Lib\site-packages\keras\src\losses.py:2976: The name tf.losses.sparse_softmax_cross_entropy is deprecated. Please use tf.compat.v1.losses.sparse_softmax_cross_entropy instead.

[2026-02-13 08:39:41] INFO recompute_viz START | RSS=31817MB
[2026-02-13 08:39:41] INFO releasing previous model (GPU + large tensors) | RSS=31817MB
[2026-02-13 08:39:42] INFO after release + gc + cuda empty_cache | RSS=31817MB
[2026-02-13 08:39:42] INFO ROI mask built H=1274 W=1283 roi_pixels=14120 | RSS=31819MB
[2026-02-13 08:39:42] INFO model_type resolved to 'parametric_umap' | RSS=31819MB
[2026-02-13 08:39:42] INFO creating new Parametric UMAP model | RSS=31819MB
[2026-02-13 08:39:42] INFO UMAP kwargs: {'n_components': 3, 'n_neighbors': 50, 'n_training_epochs': 2, 'n_epochs': 2, 'pixel_sampling': 'random', 'num_samples': 500, 'pca_fit_step': 64, 'random_state': 42, 'start_bin': 0, 'end_bin': None} | RSS=31819MB
[2026-02-13 08:39:42] INFO starting UMAP.fit (train) on ROI-sampled pixels | RSS=31819MB
[2026-02-13 08:39:45] WARNING From C:\Users\PahnkeLab\miniconda3\envs\maldi\Lib\site-packages\keras\src\backend.py:1398: The name tf.executing_eagerly_outside_functions is deprecated. Please use tf.compat.v1.executing_eagerly_outside_functions instead.

[2026-02-13 08:39:51] ERROR recompute_viz FAILED: Unexpected value for `steps_per_epoch`. Received value is 0. Please check the docstring for `model.fit()` for supported values. | RSS=32034MB
[2026-02-15 18:50:42] INFO reload_viz using full image (no ROI) | RSS=31561MB
[2026-02-15 18:50:53] WARNING From C:\Users\PahnkeLab\miniconda3\envs\maldi\Lib\site-packages\keras\src\losses.py:2976: The name tf.losses.sparse_softmax_cross_entropy is deprecated. Please use tf.compat.v1.losses.sparse_softmax_cross_entropy instead.

[2026-02-15 18:50:54] INFO compute_initial_viz START | RSS=31819MB
[2026-02-15 18:50:54] INFO config loaded | RSS=31819MB
[2026-02-15 18:50:54] INFO model_type resolved to 'mics_lmc' | RSS=31819MB
[2026-02-15 18:50:54] INFO reusing cached image (path unchanged): E:\MSImaging-data\_msi_visual\Extractions\NRL4558_5um\5bins\2\0.npy | RSS=31819MB
[2026-02-15 18:50:54] INFO creating new model and fitting (mics_lmc) | RSS=31819MB
[2026-02-15 18:50:54] INFO building model kwargs | RSS=31819MB
[2026-02-15 18:50:54] INFO model kwargs built in 0.00s | RSS=31819MB
[2026-02-15 18:50:54] INFO MiCS+LMC kwargs: {'number_of_points': 1000, 'sampling': 'coreset', 'num_epochs': 100, 'number_of_components': 3, 'num_layers': 5, 'lab_to_rgb': True, 'cluster': True, 'clusters': [64, 128, 256], 'num_samples': 5000, 'beta': 1.0, 'k_epoch': 20, 'temperature': 100.0, 'lr': 1.0, 'batch_size': 1024, 'warmup_epochs': 10, 'factor': 1.0, 'random_state': 42, 'verbose': False, 'cluster_loss_weight': 1.0, 'category_loss_weight': 0.0, 'pixel_sampling': 'superpixel', 'pca_fit_step': 64, 'cluster_on_pca': False, 'cluster_pca_dims': 100} | RSS=31819MB
[2026-02-15 18:50:54] INFO initializing model | RSS=31819MB
[2026-02-15 18:50:54] INFO model init done in 0.00s | RSS=31819MB
[2026-02-15 18:50:54] INFO starting model.fit (train) | RSS=31819MB
[2026-02-15 18:50:54] INFO [fit] set_image starting: shape=(1274, 1283, 5005)
[2026-02-15 18:50:54] INFO [set_image] start: shape=(1274, 1283, 5005), roi_mask=False, category_annotations=False
[2026-02-15 18:50:57] INFO [set_image] reshape+mask done in 3.32s
[2026-02-15 18:51:23] INFO [set_image] sampling done in 26.27s (method=superpixel, sampled=5321)
[2026-02-15 18:51:24] INFO [set_image] model init done in 0.21s (input_dim=5005, n_components=3)
[2026-02-15 18:51:45] INFO [set_image] resample done in 21.53s (points=1000)
[2026-02-15 18:51:48] INFO [set_image] category labels done in 3.26s
[2026-02-15 18:52:41] INFO [set_image] clustering init done in 52.77s (levels=3)
[2026-02-15 18:52:42] INFO [set_image] optimizer init done in 1.29s (lr=1.0, warmup=10)
[2026-02-15 18:52:42] INFO [set_image] total setup time 108.65s
[2026-02-15 18:52:42] INFO [fit] set_image done in 108.65s
[2026-02-15 18:52:42] INFO [fit] training loop starting: epochs=100
[2026-02-15 18:57:02] INFO [fit] training loop finished in 259.10s
[2026-02-15 18:57:02] INFO model.fit completed in 367.75s | RSS=33736MB
[2026-02-15 18:57:02] INFO running predict (train) | RSS=33736MB
[2026-02-15 18:58:44] INFO compute_initial_viz DONE | RSS=33435MB
[2026-02-27 10:21:11] INFO reload_viz using full image (no ROI) | RSS=28165MB
[2026-02-27 10:21:21] WARNING From C:\Users\PahnkeLab\miniconda3\envs\maldi\Lib\site-packages\keras\src\losses.py:2976: The name tf.losses.sparse_softmax_cross_entropy is deprecated. Please use tf.compat.v1.losses.sparse_softmax_cross_entropy instead.

[2026-02-27 10:21:21] INFO compute_initial_viz START | RSS=28421MB
[2026-02-27 10:21:21] INFO config loaded | RSS=28421MB
[2026-02-27 10:21:21] INFO model_type resolved to 'mics_lmc' | RSS=28421MB
[2026-02-27 10:21:21] INFO reusing cached image (path unchanged): E:\MSImaging-data\_msi_visual\Extractions\NRL4558_5um\5bins\1\0.npy | RSS=28421MB
[2026-02-27 10:21:21] INFO creating new model and fitting (mics_lmc) | RSS=28421MB
[2026-02-27 10:21:21] INFO building model kwargs | RSS=28421MB
[2026-02-27 10:21:21] INFO model kwargs built in 0.00s | RSS=28421MB
[2026-02-27 10:21:21] INFO MiCS+LMC kwargs: {'number_of_points': 1000, 'sampling': 'coreset', 'num_epochs': 100, 'number_of_components': 3, 'num_layers': 3, 'lab_to_rgb': True, 'cluster': True, 'clusters': [32, 64, 128, 256], 'num_samples': 5000, 'beta': 1.0, 'k_epoch': 20, 'temperature': 100.0, 'lr': 1.0, 'batch_size': 1024, 'warmup_epochs': 10, 'factor': 1.0, 'random_state': 42, 'verbose': False, 'cluster_loss_weight': 1.0, 'category_loss_weight': 0.0, 'pixel_sampling': 'superpixel', 'pca_fit_step': 16, 'cluster_on_pca': True, 'cluster_pca_dims': 100} | RSS=28421MB
[2026-02-27 10:21:21] INFO initializing model | RSS=28421MB
[2026-02-27 10:21:21] INFO model init done in 0.00s | RSS=28421MB
[2026-02-27 10:21:21] INFO starting model.fit (train) | RSS=28421MB
[2026-02-27 10:21:21] INFO [fit] set_image starting: shape=(1054, 1382, 5005)
[2026-02-27 10:21:21] INFO [set_image] start: shape=(1054, 1382, 5005), roi_mask=False, category_annotations=False
[2026-02-27 10:21:24] INFO [set_image] reshape+mask done in 2.29s
[2026-02-27 10:21:44] INFO [set_image] sampling done in 20.20s (method=superpixel, sampled=6833)
[2026-02-27 10:21:44] INFO [set_image] model init done in 0.12s (input_dim=5005, n_components=3)
[2026-02-27 10:22:06] INFO [set_image] resample done in 21.62s (points=1000)
[2026-02-27 10:22:08] INFO [set_image] category labels done in 2.27s
[2026-02-27 10:22:12] INFO [set_image] clustering init done in 3.85s (levels=4)
[2026-02-27 10:22:13] INFO [set_image] optimizer init done in 1.54s (lr=1.0, warmup=10)
[2026-02-27 10:22:13] INFO [set_image] total setup time 51.89s
[2026-02-27 10:22:13] INFO [fit] set_image done in 51.89s
[2026-02-27 10:22:13] INFO [fit] training loop starting: epochs=100
[2026-02-27 10:25:41] INFO [fit] training loop finished in 207.76s
[2026-02-27 10:25:41] INFO model.fit completed in 259.65s | RSS=30223MB
[2026-02-27 10:25:41] INFO running predict (train) | RSS=30223MB
[2026-02-27 10:31:14] INFO reload_viz using full image (no ROI) | RSS=31867MB GPU_alloc=0MB GPU_reserved=0MB
[2026-02-27 10:31:24] WARNING From C:\Users\PahnkeLab\miniconda3\envs\maldi\Lib\site-packages\keras\src\losses.py:2976: The name tf.losses.sparse_softmax_cross_entropy is deprecated. Please use tf.compat.v1.losses.sparse_softmax_cross_entropy instead.

[2026-02-27 10:31:25] INFO compute_initial_viz START | RSS=32135MB GPU_alloc=0MB GPU_reserved=0MB
[2026-02-27 10:31:25] INFO config loaded | RSS=32135MB GPU_alloc=0MB GPU_reserved=0MB
[2026-02-27 10:31:25] INFO model_type resolved to 'mics_lmc' | RSS=32135MB GPU_alloc=0MB GPU_reserved=0MB
[2026-02-27 10:31:25] INFO reusing cached image (path unchanged): E:\MSImaging-data\_msi_visual\Extractions\NRL4558_5um\5bins\2\0.npy | RSS=32135MB GPU_alloc=0MB GPU_reserved=0MB
[2026-02-27 10:31:25] INFO creating new model and fitting (mics_lmc) | RSS=32135MB GPU_alloc=0MB GPU_reserved=0MB
[2026-02-27 10:31:25] INFO building model kwargs | RSS=32135MB GPU_alloc=0MB GPU_reserved=0MB
[2026-02-27 10:31:25] INFO model kwargs built in 0.00s | RSS=32135MB GPU_alloc=0MB GPU_reserved=0MB
[2026-02-27 10:31:25] INFO MiCS+LMC kwargs: {'number_of_points': 1000, 'sampling': 'coreset', 'num_epochs': 100, 'number_of_components': 3, 'num_layers': 3, 'lab_to_rgb': True, 'cluster': True, 'clusters': [32, 64, 128, 256], 'num_samples': 5000, 'beta': 1.0, 'k_epoch': 20, 'temperature': 100.0, 'lr': 1.0, 'batch_size': 1024, 'warmup_epochs': 10, 'factor': 1.0, 'random_state': 42, 'verbose': False, 'cluster_loss_weight': 1.0, 'category_loss_weight': 0.0, 'pixel_sampling': 'superpixel', 'pca_fit_step': 16, 'cluster_on_pca': True, 'cluster_pca_dims': 100} | RSS=32135MB GPU_alloc=0MB GPU_reserved=0MB
[2026-02-27 10:31:25] INFO initializing model | RSS=32135MB GPU_alloc=0MB GPU_reserved=0MB
[2026-02-27 10:31:25] INFO model init done in 0.00s | RSS=32136MB GPU_alloc=0MB GPU_reserved=0MB
[2026-02-27 10:31:25] INFO starting model.fit (train) | RSS=32136MB GPU_alloc=0MB GPU_reserved=0MB
[2026-02-27 10:31:25] INFO [fit] set_image starting: shape=(1274, 1283, 5005)
[2026-02-27 10:31:25] INFO [set_image] start: shape=(1274, 1283, 5005), roi_mask=False, category_annotations=False
[2026-02-27 10:31:28] INFO [set_image] reshape+mask done in 3.08s
[2026-02-27 10:31:54] INFO [set_image] sampling done in 26.75s (method=superpixel, sampled=5353)
[2026-02-27 10:31:55] INFO [set_image] model init done in 0.21s (input_dim=5005, n_components=3)
[2026-02-27 10:32:12] INFO [set_image] resample done in 17.65s (points=1000)
[2026-02-27 10:32:15] INFO [set_image] category labels done in 3.16s
[2026-02-27 10:32:18] INFO [set_image] clustering init done in 2.35s (levels=4)
[2026-02-27 10:32:19] INFO [set_image] optimizer init done in 1.45s (lr=1.0, warmup=10)
[2026-02-27 10:32:19] INFO [set_image] total setup time 54.64s
[2026-02-27 10:32:19] INFO [fit] set_image done in 54.65s
[2026-02-27 10:32:19] INFO [fit] training loop starting: epochs=100
[2026-02-27 10:32:33] INFO [fit] training loop finished in 14.16s
[2026-02-27 10:32:33] INFO model.fit completed in 68.81s | RSS=33884MB GPU_alloc=437MB GPU_reserved=1022MB
[2026-02-27 10:32:33] INFO running predict (train) | RSS=33884MB GPU_alloc=437MB GPU_reserved=1022MB
[2026-02-27 10:32:48] INFO compute_initial_viz DONE | RSS=33929MB GPU_alloc=437MB GPU_reserved=2416MB
[2026-02-27 13:44:18] INFO reload_viz using full image (no ROI) | RSS=31866MB GPU_alloc=0MB GPU_reserved=0MB
[2026-02-27 13:44:28] WARNING From C:\Users\PahnkeLab\miniconda3\envs\maldi\Lib\site-packages\keras\src\losses.py:2976: The name tf.losses.sparse_softmax_cross_entropy is deprecated. Please use tf.compat.v1.losses.sparse_softmax_cross_entropy instead.

[2026-02-27 13:44:28] INFO compute_initial_viz START | RSS=32135MB GPU_alloc=0MB GPU_reserved=0MB
[2026-02-27 13:44:28] INFO config loaded | RSS=32135MB GPU_alloc=0MB GPU_reserved=0MB
[2026-02-27 13:44:28] INFO model_type resolved to 'mics_lmc' | RSS=32135MB GPU_alloc=0MB GPU_reserved=0MB
[2026-02-27 13:44:28] INFO reusing cached image (path unchanged): E:\MSImaging-data\_msi_visual\Extractions\NRL4558_5um\5bins\2\0.npy | RSS=32135MB GPU_alloc=0MB GPU_reserved=0MB
[2026-02-27 13:44:28] INFO creating new model and fitting (mics_lmc) | RSS=32135MB GPU_alloc=0MB GPU_reserved=0MB
[2026-02-27 13:44:28] INFO building model kwargs | RSS=32135MB GPU_alloc=0MB GPU_reserved=0MB
[2026-02-27 13:44:28] INFO model kwargs built in 0.00s | RSS=32135MB GPU_alloc=0MB GPU_reserved=0MB
[2026-02-27 13:44:28] INFO MiCS+LMC kwargs: {'number_of_points': 1000, 'sampling': 'coreset', 'num_epochs': 100, 'number_of_components': 3, 'num_layers': 3, 'lab_to_rgb': True, 'cluster': True, 'clusters': [32, 64, 128, 256], 'num_samples': 5000, 'beta': 1.0, 'k_epoch': 20, 'temperature': 100.0, 'lr': 1.0, 'batch_size': 1024, 'warmup_epochs': 10, 'factor': 1.0, 'random_state': 42, 'verbose': False, 'cluster_loss_weight': 1.0, 'category_loss_weight': 0.0, 'pixel_sampling': 'superpixel', 'pca_fit_step': 16, 'cluster_on_pca': True, 'cluster_pca_dims': 100} | RSS=32135MB GPU_alloc=0MB GPU_reserved=0MB
[2026-02-27 13:44:28] INFO initializing model | RSS=32135MB GPU_alloc=0MB GPU_reserved=0MB
[2026-02-27 13:44:28] INFO model init done in 0.02s | RSS=32135MB GPU_alloc=0MB GPU_reserved=0MB
[2026-02-27 13:44:28] INFO starting model.fit (train) | RSS=32135MB GPU_alloc=0MB GPU_reserved=0MB
[2026-02-27 13:44:28] INFO [fit] set_image starting: shape=(1274, 1283, 5005)
[2026-02-27 13:44:28] INFO [set_image] start: shape=(1274, 1283, 5005), roi_mask=False, category_annotations=False
[2026-02-27 13:44:31] INFO [set_image] reshape+mask done in 2.99s
[2026-02-27 13:44:59] INFO [set_image] sampling done in 27.66s (method=superpixel, sampled=5353)
[2026-02-27 13:44:59] INFO [set_image] model init done in 0.23s (input_dim=5005, n_components=3)
[2026-02-27 13:45:17] INFO [set_image] resample done in 18.03s (points=1000)
[2026-02-27 13:45:20] INFO [set_image] category labels done in 3.13s
[2026-02-27 13:45:23] INFO [set_image] clustering init done in 3.07s (levels=4)
[2026-02-27 13:45:25] INFO [set_image] optimizer init done in 1.54s (lr=1.0, warmup=10)
[2026-02-27 13:45:25] INFO [set_image] total setup time 56.64s
[2026-02-27 13:45:25] INFO [fit] set_image done in 56.64s
[2026-02-27 13:45:25] INFO [fit] training loop starting: epochs=100
[2026-02-27 13:45:39] INFO [fit] training loop finished in 14.29s
[2026-02-27 13:45:39] INFO model.fit completed in 70.93s | RSS=33885MB GPU_alloc=437MB GPU_reserved=1022MB
[2026-02-27 13:45:39] INFO running predict (train) | RSS=33885MB GPU_alloc=437MB GPU_reserved=1022MB
[2026-02-27 13:45:54] INFO compute_initial_viz DONE | RSS=33931MB GPU_alloc=437MB GPU_reserved=2416MB
[2026-02-27 13:50:29] INFO /api/region_nmf_ranking request roi_points=25 n_components=32 | RSS=33943MB GPU_alloc=437MB GPU_reserved=2416MB
[2026-02-27 13:50:29] INFO region_nmf_ranking START roi_points=25 requested_components=32 | RSS=33943MB GPU_alloc=437MB GPU_reserved=2416MB
[2026-02-27 13:50:36] INFO region_nmf_ranking masks HxW=1274x1283 valid_pixels=1183143 roi_pixels=4308 region_valid_pixels=4308 | RSS=33966MB GPU_alloc=437MB GPU_reserved=2416MB
[2026-02-27 13:50:42] INFO region_nmf_ranking using_components=32 x_valid_shape=(1183143, 5005) | RSS=56555MB GPU_alloc=437MB GPU_reserved=2416MB
[2026-02-27 14:02:53] INFO nmf_cache precompute START components=32 | RSS=31868MB GPU_alloc=0MB GPU_reserved=0MB
[2026-02-27 14:16:24] INFO nmf_cache precompute START components=32 | RSS=31866MB GPU_alloc=0MB GPU_reserved=0MB
[2026-02-27 14:16:30] INFO nmf_cache fitting on subset fit_count=25000/1183143 components=32 | RSS=54946MB GPU_alloc=0MB GPU_reserved=0MB
[2026-02-27 14:19:48] INFO nmf_cache precompute DONE components=32 w_shape=(1183143, 32) elapsed_s=204.637 | RSS=32803MB GPU_alloc=0MB GPU_reserved=0MB
[2026-02-27 14:19:48] INFO reload_viz using full image (no ROI) | RSS=32803MB GPU_alloc=0MB GPU_reserved=0MB
[2026-02-27 14:19:59] WARNING From C:\Users\PahnkeLab\miniconda3\envs\maldi\Lib\site-packages\keras\src\losses.py:2976: The name tf.losses.sparse_softmax_cross_entropy is deprecated. Please use tf.compat.v1.losses.sparse_softmax_cross_entropy instead.

[2026-02-27 14:19:59] INFO compute_initial_viz START | RSS=33058MB GPU_alloc=0MB GPU_reserved=0MB
[2026-02-27 14:19:59] INFO config loaded | RSS=33058MB GPU_alloc=0MB GPU_reserved=0MB
[2026-02-27 14:19:59] INFO model_type resolved to 'mics_lmc' | RSS=33058MB GPU_alloc=0MB GPU_reserved=0MB
[2026-02-27 14:19:59] INFO reusing cached image (path unchanged): E:\MSImaging-data\_msi_visual\Extractions\NRL4558_5um\5bins\2\0.npy | RSS=33058MB GPU_alloc=0MB GPU_reserved=0MB
[2026-02-27 14:19:59] INFO creating new model and fitting (mics_lmc) | RSS=33058MB GPU_alloc=0MB GPU_reserved=0MB
[2026-02-27 14:19:59] INFO building model kwargs | RSS=33058MB GPU_alloc=0MB GPU_reserved=0MB
[2026-02-27 14:19:59] INFO model kwargs built in 0.00s | RSS=33058MB GPU_alloc=0MB GPU_reserved=0MB
[2026-02-27 14:19:59] INFO MiCS+LMC kwargs: {'number_of_points': 1000, 'sampling': 'coreset', 'num_epochs': 100, 'number_of_components': 3, 'num_layers': 3, 'lab_to_rgb': True, 'cluster': True, 'clusters': [32, 64, 128, 256], 'num_samples': 5000, 'beta': 1.0, 'k_epoch': 20, 'temperature': 100.0, 'lr': 1.0, 'batch_size': 1024, 'warmup_epochs': 10, 'factor': 1.0, 'random_state': 42, 'verbose': False, 'cluster_loss_weight': 1.0, 'category_loss_weight': 0.0, 'pixel_sampling': 'superpixel', 'pca_fit_step': 16, 'cluster_on_pca': True, 'cluster_pca_dims': 100} | RSS=33058MB GPU_alloc=0MB GPU_reserved=0MB
[2026-02-27 14:19:59] INFO initializing model | RSS=33058MB GPU_alloc=0MB GPU_reserved=0MB
[2026-02-27 14:19:59] INFO model init done in 0.00s | RSS=33059MB GPU_alloc=0MB GPU_reserved=0MB
[2026-02-27 14:19:59] INFO starting model.fit (train) | RSS=33059MB GPU_alloc=0MB GPU_reserved=0MB
[2026-02-27 14:19:59] INFO [fit] set_image starting: shape=(1274, 1283, 5005)
[2026-02-27 14:19:59] INFO [set_image] start: shape=(1274, 1283, 5005), roi_mask=False, category_annotations=False
[2026-02-27 14:20:03] INFO [set_image] reshape+mask done in 4.24s
[2026-02-27 14:20:29] INFO [set_image] sampling done in 25.15s (method=superpixel, sampled=5353)
[2026-02-27 14:20:29] INFO [set_image] model init done in 0.21s (input_dim=5005, n_components=3)
[2026-02-27 14:20:45] INFO [set_image] resample done in 15.83s (points=1000)
[2026-02-27 14:20:47] INFO [set_image] category labels done in 2.74s
[2026-02-27 14:20:50] INFO [set_image] clustering init done in 3.00s (levels=4)
[2026-02-27 14:20:52] INFO [set_image] optimizer init done in 1.49s (lr=1.0, warmup=10)
[2026-02-27 14:20:52] INFO [set_image] total setup time 52.67s
[2026-02-27 14:20:52] INFO [fit] set_image done in 52.67s
[2026-02-27 14:20:52] INFO [fit] training loop starting: epochs=100
[2026-02-27 14:21:06] INFO [fit] training loop finished in 13.97s
[2026-02-27 14:21:06] INFO model.fit completed in 66.64s | RSS=34030MB GPU_alloc=437MB GPU_reserved=1022MB
[2026-02-27 14:21:06] INFO running predict (train) | RSS=34031MB GPU_alloc=437MB GPU_reserved=1022MB
[2026-02-27 14:21:19] INFO compute_initial_viz DONE | RSS=34075MB GPU_alloc=437MB GPU_reserved=2416MB
[2026-02-27 14:22:48] INFO /api/region_nmf_ranking request roi_points=37 n_components=32 | RSS=34086MB GPU_alloc=437MB GPU_reserved=2416MB
[2026-02-27 14:22:48] INFO region_nmf_ranking START roi_points=37 requested_components=32 | RSS=34086MB GPU_alloc=437MB GPU_reserved=2416MB
[2026-02-27 14:22:54] INFO region_nmf_ranking masks HxW=1274x1283 valid_pixels=1183143 roi_pixels=9599 region_valid_pixels=9599 | RSS=34110MB GPU_alloc=437MB GPU_reserved=2416MB
[2026-02-27 14:22:54] INFO region_nmf_ranking using cached NMF factors components=32 w_shape=(1183143, 32) | RSS=34110MB GPU_alloc=437MB GPU_reserved=2416MB
[2026-02-27 14:22:54] INFO region_nmf_ranking x_region_shape=(9599, 3) | RSS=34124MB GPU_alloc=437MB GPU_reserved=2416MB
[2026-02-27 14:22:58] INFO region_nmf_ranking scores top=0.8365 median=0.3286 bottom=-0.0311 finite=32/32 | RSS=34182MB GPU_alloc=437MB GPU_reserved=2416MB
[2026-02-27 14:22:58] INFO region_nmf_ranking DONE elapsed_s=9.830 | RSS=34182MB GPU_alloc=437MB GPU_reserved=2416MB
[2026-02-27 14:22:58] INFO /api/region_nmf_ranking success n_components=32 n_region_pixels=9599 | RSS=34131MB GPU_alloc=437MB GPU_reserved=2416MB
[2026-02-27 14:23:12] INFO /api/region_nmf_ranking request roi_points=34 n_components=32 | RSS=34092MB GPU_alloc=437MB GPU_reserved=2416MB
[2026-02-27 14:23:12] INFO region_nmf_ranking START roi_points=34 requested_components=32 | RSS=34092MB GPU_alloc=437MB GPU_reserved=2416MB
[2026-02-27 14:23:18] INFO region_nmf_ranking masks HxW=1274x1283 valid_pixels=1183143 roi_pixels=54475 region_valid_pixels=54475 | RSS=34116MB GPU_alloc=437MB GPU_reserved=2416MB
[2026-02-27 14:23:18] INFO region_nmf_ranking using cached NMF factors components=32 w_shape=(1183143, 32) | RSS=34116MB GPU_alloc=437MB GPU_reserved=2416MB
[2026-02-27 14:23:18] INFO region_nmf_ranking x_region_shape=(54475, 3) | RSS=34130MB GPU_alloc=437MB GPU_reserved=2416MB
[2026-02-27 14:23:26] INFO region_nmf_ranking scores top=0.5073 median=0.2725 bottom=0.0213 finite=32/32 | RSS=34184MB GPU_alloc=437MB GPU_reserved=2416MB
[2026-02-27 14:23:26] INFO region_nmf_ranking DONE elapsed_s=13.671 | RSS=34184MB GPU_alloc=437MB GPU_reserved=2416MB
[2026-02-27 14:23:26] INFO /api/region_nmf_ranking success n_components=32 n_region_pixels=54475 | RSS=34134MB GPU_alloc=437MB GPU_reserved=2416MB
[2026-02-27 14:24:18] INFO /api/region_nmf_ranking request roi_points=34 n_components=32 | RSS=34094MB GPU_alloc=437MB GPU_reserved=2416MB
[2026-02-27 14:24:18] INFO region_nmf_ranking START roi_points=34 requested_components=32 | RSS=34094MB GPU_alloc=437MB GPU_reserved=2416MB
[2026-02-27 14:24:24] INFO region_nmf_ranking masks HxW=1274x1283 valid_pixels=1183143 roi_pixels=54475 region_valid_pixels=54475 | RSS=34117MB GPU_alloc=437MB GPU_reserved=2416MB
[2026-02-27 14:24:24] INFO region_nmf_ranking using cached NMF factors components=32 w_shape=(1183143, 32) | RSS=34117MB GPU_alloc=437MB GPU_reserved=2416MB
[2026-02-27 14:24:24] INFO region_nmf_ranking x_region_shape=(54475, 3) | RSS=34132MB GPU_alloc=437MB GPU_reserved=2416MB
[2026-02-27 14:24:33] INFO region_nmf_ranking scores top=0.5073 median=0.2725 bottom=0.0213 finite=32/32 | RSS=34184MB GPU_alloc=437MB GPU_reserved=2416MB
[2026-02-27 14:24:33] INFO region_nmf_ranking DONE elapsed_s=14.823 | RSS=34184MB GPU_alloc=437MB GPU_reserved=2416MB
[2026-02-27 14:24:33] INFO /api/region_nmf_ranking success n_components=32 n_region_pixels=54475 | RSS=34134MB GPU_alloc=437MB GPU_reserved=2416MB
[2026-02-27 14:27:38] INFO reload_viz using full image (no ROI) | RSS=28470MB GPU_alloc=0MB GPU_reserved=0MB
[2026-02-27 14:27:48] WARNING From C:\Users\PahnkeLab\miniconda3\envs\maldi\Lib\site-packages\keras\src\losses.py:2976: The name tf.losses.sparse_softmax_cross_entropy is deprecated. Please use tf.compat.v1.losses.sparse_softmax_cross_entropy instead.

[2026-02-27 14:27:49] INFO compute_initial_viz START | RSS=28739MB GPU_alloc=0MB GPU_reserved=0MB
[2026-02-27 14:27:49] INFO config loaded | RSS=28739MB GPU_alloc=0MB GPU_reserved=0MB
[2026-02-27 14:27:49] INFO model_type resolved to 'mics_lmc' | RSS=28739MB GPU_alloc=0MB GPU_reserved=0MB
[2026-02-27 14:27:49] INFO reusing cached image (path unchanged): E:\MSImaging-data\_msi_visual\Extractions\NRL4558_5um\5bins\1\0.npy | RSS=28739MB GPU_alloc=0MB GPU_reserved=0MB
[2026-02-27 14:27:49] INFO creating new model and fitting (mics_lmc) | RSS=28739MB GPU_alloc=0MB GPU_reserved=0MB
[2026-02-27 14:27:49] INFO building model kwargs | RSS=28739MB GPU_alloc=0MB GPU_reserved=0MB
[2026-02-27 14:27:49] INFO model kwargs built in 0.00s | RSS=28739MB GPU_alloc=0MB GPU_reserved=0MB
[2026-02-27 14:27:49] INFO MiCS+LMC kwargs: {'number_of_points': 1000, 'sampling': 'coreset', 'num_epochs': 100, 'number_of_components': 3, 'num_layers': 3, 'lab_to_rgb': True, 'cluster': True, 'clusters': [32, 64, 128, 256], 'num_samples': 5000, 'beta': 1.0, 'k_epoch': 20, 'temperature': 100.0, 'lr': 1.0, 'batch_size': 1024, 'warmup_epochs': 10, 'factor': 1.0, 'random_state': 42, 'verbose': False, 'cluster_loss_weight': 1.0, 'category_loss_weight': 0.0, 'pixel_sampling': 'superpixel', 'pca_fit_step': 16, 'cluster_on_pca': True, 'cluster_pca_dims': 100} | RSS=28739MB GPU_alloc=0MB GPU_reserved=0MB
[2026-02-27 14:27:49] INFO initializing model | RSS=28739MB GPU_alloc=0MB GPU_reserved=0MB
[2026-02-27 14:27:49] INFO model init done in 0.00s | RSS=28739MB GPU_alloc=0MB GPU_reserved=0MB
[2026-02-27 14:27:49] INFO starting model.fit (train) | RSS=28739MB GPU_alloc=0MB GPU_reserved=0MB
[2026-02-27 14:27:49] INFO [fit] set_image starting: shape=(1054, 1382, 5005)
[2026-02-27 14:27:49] INFO [set_image] start: shape=(1054, 1382, 5005), roi_mask=False, category_annotations=False
[2026-02-27 14:27:51] INFO [set_image] reshape+mask done in 2.59s
[2026-02-27 14:28:14] INFO [set_image] sampling done in 22.31s (method=superpixel, sampled=6833)
[2026-02-27 14:28:14] INFO [set_image] model init done in 0.22s (input_dim=5005, n_components=3)
[2026-02-27 14:28:36] INFO [set_image] resample done in 22.57s (points=1000)
[2026-02-27 14:28:39] INFO [set_image] category labels done in 2.81s
[2026-02-27 14:28:43] INFO [set_image] clustering init done in 3.84s (levels=4)
[2026-02-27 14:28:44] INFO [set_image] optimizer init done in 1.48s (lr=1.0, warmup=10)
[2026-02-27 14:28:44] INFO [set_image] total setup time 55.82s
[2026-02-27 14:28:44] INFO [fit] set_image done in 55.83s
[2026-02-27 14:28:44] INFO [fit] training loop starting: epochs=100
[2026-02-27 14:29:01] INFO [fit] training loop finished in 17.03s
[2026-02-27 14:29:01] INFO model.fit completed in 72.85s | RSS=30515MB GPU_alloc=448MB GPU_reserved=1032MB
[2026-02-27 14:29:01] INFO running predict (train) | RSS=30515MB GPU_alloc=448MB GPU_reserved=1032MB
[2026-02-27 14:29:15] INFO compute_initial_viz DONE | RSS=30556MB GPU_alloc=448MB GPU_reserved=2426MB
[2026-02-27 14:53:33] INFO /api/region_nmf_ranking request roi_points=23 n_components=32 | RSS=30569MB GPU_alloc=448MB GPU_reserved=2426MB
[2026-02-27 14:53:33] INFO region_nmf_ranking START roi_points=23 requested_components=32 | RSS=30569MB GPU_alloc=448MB GPU_reserved=2426MB
[2026-02-27 14:53:39] INFO region_nmf_ranking masks HxW=1054x1382 valid_pixels=960855 roi_pixels=3334 region_valid_pixels=3334 | RSS=30590MB GPU_alloc=448MB GPU_reserved=2426MB
[2026-02-27 14:53:44] INFO nmf_ranking fitting on ROI subset fit_count=3334/3334 (max_fit_samples=5000) components=32 | RSS=49000MB GPU_alloc=448MB GPU_reserved=2426MB
[2026-02-27 14:55:46] INFO region_nmf_ranking NMF fit/project done elapsed_s=126.397 components=32 w_nmf_shape=(960855, 32) | RSS=30709MB GPU_alloc=448MB GPU_reserved=2426MB
[2026-02-27 14:55:46] INFO region_nmf_ranking x_region_shape=(3334, 3) | RSS=30720MB GPU_alloc=448MB GPU_reserved=2426MB
[2026-02-27 14:55:49] INFO region_nmf_ranking scores top=0.7032 median=0.3714 bottom=0.0771 finite=32/32 | RSS=30758MB GPU_alloc=448MB GPU_reserved=2426MB
[2026-02-27 14:55:49] INFO region_nmf_ranking DONE elapsed_s=135.888 | RSS=30758MB GPU_alloc=448MB GPU_reserved=2426MB
[2026-02-27 14:55:49] INFO /api/region_nmf_ranking success n_components=32 n_region_pixels=3334 | RSS=30598MB GPU_alloc=448MB GPU_reserved=2426MB
[2026-02-27 14:57:32] INFO /api/region_nmf_ranking request roi_points=83 n_components=32 | RSS=30600MB GPU_alloc=448MB GPU_reserved=2426MB
[2026-02-27 14:57:32] INFO region_nmf_ranking START roi_points=83 requested_components=32 | RSS=30600MB GPU_alloc=448MB GPU_reserved=2426MB
[2026-02-27 14:57:39] INFO region_nmf_ranking masks HxW=1054x1382 valid_pixels=960855 roi_pixels=101880 region_valid_pixels=101880 | RSS=30621MB GPU_alloc=448MB GPU_reserved=2426MB
[2026-02-27 14:57:44] INFO nmf_ranking fitting on ROI subset fit_count=5000/101880 (max_fit_samples=5000) components=32 | RSS=49063MB GPU_alloc=448MB GPU_reserved=2426MB
[2026-02-27 14:59:12] INFO region_nmf_ranking NMF fit/project done elapsed_s=93.681 components=32 w_nmf_shape=(960855, 32) | RSS=30738MB GPU_alloc=448MB GPU_reserved=2426MB
[2026-02-27 14:59:12] INFO region_nmf_ranking x_region_shape=(101880, 3) | RSS=30750MB GPU_alloc=448MB GPU_reserved=2426MB
[2026-02-27 14:59:23] INFO region_nmf_ranking scores top=0.7343 median=0.2629 bottom=0.0270 finite=32/32 | RSS=30771MB GPU_alloc=448MB GPU_reserved=2426MB
[2026-02-27 14:59:23] INFO region_nmf_ranking DONE elapsed_s=111.011 | RSS=30771MB GPU_alloc=448MB GPU_reserved=2426MB
[2026-02-27 14:59:23] INFO /api/region_nmf_ranking success n_components=32 n_region_pixels=101880 | RSS=30610MB GPU_alloc=448MB GPU_reserved=2426MB
[2026-03-01 13:20:08] WARNING From C:\Users\PahnkeLab\miniconda3\envs\maldi\Lib\site-packages\keras\src\losses.py:2976: The name tf.losses.sparse_softmax_cross_entropy is deprecated. Please use tf.compat.v1.losses.sparse_softmax_cross_entropy instead.

[2026-03-01 13:20:09] INFO compute_initial_viz START | RSS=911MB GPU_alloc=0MB GPU_reserved=0MB
[2026-03-01 13:20:09] INFO config loaded | RSS=923MB GPU_alloc=0MB GPU_reserved=0MB
[2026-03-01 13:20:09] INFO model_type resolved to 'mics_lmc' | RSS=926MB GPU_alloc=0MB GPU_reserved=0MB
[2026-03-01 13:20:29] INFO image loaded shape=(1274,1283,5005) from E:\MSImaging-data\_msi_visual\Extractions\NRL4558_5um\5bins\2\0.npy | RSS=32134MB GPU_alloc=0MB GPU_reserved=0MB
[2026-03-01 13:20:29] INFO creating new model and fitting (mics_lmc) | RSS=32134MB GPU_alloc=0MB GPU_reserved=0MB
[2026-03-01 13:20:29] INFO building model kwargs | RSS=32134MB GPU_alloc=0MB GPU_reserved=0MB
[2026-03-01 13:20:29] INFO model kwargs built in 0.00s | RSS=32134MB GPU_alloc=0MB GPU_reserved=0MB
[2026-03-01 13:20:29] INFO MiCS+LMC kwargs: {'number_of_points': 1000, 'sampling': 'coreset', 'num_epochs': 100, 'number_of_components': 3, 'num_layers': 3, 'lab_to_rgb': True, 'cluster': True, 'clusters': [32, 64, 128, 256], 'num_samples': 5000, 'beta': 1.0, 'k_epoch': 20, 'temperature': 100.0, 'lr': 1.0, 'batch_size': 1024, 'warmup_epochs': 10, 'factor': 1, 'random_state': 42, 'verbose': False, 'cluster_loss_weight': 1.0, 'category_loss_weight': 0.0, 'pixel_sampling': 'superpixel', 'pca_fit_step': 16, 'cluster_on_pca': True, 'cluster_pca_dims': 100} | RSS=32134MB GPU_alloc=0MB GPU_reserved=0MB
[2026-03-01 13:20:29] INFO initializing model | RSS=32134MB GPU_alloc=0MB GPU_reserved=0MB
[2026-03-01 13:20:29] INFO model init done in 0.00s | RSS=32134MB GPU_alloc=0MB GPU_reserved=0MB
[2026-03-01 13:20:29] INFO starting model.fit (train) | RSS=32134MB GPU_alloc=0MB GPU_reserved=0MB
[2026-03-01 13:20:29] INFO [fit] set_image starting: shape=(1274, 1283, 5005)
[2026-03-01 13:20:29] INFO [set_image] start: shape=(1274, 1283, 5005), roi_mask=False, category_annotations=False
[2026-03-01 13:20:32] INFO [set_image] reshape+mask done in 2.66s
[2026-03-01 13:20:57] INFO [set_image] sampling done in 25.39s (method=superpixel, sampled=5353)
[2026-03-01 13:20:57] INFO [set_image] model init done in 0.22s (input_dim=5005, n_components=3)
[2026-03-01 13:21:13] INFO [set_image] resample done in 15.79s (points=1000)
[2026-03-01 13:21:16] INFO [set_image] category labels done in 2.65s
[2026-03-01 13:21:19] INFO [set_image] clustering init done in 3.06s (levels=4)
[2026-03-01 13:21:20] INFO [set_image] optimizer init done in 1.56s (lr=1.0, warmup=10)
[2026-03-01 13:21:20] INFO [set_image] total setup time 51.33s
[2026-03-01 13:21:20] INFO [fit] set_image done in 51.33s
[2026-03-01 13:21:20] INFO [fit] training loop starting: epochs=100
[2026-03-01 13:21:35] INFO [fit] training loop finished in 14.25s
[2026-03-01 13:21:35] INFO model.fit completed in 65.58s | RSS=33884MB GPU_alloc=437MB GPU_reserved=1022MB
[2026-03-01 13:21:35] INFO running predict (train) | RSS=33884MB GPU_alloc=437MB GPU_reserved=1022MB
[2026-03-01 13:21:48] INFO compute_initial_viz DONE | RSS=33930MB GPU_alloc=437MB GPU_reserved=2416MB
[2026-03-01 13:33:54] INFO reload_viz using full image (no ROI) | RSS=65149MB GPU_alloc=437MB GPU_reserved=2416MB
[2026-03-01 13:33:54] INFO compute_initial_viz START | RSS=65149MB GPU_alloc=437MB GPU_reserved=2416MB
[2026-03-01 13:33:54] INFO releasing previous model type=MSIParametricMiCSLMC | RSS=65149MB GPU_alloc=437MB GPU_reserved=2416MB
[2026-03-01 13:33:56] INFO config loaded | RSS=33950MB GPU_alloc=17MB GPU_reserved=42MB
[2026-03-01 13:33:56] INFO model_type resolved to 'mics_lmc' | RSS=33950MB GPU_alloc=17MB GPU_reserved=42MB
[2026-03-01 13:33:56] INFO reusing cached image (path unchanged): E:\MSImaging-data\_msi_visual\Extractions\NRL4558_5um\5bins\2\0.npy | RSS=33950MB GPU_alloc=17MB GPU_reserved=42MB
[2026-03-01 13:33:56] INFO creating new model and fitting (mics_lmc) | RSS=33950MB GPU_alloc=17MB GPU_reserved=42MB
[2026-03-01 13:33:56] INFO building model kwargs | RSS=33950MB GPU_alloc=17MB GPU_reserved=42MB
[2026-03-01 13:33:56] INFO model kwargs built in 0.00s | RSS=33950MB GPU_alloc=17MB GPU_reserved=42MB
[2026-03-01 13:33:56] INFO MiCS+LMC kwargs: {'number_of_points': 1000, 'sampling': 'coreset', 'num_epochs': 100, 'number_of_components': 3, 'num_layers': 3, 'lab_to_rgb': True, 'cluster': True, 'clusters': [32, 64, 128, 256, 512], 'num_samples': 5000, 'beta': 1.0, 'k_epoch': 20, 'temperature': 100.0, 'lr': 1.0, 'batch_size': 1024, 'warmup_epochs': 10, 'factor': 1.0, 'random_state': 42, 'verbose': False, 'cluster_loss_weight': 1.0, 'category_loss_weight': 0.0, 'pixel_sampling': 'random', 'pca_fit_step': 16, 'cluster_on_pca': True, 'cluster_pca_dims': 100} | RSS=33950MB GPU_alloc=17MB GPU_reserved=42MB
[2026-03-01 13:33:56] INFO initializing model | RSS=33950MB GPU_alloc=17MB GPU_reserved=42MB
[2026-03-01 13:33:56] INFO model init done in 0.00s | RSS=33950MB GPU_alloc=17MB GPU_reserved=42MB
[2026-03-01 13:33:56] INFO starting model.fit (train) | RSS=33951MB GPU_alloc=17MB GPU_reserved=42MB
[2026-03-01 13:33:56] INFO [fit] set_image starting: shape=(1274, 1283, 5005)
[2026-03-01 13:33:56] INFO [set_image] start: shape=(1274, 1283, 5005), roi_mask=False, category_annotations=False
[2026-03-01 13:33:58] INFO [set_image] reshape+mask done in 2.82s
[2026-03-01 13:34:01] INFO [set_image] sampling done in 2.80s (method=random, sampled=5000)
[2026-03-01 13:34:01] INFO [set_image] model init done in 0.14s (input_dim=5005, n_components=3)
[2026-03-01 13:34:19] INFO [set_image] resample done in 17.17s (points=1000)
[2026-03-01 13:34:21] INFO [set_image] category labels done in 2.91s
[2026-03-01 13:34:26] INFO [set_image] clustering init done in 4.93s (levels=5)
[2026-03-01 13:34:26] INFO [set_image] optimizer init done in 0.00s (lr=1.0, warmup=10)
[2026-03-01 13:34:26] INFO [set_image] total setup time 30.78s
[2026-03-01 13:34:26] INFO [fit] set_image done in 30.78s
[2026-03-01 13:34:26] INFO [fit] training loop starting: epochs=100
[2026-03-01 13:34:39] INFO [fit] training loop finished in 12.15s
[2026-03-01 13:34:39] INFO model.fit completed in 42.93s | RSS=34057MB GPU_alloc=434MB GPU_reserved=1020MB
[2026-03-01 13:34:39] INFO running predict (train) | RSS=34057MB GPU_alloc=434MB GPU_reserved=1020MB
[2026-03-01 13:34:53] INFO compute_initial_viz DONE | RSS=34081MB GPU_alloc=434MB GPU_reserved=2414MB
[2026-03-01 13:43:41] INFO reload_viz using full image (no ROI) | RSS=65288MB GPU_alloc=434MB GPU_reserved=2414MB
[2026-03-01 13:43:41] INFO compute_initial_viz START | RSS=65288MB GPU_alloc=434MB GPU_reserved=2414MB
[2026-03-01 13:43:41] INFO releasing previous model type=MSIParametricMiCSLMC | RSS=65288MB GPU_alloc=434MB GPU_reserved=2414MB
[2026-03-01 13:43:43] INFO config loaded | RSS=33959MB GPU_alloc=17MB GPU_reserved=42MB
[2026-03-01 13:43:43] INFO model_type resolved to 'mics_lmc' | RSS=33959MB GPU_alloc=17MB GPU_reserved=42MB
[2026-03-01 13:43:43] INFO reusing cached image (path unchanged): E:\MSImaging-data\_msi_visual\Extractions\NRL4558_5um\5bins\2\0.npy | RSS=33959MB GPU_alloc=17MB GPU_reserved=42MB
[2026-03-01 13:43:43] INFO creating new model and fitting (mics_lmc) | RSS=33959MB GPU_alloc=17MB GPU_reserved=42MB
[2026-03-01 13:43:43] INFO building model kwargs | RSS=33959MB GPU_alloc=17MB GPU_reserved=42MB
[2026-03-01 13:43:43] INFO model kwargs built in 0.00s | RSS=33959MB GPU_alloc=17MB GPU_reserved=42MB
[2026-03-01 13:43:43] INFO MiCS+LMC kwargs: {'number_of_points': 1000, 'sampling': 'coreset', 'num_epochs': 100, 'number_of_components': 3, 'num_layers': 3, 'lab_to_rgb': True, 'cluster': True, 'clusters': [32, 64, 128, 256, 512], 'num_samples': 5000, 'beta': 1.0, 'k_epoch': 20, 'temperature': 100.0, 'lr': 1.0, 'batch_size': 1024, 'warmup_epochs': 10, 'factor': 1.0, 'random_state': 42, 'verbose': False, 'cluster_loss_weight': 1.0, 'category_loss_weight': 0.0, 'pixel_sampling': 'random', 'pca_fit_step': 16, 'cluster_on_pca': True, 'cluster_pca_dims': 100} | RSS=33959MB GPU_alloc=17MB GPU_reserved=42MB
[2026-03-01 13:43:43] INFO initializing model | RSS=33959MB GPU_alloc=17MB GPU_reserved=42MB
[2026-03-01 13:43:43] INFO model init done in 0.00s | RSS=33959MB GPU_alloc=17MB GPU_reserved=42MB
[2026-03-01 13:43:43] INFO starting model.fit (train) | RSS=33959MB GPU_alloc=17MB GPU_reserved=42MB
[2026-03-01 13:43:43] INFO [fit] set_image starting: shape=(1274, 1283, 5005)
[2026-03-01 13:43:43] INFO [set_image] start: shape=(1274, 1283, 5005), roi_mask=False, category_annotations=False
[2026-03-01 13:43:46] INFO [set_image] reshape+mask done in 2.69s
[2026-03-01 13:43:49] INFO [set_image] sampling done in 2.71s (method=random, sampled=5000)
[2026-03-01 13:43:49] INFO [set_image] model init done in 0.14s (input_dim=5005, n_components=3)
[2026-03-01 13:44:03] INFO [set_image] resample done in 14.78s (points=1000)
[2026-03-01 13:44:06] INFO [set_image] category labels done in 2.77s
[2026-03-01 13:44:11] INFO [set_image] clustering init done in 4.90s (levels=5)
[2026-03-01 13:44:11] INFO [set_image] optimizer init done in 0.00s (lr=1.0, warmup=10)
[2026-03-01 13:44:11] INFO [set_image] total setup time 27.99s
[2026-03-01 13:44:11] INFO [fit] set_image done in 27.99s
[2026-03-01 13:44:11] INFO [fit] training loop starting: epochs=100
[2026-03-01 13:44:24] INFO [fit] training loop finished in 12.40s
[2026-03-01 13:44:24] INFO model.fit completed in 40.39s | RSS=34058MB GPU_alloc=434MB GPU_reserved=1020MB
[2026-03-01 13:44:24] INFO running predict (train) | RSS=34058MB GPU_alloc=434MB GPU_reserved=1020MB
[2026-03-01 13:44:37] INFO compute_initial_viz DONE | RSS=34081MB GPU_alloc=434MB GPU_reserved=2414MB
[2026-03-01 13:45:53] INFO reload_viz using full image (no ROI) | RSS=65289MB GPU_alloc=434MB GPU_reserved=2414MB
[2026-03-01 13:45:53] INFO compute_initial_viz START | RSS=65289MB GPU_alloc=434MB GPU_reserved=2414MB
[2026-03-01 13:45:53] INFO releasing previous model type=MSIParametricMiCSLMC | RSS=65289MB GPU_alloc=434MB GPU_reserved=2414MB
[2026-03-01 13:45:55] INFO config loaded | RSS=33978MB GPU_alloc=17MB GPU_reserved=42MB
[2026-03-01 13:45:55] INFO model_type resolved to 'mics_lmc' | RSS=33978MB GPU_alloc=17MB GPU_reserved=42MB
[2026-03-01 13:45:55] INFO reusing cached image (path unchanged): E:\MSImaging-data\_msi_visual\Extractions\NRL4558_5um\5bins\2\0.npy | RSS=33978MB GPU_alloc=17MB GPU_reserved=42MB
[2026-03-01 13:45:55] INFO creating new model and fitting (mics_lmc) | RSS=33978MB GPU_alloc=17MB GPU_reserved=42MB
[2026-03-01 13:45:55] INFO building model kwargs | RSS=33978MB GPU_alloc=17MB GPU_reserved=42MB
[2026-03-01 13:45:55] INFO model kwargs built in 0.00s | RSS=33978MB GPU_alloc=17MB GPU_reserved=42MB
[2026-03-01 13:45:55] INFO MiCS+LMC kwargs: {'number_of_points': 1000, 'sampling': 'coreset', 'num_epochs': 100, 'number_of_components': 3, 'num_layers': 3, 'lab_to_rgb': True, 'cluster': True, 'clusters': [32, 64, 128, 256, 512], 'num_samples': 20000, 'beta': 1.0, 'k_epoch': 20, 'temperature': 100.0, 'lr': 1.0, 'batch_size': 1024, 'warmup_epochs': 10, 'factor': 1.0, 'random_state': 42, 'verbose': False, 'cluster_loss_weight': 1.0, 'category_loss_weight': 0.0, 'pixel_sampling': 'random', 'pca_fit_step': 32, 'cluster_on_pca': True, 'cluster_pca_dims': 100} | RSS=33978MB GPU_alloc=17MB GPU_reserved=42MB
[2026-03-01 13:45:55] INFO initializing model | RSS=33978MB GPU_alloc=17MB GPU_reserved=42MB
[2026-03-01 13:45:55] INFO model init done in 0.00s | RSS=33978MB GPU_alloc=17MB GPU_reserved=42MB
[2026-03-01 13:45:55] INFO starting model.fit (train) | RSS=33978MB GPU_alloc=17MB GPU_reserved=42MB
[2026-03-01 13:45:55] INFO [fit] set_image starting: shape=(1274, 1283, 5005)
[2026-03-01 13:45:55] INFO [set_image] start: shape=(1274, 1283, 5005), roi_mask=False, category_annotations=False
[2026-03-01 13:45:58] INFO [set_image] reshape+mask done in 3.15s
[2026-03-01 13:46:01] INFO [set_image] sampling done in 3.34s (method=random, sampled=20000)
[2026-03-01 13:46:01] INFO [set_image] model init done in 0.17s (input_dim=5005, n_components=3)
[2026-03-01 13:47:09] INFO [set_image] resample done in 67.41s (points=1000)
[2026-03-01 13:47:12] INFO [set_image] category labels done in 3.59s
[2026-03-01 13:47:31] INFO [set_image] clustering init done in 18.73s (levels=5)
[2026-03-01 13:47:31] INFO [set_image] optimizer init done in 0.00s (lr=1.0, warmup=10)
[2026-03-01 13:47:31] INFO [set_image] total setup time 96.39s
[2026-03-01 13:47:31] INFO [fit] set_image done in 96.39s
[2026-03-01 13:47:31] INFO [fit] training loop starting: epochs=100
[2026-03-01 13:48:20] INFO [fit] training loop finished in 49.30s
[2026-03-01 13:48:20] INFO model.fit completed in 145.69s | RSS=34353MB GPU_alloc=549MB GPU_reserved=1134MB
[2026-03-01 13:48:20] INFO running predict (train) | RSS=34353MB GPU_alloc=549MB GPU_reserved=1134MB
[2026-03-01 13:48:36] INFO compute_initial_viz DONE | RSS=34376MB GPU_alloc=549MB GPU_reserved=2528MB
[2026-03-01 13:50:18] INFO reload_viz using full image (no ROI) | RSS=65584MB GPU_alloc=549MB GPU_reserved=2528MB
[2026-03-01 13:50:18] INFO compute_initial_viz START | RSS=65584MB GPU_alloc=549MB GPU_reserved=2528MB
[2026-03-01 13:50:18] INFO releasing previous model type=MSIParametricMiCSLMC | RSS=65584MB GPU_alloc=549MB GPU_reserved=2528MB
[2026-03-01 13:50:19] INFO config loaded | RSS=33968MB GPU_alloc=17MB GPU_reserved=42MB
[2026-03-01 13:50:19] INFO model_type resolved to 'mics_lmc' | RSS=33968MB GPU_alloc=17MB GPU_reserved=42MB
[2026-03-01 13:50:19] INFO reusing cached image (path unchanged): E:\MSImaging-data\_msi_visual\Extractions\NRL4558_5um\5bins\2\0.npy | RSS=33968MB GPU_alloc=17MB GPU_reserved=42MB
[2026-03-01 13:50:19] INFO creating new model and fitting (mics_lmc) | RSS=33968MB GPU_alloc=17MB GPU_reserved=42MB
[2026-03-01 13:50:19] INFO building model kwargs | RSS=33968MB GPU_alloc=17MB GPU_reserved=42MB
[2026-03-01 13:50:19] INFO model kwargs built in 0.00s | RSS=33968MB GPU_alloc=17MB GPU_reserved=42MB
[2026-03-01 13:50:19] INFO MiCS+LMC kwargs: {'number_of_points': 1000, 'sampling': 'coreset', 'num_epochs': 100, 'number_of_components': 3, 'num_layers': 3, 'lab_to_rgb': True, 'cluster': True, 'clusters': [32, 64, 128, 256, 512], 'num_samples': 20000, 'beta': 1.0, 'k_epoch': 20, 'temperature': 100.0, 'lr': 1.0, 'batch_size': 1024, 'warmup_epochs': 10, 'factor': 1.0, 'random_state': 42, 'verbose': False, 'cluster_loss_weight': 1.0, 'category_loss_weight': 0.0, 'pixel_sampling': 'random', 'pca_fit_step': 8, 'cluster_on_pca': True, 'cluster_pca_dims': 100} | RSS=33968MB GPU_alloc=17MB GPU_reserved=42MB
[2026-03-01 13:50:19] INFO initializing model | RSS=33968MB GPU_alloc=17MB GPU_reserved=42MB
[2026-03-01 13:50:19] INFO model init done in 0.00s | RSS=33968MB GPU_alloc=17MB GPU_reserved=42MB
[2026-03-01 13:50:19] INFO starting model.fit (train) | RSS=33968MB GPU_alloc=17MB GPU_reserved=42MB
[2026-03-01 13:50:19] INFO [fit] set_image starting: shape=(1274, 1283, 5005)
[2026-03-01 13:50:19] INFO [set_image] start: shape=(1274, 1283, 5005), roi_mask=False, category_annotations=False
[2026-03-01 13:50:22] INFO [set_image] reshape+mask done in 2.61s
[2026-03-01 13:50:25] INFO [set_image] sampling done in 2.69s (method=random, sampled=20000)
[2026-03-01 13:50:25] INFO [set_image] model init done in 0.14s (input_dim=5005, n_components=3)
[2026-03-01 13:51:28] INFO [set_image] resample done in 63.17s (points=1000)
[2026-03-01 13:51:31] INFO [set_image] category labels done in 3.13s
[2026-03-01 13:51:49] INFO [set_image] clustering init done in 17.59s (levels=5)
[2026-03-01 13:51:49] INFO [set_image] optimizer init done in 0.00s (lr=1.0, warmup=10)
[2026-03-01 13:51:49] INFO [set_image] total setup time 89.34s
[2026-03-01 13:51:49] INFO [fit] set_image done in 89.34s
[2026-03-01 13:51:49] INFO [fit] training loop starting: epochs=100
[2026-03-01 13:52:37] INFO [fit] training loop finished in 48.48s
[2026-03-01 13:52:37] INFO model.fit completed in 137.82s | RSS=34354MB GPU_alloc=549MB GPU_reserved=1134MB
[2026-03-01 13:52:37] INFO running predict (train) | RSS=34354MB GPU_alloc=549MB GPU_reserved=1134MB
[2026-03-01 13:52:51] INFO compute_initial_viz DONE | RSS=34377MB GPU_alloc=549MB GPU_reserved=2528MB
[2026-03-01 13:53:44] INFO reload_viz using full image (no ROI) | RSS=65584MB GPU_alloc=549MB GPU_reserved=2528MB
[2026-03-01 13:53:44] INFO compute_initial_viz START | RSS=65584MB GPU_alloc=549MB GPU_reserved=2528MB
[2026-03-01 13:53:44] INFO releasing previous model type=MSIParametricMiCSLMC | RSS=65584MB GPU_alloc=549MB GPU_reserved=2528MB
[2026-03-01 13:53:46] INFO config loaded | RSS=33970MB GPU_alloc=17MB GPU_reserved=42MB
[2026-03-01 13:53:46] INFO model_type resolved to 'mics_lmc' | RSS=33970MB GPU_alloc=17MB GPU_reserved=42MB
[2026-03-01 13:53:46] INFO reusing cached image (path unchanged): E:\MSImaging-data\_msi_visual\Extractions\NRL4558_5um\5bins\2\0.npy | RSS=33970MB GPU_alloc=17MB GPU_reserved=42MB
[2026-03-01 13:53:46] INFO creating new model and fitting (mics_lmc) | RSS=33970MB GPU_alloc=17MB GPU_reserved=42MB
[2026-03-01 13:53:46] INFO building model kwargs | RSS=33970MB GPU_alloc=17MB GPU_reserved=42MB
[2026-03-01 13:53:46] INFO model kwargs built in 0.00s | RSS=33970MB GPU_alloc=17MB GPU_reserved=42MB
[2026-03-01 13:53:46] INFO MiCS+LMC kwargs: {'number_of_points': 1000, 'sampling': 'coreset', 'num_epochs': 100, 'number_of_components': 3, 'num_layers': 3, 'lab_to_rgb': True, 'cluster': True, 'clusters': [32, 64, 128, 256, 512], 'num_samples': 20000, 'beta': 1.1, 'k_epoch': 20, 'temperature': 100.0, 'lr': 1.0, 'batch_size': 1024, 'warmup_epochs': 11, 'factor': 1.0, 'random_state': 42, 'verbose': False, 'cluster_loss_weight': 1.0, 'category_loss_weight': 0.0, 'pixel_sampling': 'random', 'pca_fit_step': 128, 'cluster_on_pca': True, 'cluster_pca_dims': 100} | RSS=33970MB GPU_alloc=17MB GPU_reserved=42MB
[2026-03-01 13:53:46] INFO initializing model | RSS=33970MB GPU_alloc=17MB GPU_reserved=42MB
[2026-03-01 13:53:46] INFO model init done in 0.00s | RSS=33970MB GPU_alloc=17MB GPU_reserved=42MB
[2026-03-01 13:53:46] INFO starting model.fit (train) | RSS=33970MB GPU_alloc=17MB GPU_reserved=42MB
[2026-03-01 13:53:46] INFO [fit] set_image starting: shape=(1274, 1283, 5005)
[2026-03-01 13:53:46] INFO [set_image] start: shape=(1274, 1283, 5005), roi_mask=False, category_annotations=False
[2026-03-01 13:53:49] INFO [set_image] reshape+mask done in 3.29s
[2026-03-01 13:53:52] INFO [set_image] sampling done in 3.20s (method=random, sampled=20000)
[2026-03-01 13:53:52] INFO [set_image] model init done in 0.14s (input_dim=5005, n_components=3)
[2026-03-01 13:55:01] INFO [set_image] resample done in 68.18s (points=1000)
[2026-03-01 13:55:04] INFO [set_image] category labels done in 3.53s
[2026-03-01 13:55:22] INFO [set_image] clustering init done in 17.65s (levels=5)
[2026-03-01 13:55:22] INFO [set_image] optimizer init done in 0.00s (lr=1.0, warmup=11)
[2026-03-01 13:55:22] INFO [set_image] total setup time 96.00s
[2026-03-01 13:55:22] INFO [fit] set_image done in 96.00s
[2026-03-01 13:55:22] INFO [fit] training loop starting: epochs=100
[2026-03-01 13:56:10] INFO [fit] training loop finished in 48.01s
[2026-03-01 13:56:10] INFO model.fit completed in 144.01s | RSS=34354MB GPU_alloc=549MB GPU_reserved=1134MB
[2026-03-01 13:56:10] INFO running predict (train) | RSS=34354MB GPU_alloc=549MB GPU_reserved=1134MB
[2026-03-01 13:56:25] INFO compute_initial_viz DONE | RSS=34377MB GPU_alloc=549MB GPU_reserved=2528MB
[2026-03-01 19:24:20] INFO reload_viz using full image (no ROI) | RSS=31866MB GPU_alloc=0MB GPU_reserved=0MB
[2026-03-01 19:24:30] WARNING From C:\Users\PahnkeLab\miniconda3\envs\maldi\Lib\site-packages\keras\src\losses.py:2976: The name tf.losses.sparse_softmax_cross_entropy is deprecated. Please use tf.compat.v1.losses.sparse_softmax_cross_entropy instead.

[2026-03-01 19:24:30] INFO compute_initial_viz START | RSS=32133MB GPU_alloc=0MB GPU_reserved=0MB
[2026-03-01 19:24:30] INFO config loaded | RSS=32133MB GPU_alloc=0MB GPU_reserved=0MB
[2026-03-01 19:24:30] INFO model_type resolved to 'mics_lmc' | RSS=32133MB GPU_alloc=0MB GPU_reserved=0MB
[2026-03-01 19:24:30] INFO reusing cached image (path unchanged): E:\MSImaging-data\_msi_visual\Extractions\NRL4558_5um\5bins\2\0.npy | RSS=32133MB GPU_alloc=0MB GPU_reserved=0MB
[2026-03-01 19:24:30] INFO creating new model and fitting (mics_lmc) | RSS=32133MB GPU_alloc=0MB GPU_reserved=0MB
[2026-03-01 19:24:30] INFO building model kwargs | RSS=32133MB GPU_alloc=0MB GPU_reserved=0MB
[2026-03-01 19:24:30] INFO model kwargs built in 0.00s | RSS=32133MB GPU_alloc=0MB GPU_reserved=0MB
[2026-03-01 19:24:30] INFO MiCS+LMC kwargs: {'number_of_points': 2000, 'sampling': 'coreset', 'num_epochs': 100, 'number_of_components': 3, 'num_layers': 3, 'lab_to_rgb': True, 'cluster': True, 'clusters': [16, 32, 64, 128, 256, 512], 'num_samples': 25000, 'beta': 1.1, 'k_epoch': 20, 'temperature': 100.0, 'lr': 1.0, 'batch_size': 1024, 'warmup_epochs': 11, 'factor': 1.0, 'random_state': 42, 'verbose': False, 'cluster_loss_weight': 1.0, 'category_loss_weight': 0.0, 'pixel_sampling': 'random', 'pca_fit_step': 128, 'cluster_on_pca': True, 'cluster_pca_dims': 100} | RSS=32133MB GPU_alloc=0MB GPU_reserved=0MB
[2026-03-01 19:24:30] INFO initializing model | RSS=32133MB GPU_alloc=0MB GPU_reserved=0MB
[2026-03-01 19:24:30] INFO model init done in 0.01s | RSS=32134MB GPU_alloc=0MB GPU_reserved=0MB
[2026-03-01 19:24:30] INFO starting model.fit (train) | RSS=32134MB GPU_alloc=0MB GPU_reserved=0MB
[2026-03-01 19:24:30] INFO [fit] set_image starting: shape=(1274, 1283, 5005)
[2026-03-01 19:24:30] INFO [set_image] start: shape=(1274, 1283, 5005), roi_mask=False, category_annotations=False
[2026-03-01 19:24:34] INFO [set_image] reshape+mask done in 3.37s
[2026-03-01 19:24:37] INFO [set_image] sampling done in 3.40s (method=random, sampled=25000)
[2026-03-01 19:24:37] INFO [set_image] model init done in 0.23s (input_dim=5005, n_components=3)
[2026-03-01 19:27:36] INFO [set_image] resample done in 178.34s (points=2000)
[2026-03-01 19:27:40] INFO [set_image] category labels done in 4.44s
[2026-03-01 19:28:04] INFO [set_image] clustering init done in 23.30s (levels=6)
[2026-03-01 19:28:05] INFO [set_image] optimizer init done in 1.54s (lr=1.0, warmup=11)
[2026-03-01 19:28:05] INFO [set_image] total setup time 214.61s
[2026-03-01 19:28:05] INFO [fit] set_image done in 214.61s
[2026-03-01 19:28:05] INFO [fit] training loop starting: epochs=100
[2026-03-01 19:29:18] INFO [fit] training loop finished in 72.75s
[2026-03-01 19:29:18] INFO model.fit completed in 287.37s | RSS=33557MB GPU_alloc=796MB GPU_reserved=1618MB
[2026-03-01 19:29:18] INFO running predict (train) | RSS=33557MB GPU_alloc=796MB GPU_reserved=1618MB
[2026-03-01 19:29:33] INFO compute_initial_viz DONE | RSS=33610MB GPU_alloc=796MB GPU_reserved=3012MB
[2026-03-02 08:54:38] INFO reload_viz using full image (no ROI) | RSS=31865MB GPU_alloc=0MB GPU_reserved=0MB
[2026-03-02 08:54:48] WARNING From C:\Users\PahnkeLab\miniconda3\envs\maldi\Lib\site-packages\keras\src\losses.py:2976: The name tf.losses.sparse_softmax_cross_entropy is deprecated. Please use tf.compat.v1.losses.sparse_softmax_cross_entropy instead.

[2026-03-02 08:54:49] INFO compute_initial_viz START | RSS=32134MB GPU_alloc=0MB GPU_reserved=0MB
[2026-03-02 08:54:49] INFO config loaded | RSS=32134MB GPU_alloc=0MB GPU_reserved=0MB
[2026-03-02 08:54:49] INFO model_type resolved to 'mics_lmc' | RSS=32134MB GPU_alloc=0MB GPU_reserved=0MB
[2026-03-02 08:54:49] INFO reusing cached image (path unchanged): E:\MSImaging-data\_msi_visual\Extractions\NRL4558_5um\5bins\2\0.npy | RSS=32134MB GPU_alloc=0MB GPU_reserved=0MB
[2026-03-02 08:54:49] INFO creating new model and fitting (mics_lmc) | RSS=32134MB GPU_alloc=0MB GPU_reserved=0MB
[2026-03-02 08:54:49] INFO building model kwargs | RSS=32134MB GPU_alloc=0MB GPU_reserved=0MB
[2026-03-02 08:54:49] INFO model kwargs built in 0.00s | RSS=32134MB GPU_alloc=0MB GPU_reserved=0MB
[2026-03-02 08:54:49] INFO MiCS+LMC kwargs: {'number_of_points': 2000, 'sampling': 'coreset', 'num_epochs': 100, 'number_of_components': 3, 'num_layers': 3, 'lab_to_rgb': True, 'cluster': True, 'clusters': [16, 32, 64, 128, 256, 512], 'num_samples': 25000, 'beta': 1.1, 'k_epoch': 20, 'temperature': 100.0, 'lr': 1.0, 'batch_size': 1024, 'warmup_epochs': 11, 'factor': 1.0, 'random_state': 42, 'verbose': False, 'cluster_loss_weight': 1.0, 'category_loss_weight': 0.0, 'pixel_sampling': 'random', 'pca_fit_step': 128, 'cluster_on_pca': True, 'cluster_pca_dims': 100} | RSS=32134MB GPU_alloc=0MB GPU_reserved=0MB
[2026-03-02 08:54:49] INFO initializing model | RSS=32134MB GPU_alloc=0MB GPU_reserved=0MB
[2026-03-02 08:54:49] INFO model init done in 0.00s | RSS=32135MB GPU_alloc=0MB GPU_reserved=0MB
[2026-03-02 08:54:49] INFO starting model.fit (train) | RSS=32135MB GPU_alloc=0MB GPU_reserved=0MB
[2026-03-02 08:54:49] INFO [fit] set_image starting: shape=(1274, 1283, 5005)
[2026-03-02 08:54:49] INFO [set_image] start: shape=(1274, 1283, 5005), roi_mask=False, category_annotations=False
[2026-03-02 08:54:52] INFO [set_image] reshape+mask done in 3.04s
[2026-03-02 08:54:55] INFO [set_image] sampling done in 3.18s (method=random, sampled=25000)
[2026-03-02 08:54:55] INFO [set_image] model init done in 0.22s (input_dim=5005, n_components=3)
[2026-03-02 08:58:14] INFO [set_image] resample done in 199.15s (points=2000)
[2026-03-02 08:58:17] INFO [set_image] category labels done in 3.13s
[2026-03-02 08:58:41] INFO [set_image] clustering init done in 23.26s (levels=6)
[2026-03-02 08:58:42] INFO [set_image] optimizer init done in 1.55s (lr=1.0, warmup=11)
[2026-03-02 08:58:42] INFO [set_image] total setup time 233.52s
[2026-03-02 08:58:42] INFO [fit] set_image done in 233.52s
[2026-03-02 08:58:42] INFO [fit] training loop starting: epochs=100
[2026-03-02 08:59:55] INFO [fit] training loop finished in 73.15s
[2026-03-02 08:59:55] INFO model.fit completed in 306.67s | RSS=33558MB GPU_alloc=796MB GPU_reserved=1618MB
[2026-03-02 08:59:55] INFO running predict (train) | RSS=33558MB GPU_alloc=796MB GPU_reserved=1618MB
[2026-03-02 09:00:11] INFO compute_initial_viz DONE | RSS=33608MB GPU_alloc=796MB GPU_reserved=3012MB
[2026-03-02 09:15:29] INFO reload_viz using full image (no ROI) | RSS=64827MB GPU_alloc=796MB GPU_reserved=3012MB
[2026-03-02 09:15:29] INFO compute_initial_viz START | RSS=64827MB GPU_alloc=796MB GPU_reserved=3012MB
[2026-03-02 09:15:29] INFO releasing previous model type=MSIParametricMiCSLMC | RSS=64827MB GPU_alloc=796MB GPU_reserved=3012MB
[2026-03-02 09:15:31] INFO config loaded | RSS=33237MB GPU_alloc=17MB GPU_reserved=42MB
[2026-03-02 09:15:31] INFO model_type resolved to 'mics_lmc' | RSS=33237MB GPU_alloc=17MB GPU_reserved=42MB
[2026-03-02 09:15:31] INFO reusing cached image (path unchanged): E:\MSImaging-data\_msi_visual\Extractions\NRL4558_5um\5bins\2\0.npy | RSS=33237MB GPU_alloc=17MB GPU_reserved=42MB
[2026-03-02 09:15:31] INFO creating new model and fitting (mics_lmc) | RSS=33237MB GPU_alloc=17MB GPU_reserved=42MB
[2026-03-02 09:15:31] INFO building model kwargs | RSS=33237MB GPU_alloc=17MB GPU_reserved=42MB
[2026-03-02 09:15:31] INFO model kwargs built in 0.00s | RSS=33237MB GPU_alloc=17MB GPU_reserved=42MB
[2026-03-02 09:15:31] INFO MiCS+LMC kwargs: {'number_of_points': 2000, 'sampling': 'coreset', 'num_epochs': 100, 'number_of_components': 3, 'num_layers': 4, 'lab_to_rgb': True, 'cluster': True, 'clusters': [16, 32, 64, 128, 256, 512], 'num_samples': 25000, 'beta': 1.1, 'k_epoch': 20, 'temperature': 100.0, 'lr': 1.0, 'batch_size': 1024, 'warmup_epochs': 11, 'factor': 1.0, 'random_state': 42, 'verbose': False, 'cluster_loss_weight': 1.0, 'category_loss_weight': 0.0, 'pixel_sampling': 'random', 'pca_fit_step': 128, 'cluster_on_pca': True, 'cluster_pca_dims': 100} | RSS=33237MB GPU_alloc=17MB GPU_reserved=42MB
[2026-03-02 09:15:31] INFO initializing model | RSS=33237MB GPU_alloc=17MB GPU_reserved=42MB
[2026-03-02 09:15:31] INFO model init done in 0.00s | RSS=33237MB GPU_alloc=17MB GPU_reserved=42MB
[2026-03-02 09:15:31] INFO starting model.fit (train) | RSS=33237MB GPU_alloc=17MB GPU_reserved=42MB
[2026-03-02 09:15:31] INFO [fit] set_image starting: shape=(1274, 1283, 5005)
[2026-03-02 09:15:31] INFO [set_image] start: shape=(1274, 1283, 5005), roi_mask=False, category_annotations=False
[2026-03-02 09:15:33] INFO [set_image] reshape+mask done in 2.55s
[2026-03-02 09:15:36] INFO [set_image] sampling done in 2.66s (method=random, sampled=25000)
[2026-03-02 09:15:36] INFO [set_image] model init done in 0.16s (input_dim=5005, n_components=3)
[2026-03-02 09:18:18] INFO [set_image] resample done in 162.18s (points=2000)
[2026-03-02 09:18:21] INFO [set_image] category labels done in 2.52s
[2026-03-02 09:18:44] INFO [set_image] clustering init done in 22.70s (levels=6)
[2026-03-02 09:18:44] INFO [set_image] optimizer init done in 0.00s (lr=1.0, warmup=11)
[2026-03-02 09:18:44] INFO [set_image] total setup time 192.77s
[2026-03-02 09:18:44] INFO [fit] set_image done in 192.77s
[2026-03-02 09:18:44] INFO [fit] training loop starting: epochs=100
[2026-03-02 09:20:00] INFO [fit] training loop finished in 76.20s
[2026-03-02 09:20:00] INFO model.fit completed in 268.97s | RSS=33742MB GPU_alloc=861MB GPU_reserved=1896MB
[2026-03-02 09:20:00] INFO running predict (train) | RSS=33742MB GPU_alloc=861MB GPU_reserved=1896MB
[2026-03-02 09:20:15] INFO compute_initial_viz DONE | RSS=33765MB GPU_alloc=861MB GPU_reserved=3290MB
[2026-03-02 10:26:55] INFO reload_viz using full image (no ROI) | RSS=64973MB GPU_alloc=861MB GPU_reserved=3290MB
[2026-03-02 10:26:55] INFO compute_initial_viz START | RSS=64973MB GPU_alloc=861MB GPU_reserved=3290MB
[2026-03-02 10:26:55] INFO releasing previous model type=MSIParametricMiCSLMC | RSS=64973MB GPU_alloc=861MB GPU_reserved=3290MB
[2026-03-02 10:26:57] INFO config loaded | RSS=33296MB GPU_alloc=17MB GPU_reserved=42MB
[2026-03-02 10:26:57] INFO model_type resolved to 'mics_lmc' | RSS=33296MB GPU_alloc=17MB GPU_reserved=42MB
[2026-03-02 10:26:57] INFO reusing cached image (path unchanged): E:\MSImaging-data\_msi_visual\Extractions\NRL4558_5um\5bins\2\0.npy | RSS=33296MB GPU_alloc=17MB GPU_reserved=42MB
[2026-03-02 10:26:57] INFO creating new model and fitting (mics_lmc) | RSS=33296MB GPU_alloc=17MB GPU_reserved=42MB
[2026-03-02 10:26:57] INFO building model kwargs | RSS=33296MB GPU_alloc=17MB GPU_reserved=42MB
[2026-03-02 10:26:57] INFO model kwargs built in 0.00s | RSS=33296MB GPU_alloc=17MB GPU_reserved=42MB
[2026-03-02 10:26:57] INFO MiCS+LMC kwargs: {'number_of_points': 2000, 'sampling': 'coreset', 'num_epochs': 100, 'number_of_components': 4, 'num_layers': 6, 'lab_to_rgb': True, 'cluster': True, 'clusters': [16, 32, 64, 128, 256, 512], 'num_samples': 25000, 'beta': 1.1, 'k_epoch': 20, 'temperature': 100.0, 'lr': 1.0, 'batch_size': 1024, 'warmup_epochs': 11, 'factor': 1.0, 'random_state': 42, 'verbose': False, 'cluster_loss_weight': 1.0, 'category_loss_weight': 0.0, 'pixel_sampling': 'random', 'pca_fit_step': 128, 'cluster_on_pca': True, 'cluster_pca_dims': 100} | RSS=33296MB GPU_alloc=17MB GPU_reserved=42MB
[2026-03-02 10:26:57] INFO initializing model | RSS=33296MB GPU_alloc=17MB GPU_reserved=42MB
[2026-03-02 10:26:57] INFO model init done in 0.00s | RSS=33296MB GPU_alloc=17MB GPU_reserved=42MB
[2026-03-02 10:26:57] INFO starting model.fit (train) | RSS=33296MB GPU_alloc=17MB GPU_reserved=42MB
[2026-03-02 10:26:57] INFO [fit] set_image starting: shape=(1274, 1283, 5005)
[2026-03-02 10:26:57] INFO [set_image] start: shape=(1274, 1283, 5005), roi_mask=False, category_annotations=False
[2026-03-02 10:27:00] INFO [set_image] reshape+mask done in 2.88s
[2026-03-02 10:27:03] INFO [set_image] sampling done in 2.98s (method=random, sampled=25000)
[2026-03-02 10:27:03] INFO [set_image] model init done in 0.21s (input_dim=5005, n_components=4)
[2026-03-02 10:30:12] INFO [set_image] resample done in 189.56s (points=2000)
[2026-03-02 10:30:16] INFO [set_image] category labels done in 3.81s
[2026-03-02 10:30:39] INFO [set_image] clustering init done in 23.03s (levels=6)
[2026-03-02 10:30:39] INFO [set_image] optimizer init done in 0.00s (lr=1.0, warmup=11)
[2026-03-02 10:30:39] INFO [set_image] total setup time 222.47s
[2026-03-02 10:30:39] INFO [fit] set_image done in 222.47s
[2026-03-02 10:30:39] INFO [fit] training loop starting: epochs=100
[2026-03-02 10:32:14] INFO [fit] training loop finished in 95.00s
[2026-03-02 10:32:14] INFO model.fit completed in 317.48s | RSS=33776MB GPU_alloc=989MB GPU_reserved=2456MB
[2026-03-02 10:32:14] INFO running predict (train) | RSS=33776MB GPU_alloc=989MB GPU_reserved=2456MB
[2026-03-02 10:32:32] INFO compute_initial_viz DONE | RSS=33798MB GPU_alloc=989MB GPU_reserved=3850MB
[2026-03-02 10:45:58] INFO reload_viz using full image (no ROI) | RSS=65006MB GPU_alloc=989MB GPU_reserved=3850MB
[2026-03-02 10:45:58] INFO compute_initial_viz START | RSS=65006MB GPU_alloc=989MB GPU_reserved=3850MB
[2026-03-02 10:45:58] INFO releasing previous model type=MSIParametricMiCSLMC | RSS=65006MB GPU_alloc=989MB GPU_reserved=3850MB
[2026-03-02 10:46:00] INFO config loaded | RSS=33360MB GPU_alloc=17MB GPU_reserved=42MB
[2026-03-02 10:46:00] INFO model_type resolved to 'mics_lmc' | RSS=33360MB GPU_alloc=17MB GPU_reserved=42MB
[2026-03-02 10:46:00] INFO reusing cached image (path unchanged): E:\MSImaging-data\_msi_visual\Extractions\NRL4558_5um\5bins\2\0.npy | RSS=33360MB GPU_alloc=17MB GPU_reserved=42MB
[2026-03-02 10:46:00] INFO creating new model and fitting (mics_lmc) | RSS=33360MB GPU_alloc=17MB GPU_reserved=42MB
[2026-03-02 10:46:00] INFO building model kwargs | RSS=33360MB GPU_alloc=17MB GPU_reserved=42MB
[2026-03-02 10:46:00] INFO model kwargs built in 0.00s | RSS=33360MB GPU_alloc=17MB GPU_reserved=42MB
[2026-03-02 10:46:00] INFO MiCS+LMC kwargs: {'number_of_points': 2000, 'sampling': 'coreset', 'num_epochs': 100, 'number_of_components': 4, 'num_layers': 6, 'lab_to_rgb': True, 'cluster': True, 'clusters': [16, 32, 64, 128, 256, 512], 'num_samples': 25000, 'beta': 1.1, 'k_epoch': 20, 'temperature': 100.0, 'lr': 1.0, 'batch_size': 1024, 'warmup_epochs': 11, 'factor': 1.0, 'random_state': 42, 'verbose': False, 'cluster_loss_weight': 1.0, 'category_loss_weight': 0.0, 'pixel_sampling': 'random', 'pca_fit_step': 32, 'cluster_on_pca': True, 'cluster_pca_dims': 100} | RSS=33360MB GPU_alloc=17MB GPU_reserved=42MB
[2026-03-02 10:46:00] INFO initializing model | RSS=33360MB GPU_alloc=17MB GPU_reserved=42MB
[2026-03-02 10:46:00] INFO model init done in 0.00s | RSS=33360MB GPU_alloc=17MB GPU_reserved=42MB
[2026-03-02 10:46:00] INFO starting model.fit (train) | RSS=33360MB GPU_alloc=17MB GPU_reserved=42MB
[2026-03-02 10:46:00] INFO [fit] set_image starting: shape=(1274, 1283, 5005)
[2026-03-02 10:46:00] INFO [set_image] start: shape=(1274, 1283, 5005), roi_mask=False, category_annotations=False
[2026-03-02 10:46:03] INFO [set_image] reshape+mask done in 2.94s
[2026-03-02 10:46:06] INFO [set_image] sampling done in 3.00s (method=random, sampled=25000)
[2026-03-02 10:46:06] INFO [set_image] model init done in 0.21s (input_dim=5005, n_components=4)
[2026-03-02 10:49:17] INFO [set_image] resample done in 191.07s (points=2000)
[2026-03-02 10:49:21] INFO [set_image] category labels done in 3.36s
[2026-03-02 10:49:44] INFO [set_image] clustering init done in 23.13s (levels=6)
[2026-03-02 10:49:44] INFO [set_image] optimizer init done in 0.00s (lr=1.0, warmup=11)
[2026-03-02 10:49:44] INFO [set_image] total setup time 223.71s
[2026-03-02 10:49:44] INFO [fit] set_image done in 223.72s
[2026-03-02 10:49:44] INFO [fit] training loop starting: epochs=100
[2026-03-02 10:51:19] INFO [fit] training loop finished in 95.22s
[2026-03-02 10:51:19] INFO model.fit completed in 318.93s | RSS=33841MB GPU_alloc=989MB GPU_reserved=2456MB
[2026-03-02 10:51:19] INFO running predict (train) | RSS=33841MB GPU_alloc=989MB GPU_reserved=2456MB
[2026-03-02 10:51:37] INFO compute_initial_viz DONE | RSS=33863MB GPU_alloc=989MB GPU_reserved=3850MB
[2026-03-02 11:21:14] INFO reload_viz using full image (no ROI) | RSS=65071MB GPU_alloc=989MB GPU_reserved=3850MB
[2026-03-02 11:21:14] INFO compute_initial_viz START | RSS=65071MB GPU_alloc=989MB GPU_reserved=3850MB
[2026-03-02 11:21:14] INFO releasing previous model type=MSIParametricMiCSLMC | RSS=65071MB GPU_alloc=989MB GPU_reserved=3850MB
[2026-03-02 11:21:15] INFO config loaded | RSS=33361MB GPU_alloc=17MB GPU_reserved=42MB
[2026-03-02 11:21:15] INFO model_type resolved to 'mics_lmc' | RSS=33361MB GPU_alloc=17MB GPU_reserved=42MB
[2026-03-02 11:21:15] INFO reusing cached image (path unchanged): E:\MSImaging-data\_msi_visual\Extractions\NRL4558_5um\5bins\2\0.npy | RSS=33361MB GPU_alloc=17MB GPU_reserved=42MB
[2026-03-02 11:21:15] INFO creating new model and fitting (mics_lmc) | RSS=33361MB GPU_alloc=17MB GPU_reserved=42MB
[2026-03-02 11:21:15] INFO building model kwargs | RSS=33361MB GPU_alloc=17MB GPU_reserved=42MB
[2026-03-02 11:21:15] INFO model kwargs built in 0.00s | RSS=33361MB GPU_alloc=17MB GPU_reserved=42MB
[2026-03-02 11:21:15] INFO MiCS+LMC kwargs: {'number_of_points': 2000, 'sampling': 'coreset', 'num_epochs': 100, 'number_of_components': 4, 'num_layers': 3, 'lab_to_rgb': True, 'cluster': True, 'clusters': [16, 32, 64, 128, 256, 512], 'num_samples': 25000, 'beta': 1.1, 'k_epoch': 20, 'temperature': 100.0, 'lr': 1.0, 'batch_size': 1024, 'warmup_epochs': 11, 'factor': 1.0, 'random_state': 42, 'verbose': False, 'cluster_loss_weight': 1.0, 'category_loss_weight': 0.0, 'pixel_sampling': 'random', 'pca_fit_step': 256, 'cluster_on_pca': True, 'cluster_pca_dims': 100} | RSS=33361MB GPU_alloc=17MB GPU_reserved=42MB
[2026-03-02 11:21:15] INFO initializing model | RSS=33361MB GPU_alloc=17MB GPU_reserved=42MB
[2026-03-02 11:21:15] INFO model init done in 0.00s | RSS=33361MB GPU_alloc=17MB GPU_reserved=42MB
[2026-03-02 11:21:15] INFO starting model.fit (train) | RSS=33361MB GPU_alloc=17MB GPU_reserved=42MB
[2026-03-02 11:21:15] INFO [fit] set_image starting: shape=(1274, 1283, 5005)
[2026-03-02 11:21:15] INFO [set_image] start: shape=(1274, 1283, 5005), roi_mask=False, category_annotations=False
[2026-03-02 11:21:19] INFO [set_image] reshape+mask done in 3.09s
[2026-03-02 11:21:22] INFO [set_image] sampling done in 3.19s (method=random, sampled=25000)
[2026-03-02 11:21:22] INFO [set_image] model init done in 0.14s (input_dim=5005, n_components=4)
[2026-03-02 11:24:21] INFO [set_image] resample done in 179.24s (points=2000)
[2026-03-02 11:24:24] INFO [set_image] category labels done in 3.26s
[2026-03-02 11:24:47] INFO [set_image] clustering init done in 23.10s (levels=6)
[2026-03-02 11:24:47] INFO [set_image] optimizer init done in 0.00s (lr=1.0, warmup=11)
[2026-03-02 11:24:47] INFO [set_image] total setup time 212.02s
[2026-03-02 11:24:47] INFO [fit] set_image done in 212.02s
[2026-03-02 11:24:47] INFO [fit] training loop starting: epochs=100
[2026-03-02 11:25:59] INFO [fit] training loop finished in 71.42s
[2026-03-02 11:25:59] INFO model.fit completed in 283.44s | RSS=33842MB GPU_alloc=796MB GPU_reserved=1624MB
[2026-03-02 11:25:59] INFO running predict (train) | RSS=33842MB GPU_alloc=796MB GPU_reserved=1624MB
[2026-03-02 11:26:14] INFO compute_initial_viz DONE | RSS=33864MB GPU_alloc=796MB GPU_reserved=3018MB
[2026-03-02 11:28:11] INFO reload_viz using full image (no ROI) | RSS=65071MB GPU_alloc=796MB GPU_reserved=3018MB
[2026-03-02 11:28:11] INFO compute_initial_viz START | RSS=65071MB GPU_alloc=796MB GPU_reserved=3018MB
[2026-03-02 11:28:11] INFO releasing previous model type=MSIParametricMiCSLMC | RSS=65071MB GPU_alloc=796MB GPU_reserved=3018MB
[2026-03-02 11:28:13] INFO config loaded | RSS=33362MB GPU_alloc=17MB GPU_reserved=42MB
[2026-03-02 11:28:13] INFO model_type resolved to 'mics_lmc' | RSS=33362MB GPU_alloc=17MB GPU_reserved=42MB
[2026-03-02 11:28:13] INFO reusing cached image (path unchanged): E:\MSImaging-data\_msi_visual\Extractions\NRL4558_5um\5bins\2\0.npy | RSS=33362MB GPU_alloc=17MB GPU_reserved=42MB
[2026-03-02 11:28:13] INFO creating new model and fitting (mics_lmc) | RSS=33362MB GPU_alloc=17MB GPU_reserved=42MB
[2026-03-02 11:28:13] INFO building model kwargs | RSS=33362MB GPU_alloc=17MB GPU_reserved=42MB
[2026-03-02 11:28:13] INFO model kwargs built in 0.00s | RSS=33362MB GPU_alloc=17MB GPU_reserved=42MB
[2026-03-02 11:28:13] INFO MiCS+LMC kwargs: {'number_of_points': 2000, 'sampling': 'coreset', 'num_epochs': 100, 'number_of_components': 4, 'num_layers': 3, 'lab_to_rgb': True, 'cluster': True, 'clusters': [16, 32, 64], 'num_samples': 25000, 'beta': 1.1, 'k_epoch': 20, 'temperature': 100.0, 'lr': 1.0, 'batch_size': 1024, 'warmup_epochs': 11, 'factor': 1.0, 'random_state': 42, 'verbose': False, 'cluster_loss_weight': 1.0, 'category_loss_weight': 0.0, 'pixel_sampling': 'random', 'pca_fit_step': 512, 'cluster_on_pca': True, 'cluster_pca_dims': 100} | RSS=33362MB GPU_alloc=17MB GPU_reserved=42MB
[2026-03-02 11:28:13] INFO initializing model | RSS=33362MB GPU_alloc=17MB GPU_reserved=42MB
[2026-03-02 11:28:13] INFO model init done in 0.00s | RSS=33362MB GPU_alloc=17MB GPU_reserved=42MB
[2026-03-02 11:28:13] INFO starting model.fit (train) | RSS=33362MB GPU_alloc=17MB GPU_reserved=42MB
[2026-03-02 11:28:13] INFO [fit] set_image starting: shape=(1274, 1283, 5005)
[2026-03-02 11:28:13] INFO [set_image] start: shape=(1274, 1283, 5005), roi_mask=False, category_annotations=False
[2026-03-02 11:28:16] INFO [set_image] reshape+mask done in 3.00s
[2026-03-02 11:28:19] INFO [set_image] sampling done in 3.11s (method=random, sampled=25000)
[2026-03-02 11:28:19] INFO [set_image] model init done in 0.14s (input_dim=5005, n_components=4)
[2026-03-02 11:31:34] INFO [set_image] resample done in 194.42s (points=2000)
[2026-03-02 11:31:38] INFO [set_image] category labels done in 4.24s
[2026-03-02 11:31:43] INFO [set_image] clustering init done in 4.44s (levels=3)
[2026-03-02 11:31:43] INFO [set_image] optimizer init done in 0.00s (lr=1.0, warmup=11)
[2026-03-02 11:31:43] INFO [set_image] total setup time 209.35s
[2026-03-02 11:31:43] INFO [fit] set_image done in 209.36s
[2026-03-02 11:31:43] INFO [fit] training loop starting: epochs=100
[2026-03-02 11:32:47] INFO [fit] training loop finished in 63.99s
[2026-03-02 11:32:47] INFO model.fit completed in 273.35s | RSS=33842MB GPU_alloc=796MB GPU_reserved=1618MB
[2026-03-02 11:32:47] INFO running predict (train) | RSS=33842MB GPU_alloc=796MB GPU_reserved=1618MB
[2026-03-02 11:33:01] INFO compute_initial_viz DONE | RSS=33864MB GPU_alloc=796MB GPU_reserved=3012MB
[2026-03-02 11:33:38] INFO reload_viz using full image (no ROI) | RSS=65071MB GPU_alloc=796MB GPU_reserved=3012MB
[2026-03-02 11:33:38] INFO compute_initial_viz START | RSS=65071MB GPU_alloc=796MB GPU_reserved=3012MB
[2026-03-02 11:33:38] INFO releasing previous model type=MSIParametricMiCSLMC | RSS=65071MB GPU_alloc=796MB GPU_reserved=3012MB
[2026-03-02 11:33:40] INFO config loaded | RSS=33362MB GPU_alloc=17MB GPU_reserved=42MB
[2026-03-02 11:33:40] INFO model_type resolved to 'mics_lmc' | RSS=33362MB GPU_alloc=17MB GPU_reserved=42MB
[2026-03-02 11:33:40] INFO reusing cached image (path unchanged): E:\MSImaging-data\_msi_visual\Extractions\NRL4558_5um\5bins\2\0.npy | RSS=33362MB GPU_alloc=17MB GPU_reserved=42MB
[2026-03-02 11:33:40] INFO creating new model and fitting (mics_lmc) | RSS=33362MB GPU_alloc=17MB GPU_reserved=42MB
[2026-03-02 11:33:40] INFO building model kwargs | RSS=33362MB GPU_alloc=17MB GPU_reserved=42MB
[2026-03-02 11:33:40] INFO model kwargs built in 0.00s | RSS=33362MB GPU_alloc=17MB GPU_reserved=42MB
[2026-03-02 11:33:40] INFO MiCS+LMC kwargs: {'number_of_points': 2000, 'sampling': 'coreset', 'num_epochs': 100, 'number_of_components': 4, 'num_layers': 3, 'lab_to_rgb': True, 'cluster': True, 'clusters': [16, 32, 64], 'num_samples': 25000, 'beta': 1.1, 'k_epoch': 20, 'temperature': 100.0, 'lr': 1.0, 'batch_size': 1024, 'warmup_epochs': 11, 'factor': 1.0, 'random_state': 42, 'verbose': False, 'cluster_loss_weight': 1.0, 'category_loss_weight': 0.0, 'pixel_sampling': 'random', 'pca_fit_step': 8, 'cluster_on_pca': True, 'cluster_pca_dims': 100} | RSS=33362MB GPU_alloc=17MB GPU_reserved=42MB
[2026-03-02 11:33:40] INFO initializing model | RSS=33362MB GPU_alloc=17MB GPU_reserved=42MB
[2026-03-02 11:33:40] INFO model init done in 0.00s | RSS=33362MB GPU_alloc=17MB GPU_reserved=42MB
[2026-03-02 11:33:40] INFO starting model.fit (train) | RSS=33362MB GPU_alloc=17MB GPU_reserved=42MB
[2026-03-02 11:33:40] INFO [fit] set_image starting: shape=(1274, 1283, 5005)
[2026-03-02 11:33:40] INFO [set_image] start: shape=(1274, 1283, 5005), roi_mask=False, category_annotations=False
[2026-03-02 11:33:43] INFO [set_image] reshape+mask done in 2.96s
[2026-03-02 11:33:46] INFO [set_image] sampling done in 3.08s (method=random, sampled=25000)
[2026-03-02 11:33:46] INFO [set_image] model init done in 0.14s (input_dim=5005, n_components=4)
[2026-03-02 11:37:00] INFO [set_image] resample done in 194.20s (points=2000)
[2026-03-02 11:37:05] INFO [set_image] category labels done in 4.29s
[2026-03-02 11:37:09] INFO [set_image] clustering init done in 4.48s (levels=3)
[2026-03-02 11:37:09] INFO [set_image] optimizer init done in 0.00s (lr=1.0, warmup=11)
[2026-03-02 11:37:09] INFO [set_image] total setup time 209.15s
[2026-03-02 11:37:09] INFO [fit] set_image done in 209.15s
[2026-03-02 11:37:09] INFO [fit] training loop starting: epochs=100
[2026-03-02 11:38:15] INFO [fit] training loop finished in 65.32s
[2026-03-02 11:38:15] INFO model.fit completed in 274.47s | RSS=33842MB GPU_alloc=796MB GPU_reserved=1618MB
[2026-03-02 11:38:15] INFO running predict (train) | RSS=33842MB GPU_alloc=796MB GPU_reserved=1618MB
[2026-03-02 11:38:30] INFO compute_initial_viz DONE | RSS=33864MB GPU_alloc=796MB GPU_reserved=3012MB
[2026-03-02 11:39:48] INFO reload_viz using full image (no ROI) | RSS=65072MB GPU_alloc=796MB GPU_reserved=3012MB
[2026-03-02 11:39:48] INFO compute_initial_viz START | RSS=65072MB GPU_alloc=796MB GPU_reserved=3012MB
[2026-03-02 11:39:48] INFO releasing previous model type=MSIParametricMiCSLMC | RSS=65072MB GPU_alloc=796MB GPU_reserved=3012MB
[2026-03-02 11:39:50] INFO config loaded | RSS=33362MB GPU_alloc=17MB GPU_reserved=42MB
[2026-03-02 11:39:50] INFO model_type resolved to 'mics_lmc' | RSS=33362MB GPU_alloc=17MB GPU_reserved=42MB
[2026-03-02 11:39:50] INFO reusing cached image (path unchanged): E:\MSImaging-data\_msi_visual\Extractions\NRL4558_5um\5bins\2\0.npy | RSS=33362MB GPU_alloc=17MB GPU_reserved=42MB
[2026-03-02 11:39:50] INFO creating new model and fitting (mics_lmc) | RSS=33362MB GPU_alloc=17MB GPU_reserved=42MB
[2026-03-02 11:39:50] INFO building model kwargs | RSS=33362MB GPU_alloc=17MB GPU_reserved=42MB
[2026-03-02 11:39:50] INFO model kwargs built in 0.00s | RSS=33362MB GPU_alloc=17MB GPU_reserved=42MB
[2026-03-02 11:39:50] INFO MiCS+LMC kwargs: {'number_of_points': 2000, 'sampling': 'coreset', 'num_epochs': 100, 'number_of_components': 4, 'num_layers': 3, 'lab_to_rgb': True, 'cluster': True, 'clusters': [4, 8, 16, 32, 64], 'num_samples': 25000, 'beta': 1.1, 'k_epoch': 20, 'temperature': 100.0, 'lr': 1.0, 'batch_size': 1024, 'warmup_epochs': 10, 'factor': 1.0, 'random_state': 42, 'verbose': False, 'cluster_loss_weight': 1.0, 'category_loss_weight': 0.0, 'pixel_sampling': 'random', 'pca_fit_step': 32, 'cluster_on_pca': True, 'cluster_pca_dims': 100} | RSS=33362MB GPU_alloc=17MB GPU_reserved=42MB
[2026-03-02 11:39:50] INFO initializing model | RSS=33362MB GPU_alloc=17MB GPU_reserved=42MB
[2026-03-02 11:39:50] INFO model init done in 0.00s | RSS=33362MB GPU_alloc=17MB GPU_reserved=42MB
[2026-03-02 11:39:50] INFO starting model.fit (train) | RSS=33362MB GPU_alloc=17MB GPU_reserved=42MB
[2026-03-02 11:39:50] INFO [fit] set_image starting: shape=(1274, 1283, 5005)
[2026-03-02 11:39:50] INFO [set_image] start: shape=(1274, 1283, 5005), roi_mask=False, category_annotations=False
[2026-03-02 11:39:53] INFO [set_image] reshape+mask done in 2.48s
[2026-03-02 11:39:55] INFO [set_image] sampling done in 2.64s (method=random, sampled=25000)
[2026-03-02 11:39:55] INFO [set_image] model init done in 0.14s (input_dim=5005, n_components=4)
[2026-03-02 11:42:42] INFO [set_image] resample done in 166.31s (points=2000)
[2026-03-02 11:42:44] INFO [set_image] category labels done in 2.57s
[2026-03-02 11:42:49] INFO [set_image] clustering init done in 4.73s (levels=5)
[2026-03-02 11:42:49] INFO [set_image] optimizer init done in 0.00s (lr=1.0, warmup=10)
[2026-03-02 11:42:49] INFO [set_image] total setup time 178.88s
[2026-03-02 11:42:49] INFO [fit] set_image done in 178.88s
[2026-03-02 11:42:49] INFO [fit] training loop starting: epochs=100
[2026-03-02 11:43:56] INFO [fit] training loop finished in 67.05s
[2026-03-02 11:43:56] INFO model.fit completed in 245.93s | RSS=33842MB GPU_alloc=796MB GPU_reserved=1618MB
[2026-03-02 11:43:56] INFO running predict (train) | RSS=33842MB GPU_alloc=796MB GPU_reserved=1618MB
[2026-03-02 11:44:10] INFO compute_initial_viz DONE | RSS=33863MB GPU_alloc=796MB GPU_reserved=3012MB
[2026-03-02 11:49:57] INFO reload_viz using full image (no ROI) | RSS=65071MB GPU_alloc=796MB GPU_reserved=3012MB
[2026-03-02 11:49:57] INFO compute_initial_viz START | RSS=65071MB GPU_alloc=796MB GPU_reserved=3012MB
[2026-03-02 11:49:57] INFO releasing previous model type=MSIParametricMiCSLMC | RSS=65071MB GPU_alloc=796MB GPU_reserved=3012MB
[2026-03-02 11:49:59] INFO config loaded | RSS=33362MB GPU_alloc=17MB GPU_reserved=42MB
[2026-03-02 11:49:59] INFO model_type resolved to 'mics_lmc' | RSS=33362MB GPU_alloc=17MB GPU_reserved=42MB
[2026-03-02 11:49:59] INFO reusing cached image (path unchanged): E:\MSImaging-data\_msi_visual\Extractions\NRL4558_5um\5bins\2\0.npy | RSS=33362MB GPU_alloc=17MB GPU_reserved=42MB
[2026-03-02 11:49:59] INFO creating new model and fitting (mics_lmc) | RSS=33362MB GPU_alloc=17MB GPU_reserved=42MB
[2026-03-02 11:49:59] INFO building model kwargs | RSS=33362MB GPU_alloc=17MB GPU_reserved=42MB
[2026-03-02 11:49:59] INFO model kwargs built in 0.00s | RSS=33362MB GPU_alloc=17MB GPU_reserved=42MB
[2026-03-02 11:49:59] INFO MiCS+LMC kwargs: {'number_of_points': 2000, 'sampling': 'coreset', 'num_epochs': 100, 'number_of_components': 4, 'num_layers': 3, 'lab_to_rgb': True, 'cluster': True, 'clusters': [4, 8, 16, 32, 64], 'num_samples': 25000, 'beta': 1.1, 'k_epoch': 20, 'temperature': 100.0, 'lr': 1.0, 'batch_size': 1024, 'warmup_epochs': 10, 'factor': 1.0, 'random_state': 42, 'verbose': False, 'cluster_loss_weight': 1.0, 'category_loss_weight': 0.0, 'pixel_sampling': 'random', 'pca_fit_step': 128, 'cluster_on_pca': True, 'cluster_pca_dims': 100} | RSS=33362MB GPU_alloc=17MB GPU_reserved=42MB
[2026-03-02 11:49:59] INFO initializing model | RSS=33362MB GPU_alloc=17MB GPU_reserved=42MB
[2026-03-02 11:49:59] INFO model init done in 0.00s | RSS=33362MB GPU_alloc=17MB GPU_reserved=42MB
[2026-03-02 11:49:59] INFO starting model.fit (train) | RSS=33362MB GPU_alloc=17MB GPU_reserved=42MB
[2026-03-02 11:49:59] INFO [fit] set_image starting: shape=(1274, 1283, 5005)
[2026-03-02 11:49:59] INFO [set_image] start: shape=(1274, 1283, 5005), roi_mask=False, category_annotations=False
[2026-03-02 11:50:02] INFO [set_image] reshape+mask done in 3.15s
[2026-03-02 11:50:05] INFO [set_image] sampling done in 3.27s (method=random, sampled=25000)
[2026-03-02 11:50:05] INFO [set_image] model init done in 0.14s (input_dim=5005, n_components=4)
[2026-03-02 11:53:11] INFO [set_image] resample done in 185.51s (points=2000)
[2026-03-02 11:53:14] INFO [set_image] category labels done in 3.15s
[2026-03-02 11:53:19] INFO [set_image] clustering init done in 4.83s (levels=5)
[2026-03-02 11:53:19] INFO [set_image] optimizer init done in 0.00s (lr=1.0, warmup=10)
[2026-03-02 11:53:19] INFO [set_image] total setup time 200.05s
[2026-03-02 11:53:19] INFO [fit] set_image done in 200.05s
[2026-03-02 11:53:19] INFO [fit] training loop starting: epochs=100
[2026-03-02 11:54:28] INFO [fit] training loop finished in 69.16s
[2026-03-02 11:54:28] INFO model.fit completed in 269.21s | RSS=33842MB GPU_alloc=796MB GPU_reserved=1618MB
[2026-03-02 11:54:28] INFO running predict (train) | RSS=33842MB GPU_alloc=796MB GPU_reserved=1618MB
[2026-03-02 11:54:43] INFO compute_initial_viz DONE | RSS=33864MB GPU_alloc=796MB GPU_reserved=3012MB
[2026-03-02 12:25:59] INFO reload_viz using full image (no ROI) | RSS=65071MB GPU_alloc=796MB GPU_reserved=3012MB
[2026-03-02 12:25:59] INFO compute_initial_viz START | RSS=65071MB GPU_alloc=796MB GPU_reserved=3012MB
[2026-03-02 12:25:59] INFO releasing previous model type=MSIParametricMiCSLMC | RSS=65071MB GPU_alloc=796MB GPU_reserved=3012MB
[2026-03-02 12:26:00] INFO config loaded | RSS=33362MB GPU_alloc=17MB GPU_reserved=42MB
[2026-03-02 12:26:00] INFO model_type resolved to 'mics_lmc' | RSS=33362MB GPU_alloc=17MB GPU_reserved=42MB
[2026-03-02 12:26:00] INFO reusing cached image (path unchanged): E:\MSImaging-data\_msi_visual\Extractions\NRL4558_5um\5bins\2\0.npy | RSS=33362MB GPU_alloc=17MB GPU_reserved=42MB
[2026-03-02 12:26:00] INFO creating new model and fitting (mics_lmc) | RSS=33362MB GPU_alloc=17MB GPU_reserved=42MB
[2026-03-02 12:26:00] INFO building model kwargs | RSS=33362MB GPU_alloc=17MB GPU_reserved=42MB
[2026-03-02 12:26:00] INFO model kwargs built in 0.00s | RSS=33362MB GPU_alloc=17MB GPU_reserved=42MB
[2026-03-02 12:26:00] INFO MiCS+LMC kwargs: {'number_of_points': 2000, 'sampling': 'coreset', 'num_epochs': 100, 'number_of_components': 3, 'num_layers': 3, 'lab_to_rgb': True, 'cluster': True, 'clusters': [4, 8, 16], 'num_samples': 25000, 'beta': 1.1, 'k_epoch': 20, 'temperature': 100.0, 'lr': 1.0, 'batch_size': 1024, 'warmup_epochs': 10, 'factor': 1.0, 'random_state': 42, 'verbose': False, 'cluster_loss_weight': 1.0, 'category_loss_weight': 0.0, 'pixel_sampling': 'random', 'pca_fit_step': 512, 'cluster_on_pca': True, 'cluster_pca_dims': 100} | RSS=33362MB GPU_alloc=17MB GPU_reserved=42MB
[2026-03-02 12:26:00] INFO initializing model | RSS=33362MB GPU_alloc=17MB GPU_reserved=42MB
[2026-03-02 12:26:00] INFO model init done in 0.00s | RSS=33362MB GPU_alloc=17MB GPU_reserved=42MB
[2026-03-02 12:26:00] INFO starting model.fit (train) | RSS=33362MB GPU_alloc=17MB GPU_reserved=42MB
[2026-03-02 12:26:00] INFO [fit] set_image starting: shape=(1274, 1283, 5005)
[2026-03-02 12:26:00] INFO [set_image] start: shape=(1274, 1283, 5005), roi_mask=False, category_annotations=False
[2026-03-02 12:26:03] INFO [set_image] reshape+mask done in 2.58s
[2026-03-02 12:26:05] INFO [set_image] sampling done in 2.65s (method=random, sampled=25000)
[2026-03-02 12:26:06] INFO [set_image] model init done in 0.13s (input_dim=5005, n_components=3)
[2026-03-02 12:28:50] INFO [set_image] resample done in 164.12s (points=2000)
[2026-03-02 12:28:52] INFO [set_image] category labels done in 2.71s
[2026-03-02 12:28:55] INFO [set_image] clustering init done in 2.44s (levels=3)
[2026-03-02 12:28:55] INFO [set_image] optimizer init done in 0.00s (lr=1.0, warmup=10)
[2026-03-02 12:28:55] INFO [set_image] total setup time 174.64s
[2026-03-02 12:28:55] INFO [fit] set_image done in 174.65s
[2026-03-02 12:28:55] INFO [fit] training loop starting: epochs=100
[2026-03-02 12:29:57] INFO [fit] training loop finished in 62.47s
[2026-03-02 12:29:57] INFO model.fit completed in 237.12s | RSS=33842MB GPU_alloc=796MB GPU_reserved=1618MB
[2026-03-02 12:29:57] INFO running predict (train) | RSS=33842MB GPU_alloc=796MB GPU_reserved=1618MB
[2026-03-02 12:30:11] INFO compute_initial_viz DONE | RSS=33865MB GPU_alloc=796MB GPU_reserved=3012MB
[2026-03-02 12:32:14] INFO reload_viz using full image (no ROI) | RSS=65073MB GPU_alloc=796MB GPU_reserved=3012MB
[2026-03-02 12:32:14] INFO compute_initial_viz START | RSS=65073MB GPU_alloc=796MB GPU_reserved=3012MB
[2026-03-02 12:32:14] INFO releasing previous model type=MSIParametricMiCSLMC | RSS=65073MB GPU_alloc=796MB GPU_reserved=3012MB
[2026-03-02 12:32:16] INFO config loaded | RSS=33362MB GPU_alloc=17MB GPU_reserved=42MB
[2026-03-02 12:32:16] INFO model_type resolved to 'mics_lmc' | RSS=33362MB GPU_alloc=17MB GPU_reserved=42MB
[2026-03-02 12:32:16] INFO reusing cached image (path unchanged): E:\MSImaging-data\_msi_visual\Extractions\NRL4558_5um\5bins\2\0.npy | RSS=33362MB GPU_alloc=17MB GPU_reserved=42MB
[2026-03-02 12:32:16] INFO creating new model and fitting (mics_lmc) | RSS=33362MB GPU_alloc=17MB GPU_reserved=42MB
[2026-03-02 12:32:16] INFO building model kwargs | RSS=33362MB GPU_alloc=17MB GPU_reserved=42MB
[2026-03-02 12:32:16] INFO model kwargs built in 0.00s | RSS=33362MB GPU_alloc=17MB GPU_reserved=42MB
[2026-03-02 12:32:16] INFO MiCS+LMC kwargs: {'number_of_points': 2000, 'sampling': 'coreset', 'num_epochs': 100, 'number_of_components': 3, 'num_layers': 3, 'lab_to_rgb': True, 'cluster': True, 'clusters': [2, 4, 8, 16, 512], 'num_samples': 25000, 'beta': 1.1, 'k_epoch': 20, 'temperature': 100.0, 'lr': 1.0, 'batch_size': 1024, 'warmup_epochs': 10, 'factor': 1.0, 'random_state': 42, 'verbose': False, 'cluster_loss_weight': 1.0, 'category_loss_weight': 0.0, 'pixel_sampling': 'random', 'pca_fit_step': 512, 'cluster_on_pca': True, 'cluster_pca_dims': 100} | RSS=33362MB GPU_alloc=17MB GPU_reserved=42MB
[2026-03-02 12:32:16] INFO initializing model | RSS=33362MB GPU_alloc=17MB GPU_reserved=42MB
[2026-03-02 12:32:16] INFO model init done in 0.00s | RSS=33362MB GPU_alloc=17MB GPU_reserved=42MB
[2026-03-02 12:32:16] INFO starting model.fit (train) | RSS=33362MB GPU_alloc=17MB GPU_reserved=42MB
[2026-03-02 12:32:16] INFO [fit] set_image starting: shape=(1274, 1283, 5005)
[2026-03-02 12:32:16] INFO [set_image] start: shape=(1274, 1283, 5005), roi_mask=False, category_annotations=False
[2026-03-02 12:32:19] INFO [set_image] reshape+mask done in 2.97s
[2026-03-02 12:32:22] INFO [set_image] sampling done in 3.09s (method=random, sampled=25000)
[2026-03-02 12:32:22] INFO [set_image] model init done in 0.15s (input_dim=5005, n_components=3)
[2026-03-02 12:35:27] INFO [set_image] resample done in 185.40s (points=2000)
[2026-03-02 12:35:31] INFO [set_image] category labels done in 4.16s
[2026-03-02 12:35:44] INFO [set_image] clustering init done in 12.95s (levels=5)
[2026-03-02 12:35:44] INFO [set_image] optimizer init done in 0.00s (lr=1.0, warmup=10)
[2026-03-02 12:35:44] INFO [set_image] total setup time 208.73s
[2026-03-02 12:35:44] INFO [fit] set_image done in 208.73s
[2026-03-02 12:35:44] INFO [fit] training loop starting: epochs=100
[2026-03-02 12:36:54] INFO [fit] training loop finished in 69.85s
[2026-03-02 12:36:54] INFO model.fit completed in 278.58s | RSS=33846MB GPU_alloc=796MB GPU_reserved=1620MB
[2026-03-02 12:36:54] INFO running predict (train) | RSS=33846MB GPU_alloc=796MB GPU_reserved=1620MB
[2026-03-02 12:37:10] INFO compute_initial_viz DONE | RSS=33869MB GPU_alloc=796MB GPU_reserved=3014MB
[2026-03-02 12:44:52] INFO reload_viz using full image (no ROI) | RSS=65077MB GPU_alloc=796MB GPU_reserved=3014MB
[2026-03-02 12:44:52] INFO compute_initial_viz START | RSS=65077MB GPU_alloc=796MB GPU_reserved=3014MB
[2026-03-02 12:44:52] INFO releasing previous model type=MSIParametricMiCSLMC | RSS=65077MB GPU_alloc=796MB GPU_reserved=3014MB
[2026-03-02 12:44:54] INFO config loaded | RSS=33367MB GPU_alloc=17MB GPU_reserved=42MB
[2026-03-02 12:44:54] INFO model_type resolved to 'mics_lmc' | RSS=33367MB GPU_alloc=17MB GPU_reserved=42MB
[2026-03-02 12:44:54] INFO reusing cached image (path unchanged): E:\MSImaging-data\_msi_visual\Extractions\NRL4558_5um\5bins\2\0.npy | RSS=33367MB GPU_alloc=17MB GPU_reserved=42MB
[2026-03-02 12:44:54] INFO creating new model and fitting (mics_lmc) | RSS=33367MB GPU_alloc=17MB GPU_reserved=42MB
[2026-03-02 12:44:54] INFO building model kwargs | RSS=33367MB GPU_alloc=17MB GPU_reserved=42MB
[2026-03-02 12:44:54] INFO model kwargs built in 0.00s | RSS=33367MB GPU_alloc=17MB GPU_reserved=42MB
[2026-03-02 12:44:54] INFO MiCS+LMC kwargs: {'number_of_points': 2000, 'sampling': 'coreset', 'num_epochs': 100, 'number_of_components': 3, 'num_layers': 3, 'lab_to_rgb': True, 'cluster': True, 'clusters': [2, 4, 8, 16, 1024], 'num_samples': 25000, 'beta': 1.1, 'k_epoch': 20, 'temperature': 100.0, 'lr': 1.0, 'batch_size': 1024, 'warmup_epochs': 10, 'factor': 1.0, 'random_state': 42, 'verbose': False, 'cluster_loss_weight': 1.0, 'category_loss_weight': 0.0, 'pixel_sampling': 'random', 'pca_fit_step': 512, 'cluster_on_pca': True, 'cluster_pca_dims': 100} | RSS=33367MB GPU_alloc=17MB GPU_reserved=42MB
[2026-03-02 12:44:54] INFO initializing model | RSS=33367MB GPU_alloc=17MB GPU_reserved=42MB
[2026-03-02 12:44:54] INFO model init done in 0.00s | RSS=33367MB GPU_alloc=17MB GPU_reserved=42MB
[2026-03-02 12:44:54] INFO starting model.fit (train) | RSS=33367MB GPU_alloc=17MB GPU_reserved=42MB
[2026-03-02 12:44:54] INFO [fit] set_image starting: shape=(1274, 1283, 5005)
[2026-03-02 12:44:54] INFO [set_image] start: shape=(1274, 1283, 5005), roi_mask=False, category_annotations=False
[2026-03-02 12:44:57] INFO [set_image] reshape+mask done in 2.53s
[2026-03-02 12:44:59] INFO [set_image] sampling done in 2.69s (method=random, sampled=25000)
[2026-03-02 12:45:00] INFO [set_image] model init done in 0.15s (input_dim=5005, n_components=3)
[2026-03-02 12:47:47] INFO [set_image] resample done in 167.95s (points=2000)
[2026-03-02 12:47:51] INFO [set_image] category labels done in 3.90s
[2026-03-02 12:48:14] INFO [set_image] clustering init done in 22.96s (levels=5)
[2026-03-02 12:48:14] INFO [set_image] optimizer init done in 0.00s (lr=1.0, warmup=10)
[2026-03-02 12:48:14] INFO [set_image] total setup time 200.19s
[2026-03-02 12:48:14] INFO [fit] set_image done in 200.20s
[2026-03-02 12:48:14] INFO [fit] training loop starting: epochs=100
[2026-03-02 12:49:22] INFO [fit] training loop finished in 67.50s
[2026-03-02 12:49:22] INFO model.fit completed in 267.70s | RSS=33849MB GPU_alloc=796MB GPU_reserved=1618MB
[2026-03-02 12:49:22] INFO running predict (train) | RSS=33849MB GPU_alloc=796MB GPU_reserved=1618MB
[2026-03-02 12:49:36] INFO compute_initial_viz DONE | RSS=33871MB GPU_alloc=796MB GPU_reserved=3012MB
[2026-03-02 12:50:51] INFO reload_viz using full image (no ROI) | RSS=65079MB GPU_alloc=796MB GPU_reserved=3012MB
[2026-03-02 12:50:51] INFO compute_initial_viz START | RSS=65079MB GPU_alloc=796MB GPU_reserved=3012MB
[2026-03-02 12:50:51] INFO releasing previous model type=MSIParametricMiCSLMC | RSS=65079MB GPU_alloc=796MB GPU_reserved=3012MB
[2026-03-02 12:50:53] INFO config loaded | RSS=33368MB GPU_alloc=17MB GPU_reserved=42MB
[2026-03-02 12:50:53] INFO model_type resolved to 'mics_lmc' | RSS=33368MB GPU_alloc=17MB GPU_reserved=42MB
[2026-03-02 12:50:53] INFO reusing cached image (path unchanged): E:\MSImaging-data\_msi_visual\Extractions\NRL4558_5um\5bins\2\0.npy | RSS=33368MB GPU_alloc=17MB GPU_reserved=42MB
[2026-03-02 12:50:53] INFO creating new model and fitting (mics_lmc) | RSS=33368MB GPU_alloc=17MB GPU_reserved=42MB
[2026-03-02 12:50:53] INFO building model kwargs | RSS=33368MB GPU_alloc=17MB GPU_reserved=42MB
[2026-03-02 12:50:53] INFO model kwargs built in 0.00s | RSS=33368MB GPU_alloc=17MB GPU_reserved=42MB
[2026-03-02 12:50:53] INFO MiCS+LMC kwargs: {'number_of_points': 2000, 'sampling': 'coreset', 'num_epochs': 100, 'number_of_components': 3, 'num_layers': 3, 'lab_to_rgb': True, 'cluster': True, 'clusters': [2, 4, 8, 16, 512, 1024], 'num_samples': 25000, 'beta': 1.1, 'k_epoch': 20, 'temperature': 100.0, 'lr': 1.0, 'batch_size': 1024, 'warmup_epochs': 10, 'factor': 1.0, 'random_state': 42, 'verbose': False, 'cluster_loss_weight': 1.0, 'category_loss_weight': 0.0, 'pixel_sampling': 'random', 'pca_fit_step': 512, 'cluster_on_pca': True, 'cluster_pca_dims': 100} | RSS=33368MB GPU_alloc=17MB GPU_reserved=42MB
[2026-03-02 12:50:53] INFO initializing model | RSS=33368MB GPU_alloc=17MB GPU_reserved=42MB
[2026-03-02 12:50:53] INFO model init done in 0.00s | RSS=33368MB GPU_alloc=17MB GPU_reserved=42MB
[2026-03-02 12:50:53] INFO starting model.fit (train) | RSS=33368MB GPU_alloc=17MB GPU_reserved=42MB
[2026-03-02 12:50:53] INFO [fit] set_image starting: shape=(1274, 1283, 5005)
[2026-03-02 12:50:53] INFO [set_image] start: shape=(1274, 1283, 5005), roi_mask=False, category_annotations=False
[2026-03-02 12:50:56] INFO [set_image] reshape+mask done in 2.93s
[2026-03-02 12:50:59] INFO [set_image] sampling done in 3.00s (method=random, sampled=25000)
[2026-03-02 12:50:59] INFO [set_image] model init done in 0.15s (input_dim=5005, n_components=3)
[2026-03-02 12:54:14] INFO [set_image] resample done in 195.12s (points=2000)
[2026-03-02 12:54:18] INFO [set_image] category labels done in 4.31s
[2026-03-02 12:54:52] INFO [set_image] clustering init done in 33.80s (levels=6)
[2026-03-02 12:54:52] INFO [set_image] optimizer init done in 0.00s (lr=1.0, warmup=10)
[2026-03-02 12:54:52] INFO [set_image] total setup time 239.31s
[2026-03-02 12:54:52] INFO [fit] set_image done in 239.31s
[2026-03-02 12:54:52] INFO [fit] training loop starting: epochs=100
[2026-03-02 12:56:04] INFO [fit] training loop finished in 71.65s
[2026-03-02 12:56:04] INFO model.fit completed in 310.95s | RSS=33849MB GPU_alloc=796MB GPU_reserved=1620MB
[2026-03-02 12:56:04] INFO running predict (train) | RSS=33849MB GPU_alloc=796MB GPU_reserved=1620MB
[2026-03-02 12:56:19] INFO compute_initial_viz DONE | RSS=33873MB GPU_alloc=796MB GPU_reserved=3014MB
[2026-03-02 13:02:00] INFO reload_viz using full image (no ROI) | RSS=65080MB GPU_alloc=796MB GPU_reserved=3014MB
[2026-03-02 13:02:00] INFO compute_initial_viz START | RSS=65080MB GPU_alloc=796MB GPU_reserved=3014MB
[2026-03-02 13:02:00] INFO releasing previous model type=MSIParametricMiCSLMC | RSS=65080MB GPU_alloc=796MB GPU_reserved=3014MB
[2026-03-02 13:02:02] INFO config loaded | RSS=33370MB GPU_alloc=17MB GPU_reserved=42MB
[2026-03-02 13:02:02] INFO model_type resolved to 'mics_lmc' | RSS=33370MB GPU_alloc=17MB GPU_reserved=42MB
[2026-03-02 13:02:02] INFO reusing cached image (path unchanged): E:\MSImaging-data\_msi_visual\Extractions\NRL4558_5um\5bins\2\0.npy | RSS=33370MB GPU_alloc=17MB GPU_reserved=42MB
[2026-03-02 13:02:02] INFO creating new model and fitting (mics_lmc) | RSS=33370MB GPU_alloc=17MB GPU_reserved=42MB
[2026-03-02 13:02:02] INFO building model kwargs | RSS=33370MB GPU_alloc=17MB GPU_reserved=42MB
[2026-03-02 13:02:02] INFO model kwargs built in 0.00s | RSS=33370MB GPU_alloc=17MB GPU_reserved=42MB
[2026-03-02 13:02:02] INFO MiCS+LMC kwargs: {'number_of_points': 2000, 'sampling': 'coreset', 'num_epochs': 100, 'number_of_components': 3, 'num_layers': 3, 'lab_to_rgb': True, 'cluster': True, 'clusters': [2, 4, 8, 16, 2048], 'num_samples': 25000, 'beta': 1.1, 'k_epoch': 20, 'temperature': 100.0, 'lr': 1.0, 'batch_size': 1024, 'warmup_epochs': 10, 'factor': 1.0, 'random_state': 42, 'verbose': False, 'cluster_loss_weight': 1.0, 'category_loss_weight': 0.0, 'pixel_sampling': 'random', 'pca_fit_step': 512, 'cluster_on_pca': True, 'cluster_pca_dims': 100} | RSS=33370MB GPU_alloc=17MB GPU_reserved=42MB
[2026-03-02 13:02:02] INFO initializing model | RSS=33370MB GPU_alloc=17MB GPU_reserved=42MB
[2026-03-02 13:02:02] INFO model init done in 0.00s | RSS=33370MB GPU_alloc=17MB GPU_reserved=42MB
[2026-03-02 13:02:02] INFO starting model.fit (train) | RSS=33370MB GPU_alloc=17MB GPU_reserved=42MB
[2026-03-02 13:02:02] INFO [fit] set_image starting: shape=(1274, 1283, 5005)
[2026-03-02 13:02:02] INFO [set_image] start: shape=(1274, 1283, 5005), roi_mask=False, category_annotations=False
[2026-03-02 13:02:05] INFO [set_image] reshape+mask done in 2.92s
[2026-03-02 13:02:08] INFO [set_image] sampling done in 3.03s (method=random, sampled=25000)
[2026-03-02 13:02:08] INFO [set_image] model init done in 0.15s (input_dim=5005, n_components=3)
[2026-03-02 13:05:21] INFO [set_image] resample done in 193.08s (points=2000)
[2026-03-02 13:05:25] INFO [set_image] category labels done in 3.89s
[2026-03-02 13:06:09] INFO [set_image] clustering init done in 43.62s (levels=5)
[2026-03-02 13:06:09] INFO [set_image] optimizer init done in 0.00s (lr=1.0, warmup=10)
[2026-03-02 13:06:09] INFO [set_image] total setup time 246.69s
[2026-03-02 13:06:09] INFO [fit] set_image done in 246.69s
[2026-03-02 13:06:09] INFO [fit] training loop starting: epochs=100
[2026-03-02 13:07:17] INFO [fit] training loop finished in 68.79s
[2026-03-02 13:07:17] INFO model.fit completed in 315.48s | RSS=33855MB GPU_alloc=797MB GPU_reserved=1622MB
[2026-03-02 13:07:17] INFO running predict (train) | RSS=33855MB GPU_alloc=797MB GPU_reserved=1622MB
[2026-03-02 13:07:33] INFO compute_initial_viz DONE | RSS=33878MB GPU_alloc=797MB GPU_reserved=3016MB
[2026-03-03 10:40:13] INFO reload_viz using full image (no ROI) | RSS=31865MB GPU_alloc=0MB GPU_reserved=0MB
[2026-03-03 10:40:24] WARNING From C:\Users\PahnkeLab\miniconda3\envs\maldi\Lib\site-packages\keras\src\losses.py:2976: The name tf.losses.sparse_softmax_cross_entropy is deprecated. Please use tf.compat.v1.losses.sparse_softmax_cross_entropy instead.

[2026-03-03 10:40:24] INFO compute_initial_viz START | RSS=32134MB GPU_alloc=0MB GPU_reserved=0MB
[2026-03-03 10:40:24] INFO config loaded | RSS=32134MB GPU_alloc=0MB GPU_reserved=0MB
[2026-03-03 10:40:24] INFO model_type resolved to 'mics_lmc' | RSS=32134MB GPU_alloc=0MB GPU_reserved=0MB
[2026-03-03 10:40:24] INFO reusing cached image (path unchanged): E:\MSImaging-data\_msi_visual\Extractions\NRL4558_5um\5bins\2\0.npy | RSS=32134MB GPU_alloc=0MB GPU_reserved=0MB
[2026-03-03 10:40:24] INFO creating new model and fitting (mics_lmc) | RSS=32134MB GPU_alloc=0MB GPU_reserved=0MB
[2026-03-03 10:40:24] INFO building model kwargs | RSS=32134MB GPU_alloc=0MB GPU_reserved=0MB
[2026-03-03 10:40:24] INFO model kwargs built in 0.00s | RSS=32134MB GPU_alloc=0MB GPU_reserved=0MB
[2026-03-03 10:40:24] INFO MiCS+LMC kwargs: {'number_of_points': 2000, 'sampling': 'coreset', 'num_epochs': 100, 'number_of_components': 3, 'num_layers': 3, 'lab_to_rgb': True, 'cluster': True, 'clusters': [2, 4, 8, 16, 2048], 'num_samples': 25000, 'beta': 1.1, 'k_epoch': 20, 'temperature': 100.0, 'lr': 1.0, 'batch_size': 1024, 'warmup_epochs': 10, 'factor': 1.0, 'random_state': 42, 'verbose': False, 'cluster_loss_weight': 1.0, 'category_loss_weight': 0.0, 'pixel_sampling': 'random', 'pca_fit_step': 512, 'cluster_on_pca': True, 'cluster_pca_dims': 100} | RSS=32134MB GPU_alloc=0MB GPU_reserved=0MB
[2026-03-03 10:40:24] INFO initializing model | RSS=32134MB GPU_alloc=0MB GPU_reserved=0MB
[2026-03-03 10:40:24] INFO model init done in 0.00s | RSS=32134MB GPU_alloc=0MB GPU_reserved=0MB
[2026-03-03 10:40:24] INFO starting model.fit (train) | RSS=32134MB GPU_alloc=0MB GPU_reserved=0MB
[2026-03-03 10:40:24] INFO [fit] set_image starting: shape=(1274, 1283, 5005)
[2026-03-03 10:40:24] INFO [set_image] start: shape=(1274, 1283, 5005), roi_mask=False, category_annotations=False
[2026-03-03 10:40:28] INFO [set_image] reshape+mask done in 3.16s
[2026-03-03 10:40:31] INFO [set_image] sampling done in 3.24s (method=random, sampled=25000)
[2026-03-03 10:40:31] INFO [set_image] model init done in 0.23s (input_dim=5005, n_components=3)
[2026-03-03 10:43:58] INFO [set_image] resample done in 207.01s (points=2000)
[2026-03-03 10:44:03] INFO [set_image] category labels done in 4.85s
[2026-03-03 10:44:48] INFO [set_image] clustering init done in 45.38s (levels=5)
[2026-03-03 10:44:50] INFO [set_image] optimizer init done in 2.02s (lr=1.0, warmup=10)
[2026-03-03 10:44:50] INFO [set_image] total setup time 265.89s
[2026-03-03 10:44:50] INFO [fit] set_image done in 265.89s
[2026-03-03 10:44:50] INFO [fit] training loop starting: epochs=100
[2026-03-03 10:46:05] INFO [fit] training loop finished in 74.13s
[2026-03-03 10:46:05] INFO model.fit completed in 340.02s | RSS=33555MB GPU_alloc=797MB GPU_reserved=1618MB
[2026-03-03 10:46:05] INFO running predict (train) | RSS=33555MB GPU_alloc=797MB GPU_reserved=1618MB
[2026-03-03 10:46:20] INFO compute_initial_viz DONE | RSS=33605MB GPU_alloc=797MB GPU_reserved=3012MB
[2026-03-03 11:06:27] INFO reload_viz using full image (no ROI) | RSS=31865MB GPU_alloc=0MB GPU_reserved=0MB
[2026-03-03 11:06:38] WARNING From C:\Users\PahnkeLab\miniconda3\envs\maldi\Lib\site-packages\keras\src\losses.py:2976: The name tf.losses.sparse_softmax_cross_entropy is deprecated. Please use tf.compat.v1.losses.sparse_softmax_cross_entropy instead.

[2026-03-03 11:06:38] INFO compute_initial_viz START | RSS=32134MB GPU_alloc=0MB GPU_reserved=0MB
[2026-03-03 11:06:38] INFO config loaded | RSS=32134MB GPU_alloc=0MB GPU_reserved=0MB
[2026-03-03 11:06:38] INFO model_type resolved to 'mics_lmc' | RSS=32134MB GPU_alloc=0MB GPU_reserved=0MB
[2026-03-03 11:06:38] INFO reusing cached image (path unchanged): E:\MSImaging-data\_msi_visual\Extractions\NRL4558_5um\5bins\2\0.npy | RSS=32134MB GPU_alloc=0MB GPU_reserved=0MB
[2026-03-03 11:06:38] INFO creating new model and fitting (mics_lmc) | RSS=32134MB GPU_alloc=0MB GPU_reserved=0MB
[2026-03-03 11:06:38] INFO building model kwargs | RSS=32134MB GPU_alloc=0MB GPU_reserved=0MB
[2026-03-03 11:06:38] INFO model kwargs built in 0.00s | RSS=32134MB GPU_alloc=0MB GPU_reserved=0MB
[2026-03-03 11:06:38] INFO MiCS+LMC kwargs: {'number_of_points': 2000, 'sampling': 'coreset', 'num_epochs': 100, 'number_of_components': 3, 'num_layers': 3, 'lab_to_rgb': True, 'cluster': True, 'clusters': [2, 4, 8, 16, 2048], 'num_samples': 25000, 'beta': 1.1, 'k_epoch': 20, 'temperature': 100.0, 'lr': 1.0, 'batch_size': 1024, 'warmup_epochs': 10, 'factor': 1.0, 'random_state': 42, 'verbose': False, 'cluster_loss_weight': 1.0, 'category_loss_weight': 0.0, 'pixel_sampling': 'random', 'pca_fit_step': 512, 'cluster_on_pca': True, 'cluster_pca_dims': 100} | RSS=32134MB GPU_alloc=0MB GPU_reserved=0MB
[2026-03-03 11:06:38] INFO initializing model | RSS=32134MB GPU_alloc=0MB GPU_reserved=0MB
[2026-03-03 11:06:38] INFO model init done in 0.00s | RSS=32134MB GPU_alloc=0MB GPU_reserved=0MB
[2026-03-03 11:06:38] INFO starting model.fit (train) | RSS=32134MB GPU_alloc=0MB GPU_reserved=0MB
[2026-03-03 11:06:38] INFO [fit] set_image starting: shape=(1274, 1283, 5005)
[2026-03-03 11:06:38] INFO [set_image] start: shape=(1274, 1283, 5005), roi_mask=False, category_annotations=False
[2026-03-03 11:06:41] INFO [set_image] reshape+mask done in 3.24s
[2026-03-03 11:06:45] INFO [set_image] sampling done in 3.39s (method=random, sampled=25000)
[2026-03-03 11:06:45] INFO [set_image] model init done in 0.22s (input_dim=5005, n_components=3)
[2026-03-03 11:10:11] INFO [set_image] resample done in 206.18s (points=2000)
[2026-03-03 11:10:16] INFO [set_image] category labels done in 4.68s
[2026-03-03 11:10:52] INFO [set_image] clustering init done in 36.39s (levels=5)
[2026-03-03 11:10:54] INFO [set_image] optimizer init done in 1.65s (lr=1.0, warmup=10)
[2026-03-03 11:10:54] INFO [set_image] total setup time 255.74s
[2026-03-03 11:10:54] INFO [fit] set_image done in 255.74s
[2026-03-03 11:10:54] INFO [fit] training loop starting: epochs=100
[2026-03-03 11:12:09] INFO [fit] training loop finished in 75.13s
[2026-03-03 11:12:09] INFO model.fit completed in 330.87s | RSS=33557MB GPU_alloc=797MB GPU_reserved=1618MB
[2026-03-03 11:12:09] INFO running predict (train) | RSS=33557MB GPU_alloc=797MB GPU_reserved=1618MB
[2026-03-03 11:12:25] INFO compute_initial_viz DONE | RSS=33607MB GPU_alloc=797MB GPU_reserved=3012MB
[2026-03-04 09:16:49] INFO reload_viz using full image (no ROI) | RSS=31867MB GPU_alloc=0MB GPU_reserved=0MB
[2026-03-04 09:16:59] WARNING From C:\Users\PahnkeLab\miniconda3\envs\maldi\Lib\site-packages\keras\src\losses.py:2976: The name tf.losses.sparse_softmax_cross_entropy is deprecated. Please use tf.compat.v1.losses.sparse_softmax_cross_entropy instead.

[2026-03-04 09:16:59] INFO compute_initial_viz START | RSS=32136MB GPU_alloc=0MB GPU_reserved=0MB
[2026-03-04 09:16:59] INFO config loaded | RSS=32136MB GPU_alloc=0MB GPU_reserved=0MB
[2026-03-04 09:17:00] INFO model_type resolved to 'mics_lmc' | RSS=32136MB GPU_alloc=0MB GPU_reserved=0MB
[2026-03-04 09:17:00] INFO reusing cached image (path unchanged): E:\MSImaging-data\_msi_visual\Extractions\NRL4558_5um\5bins\2\0.npy | RSS=32136MB GPU_alloc=0MB GPU_reserved=0MB
[2026-03-04 09:17:00] INFO creating new model and fitting (mics_lmc) | RSS=32136MB GPU_alloc=0MB GPU_reserved=0MB
[2026-03-04 09:17:00] INFO building model kwargs | RSS=32136MB GPU_alloc=0MB GPU_reserved=0MB
[2026-03-04 09:17:00] INFO model kwargs built in 0.00s | RSS=32136MB GPU_alloc=0MB GPU_reserved=0MB
[2026-03-04 09:17:00] INFO MiCS+LMC kwargs: {'number_of_points': 1000, 'sampling': 'coreset', 'num_epochs': 100, 'number_of_components': 3, 'num_layers': 3, 'lab_to_rgb': True, 'cluster': True, 'clusters': [32, 64, 128, 256, 1024], 'num_samples': 50000, 'beta': 1.0, 'k_epoch': 20, 'temperature': 100.0, 'lr': 1.0, 'batch_size': 1024, 'warmup_epochs': 10, 'factor': 1.0, 'random_state': 42, 'verbose': False, 'cluster_loss_weight': 1.0, 'category_loss_weight': 0.0, 'pixel_sampling': 'superpixel', 'pca_fit_step': 16, 'cluster_on_pca': True, 'cluster_pca_dims': 100} | RSS=32136MB GPU_alloc=0MB GPU_reserved=0MB
[2026-03-04 09:17:00] INFO initializing model | RSS=32136MB GPU_alloc=0MB GPU_reserved=0MB
[2026-03-04 09:17:00] INFO model init done in 0.00s | RSS=32137MB GPU_alloc=0MB GPU_reserved=0MB
[2026-03-04 09:17:00] INFO starting model.fit (train) | RSS=32137MB GPU_alloc=0MB GPU_reserved=0MB
[2026-03-04 09:17:00] INFO [fit] set_image starting: shape=(1274, 1283, 5005)
[2026-03-04 09:17:00] INFO [set_image] start: shape=(1274, 1283, 5005), roi_mask=False, category_annotations=False
[2026-03-04 09:17:03] INFO [set_image] reshape+mask done in 3.10s
[2026-03-04 09:17:45] INFO [set_image] sampling done in 41.93s (method=superpixel, sampled=25485)
[2026-03-04 09:17:45] INFO [set_image] model init done in 0.21s (input_dim=5005, n_components=3)
[2026-03-04 09:19:08] INFO [set_image] resample done in 83.29s (points=1000)
[2026-03-04 09:19:12] INFO [set_image] category labels done in 3.86s
[2026-03-04 09:19:44] INFO [set_image] clustering init done in 32.53s (levels=5)
[2026-03-04 09:19:46] INFO [set_image] optimizer init done in 1.52s (lr=1.0, warmup=10)
[2026-03-04 09:19:46] INFO [set_image] total setup time 166.44s
[2026-03-04 09:19:46] INFO [fit] set_image done in 166.44s
[2026-03-04 09:19:46] INFO [fit] training loop starting: epochs=100
[2026-03-04 09:20:49] INFO [fit] training loop finished in 62.94s
[2026-03-04 09:20:49] INFO model.fit completed in 229.38s | RSS=34276MB GPU_alloc=591MB GPU_reserved=1172MB
[2026-03-04 09:20:49] INFO running predict (train) | RSS=34276MB GPU_alloc=591MB GPU_reserved=1172MB
[2026-03-04 09:21:04] INFO compute_initial_viz DONE | RSS=34325MB GPU_alloc=591MB GPU_reserved=2566MB
[2026-03-04 14:45:52] INFO reload_viz using full image (no ROI) | RSS=56279MB GPU_alloc=0MB GPU_reserved=0MB
[2026-03-04 14:46:03] WARNING From C:\Users\PahnkeLab\miniconda3\envs\maldi\Lib\site-packages\keras\src\losses.py:2976: The name tf.losses.sparse_softmax_cross_entropy is deprecated. Please use tf.compat.v1.losses.sparse_softmax_cross_entropy instead.

[2026-03-04 14:46:03] INFO compute_initial_viz START | RSS=56549MB GPU_alloc=0MB GPU_reserved=0MB
[2026-03-04 14:46:03] INFO compute_initial_viz START | RSS=56549MB GPU_alloc=0MB GPU_reserved=0MB
[2026-03-04 14:46:03] INFO config loaded | RSS=56549MB GPU_alloc=0MB GPU_reserved=0MB
[2026-03-04 14:46:03] INFO config loaded | RSS=56549MB GPU_alloc=0MB GPU_reserved=0MB
[2026-03-04 14:46:03] INFO model_type resolved to 'mics_lmc' | RSS=56549MB GPU_alloc=0MB GPU_reserved=0MB
[2026-03-04 14:46:03] INFO model_type resolved to 'mics_lmc' | RSS=56549MB GPU_alloc=0MB GPU_reserved=0MB
[2026-03-04 14:46:03] INFO reusing cached image (path unchanged): E:\MSImaging-data\_msi_visual\Extractions\NRL4558_5um\10bins\1\0.npy | RSS=56549MB GPU_alloc=0MB GPU_reserved=0MB
[2026-03-04 14:46:03] INFO creating new model and fitting (mics_lmc) | RSS=56549MB GPU_alloc=0MB GPU_reserved=0MB
[2026-03-04 14:46:03] INFO building model kwargs | RSS=56549MB GPU_alloc=0MB GPU_reserved=0MB
[2026-03-04 14:46:03] INFO model kwargs built in 0.00s | RSS=56549MB GPU_alloc=0MB GPU_reserved=0MB
[2026-03-04 14:46:03] INFO MiCS+LMC kwargs: {'number_of_points': 1000, 'sampling': 'coreset', 'num_epochs': 100, 'number_of_components': 3, 'num_layers': 3, 'lab_to_rgb': True, 'cluster': True, 'clusters': [32, 64, 128, 256], 'num_samples': 5000, 'beta': 1.0, 'k_epoch': 20, 'temperature': 100.0, 'lr': 1.0, 'batch_size': 1024, 'warmup_epochs': 10, 'factor': 1.0, 'random_state': 42, 'verbose': False, 'cluster_loss_weight': 1.0, 'category_loss_weight': 0.0, 'pixel_sampling': 'superpixel', 'pca_fit_step': 16, 'cluster_on_pca': True, 'cluster_pca_dims': 100} | RSS=56549MB GPU_alloc=0MB GPU_reserved=0MB
[2026-03-04 14:46:03] INFO initializing model | RSS=56549MB GPU_alloc=0MB GPU_reserved=0MB
[2026-03-04 14:46:03] INFO model init done in 0.02s | RSS=56621MB GPU_alloc=0MB GPU_reserved=0MB
[2026-03-04 14:46:03] INFO starting model.fit (train) | RSS=56624MB GPU_alloc=0MB GPU_reserved=0MB
[2026-03-04 14:46:03] INFO [fit] set_image starting: shape=(1054, 1382, 10010)
[2026-03-04 14:46:03] INFO [set_image] start: shape=(1054, 1382, 10010), roi_mask=False, category_annotations=False
[2026-03-04 14:46:10] INFO [set_image] reshape+mask done in 6.85s
[2026-03-04 14:46:29] INFO image loaded shape=(1274,1283,5005) from E:\MSImaging-data\_msi_visual\Extractions\NRL4558_5um\5bins\2\0.npy | RSS=91429MB GPU_alloc=0MB GPU_reserved=0MB
[2026-03-04 14:46:29] INFO creating new model and fitting (mics_lmc) | RSS=91429MB GPU_alloc=0MB GPU_reserved=0MB
[2026-03-04 14:46:29] INFO building model kwargs | RSS=91429MB GPU_alloc=0MB GPU_reserved=0MB
[2026-03-04 14:46:29] INFO model kwargs built in 0.00s | RSS=91429MB GPU_alloc=0MB GPU_reserved=0MB
[2026-03-04 14:46:29] INFO MiCS+LMC kwargs: {'number_of_points': 1000, 'sampling': 'coreset', 'num_epochs': 100, 'number_of_components': 3, 'num_layers': 3, 'lab_to_rgb': True, 'cluster': True, 'clusters': [32, 64, 128, 256], 'num_samples': 5000, 'beta': 1.0, 'k_epoch': 20, 'temperature': 100.0, 'lr': 1.0, 'batch_size': 1024, 'warmup_epochs': 10, 'factor': 1.0, 'random_state': 42, 'verbose': False, 'cluster_loss_weight': 1.0, 'category_loss_weight': 0.0, 'pixel_sampling': 'superpixel', 'pca_fit_step': 16, 'cluster_on_pca': True, 'cluster_pca_dims': 100} | RSS=91429MB GPU_alloc=0MB GPU_reserved=0MB
[2026-03-04 14:46:29] INFO initializing model | RSS=91429MB GPU_alloc=0MB GPU_reserved=0MB
[2026-03-04 14:46:29] INFO model init done in 0.00s | RSS=91429MB GPU_alloc=0MB GPU_reserved=0MB
[2026-03-04 14:46:29] INFO starting model.fit (train) | RSS=91429MB GPU_alloc=0MB GPU_reserved=0MB
[2026-03-04 14:46:29] INFO [fit] set_image starting: shape=(1274, 1283, 5005)
[2026-03-04 14:46:29] INFO [set_image] start: shape=(1274, 1283, 5005), roi_mask=False, category_annotations=False
[2026-03-04 14:46:32] INFO [set_image] reshape+mask done in 3.48s
[2026-03-04 14:46:55] INFO [set_image] sampling done in 44.67s (method=superpixel, sampled=5456)
[2026-03-04 14:46:55] INFO [set_image] model init done in 0.35s (input_dim=10010, n_components=3)
[2026-03-04 14:47:05] INFO [set_image] sampling done in 33.29s (method=superpixel, sampled=5353)
[2026-03-04 14:47:06] INFO [set_image] model init done in 0.18s (input_dim=5005, n_components=3)
[2026-03-04 14:47:30] INFO [set_image] resample done in 24.38s (points=1000)
[2026-03-04 14:47:34] INFO [set_image] category labels done in 4.21s
[2026-03-04 14:47:37] INFO [set_image] clustering init done in 3.18s (levels=4)
[2026-03-04 14:47:40] INFO [set_image] optimizer init done in 2.40s (lr=1.0, warmup=10)
[2026-03-04 14:47:40] INFO [set_image] total setup time 71.11s
[2026-03-04 14:47:40] INFO [fit] set_image done in 71.12s
[2026-03-04 14:47:40] INFO [fit] training loop starting: epochs=100
[2026-03-04 14:47:47] INFO [set_image] resample done in 51.54s (points=1000)
[2026-03-04 14:47:53] INFO [set_image] category labels done in 6.33s
[2026-03-04 14:47:57] INFO [set_image] clustering init done in 3.85s (levels=4)
[2026-03-04 14:47:57] INFO [set_image] optimizer init done in 0.00s (lr=1.0, warmup=10)
[2026-03-04 14:47:57] INFO [set_image] total setup time 113.60s
[2026-03-04 14:47:57] INFO [fit] set_image done in 113.60s
[2026-03-04 14:47:57] INFO [fit] training loop starting: epochs=100
[2026-03-04 14:47:59] INFO [fit] training loop finished in 19.34s
[2026-03-04 14:47:59] INFO model.fit completed in 90.46s | RSS=89800MB GPU_alloc=1460MB GPU_reserved=2216MB
[2026-03-04 14:47:59] INFO running predict (train) | RSS=89800MB GPU_alloc=1476MB GPU_reserved=2216MB
[2026-03-04 14:48:15] INFO compute_initial_viz DONE | RSS=89822MB GPU_alloc=1218MB GPU_reserved=3610MB
[2026-03-04 14:48:27] INFO [fit] training loop finished in 30.47s
[2026-03-04 14:48:27] INFO model.fit completed in 144.07s | RSS=89833MB GPU_alloc=1037MB GPU_reserved=3610MB
[2026-03-04 14:48:27] INFO running predict (train) | RSS=89833MB GPU_alloc=1037MB GPU_reserved=3610MB
[2026-03-04 14:48:52] INFO compute_initial_viz DONE | RSS=89844MB GPU_alloc=1037MB GPU_reserved=4862MB
[2026-03-04 14:49:12] INFO compute_initial_viz START | RSS=89844MB GPU_alloc=1037MB GPU_reserved=4862MB
[2026-03-04 14:49:12] INFO releasing previous model type=MSIParametricMiCSLMC | RSS=89844MB GPU_alloc=1037MB GPU_reserved=4862MB
[2026-03-04 14:49:14] INFO config loaded | RSS=33918MB GPU_alloc=26MB GPU_reserved=64MB
[2026-03-04 14:49:14] INFO model_type resolved to 'mics_lmc' | RSS=33918MB GPU_alloc=26MB GPU_reserved=64MB
[2026-03-04 14:52:25] INFO image loaded shape=(1274,1283,10010) from E:\MSImaging-data\_msi_visual\Extractions\NRL4558_5um\10bins\2\0.npy | RSS=65125MB GPU_alloc=26MB GPU_reserved=64MB
[2026-03-04 14:52:25] INFO creating new model and fitting (mics_lmc) | RSS=65125MB GPU_alloc=26MB GPU_reserved=64MB
[2026-03-04 14:52:25] INFO building model kwargs | RSS=65125MB GPU_alloc=26MB GPU_reserved=64MB
[2026-03-04 14:52:25] INFO model kwargs built in 0.00s | RSS=65125MB GPU_alloc=26MB GPU_reserved=64MB
[2026-03-04 14:52:25] INFO MiCS+LMC kwargs: {'number_of_points': 1000, 'sampling': 'coreset', 'num_epochs': 100, 'number_of_components': 3, 'num_layers': 3, 'lab_to_rgb': True, 'cluster': True, 'clusters': [32, 64, 128, 256], 'num_samples': 5000, 'beta': 1.0, 'k_epoch': 20, 'temperature': 100.0, 'lr': 1.0, 'batch_size': 1024, 'warmup_epochs': 10, 'factor': 1.0, 'random_state': 42, 'verbose': False, 'cluster_loss_weight': 1.0, 'category_loss_weight': 0.0, 'pixel_sampling': 'superpixel', 'pca_fit_step': 16, 'cluster_on_pca': True, 'cluster_pca_dims': 100} | RSS=65125MB GPU_alloc=26MB GPU_reserved=64MB
[2026-03-04 14:52:25] INFO initializing model | RSS=65125MB GPU_alloc=26MB GPU_reserved=64MB
[2026-03-04 14:52:25] INFO model init done in 0.00s | RSS=65125MB GPU_alloc=26MB GPU_reserved=64MB
[2026-03-04 14:52:25] INFO starting model.fit (train) | RSS=65125MB GPU_alloc=26MB GPU_reserved=64MB
[2026-03-04 14:52:25] INFO [fit] set_image starting: shape=(1274, 1283, 10010)
[2026-03-04 14:52:25] INFO [set_image] start: shape=(1274, 1283, 10010), roi_mask=False, category_annotations=False
[2026-03-04 14:52:31] INFO [set_image] reshape+mask done in 6.07s
[2026-03-04 14:53:19] INFO [set_image] sampling done in 47.26s (method=superpixel, sampled=5445)
[2026-03-04 14:53:19] INFO [set_image] model init done in 0.21s (input_dim=10010, n_components=3)
[2026-03-04 14:54:00] INFO [set_image] resample done in 41.51s (points=1000)
[2026-03-04 14:54:07] INFO [set_image] category labels done in 6.58s
[2026-03-04 14:54:10] INFO [set_image] clustering init done in 3.09s (levels=4)
[2026-03-04 14:54:10] INFO [set_image] optimizer init done in 0.00s (lr=1.0, warmup=10)
[2026-03-04 14:54:10] INFO [set_image] total setup time 104.72s
[2026-03-04 14:54:10] INFO [fit] set_image done in 104.72s
[2026-03-04 14:54:10] INFO [fit] training loop starting: epochs=100
[2026-03-04 14:54:30] INFO [fit] training loop finished in 20.33s
[2026-03-04 14:54:30] INFO model.fit completed in 125.05s | RSS=65354MB GPU_alloc=618MB GPU_reserved=1256MB
[2026-03-04 14:54:30] INFO running predict (train) | RSS=65354MB GPU_alloc=618MB GPU_reserved=1256MB
[2026-03-04 14:54:57] INFO compute_initial_viz DONE | RSS=65378MB GPU_alloc=618MB GPU_reserved=3276MB
[2026-03-04 14:56:27] INFO reload_viz using full image (no ROI) | RSS=127793MB GPU_alloc=618MB GPU_reserved=3276MB
[2026-03-04 14:56:27] INFO compute_initial_viz START | RSS=127793MB GPU_alloc=618MB GPU_reserved=3276MB
[2026-03-04 14:56:27] INFO releasing previous model type=MSIParametricMiCSLMC | RSS=127793MB GPU_alloc=618MB GPU_reserved=3276MB
[2026-03-04 14:56:31] INFO config loaded | RSS=65142MB GPU_alloc=26MB GPU_reserved=64MB
[2026-03-04 14:56:31] INFO model_type resolved to 'mics_lmc' | RSS=65142MB GPU_alloc=26MB GPU_reserved=64MB
[2026-03-04 14:56:31] INFO reusing cached image (path unchanged): E:\MSImaging-data\_msi_visual\Extractions\NRL4558_5um\10bins\2\0.npy | RSS=65142MB GPU_alloc=26MB GPU_reserved=64MB
[2026-03-04 14:56:31] INFO creating new model and fitting (mics_lmc) | RSS=65142MB GPU_alloc=26MB GPU_reserved=64MB
[2026-03-04 14:56:31] INFO building model kwargs | RSS=65142MB GPU_alloc=26MB GPU_reserved=64MB
[2026-03-04 14:56:31] INFO model kwargs built in 0.00s | RSS=65142MB GPU_alloc=26MB GPU_reserved=64MB
[2026-03-04 14:56:31] INFO MiCS+LMC kwargs: {'number_of_points': 1000, 'sampling': 'coreset', 'num_epochs': 100, 'number_of_components': 3, 'num_layers': 3, 'lab_to_rgb': True, 'cluster': True, 'clusters': [32, 64, 128, 256, 1024], 'num_samples': 25000, 'beta': 1.0, 'k_epoch': 20, 'temperature': 100.0, 'lr': 1.0, 'batch_size': 1024, 'warmup_epochs': 10, 'factor': 1.0, 'random_state': 42, 'verbose': False, 'cluster_loss_weight': 1.0, 'category_loss_weight': 0.0, 'pixel_sampling': 'superpixel', 'pca_fit_step': 16, 'cluster_on_pca': True, 'cluster_pca_dims': 100} | RSS=65142MB GPU_alloc=26MB GPU_reserved=64MB
[2026-03-04 14:56:31] INFO initializing model | RSS=65142MB GPU_alloc=26MB GPU_reserved=64MB
[2026-03-04 14:56:31] INFO model init done in 0.00s | RSS=65142MB GPU_alloc=26MB GPU_reserved=64MB
[2026-03-04 14:56:31] INFO starting model.fit (train) | RSS=65142MB GPU_alloc=26MB GPU_reserved=64MB
[2026-03-04 14:56:31] INFO [fit] set_image starting: shape=(1274, 1283, 10010)
[2026-03-04 14:56:31] INFO [set_image] start: shape=(1274, 1283, 10010), roi_mask=False, category_annotations=False
[2026-03-04 14:56:37] INFO [set_image] reshape+mask done in 6.26s
[2026-03-04 14:57:34] INFO [set_image] sampling done in 56.58s (method=superpixel, sampled=17455)
[2026-03-04 14:57:34] INFO [set_image] model init done in 0.22s (input_dim=10010, n_components=3)
[2026-03-04 14:59:50] INFO [set_image] resample done in 136.55s (points=1000)
[2026-03-04 14:59:59] INFO [set_image] category labels done in 8.54s
[2026-03-04 15:00:23] INFO [set_image] clustering init done in 23.72s (levels=5)
[2026-03-04 15:00:23] INFO [set_image] optimizer init done in 0.00s (lr=1.0, warmup=10)
[2026-03-04 15:00:23] INFO [set_image] total setup time 231.88s
[2026-03-04 15:00:23] INFO [fit] set_image done in 231.88s
[2026-03-04 15:00:23] INFO [fit] training loop starting: epochs=100
[2026-03-04 15:01:24] INFO [fit] training loop finished in 61.52s
[2026-03-04 15:01:24] INFO model.fit completed in 293.40s | RSS=65826MB GPU_alloc=710MB GPU_reserved=1350MB
[2026-03-04 15:01:24] INFO running predict (train) | RSS=65826MB GPU_alloc=710MB GPU_reserved=1350MB
[2026-03-04 15:01:52] INFO compute_initial_viz DONE | RSS=65849MB GPU_alloc=710MB GPU_reserved=3370MB
[2026-03-04 15:05:43] INFO compute_initial_viz START | RSS=65849MB GPU_alloc=710MB GPU_reserved=3370MB
[2026-03-04 15:05:43] INFO releasing previous model type=MSIParametricMiCSLMC | RSS=65849MB GPU_alloc=710MB GPU_reserved=3370MB
[2026-03-04 15:05:44] INFO config loaded | RSS=65235MB GPU_alloc=26MB GPU_reserved=64MB
[2026-03-04 15:05:44] INFO model_type resolved to 'mics_lmc' | RSS=65235MB GPU_alloc=26MB GPU_reserved=64MB
[2026-03-04 15:12:44] INFO image loaded shape=(1274,1283,20020) from E:\MSImaging-data\_msi_visual\Extractions\NRL4558_5um\20bins\2\0.npy | RSS=126562MB GPU_alloc=26MB GPU_reserved=64MB
[2026-03-04 15:12:44] INFO creating new model and fitting (mics_lmc) | RSS=126562MB GPU_alloc=26MB GPU_reserved=64MB
[2026-03-04 15:12:44] INFO building model kwargs | RSS=126562MB GPU_alloc=26MB GPU_reserved=64MB
[2026-03-04 15:12:44] INFO model kwargs built in 0.00s | RSS=126562MB GPU_alloc=26MB GPU_reserved=64MB
[2026-03-04 15:12:44] INFO MiCS+LMC kwargs: {'number_of_points': 1000, 'sampling': 'coreset', 'num_epochs': 100, 'number_of_components': 3, 'num_layers': 3, 'lab_to_rgb': True, 'cluster': True, 'clusters': [32, 64, 128, 256, 1024], 'num_samples': 25000, 'beta': 1.0, 'k_epoch': 20, 'temperature': 100.0, 'lr': 1.0, 'batch_size': 1024, 'warmup_epochs': 10, 'factor': 1.0, 'random_state': 42, 'verbose': False, 'cluster_loss_weight': 1.0, 'category_loss_weight': 0.0, 'pixel_sampling': 'superpixel', 'pca_fit_step': 16, 'cluster_on_pca': True, 'cluster_pca_dims': 100} | RSS=126562MB GPU_alloc=26MB GPU_reserved=64MB
[2026-03-04 15:12:44] INFO initializing model | RSS=126562MB GPU_alloc=26MB GPU_reserved=64MB
[2026-03-04 15:12:44] INFO model init done in 0.00s | RSS=126562MB GPU_alloc=26MB GPU_reserved=64MB
[2026-03-04 15:12:44] INFO starting model.fit (train) | RSS=126562MB GPU_alloc=26MB GPU_reserved=64MB
[2026-03-04 15:12:44] INFO [fit] set_image starting: shape=(1274, 1283, 20020)
[2026-03-04 15:12:44] INFO [set_image] start: shape=(1274, 1283, 20020), roi_mask=False, category_annotations=False
[2026-03-04 15:12:55] INFO [set_image] reshape+mask done in 11.28s
[2026-03-04 15:14:23] INFO [set_image] sampling done in 87.94s (method=superpixel, sampled=19875)
[2026-03-04 15:14:24] INFO [set_image] model init done in 0.33s (input_dim=20020, n_components=3)
[2026-03-04 15:20:08] INFO [set_image] resample done in 344.32s (points=1000)
[2026-03-04 15:20:24] INFO [set_image] category labels done in 16.36s
[2026-03-04 15:20:53] INFO [set_image] clustering init done in 28.97s (levels=5)
[2026-03-04 15:20:53] INFO [set_image] optimizer init done in 0.00s (lr=1.0, warmup=10)
[2026-03-04 15:20:53] INFO [set_image] total setup time 489.21s
[2026-03-04 15:20:53] INFO [fit] set_image done in 489.22s
[2026-03-04 15:20:53] INFO [fit] training loop starting: epochs=100
[2026-03-04 15:22:48] INFO [fit] training loop finished in 115.32s
[2026-03-04 15:22:48] INFO model.fit completed in 604.54s | RSS=128171MB GPU_alloc=1079MB GPU_reserved=1970MB
[2026-03-04 15:22:48] INFO running predict (train) | RSS=128171MB GPU_alloc=1079MB GPU_reserved=1970MB
[2026-03-04 15:23:44] INFO compute_initial_viz DONE | RSS=128194MB GPU_alloc=1079MB GPU_reserved=5242MB
[2026-03-04 15:52:45] INFO reload_viz using full image (no ROI) | RSS=252540MB GPU_alloc=1079MB GPU_reserved=5242MB
[2026-03-04 15:52:45] INFO compute_initial_viz START | RSS=252540MB GPU_alloc=1079MB GPU_reserved=5242MB
[2026-03-04 15:52:45] INFO releasing previous model type=MSIParametricMiCSLMC | RSS=252541MB GPU_alloc=1079MB GPU_reserved=5242MB
[2026-03-04 15:52:55] INFO config loaded | RSS=126714MB GPU_alloc=26MB GPU_reserved=64MB
[2026-03-04 15:52:55] INFO model_type resolved to 'mics_lmc' | RSS=126714MB GPU_alloc=26MB GPU_reserved=64MB
[2026-03-04 15:52:55] INFO reusing cached image (path unchanged): E:\MSImaging-data\_msi_visual\Extractions\NRL4558_5um\20bins\2\0.npy | RSS=126714MB GPU_alloc=26MB GPU_reserved=64MB
[2026-03-04 15:52:55] INFO creating new model and fitting (mics_lmc) | RSS=126714MB GPU_alloc=26MB GPU_reserved=64MB
[2026-03-04 15:52:55] INFO building model kwargs | RSS=126714MB GPU_alloc=26MB GPU_reserved=64MB
[2026-03-04 15:52:55] INFO model kwargs built in 0.00s | RSS=126714MB GPU_alloc=26MB GPU_reserved=64MB
[2026-03-04 15:52:55] INFO MiCS+LMC kwargs: {'number_of_points': 1000, 'sampling': 'coreset', 'num_epochs': 100, 'number_of_components': 3, 'num_layers': 3, 'lab_to_rgb': True, 'cluster': True, 'clusters': [8, 16, 64, 128, 256, 1024], 'num_samples': 25000, 'beta': 1.0, 'k_epoch': 20, 'temperature': 100.0, 'lr': 1.0, 'batch_size': 1024, 'warmup_epochs': 10, 'factor': 1.0, 'random_state': 42, 'verbose': False, 'cluster_loss_weight': 1.0, 'category_loss_weight': 0.0, 'pixel_sampling': 'superpixel', 'pca_fit_step': 64, 'cluster_on_pca': True, 'cluster_pca_dims': 100} | RSS=126714MB GPU_alloc=26MB GPU_reserved=64MB
[2026-03-04 15:52:55] INFO initializing model | RSS=126714MB GPU_alloc=26MB GPU_reserved=64MB
[2026-03-04 15:52:55] INFO model init done in 0.00s | RSS=126714MB GPU_alloc=26MB GPU_reserved=64MB
[2026-03-04 15:52:55] INFO starting model.fit (train) | RSS=126714MB GPU_alloc=26MB GPU_reserved=64MB
[2026-03-04 15:52:55] INFO [fit] set_image starting: shape=(1274, 1283, 20020)
[2026-03-04 15:52:55] INFO [set_image] start: shape=(1274, 1283, 20020), roi_mask=False, category_annotations=False
[2026-03-04 15:53:07] INFO [set_image] reshape+mask done in 11.61s
[2026-03-04 15:54:27] INFO [set_image] sampling done in 80.14s (method=superpixel, sampled=19827)
[2026-03-04 15:54:28] INFO [set_image] model init done in 0.32s (input_dim=20020, n_components=3)
[2026-03-04 15:59:53] INFO [set_image] resample done in 325.71s (points=1000)
[2026-03-04 16:00:11] INFO [set_image] category labels done in 18.00s
[2026-03-04 16:00:40] INFO [set_image] clustering init done in 28.87s (levels=6)
[2026-03-04 16:00:40] INFO [set_image] optimizer init done in 0.00s (lr=1.0, warmup=10)
[2026-03-04 16:00:40] INFO [set_image] total setup time 464.64s
[2026-03-04 16:00:40] INFO [fit] set_image done in 464.64s
[2026-03-04 16:00:40] INFO [fit] training loop starting: epochs=100
[2026-03-04 16:02:34] INFO [fit] training loop finished in 113.64s
[2026-03-04 16:02:34] INFO model.fit completed in 578.29s | RSS=128240MB GPU_alloc=1079MB GPU_reserved=1970MB
[2026-03-04 16:02:34] INFO running predict (train) | RSS=128240MB GPU_alloc=1079MB GPU_reserved=1970MB
[2026-03-04 16:03:24] INFO compute_initial_viz DONE | RSS=128264MB GPU_alloc=1079MB GPU_reserved=5242MB
[2026-03-04 16:39:20] INFO reload_viz using ROI (174 points) | RSS=253092MB GPU_alloc=1079MB GPU_reserved=5242MB
[2026-03-04 16:39:20] INFO recompute_viz START | RSS=253092MB GPU_alloc=1079MB GPU_reserved=5242MB
[2026-03-04 16:39:20] INFO releasing previous model (GPU + large tensors) | RSS=253092MB GPU_alloc=1079MB GPU_reserved=5242MB
[2026-03-04 16:39:20] INFO previous model type=MSIParametricMiCSLMC | RSS=253087MB GPU_alloc=1079MB GPU_reserved=5242MB
[2026-03-04 16:39:30] INFO after release + gc + cuda empty_cache | RSS=126721MB GPU_alloc=26MB GPU_reserved=64MB
[2026-03-04 16:39:30] INFO ROI mask built H=1274 W=1283 roi_pixels=79670 | RSS=126723MB GPU_alloc=26MB GPU_reserved=64MB
[2026-03-04 16:39:30] INFO model_type resolved to 'mics_lmc' | RSS=126723MB GPU_alloc=26MB GPU_reserved=64MB
[2026-03-04 16:39:30] INFO creating new MSIParametricMiCSLMC | RSS=126723MB GPU_alloc=26MB GPU_reserved=64MB
[2026-03-04 16:39:30] INFO MiCS+LMC kwargs: {'number_of_points': 1000, 'sampling': 'coreset', 'num_epochs': 100, 'number_of_components': 3, 'num_layers': 3, 'lab_to_rgb': True, 'cluster': True, 'clusters': [8, 16, 64, 128, 256, 1024], 'num_samples': 25000, 'beta': 1.0, 'k_epoch': 20, 'temperature': 100.0, 'lr': 1.0, 'batch_size': 1024, 'warmup_epochs': 10, 'factor': 1.0, 'random_state': 42, 'verbose': False, 'cluster_loss_weight': 1.0, 'category_loss_weight': 0.0, 'pixel_sampling': 'superpixel', 'pca_fit_step': 64, 'cluster_on_pca': True, 'cluster_pca_dims': 100} | RSS=126723MB GPU_alloc=26MB GPU_reserved=64MB
[2026-03-04 16:39:30] INFO calling set_image(roi_mask=..., category_annotations=...) | RSS=126723MB GPU_alloc=26MB GPU_reserved=64MB
[2026-03-04 16:39:30] INFO [set_image] start: shape=(1274, 1283, 20020), roi_mask=True, category_annotations=False
[2026-03-04 16:39:41] INFO [set_image] reshape+mask done in 10.42s
[2026-03-04 16:40:47] INFO [set_image] sampling done in 65.93s (method=superpixel, sampled=1753)
[2026-03-04 16:40:47] INFO [set_image] model init done in 0.32s (input_dim=20020, n_components=3)
[2026-03-04 16:41:11] INFO [set_image] resample done in 24.47s (points=1000)
[2026-03-04 16:41:23] INFO [set_image] category labels done in 11.79s
[2026-03-04 16:41:27] INFO [set_image] clustering init done in 3.80s (levels=6)
[2026-03-04 16:41:27] INFO [set_image] optimizer init done in 0.00s (lr=1.0, warmup=10)
[2026-03-04 16:41:27] INFO [set_image] total setup time 116.73s
[2026-03-04 16:41:27] INFO training 100 epochs | RSS=126875MB GPU_alloc=328MB GPU_reserved=362MB
[2026-03-04 16:41:27] INFO epoch 1/100 | RSS=126869MB GPU_alloc=941MB GPU_reserved=1652MB
[2026-03-04 16:41:29] INFO epoch 20/100 | RSS=126870MB GPU_alloc=941MB GPU_reserved=1812MB
[2026-03-04 16:41:31] INFO epoch 40/100 | RSS=126870MB GPU_alloc=941MB GPU_reserved=1812MB
[2026-03-04 16:41:33] INFO epoch 60/100 | RSS=126870MB GPU_alloc=941MB GPU_reserved=1812MB
[2026-03-04 16:41:35] INFO epoch 80/100 | RSS=126870MB GPU_alloc=941MB GPU_reserved=1812MB
[2026-03-04 16:41:37] INFO epoch 100/100 | RSS=126870MB GPU_alloc=941MB GPU_reserved=1812MB
[2026-03-04 16:41:37] INFO running predict | RSS=126870MB GPU_alloc=941MB GPU_reserved=1812MB
[2026-03-04 16:42:25] INFO recompute_viz DONE | RSS=126893MB GPU_alloc=941MB GPU_reserved=5084MB
[2026-03-04 16:49:36] INFO reload_viz using ROI (174 points) | RSS=251710MB GPU_alloc=941MB GPU_reserved=1004MB
[2026-03-04 16:49:36] INFO recompute_viz START | RSS=251710MB GPU_alloc=941MB GPU_reserved=1004MB
[2026-03-04 16:49:36] INFO releasing previous model (GPU + large tensors) | RSS=251710MB GPU_alloc=941MB GPU_reserved=1004MB
[2026-03-04 16:49:36] INFO previous model type=MSIParametricMiCSLMC | RSS=251705MB GPU_alloc=941MB GPU_reserved=1004MB
[2026-03-04 16:49:45] INFO after release + gc + cuda empty_cache | RSS=126718MB GPU_alloc=26MB GPU_reserved=64MB
[2026-03-04 16:49:45] INFO ROI mask built H=1274 W=1283 roi_pixels=79670 | RSS=126719MB GPU_alloc=26MB GPU_reserved=64MB
[2026-03-04 16:49:45] INFO model_type resolved to 'mics_lmc' | RSS=126719MB GPU_alloc=26MB GPU_reserved=64MB
[2026-03-04 16:49:45] INFO creating new MSIParametricMiCSLMC | RSS=126719MB GPU_alloc=26MB GPU_reserved=64MB
[2026-03-04 16:49:45] INFO MiCS+LMC kwargs: {'number_of_points': 1000, 'sampling': 'coreset', 'num_epochs': 100, 'number_of_components': 3, 'num_layers': 3, 'lab_to_rgb': True, 'cluster': True, 'clusters': [8, 16, 64, 128, 256, 1024], 'num_samples': 25000, 'beta': 1.0, 'k_epoch': 20, 'temperature': 100.0, 'lr': 1.0, 'batch_size': 1024, 'warmup_epochs': 10, 'factor': 1.0, 'random_state': 42, 'verbose': False, 'cluster_loss_weight': 1.0, 'category_loss_weight': 0.0, 'pixel_sampling': 'random', 'pca_fit_step': 64, 'cluster_on_pca': True, 'cluster_pca_dims': 100} | RSS=126719MB GPU_alloc=26MB GPU_reserved=64MB
[2026-03-04 16:49:45] INFO calling set_image(roi_mask=..., category_annotations=...) | RSS=126719MB GPU_alloc=26MB GPU_reserved=64MB
[2026-03-04 16:49:45] INFO [set_image] start: shape=(1274, 1283, 20020), roi_mask=True, category_annotations=False
[2026-03-04 16:49:58] INFO [set_image] reshape+mask done in 13.02s
[2026-03-04 16:50:11] INFO [set_image] sampling done in 12.72s (method=random, sampled=25000)
[2026-03-04 16:50:11] INFO [set_image] model init done in 0.32s (input_dim=20020, n_components=3)
[2026-03-04 16:56:36] INFO [set_image] resample done in 384.69s (points=1000)
[2026-03-04 16:56:52] INFO [set_image] category labels done in 16.64s
[2026-03-04 16:57:29] INFO [set_image] clustering init done in 36.61s (levels=6)
[2026-03-04 16:57:29] INFO [set_image] optimizer init done in 0.00s (lr=1.0, warmup=10)
[2026-03-04 16:57:29] INFO [set_image] total setup time 464.02s
[2026-03-04 16:57:29] INFO training 100 epochs | RSS=128646MB GPU_alloc=504MB GPU_reserved=540MB
[2026-03-04 16:57:30] INFO epoch 1/100 | RSS=128640MB GPU_alloc=1118MB GPU_reserved=1852MB
[2026-03-04 16:57:57] INFO epoch 20/100 | RSS=128640MB GPU_alloc=1118MB GPU_reserved=2010MB
[2026-03-04 16:58:25] INFO epoch 40/100 | RSS=128640MB GPU_alloc=1118MB GPU_reserved=2010MB
[2026-03-04 16:58:53] INFO epoch 60/100 | RSS=128640MB GPU_alloc=1118MB GPU_reserved=2010MB
[2026-03-04 16:59:22] INFO epoch 80/100 | RSS=128640MB GPU_alloc=1118MB GPU_reserved=2010MB
[2026-03-04 16:59:51] INFO epoch 100/100 | RSS=128639MB GPU_alloc=1118MB GPU_reserved=2010MB
[2026-03-04 16:59:51] INFO running predict | RSS=128639MB GPU_alloc=1118MB GPU_reserved=2010MB
[2026-03-04 17:00:42] INFO recompute_viz DONE | RSS=128663MB GPU_alloc=1118MB GPU_reserved=5282MB
[2026-03-04 19:33:27] INFO reload_viz using ROI (20 points) | RSS=125488MB GPU_alloc=0MB GPU_reserved=0MB
[2026-03-04 19:33:37] WARNING From C:\Users\PahnkeLab\miniconda3\envs\maldi\Lib\site-packages\keras\src\losses.py:2976: The name tf.losses.sparse_softmax_cross_entropy is deprecated. Please use tf.compat.v1.losses.sparse_softmax_cross_entropy instead.

[2026-03-04 19:33:38] INFO recompute_viz START | RSS=125757MB GPU_alloc=0MB GPU_reserved=0MB
[2026-03-04 19:33:38] INFO releasing previous model (GPU + large tensors) | RSS=125757MB GPU_alloc=0MB GPU_reserved=0MB
[2026-03-04 19:33:38] INFO after release + gc + cuda empty_cache | RSS=125757MB GPU_alloc=0MB GPU_reserved=0MB
[2026-03-04 19:33:38] INFO ROI mask built H=1274 W=1283 roi_pixels=1489 | RSS=125759MB GPU_alloc=0MB GPU_reserved=0MB
[2026-03-04 19:33:38] INFO model_type resolved to 'mics_lmc' | RSS=125759MB GPU_alloc=0MB GPU_reserved=0MB
[2026-03-04 19:33:38] INFO creating new MSIParametricMiCSLMC | RSS=125759MB GPU_alloc=0MB GPU_reserved=0MB
[2026-03-04 19:33:38] INFO MiCS+LMC kwargs: {'number_of_points': 1000, 'sampling': 'coreset', 'num_epochs': 100, 'number_of_components': 3, 'num_layers': 3, 'lab_to_rgb': True, 'cluster': True, 'clusters': [32, 64, 128, 256], 'num_samples': 5000, 'beta': 1.0, 'k_epoch': 20, 'temperature': 100.0, 'lr': 1.0, 'batch_size': 1024, 'warmup_epochs': 10, 'factor': 1, 'random_state': 42, 'verbose': False, 'cluster_loss_weight': 1.0, 'category_loss_weight': 0.0, 'pixel_sampling': 'superpixel', 'pca_fit_step': 16, 'cluster_on_pca': True, 'cluster_pca_dims': 100} | RSS=125759MB GPU_alloc=0MB GPU_reserved=0MB
[2026-03-04 19:33:38] INFO calling set_image(roi_mask=..., category_annotations=...) | RSS=125759MB GPU_alloc=0MB GPU_reserved=0MB
[2026-03-04 19:33:38] INFO [set_image] start: shape=(1274, 1283, 20020), roi_mask=True, category_annotations=False
[2026-03-04 19:33:51] INFO [set_image] reshape+mask done in 12.21s
[2026-03-04 19:35:13] INFO [set_image] sampling done in 82.72s (method=superpixel, sampled=80)
[2026-03-04 19:35:14] INFO [set_image] model init done in 0.37s (input_dim=20020, n_components=3)
[2026-03-04 19:35:14] INFO [set_image] resample done in 0.08s (points=80)
[2026-03-04 19:35:26] INFO [set_image] category labels done in 12.31s
[2026-03-04 19:35:27] ERROR recompute_viz FAILED: n_samples=80 should be >= n_clusters=128. | RSS=126743MB GPU_alloc=217MB GPU_reserved=228MB
[2026-03-04 19:39:55] INFO compute_initial_viz START | RSS=126715MB GPU_alloc=0MB GPU_reserved=228MB
[2026-03-04 19:39:55] INFO config loaded | RSS=126715MB GPU_alloc=0MB GPU_reserved=228MB
[2026-03-04 19:39:55] INFO model_type resolved to 'mics_lmc' | RSS=126715MB GPU_alloc=0MB GPU_reserved=228MB
[2026-03-04 19:40:36] INFO compute_initial_viz START | RSS=18269MB GPU_alloc=0MB GPU_reserved=228MB
[2026-03-04 19:40:36] INFO config loaded | RSS=18269MB GPU_alloc=0MB GPU_reserved=228MB
[2026-03-04 19:40:36] INFO model_type resolved to 'mics_lmc' | RSS=18269MB GPU_alloc=0MB GPU_reserved=228MB
[2026-03-04 19:40:39] INFO image loaded shape=(157,112,4810) from E:\MSImaging-data\_msi_visual\Extractions\Daphnia_datasets\5_bins\s19-sample12\0.npy | RSS=20640MB GPU_alloc=0MB GPU_reserved=228MB
[2026-03-04 19:40:39] INFO creating new model and fitting (mics_lmc) | RSS=20640MB GPU_alloc=0MB GPU_reserved=228MB
[2026-03-04 19:40:39] INFO building model kwargs | RSS=20640MB GPU_alloc=0MB GPU_reserved=228MB
[2026-03-04 19:40:39] INFO model kwargs built in 0.00s | RSS=20640MB GPU_alloc=0MB GPU_reserved=228MB
[2026-03-04 19:40:39] INFO MiCS+LMC kwargs: {'number_of_points': 1000, 'sampling': 'coreset', 'num_epochs': 100, 'number_of_components': 3, 'num_layers': 3, 'lab_to_rgb': True, 'cluster': True, 'clusters': [32, 64, 128, 256], 'num_samples': 5000, 'beta': 1.0, 'k_epoch': 20, 'temperature': 100.0, 'lr': 1.0, 'batch_size': 1024, 'warmup_epochs': 10, 'factor': 1, 'random_state': 42, 'verbose': False, 'cluster_loss_weight': 1.0, 'category_loss_weight': 0.0, 'pixel_sampling': 'superpixel', 'pca_fit_step': 16, 'cluster_on_pca': True, 'cluster_pca_dims': 100} | RSS=20640MB GPU_alloc=0MB GPU_reserved=228MB
[2026-03-04 19:40:39] INFO initializing model | RSS=20640MB GPU_alloc=0MB GPU_reserved=228MB
[2026-03-04 19:40:39] INFO model init done in 0.00s | RSS=20640MB GPU_alloc=0MB GPU_reserved=228MB
[2026-03-04 19:40:39] INFO starting model.fit (train) | RSS=20640MB GPU_alloc=0MB GPU_reserved=228MB
[2026-03-04 19:40:39] INFO [fit] set_image starting: shape=(157, 112, 4810)
[2026-03-04 19:40:39] INFO [set_image] start: shape=(157, 112, 4810), roi_mask=False, category_annotations=False
[2026-03-04 19:40:39] INFO [set_image] reshape+mask done in 0.03s
[2026-03-04 19:40:39] INFO [set_image] sampling done in 0.39s (method=superpixel, sampled=5633)
[2026-03-04 19:40:39] INFO [set_image] model init done in 0.14s (input_dim=4810, n_components=3)
[2026-03-04 19:40:56] INFO [set_image] resample done in 16.36s (points=1000)
[2026-03-04 19:40:56] INFO [set_image] category labels done in 0.03s
[2026-03-04 19:40:59] INFO [set_image] clustering init done in 2.94s (levels=4)
[2026-03-04 19:41:01] INFO [set_image] optimizer init done in 1.84s (lr=1.0, warmup=10)
[2026-03-04 19:41:01] INFO [set_image] total setup time 21.73s
[2026-03-04 19:41:01] INFO [fit] set_image done in 21.73s
[2026-03-04 19:41:01] INFO [fit] training loop starting: epochs=100
[2026-03-04 19:41:14] INFO [fit] training loop finished in 13.83s
[2026-03-04 19:41:14] INFO model.fit completed in 35.57s | RSS=33778MB GPU_alloc=423MB GPU_reserved=1000MB
[2026-03-04 19:41:14] INFO running predict (train) | RSS=33778MB GPU_alloc=423MB GPU_reserved=1000MB
[2026-03-04 19:41:15] INFO compute_initial_viz DONE | RSS=33776MB GPU_alloc=423MB GPU_reserved=1738MB
[2026-03-04 19:41:25] INFO image loaded shape=(1274,1283,5005) from E:\MSImaging-data\_msi_visual\Extractions\NRL4558_5um\5bins\2\0.npy | RSS=34264MB GPU_alloc=423MB GPU_reserved=1738MB
[2026-03-04 19:41:25] INFO creating new model and fitting (mics_lmc) | RSS=34264MB GPU_alloc=423MB GPU_reserved=1738MB
[2026-03-04 19:41:25] INFO building model kwargs | RSS=34264MB GPU_alloc=423MB GPU_reserved=1738MB
[2026-03-04 19:41:25] INFO model kwargs built in 0.00s | RSS=34264MB GPU_alloc=423MB GPU_reserved=1738MB
[2026-03-04 19:41:25] INFO MiCS+LMC kwargs: {'number_of_points': 1000, 'sampling': 'coreset', 'num_epochs': 100, 'number_of_components': 3, 'num_layers': 3, 'lab_to_rgb': True, 'cluster': True, 'clusters': [32, 64, 128, 256], 'num_samples': 5000, 'beta': 1.0, 'k_epoch': 20, 'temperature': 100.0, 'lr': 1.0, 'batch_size': 1024, 'warmup_epochs': 10, 'factor': 1, 'random_state': 42, 'verbose': False, 'cluster_loss_weight': 1.0, 'category_loss_weight': 0.0, 'pixel_sampling': 'superpixel', 'pca_fit_step': 16, 'cluster_on_pca': True, 'cluster_pca_dims': 100} | RSS=34264MB GPU_alloc=423MB GPU_reserved=1738MB
[2026-03-04 19:41:25] INFO initializing model | RSS=34264MB GPU_alloc=423MB GPU_reserved=1738MB
[2026-03-04 19:41:25] INFO model init done in 0.00s | RSS=34264MB GPU_alloc=423MB GPU_reserved=1738MB
[2026-03-04 19:41:25] INFO starting model.fit (train) | RSS=34264MB GPU_alloc=423MB GPU_reserved=1738MB
[2026-03-04 19:41:25] INFO [fit] set_image starting: shape=(1274, 1283, 5005)
[2026-03-04 19:41:25] INFO [set_image] start: shape=(1274, 1283, 5005), roi_mask=False, category_annotations=False
[2026-03-04 19:41:28] INFO [set_image] reshape+mask done in 2.67s
[2026-03-04 19:41:53] INFO reload_viz using full image (no ROI) | RSS=34723MB GPU_alloc=423MB GPU_reserved=1738MB
[2026-03-04 19:41:53] INFO compute_initial_viz START | RSS=34722MB GPU_alloc=423MB GPU_reserved=1738MB
[2026-03-04 19:41:53] INFO releasing previous model type=MSIParametricMiCSLMC | RSS=34722MB GPU_alloc=423MB GPU_reserved=1738MB
[2026-03-04 19:41:54] INFO config loaded | RSS=34413MB GPU_alloc=17MB GPU_reserved=180MB
[2026-03-04 19:41:54] INFO model_type resolved to 'mics_lmc' | RSS=34414MB GPU_alloc=17MB GPU_reserved=180MB
[2026-03-04 19:41:54] INFO reusing cached image (path unchanged): E:\MSImaging-data\_msi_visual\Extractions\Daphnia_datasets\5_bins\s19-sample12\0.npy | RSS=34414MB GPU_alloc=17MB GPU_reserved=180MB
[2026-03-04 19:41:54] INFO creating new model and fitting (mics_lmc) | RSS=34414MB GPU_alloc=17MB GPU_reserved=180MB
[2026-03-04 19:41:54] INFO building model kwargs | RSS=34414MB GPU_alloc=17MB GPU_reserved=180MB
[2026-03-04 19:41:54] INFO model kwargs built in 0.00s | RSS=34414MB GPU_alloc=17MB GPU_reserved=180MB
[2026-03-04 19:41:54] INFO MiCS+LMC kwargs: {'number_of_points': 1000, 'sampling': 'coreset', 'num_epochs': 100, 'number_of_components': 3, 'num_layers': 3, 'lab_to_rgb': True, 'cluster': True, 'clusters': [8, 16, 64, 256], 'num_samples': 5000, 'beta': 1.0, 'k_epoch': 20, 'temperature': 100.0, 'lr': 1.0, 'batch_size': 1024, 'warmup_epochs': 10, 'factor': 1.0, 'random_state': 42, 'verbose': False, 'cluster_loss_weight': 1.0, 'category_loss_weight': 0.0, 'pixel_sampling': 'random', 'pca_fit_step': 32, 'cluster_on_pca': True, 'cluster_pca_dims': 100} | RSS=34414MB GPU_alloc=17MB GPU_reserved=180MB
[2026-03-04 19:41:54] INFO initializing model | RSS=34415MB GPU_alloc=17MB GPU_reserved=180MB
[2026-03-04 19:41:54] INFO model init done in 0.00s | RSS=34414MB GPU_alloc=17MB GPU_reserved=180MB
[2026-03-04 19:41:54] INFO starting model.fit (train) | RSS=34414MB GPU_alloc=17MB GPU_reserved=180MB
[2026-03-04 19:41:54] INFO [fit] set_image starting: shape=(157, 112, 4810)
[2026-03-04 19:41:54] INFO [set_image] start: shape=(157, 112, 4810), roi_mask=False, category_annotations=False
[2026-03-04 19:41:54] INFO [set_image] reshape+mask done in 0.03s
[2026-03-04 19:41:54] INFO [set_image] sampling done in 0.05s (method=random, sampled=5000)
[2026-03-04 19:41:54] INFO [set_image] model init done in 0.17s (input_dim=4810, n_components=3)
[2026-03-04 19:41:55] INFO [set_image] sampling done in 26.54s (method=superpixel, sampled=5353)
[2026-03-04 19:41:55] INFO [set_image] model init done in 0.14s (input_dim=5005, n_components=3)
[2026-03-04 19:42:11] INFO [set_image] resample done in 16.79s (points=1000)
[2026-03-04 19:42:11] INFO [set_image] category labels done in 0.03s
[2026-03-04 19:42:13] INFO [set_image] clustering init done in 2.23s (levels=4)
[2026-03-04 19:42:13] INFO [set_image] optimizer init done in 0.00s (lr=1.0, warmup=10)
[2026-03-04 19:42:13] INFO [set_image] total setup time 19.31s
[2026-03-04 19:42:13] INFO [fit] set_image done in 19.31s
[2026-03-04 19:42:13] INFO [fit] training loop starting: epochs=100
[2026-03-04 19:42:15] INFO [set_image] resample done in 20.28s (points=1000)
[2026-03-04 19:42:18] INFO [set_image] category labels done in 3.23s
[2026-03-04 19:42:22] INFO [set_image] clustering init done in 3.47s (levels=4)
[2026-03-04 19:42:22] INFO [set_image] optimizer init done in 0.00s (lr=1.0, warmup=10)
[2026-03-04 19:42:22] INFO [set_image] total setup time 56.33s
[2026-03-04 19:42:22] INFO [fit] set_image done in 56.33s
[2026-03-04 19:42:22] INFO [fit] training loop starting: epochs=100
[2026-03-04 19:42:30] INFO [fit] training loop finished in 16.62s
[2026-03-04 19:42:30] INFO model.fit completed in 35.93s | RSS=34506MB GPU_alloc=1004MB GPU_reserved=1974MB
[2026-03-04 19:42:30] INFO running predict (train) | RSS=34506MB GPU_alloc=1004MB GPU_reserved=1974MB
[2026-03-04 19:42:30] INFO compute_initial_viz DONE | RSS=34506MB GPU_alloc=1132MB GPU_reserved=2712MB
[2026-03-04 19:42:39] INFO [fit] training loop finished in 17.08s
[2026-03-04 19:42:39] INFO model.fit completed in 73.42s | RSS=34506MB GPU_alloc=846MB GPU_reserved=2712MB
[2026-03-04 19:42:39] INFO running predict (train) | RSS=34506MB GPU_alloc=846MB GPU_reserved=2712MB
[2026-03-04 19:42:53] INFO compute_initial_viz DONE | RSS=34533MB GPU_alloc=846MB GPU_reserved=3850MB
[2026-03-04 19:42:53] INFO compute_initial_viz START | RSS=34540MB GPU_alloc=846MB GPU_reserved=3850MB
[2026-03-04 19:42:53] INFO releasing previous model type=MSIParametricMiCSLMC | RSS=34540MB GPU_alloc=846MB GPU_reserved=3850MB
[2026-03-04 19:42:55] INFO config loaded | RSS=3130MB GPU_alloc=26MB GPU_reserved=220MB
[2026-03-04 19:42:55] INFO model_type resolved to 'mics_lmc' | RSS=3130MB GPU_alloc=26MB GPU_reserved=220MB
[2026-03-04 19:42:56] INFO image loaded shape=(146,103,4810) from E:\MSImaging-data\_msi_visual\Extractions\Daphnia_datasets\5_bins\s10-sample1\0.npy | RSS=3083MB GPU_alloc=26MB GPU_reserved=220MB
[2026-03-04 19:42:56] INFO creating new model and fitting (mics_lmc) | RSS=3083MB GPU_alloc=26MB GPU_reserved=220MB
[2026-03-04 19:42:56] INFO building model kwargs | RSS=3083MB GPU_alloc=26MB GPU_reserved=220MB
[2026-03-04 19:42:56] INFO model kwargs built in 0.00s | RSS=3083MB GPU_alloc=26MB GPU_reserved=220MB
[2026-03-04 19:42:56] INFO MiCS+LMC kwargs: {'number_of_points': 1000, 'sampling': 'coreset', 'num_epochs': 100, 'number_of_components': 3, 'num_layers': 3, 'lab_to_rgb': True, 'cluster': True, 'clusters': [8, 16, 64, 256], 'num_samples': 5000, 'beta': 1.0, 'k_epoch': 20, 'temperature': 100.0, 'lr': 1.0, 'batch_size': 1024, 'warmup_epochs': 10, 'factor': 1.0, 'random_state': 42, 'verbose': False, 'cluster_loss_weight': 1.0, 'category_loss_weight': 0.0, 'pixel_sampling': 'random', 'pca_fit_step': 32, 'cluster_on_pca': True, 'cluster_pca_dims': 100} | RSS=3083MB GPU_alloc=26MB GPU_reserved=220MB
[2026-03-04 19:42:56] INFO initializing model | RSS=3083MB GPU_alloc=26MB GPU_reserved=220MB
[2026-03-04 19:42:56] INFO model init done in 0.00s | RSS=3083MB GPU_alloc=26MB GPU_reserved=220MB
[2026-03-04 19:42:56] INFO starting model.fit (train) | RSS=3083MB GPU_alloc=26MB GPU_reserved=220MB
[2026-03-04 19:42:56] INFO [fit] set_image starting: shape=(146, 103, 4810)
[2026-03-04 19:42:56] INFO [set_image] start: shape=(146, 103, 4810), roi_mask=False, category_annotations=False
[2026-03-04 19:42:56] INFO [set_image] reshape+mask done in 0.02s
[2026-03-04 19:42:56] INFO [set_image] sampling done in 0.05s (method=random, sampled=5000)
[2026-03-04 19:42:56] INFO [set_image] model init done in 0.13s (input_dim=4810, n_components=3)
[2026-03-04 19:43:10] INFO [set_image] resample done in 14.12s (points=1000)
[2026-03-04 19:43:10] INFO [set_image] category labels done in 0.03s
[2026-03-04 19:43:12] INFO [set_image] clustering init done in 2.03s (levels=4)
[2026-03-04 19:43:12] INFO [set_image] optimizer init done in 0.00s (lr=1.0, warmup=10)
[2026-03-04 19:43:12] INFO [set_image] total setup time 16.38s
[2026-03-04 19:43:12] INFO [fit] set_image done in 16.38s
[2026-03-04 19:43:12] INFO [fit] training loop starting: epochs=100
[2026-03-04 19:43:17] INFO compute_initial_viz START | RSS=3199MB GPU_alloc=584MB GPU_reserved=1054MB
[2026-03-04 19:43:17] INFO config loaded | RSS=3182MB GPU_alloc=592MB GPU_reserved=1054MB
[2026-03-04 19:43:17] INFO model_type resolved to 'mics_lmc' | RSS=3183MB GPU_alloc=712MB GPU_reserved=1054MB
[2026-03-04 19:43:20] INFO image loaded shape=(181,113,9620) from E:\MSImaging-data\_msi_visual\Extractions\Daphnia_datasets\10_bins\s7-sample11\0.npy | RSS=3947MB GPU_alloc=584MB GPU_reserved=1054MB
[2026-03-04 19:43:20] INFO creating new model and fitting (mics_lmc) | RSS=3950MB GPU_alloc=584MB GPU_reserved=1054MB
[2026-03-04 19:43:20] INFO building model kwargs | RSS=3952MB GPU_alloc=584MB GPU_reserved=1054MB
[2026-03-04 19:43:20] INFO model kwargs built in 0.00s | RSS=3952MB GPU_alloc=584MB GPU_reserved=1054MB
[2026-03-04 19:43:20] INFO MiCS+LMC kwargs: {'number_of_points': 1000, 'sampling': 'coreset', 'num_epochs': 100, 'number_of_components': 3, 'num_layers': 3, 'lab_to_rgb': True, 'cluster': True, 'clusters': [8, 16, 64, 256], 'num_samples': 5000, 'beta': 1.0, 'k_epoch': 20, 'temperature': 100.0, 'lr': 1.0, 'batch_size': 1024, 'warmup_epochs': 10, 'factor': 1.0, 'random_state': 42, 'verbose': False, 'cluster_loss_weight': 1.0, 'category_loss_weight': 0.0, 'pixel_sampling': 'random', 'pca_fit_step': 32, 'cluster_on_pca': True, 'cluster_pca_dims': 100} | RSS=3952MB GPU_alloc=584MB GPU_reserved=1054MB
[2026-03-04 19:43:20] INFO initializing model | RSS=3934MB GPU_alloc=592MB GPU_reserved=1054MB
[2026-03-04 19:43:20] INFO model init done in 0.00s | RSS=3934MB GPU_alloc=648MB GPU_reserved=1054MB
[2026-03-04 19:43:20] INFO starting model.fit (train) | RSS=3934MB GPU_alloc=656MB GPU_reserved=1054MB
[2026-03-04 19:43:20] INFO [fit] set_image starting: shape=(181, 113, 9620)
[2026-03-04 19:43:20] INFO [set_image] start: shape=(181, 113, 9620), roi_mask=False, category_annotations=False
[2026-03-04 19:43:20] INFO [set_image] reshape+mask done in 0.08s
[2026-03-04 19:43:20] INFO [set_image] sampling done in 0.13s (method=random, sampled=5000)
[2026-03-04 19:43:21] INFO [set_image] model init done in 0.21s (input_dim=9620, n_components=3)
[2026-03-04 19:43:24] INFO [fit] training loop finished in 12.02s
[2026-03-04 19:43:24] INFO model.fit completed in 28.40s | RSS=4579MB GPU_alloc=588MB GPU_reserved=1206MB
[2026-03-04 19:43:24] INFO running predict (train) | RSS=4579MB GPU_alloc=588MB GPU_reserved=1206MB
[2026-03-04 19:43:25] INFO compute_initial_viz DONE | RSS=4579MB GPU_alloc=588MB GPU_reserved=1836MB
[2026-03-04 19:43:53] INFO [set_image] resample done in 32.23s (points=1000)
[2026-03-04 19:43:53] INFO [set_image] category labels done in 0.06s
[2026-03-04 19:43:55] INFO [set_image] clustering init done in 2.35s (levels=4)
[2026-03-04 19:43:55] INFO [set_image] optimizer init done in 0.00s (lr=1.0, warmup=10)
[2026-03-04 19:43:55] INFO [set_image] total setup time 35.07s
[2026-03-04 19:43:55] INFO [fit] set_image done in 35.07s
[2026-03-04 19:43:55] INFO [fit] training loop starting: epochs=100
[2026-03-04 19:44:12] INFO [fit] training loop finished in 16.78s
[2026-03-04 19:44:12] INFO model.fit completed in 51.85s | RSS=4102MB GPU_alloc=996MB GPU_reserved=1836MB
[2026-03-04 19:44:12] INFO running predict (train) | RSS=4102MB GPU_alloc=996MB GPU_reserved=1836MB
[2026-03-04 19:44:12] INFO compute_initial_viz DONE | RSS=4102MB GPU_alloc=996MB GPU_reserved=3068MB
[2026-03-04 20:23:50] WARNING From C:\Users\PahnkeLab\miniconda3\envs\maldi\Lib\site-packages\keras\src\losses.py:2976: The name tf.losses.sparse_softmax_cross_entropy is deprecated. Please use tf.compat.v1.losses.sparse_softmax_cross_entropy instead.

[2026-03-04 20:23:50] INFO compute_initial_viz START | RSS=910MB GPU_alloc=0MB GPU_reserved=0MB
[2026-03-04 20:23:50] INFO config loaded | RSS=922MB GPU_alloc=0MB GPU_reserved=0MB
[2026-03-04 20:23:51] INFO model_type resolved to 'mics_lmc' | RSS=924MB GPU_alloc=0MB GPU_reserved=0MB
[2026-03-04 20:26:50] INFO image loaded shape=(1054,1382,10010) from E:\MSImaging-data\_msi_visual\Extractions\NRL4558_5um\10bins\1\0.npy | RSS=56546MB GPU_alloc=0MB GPU_reserved=0MB
[2026-03-04 20:26:50] INFO creating new model and fitting (mics_lmc) | RSS=56546MB GPU_alloc=0MB GPU_reserved=0MB
[2026-03-04 20:26:50] INFO building model kwargs | RSS=56546MB GPU_alloc=0MB GPU_reserved=0MB
[2026-03-04 20:26:50] INFO model kwargs built in 0.00s | RSS=56546MB GPU_alloc=0MB GPU_reserved=0MB
[2026-03-04 20:26:50] INFO MiCS+LMC kwargs: {'number_of_points': 1000, 'sampling': 'coreset', 'num_epochs': 100, 'number_of_components': 3, 'num_layers': 3, 'lab_to_rgb': True, 'cluster': True, 'clusters': [32, 64, 128, 256], 'num_samples': 5000, 'beta': 1.0, 'k_epoch': 20, 'temperature': 100.0, 'lr': 1.0, 'batch_size': 1024, 'warmup_epochs': 10, 'factor': 1, 'random_state': 42, 'verbose': False, 'cluster_loss_weight': 1.0, 'category_loss_weight': 0.0, 'pixel_sampling': 'superpixel', 'pca_fit_step': 16, 'cluster_on_pca': True, 'cluster_pca_dims': 100} | RSS=56546MB GPU_alloc=0MB GPU_reserved=0MB
[2026-03-04 20:26:50] INFO initializing model | RSS=56546MB GPU_alloc=0MB GPU_reserved=0MB
[2026-03-04 20:26:50] INFO model init done in 0.01s | RSS=56546MB GPU_alloc=0MB GPU_reserved=0MB
[2026-03-04 20:26:50] INFO starting model.fit (train) | RSS=56546MB GPU_alloc=0MB GPU_reserved=0MB
[2026-03-04 20:26:50] INFO [fit] set_image starting: shape=(1054, 1382, 10010)
[2026-03-04 20:26:50] INFO [set_image] start: shape=(1054, 1382, 10010), roi_mask=False, category_annotations=False
[2026-03-04 20:26:57] INFO [set_image] reshape+mask done in 7.02s
[2026-03-04 20:27:48] INFO [set_image] sampling done in 50.66s (method=superpixel, sampled=5456)
[2026-03-04 20:27:48] INFO [set_image] model init done in 0.43s (input_dim=10010, n_components=3)
[2026-03-04 20:28:39] INFO [set_image] resample done in 51.00s (points=1000)
[2026-03-04 20:28:47] INFO [set_image] category labels done in 8.24s
[2026-03-04 20:28:51] INFO [set_image] clustering init done in 3.92s (levels=4)
[2026-03-04 20:28:54] INFO [set_image] optimizer init done in 2.42s (lr=1.0, warmup=10)
[2026-03-04 20:28:54] INFO [set_image] total setup time 123.69s
[2026-03-04 20:28:54] INFO [fit] set_image done in 123.69s
[2026-03-04 20:28:54] INFO [fit] training loop starting: epochs=100
[2026-03-04 20:29:19] INFO [fit] training loop finished in 25.21s
[2026-03-04 20:29:19] INFO model.fit completed in 148.90s | RSS=58376MB GPU_alloc=609MB GPU_reserved=1260MB
[2026-03-04 20:29:19] INFO running predict (train) | RSS=58376MB GPU_alloc=609MB GPU_reserved=1260MB
[2026-03-04 20:29:53] INFO compute_initial_viz DONE | RSS=58407MB GPU_alloc=609MB GPU_reserved=3280MB
[2026-03-05 10:09:34] INFO reload_viz using full image (no ROI) | RSS=31867MB GPU_alloc=0MB GPU_reserved=0MB
[2026-03-05 10:09:56] WARNING From C:\Users\PahnkeLab\miniconda3\envs\maldi\Lib\site-packages\keras\src\losses.py:2976: The name tf.losses.sparse_softmax_cross_entropy is deprecated. Please use tf.compat.v1.losses.sparse_softmax_cross_entropy instead.

[2026-03-05 10:09:56] INFO compute_initial_viz START | RSS=32135MB GPU_alloc=0MB GPU_reserved=0MB
[2026-03-05 10:09:56] INFO config loaded | RSS=32135MB GPU_alloc=0MB GPU_reserved=0MB
[2026-03-05 10:09:56] INFO model_type resolved to 'mics_lmc' | RSS=32135MB GPU_alloc=0MB GPU_reserved=0MB
[2026-03-05 10:09:56] INFO reusing cached image (path unchanged): E:\MSImaging-data\_msi_visual\Extractions\NRL4558_5um\5bins\2\0.npy | RSS=32135MB GPU_alloc=0MB GPU_reserved=0MB
[2026-03-05 10:09:56] INFO creating new model and fitting (mics_lmc) | RSS=32135MB GPU_alloc=0MB GPU_reserved=0MB
[2026-03-05 10:09:56] INFO building model kwargs | RSS=32135MB GPU_alloc=0MB GPU_reserved=0MB
[2026-03-05 10:09:56] INFO model kwargs built in 0.00s | RSS=32135MB GPU_alloc=0MB GPU_reserved=0MB
[2026-03-05 10:09:56] INFO MiCS+LMC kwargs: {'number_of_points': 1000, 'sampling': 'coreset', 'num_epochs': 100, 'number_of_components': 3, 'num_layers': 3, 'lab_to_rgb': True, 'cluster': True, 'clusters': [32, 64, 128, 256], 'num_samples': 5000, 'beta': 1.0, 'k_epoch': 20, 'temperature': 100.0, 'lr': 1.0, 'batch_size': 1024, 'warmup_epochs': 10, 'factor': 1.0, 'random_state': 42, 'verbose': False, 'cluster_loss_weight': 1.0, 'category_loss_weight': 0.0, 'pixel_sampling': 'superpixel', 'pca_fit_step': 16, 'cluster_on_pca': True, 'cluster_pca_dims': 100} | RSS=32135MB GPU_alloc=0MB GPU_reserved=0MB
[2026-03-05 10:09:56] INFO initializing model | RSS=32135MB GPU_alloc=0MB GPU_reserved=0MB
[2026-03-05 10:09:56] INFO model init done in 0.03s | RSS=32135MB GPU_alloc=0MB GPU_reserved=0MB
[2026-03-05 10:09:56] INFO starting model.fit (train) | RSS=32135MB GPU_alloc=0MB GPU_reserved=0MB
[2026-03-05 10:09:56] INFO [fit] set_image starting: shape=(1274, 1283, 5005)
[2026-03-05 10:09:56] INFO [set_image] start: shape=(1274, 1283, 5005), roi_mask=False, category_annotations=False
[2026-03-05 10:10:02] INFO [set_image] reshape+mask done in 5.23s
[2026-03-05 10:10:57] INFO [set_image] sampling done in 55.24s (method=superpixel, sampled=5353)
[2026-03-05 10:10:57] INFO [set_image] model init done in 0.40s (input_dim=5005, n_components=3)
[2026-03-05 10:11:31] INFO [set_image] resample done in 33.89s (points=1000)
[2026-03-05 10:11:37] INFO [set_image] category labels done in 5.81s
[2026-03-05 10:11:41] INFO [set_image] clustering init done in 3.64s (levels=4)
[2026-03-05 10:11:44] INFO [set_image] optimizer init done in 3.06s (lr=1.0, warmup=10)
[2026-03-05 10:11:44] INFO [set_image] total setup time 107.28s
[2026-03-05 10:11:44] INFO [fit] set_image done in 107.29s
[2026-03-05 10:11:44] INFO [fit] training loop starting: epochs=100
[2026-03-05 10:12:07] INFO [fit] training loop finished in 23.71s
[2026-03-05 10:12:07] INFO model.fit completed in 131.00s | RSS=33888MB GPU_alloc=437MB GPU_reserved=1022MB
[2026-03-05 10:12:07] INFO running predict (train) | RSS=33888MB GPU_alloc=437MB GPU_reserved=1022MB
[2026-03-05 10:12:31] INFO compute_initial_viz DONE | RSS=33934MB GPU_alloc=437MB GPU_reserved=2416MB
[2026-04-16 07:28:49] INFO reload_viz using full image (no ROI) | RSS=28900MB GPU_alloc=0MB GPU_reserved=0MB
[2026-04-16 07:29:00] WARNING From C:\Users\PahnkeLab\miniconda3\envs\maldi\Lib\site-packages\keras\src\losses.py:2976: The name tf.losses.sparse_softmax_cross_entropy is deprecated. Please use tf.compat.v1.losses.sparse_softmax_cross_entropy instead.

[2026-04-16 07:29:01] INFO compute_initial_viz START | RSS=29169MB GPU_alloc=0MB GPU_reserved=0MB
[2026-04-16 07:29:01] INFO config loaded | RSS=29169MB GPU_alloc=0MB GPU_reserved=0MB
[2026-04-16 07:29:01] INFO model_type resolved to 'mics_lmc' | RSS=29169MB GPU_alloc=0MB GPU_reserved=0MB
[2026-04-16 07:29:01] INFO reusing cached image (path unchanged): E:\MSImaging-data\_msi_visual\Extractions\2025_M4I-mouse-5um\5-bins\0.npy | RSS=29170MB GPU_alloc=0MB GPU_reserved=0MB
[2026-04-16 07:29:01] INFO creating new model and fitting (mics_lmc) | RSS=29170MB GPU_alloc=0MB GPU_reserved=0MB
[2026-04-16 07:29:01] INFO building model kwargs | RSS=29170MB GPU_alloc=0MB GPU_reserved=0MB
[2026-04-16 07:29:01] INFO model kwargs built in 0.00s | RSS=29170MB GPU_alloc=0MB GPU_reserved=0MB
[2026-04-16 07:29:01] INFO MiCS+LMC kwargs: {'number_of_points': 1000, 'sampling': 'coreset', 'num_epochs': 100, 'number_of_components': 3, 'num_layers': 3, 'lab_to_rgb': True, 'cluster': True, 'clusters': [32, 64, 128, 256], 'num_samples': 5000, 'beta': 1.0, 'k_epoch': 20, 'temperature': 100.0, 'lr': 1.0, 'batch_size': 1024, 'warmup_epochs': 10, 'factor': 1.0, 'random_state': 42, 'verbose': False, 'cluster_loss_weight': 1.0, 'category_loss_weight': 0.0, 'pixel_sampling': 'superpixel', 'pca_fit_step': 16, 'cluster_on_pca': True, 'cluster_pca_dims': 100} | RSS=29170MB GPU_alloc=0MB GPU_reserved=0MB
[2026-04-16 07:29:01] INFO initializing model | RSS=29170MB GPU_alloc=0MB GPU_reserved=0MB
[2026-04-16 07:29:01] INFO model init done in 0.02s | RSS=29170MB GPU_alloc=0MB GPU_reserved=0MB
[2026-04-16 07:29:01] INFO starting model.fit (train) | RSS=29170MB GPU_alloc=0MB GPU_reserved=0MB
[2026-04-16 07:29:01] INFO [fit] set_image starting: shape=(1469, 1007, 5005)
[2026-04-16 07:29:01] INFO [set_image] start: shape=(1469, 1007, 5005), roi_mask=False, category_annotations=False
[2026-04-16 07:29:04] INFO [set_image] reshape+mask done in 2.71s
[2026-04-16 07:29:32] INFO [set_image] sampling done in 28.40s (method=superpixel, sampled=5514)
[2026-04-16 07:29:32] INFO [set_image] model init done in 0.22s (input_dim=5005, n_components=3)
[2026-04-16 07:29:51] INFO [set_image] resample done in 18.58s (points=1000)
[2026-04-16 07:29:54] INFO [set_image] category labels done in 2.94s
[2026-04-16 07:29:57] INFO [set_image] clustering init done in 3.24s (levels=4)
[2026-04-16 07:29:59] INFO [set_image] optimizer init done in 1.80s (lr=1.0, warmup=10)
[2026-04-16 07:29:59] INFO [set_image] total setup time 57.89s
[2026-04-16 07:29:59] INFO [fit] set_image done in 57.89s
[2026-04-16 07:29:59] INFO [fit] training loop starting: epochs=100
[2026-04-16 07:30:13] INFO [fit] training loop finished in 13.69s
[2026-04-16 07:30:13] INFO model.fit completed in 71.59s | RSS=30960MB GPU_alloc=438MB GPU_reserved=1022MB
[2026-04-16 07:30:13] INFO running predict (train) | RSS=30960MB GPU_alloc=438MB GPU_reserved=1022MB
[2026-04-16 07:30:26] INFO compute_initial_viz DONE | RSS=31003MB GPU_alloc=438MB GPU_reserved=2416MB
[2026-04-16 07:31:37] INFO reload_viz using full image (no ROI) | RSS=59261MB GPU_alloc=438MB GPU_reserved=2416MB
[2026-04-16 07:31:37] INFO compute_initial_viz START | RSS=59261MB GPU_alloc=438MB GPU_reserved=2416MB
[2026-04-16 07:31:37] INFO releasing previous model type=MSIParametricMiCSLMC | RSS=59261MB GPU_alloc=438MB GPU_reserved=2416MB
[2026-04-16 07:31:39] INFO config loaded | RSS=31023MB GPU_alloc=17MB GPU_reserved=42MB
[2026-04-16 07:31:39] INFO model_type resolved to 'mics_lmc' | RSS=31024MB GPU_alloc=17MB GPU_reserved=42MB
[2026-04-16 07:31:39] INFO reusing cached image (path unchanged): E:\MSImaging-data\_msi_visual\Extractions\2025_M4I-mouse-5um\5-bins\0.npy | RSS=31008MB GPU_alloc=17MB GPU_reserved=42MB
[2026-04-16 07:31:39] INFO creating new model and fitting (mics_lmc) | RSS=31008MB GPU_alloc=17MB GPU_reserved=42MB
[2026-04-16 07:31:39] INFO building model kwargs | RSS=31008MB GPU_alloc=17MB GPU_reserved=42MB
[2026-04-16 07:31:39] INFO model kwargs built in 0.00s | RSS=31008MB GPU_alloc=17MB GPU_reserved=42MB
[2026-04-16 07:31:39] INFO MiCS+LMC kwargs: {'number_of_points': 500, 'sampling': 'coreset', 'num_epochs': 50, 'number_of_components': 3, 'num_layers': 3, 'lab_to_rgb': True, 'cluster': True, 'clusters': [8, 16, 32], 'num_samples': 2000, 'beta': 1.0, 'k_epoch': 20, 'temperature': 100.0, 'lr': 1.0, 'batch_size': 2048, 'warmup_epochs': 10, 'factor': 1.0, 'random_state': 42, 'verbose': False, 'cluster_loss_weight': 1.0, 'category_loss_weight': 0.0, 'pixel_sampling': 'random', 'pca_fit_step': 32, 'cluster_on_pca': True, 'cluster_pca_dims': 20} | RSS=31008MB GPU_alloc=17MB GPU_reserved=42MB
[2026-04-16 07:31:39] INFO initializing model | RSS=31008MB GPU_alloc=17MB GPU_reserved=42MB
[2026-04-16 07:31:39] INFO model init done in 0.00s | RSS=31008MB GPU_alloc=17MB GPU_reserved=42MB
[2026-04-16 07:31:39] INFO starting model.fit (train) | RSS=31008MB GPU_alloc=17MB GPU_reserved=42MB
[2026-04-16 07:31:39] INFO [fit] set_image starting: shape=(1469, 1007, 5005)
[2026-04-16 07:31:39] INFO [set_image] start: shape=(1469, 1007, 5005), roi_mask=False, category_annotations=False
[2026-04-16 07:31:42] INFO [set_image] reshape+mask done in 2.62s
[2026-04-16 07:31:44] INFO [set_image] sampling done in 2.55s (method=random, sampled=2000)
[2026-04-16 07:31:44] INFO [set_image] model init done in 0.14s (input_dim=5005, n_components=3)
[2026-04-16 07:31:47] INFO [set_image] resample done in 2.22s (points=500)
[2026-04-16 07:31:49] INFO [set_image] category labels done in 2.57s
[2026-04-16 07:31:50] INFO [set_image] clustering init done in 0.25s (levels=3)
[2026-04-16 07:31:50] INFO [set_image] optimizer init done in 0.00s (lr=1.0, warmup=10)
[2026-04-16 07:31:50] INFO [set_image] total setup time 10.35s
[2026-04-16 07:31:50] INFO [fit] set_image done in 10.35s
[2026-04-16 07:31:50] INFO [fit] training loop starting: epochs=50
[2026-04-16 07:31:51] INFO [fit] training loop finished in 1.88s
[2026-04-16 07:31:51] INFO model.fit completed in 12.23s | RSS=31062MB GPU_alloc=393MB GPU_reserved=900MB
[2026-04-16 07:31:51] INFO running predict (train) | RSS=31062MB GPU_alloc=393MB GPU_reserved=900MB
[2026-04-16 07:32:04] INFO compute_initial_viz DONE | RSS=31082MB GPU_alloc=393MB GPU_reserved=2294MB
[2026-04-16 07:33:12] INFO reload_viz using full image (no ROI) | RSS=59328MB GPU_alloc=393MB GPU_reserved=2294MB
[2026-04-16 07:33:12] INFO compute_initial_viz START | RSS=59328MB GPU_alloc=393MB GPU_reserved=2294MB
[2026-04-16 07:33:12] INFO releasing previous model type=MSIParametricMiCSLMC | RSS=59328MB GPU_alloc=393MB GPU_reserved=2294MB
[2026-04-16 07:33:14] INFO config loaded | RSS=31023MB GPU_alloc=17MB GPU_reserved=42MB
[2026-04-16 07:33:14] INFO model_type resolved to 'mics_lmc' | RSS=31023MB GPU_alloc=17MB GPU_reserved=42MB
[2026-04-16 07:33:14] INFO reusing cached image (path unchanged): E:\MSImaging-data\_msi_visual\Extractions\2025_M4I-mouse-5um\5-bins\0.npy | RSS=31023MB GPU_alloc=17MB GPU_reserved=42MB
[2026-04-16 07:33:14] INFO creating new model and fitting (mics_lmc) | RSS=31023MB GPU_alloc=17MB GPU_reserved=42MB
[2026-04-16 07:33:14] INFO building model kwargs | RSS=31023MB GPU_alloc=17MB GPU_reserved=42MB
[2026-04-16 07:33:14] INFO model kwargs built in 0.00s | RSS=31023MB GPU_alloc=17MB GPU_reserved=42MB
[2026-04-16 07:33:14] INFO MiCS+LMC kwargs: {'number_of_points': 500, 'sampling': 'coreset', 'num_epochs': 50, 'number_of_components': 3, 'num_layers': 3, 'lab_to_rgb': True, 'cluster': True, 'clusters': [8, 16, 32, 256, 512], 'num_samples': 2000, 'beta': 1.0, 'k_epoch': 20, 'temperature': 100.0, 'lr': 1.0, 'batch_size': 2048, 'warmup_epochs': 10, 'factor': 1.0, 'random_state': 42, 'verbose': False, 'cluster_loss_weight': 1.0, 'category_loss_weight': 0.0, 'pixel_sampling': 'random', 'pca_fit_step': 32, 'cluster_on_pca': True, 'cluster_pca_dims': 20} | RSS=31023MB GPU_alloc=17MB GPU_reserved=42MB
[2026-04-16 07:33:14] INFO initializing model | RSS=31023MB GPU_alloc=17MB GPU_reserved=42MB
[2026-04-16 07:33:14] INFO model init done in 0.00s | RSS=31023MB GPU_alloc=17MB GPU_reserved=42MB
[2026-04-16 07:33:14] INFO starting model.fit (train) | RSS=31023MB GPU_alloc=17MB GPU_reserved=42MB
[2026-04-16 07:33:14] INFO [fit] set_image starting: shape=(1469, 1007, 5005)
[2026-04-16 07:33:14] INFO [set_image] start: shape=(1469, 1007, 5005), roi_mask=False, category_annotations=False
[2026-04-16 07:33:16] INFO [set_image] reshape+mask done in 2.63s
[2026-04-16 07:33:19] INFO [set_image] sampling done in 2.32s (method=random, sampled=2000)
[2026-04-16 07:33:19] INFO [set_image] model init done in 0.14s (input_dim=5005, n_components=3)
[2026-04-16 07:33:21] INFO [set_image] resample done in 2.05s (points=500)
[2026-04-16 07:33:23] INFO [set_image] category labels done in 2.35s
[2026-04-16 07:33:24] INFO [set_image] clustering init done in 0.74s (levels=5)
[2026-04-16 07:33:24] INFO [set_image] optimizer init done in 0.00s (lr=1.0, warmup=10)
[2026-04-16 07:33:24] INFO [set_image] total setup time 10.24s
[2026-04-16 07:33:24] INFO [fit] set_image done in 10.24s
[2026-04-16 07:33:24] INFO [fit] training loop starting: epochs=50
[2026-04-16 07:33:26] INFO [fit] training loop finished in 1.99s
[2026-04-16 07:33:26] INFO model.fit completed in 12.23s | RSS=31073MB GPU_alloc=393MB GPU_reserved=904MB
[2026-04-16 07:33:26] INFO running predict (train) | RSS=31073MB GPU_alloc=393MB GPU_reserved=904MB
[2026-04-16 07:33:38] INFO compute_initial_viz DONE | RSS=31094MB GPU_alloc=393MB GPU_reserved=2298MB
[2026-04-16 07:34:24] INFO reload_viz using full image (no ROI) | RSS=59337MB GPU_alloc=393MB GPU_reserved=2298MB
[2026-04-16 07:34:24] INFO compute_initial_viz START | RSS=59337MB GPU_alloc=393MB GPU_reserved=2298MB
[2026-04-16 07:34:24] INFO releasing previous model type=MSIParametricMiCSLMC | RSS=59337MB GPU_alloc=393MB GPU_reserved=2298MB
[2026-04-16 07:34:26] INFO config loaded | RSS=31032MB GPU_alloc=17MB GPU_reserved=42MB
[2026-04-16 07:34:26] INFO model_type resolved to 'mics_lmc' | RSS=31032MB GPU_alloc=17MB GPU_reserved=42MB
[2026-04-16 07:34:26] INFO reusing cached image (path unchanged): E:\MSImaging-data\_msi_visual\Extractions\2025_M4I-mouse-5um\5-bins\0.npy | RSS=31032MB GPU_alloc=17MB GPU_reserved=42MB
[2026-04-16 07:34:26] INFO creating new model and fitting (mics_lmc) | RSS=31032MB GPU_alloc=17MB GPU_reserved=42MB
[2026-04-16 07:34:26] INFO building model kwargs | RSS=31032MB GPU_alloc=17MB GPU_reserved=42MB
[2026-04-16 07:34:26] INFO model kwargs built in 0.00s | RSS=31032MB GPU_alloc=17MB GPU_reserved=42MB
[2026-04-16 07:34:26] INFO MiCS+LMC kwargs: {'number_of_points': 500, 'sampling': 'coreset', 'num_epochs': 50, 'number_of_components': 3, 'num_layers': 3, 'lab_to_rgb': True, 'cluster': True, 'clusters': [32, 64, 256, 512, 1024], 'num_samples': 10000, 'beta': 1.0, 'k_epoch': 20, 'temperature': 100.0, 'lr': 1.0, 'batch_size': 2048, 'warmup_epochs': 10, 'factor': 1.0, 'random_state': 42, 'verbose': False, 'cluster_loss_weight': 1.0, 'category_loss_weight': 0.0, 'pixel_sampling': 'random', 'pca_fit_step': 32, 'cluster_on_pca': True, 'cluster_pca_dims': 20} | RSS=31032MB GPU_alloc=17MB GPU_reserved=42MB
[2026-04-16 07:34:26] INFO initializing model | RSS=31032MB GPU_alloc=17MB GPU_reserved=42MB
[2026-04-16 07:34:26] INFO model init done in 0.00s | RSS=31032MB GPU_alloc=17MB GPU_reserved=42MB
[2026-04-16 07:34:26] INFO starting model.fit (train) | RSS=31032MB GPU_alloc=17MB GPU_reserved=42MB
[2026-04-16 07:34:26] INFO [fit] set_image starting: shape=(1469, 1007, 5005)
[2026-04-16 07:34:26] INFO [set_image] start: shape=(1469, 1007, 5005), roi_mask=False, category_annotations=False
[2026-04-16 07:34:29] INFO [set_image] reshape+mask done in 2.67s
[2026-04-16 07:34:31] INFO [set_image] sampling done in 2.68s (method=random, sampled=10000)
[2026-04-16 07:34:32] INFO [set_image] model init done in 0.15s (input_dim=5005, n_components=3)
[2026-04-16 07:34:42] INFO [set_image] resample done in 10.57s (points=500)
[2026-04-16 07:34:45] INFO [set_image] category labels done in 2.63s
[2026-04-16 07:34:48] INFO [set_image] clustering init done in 3.26s (levels=5)
[2026-04-16 07:34:48] INFO [set_image] optimizer init done in 0.00s (lr=1.0, warmup=10)
[2026-04-16 07:34:48] INFO [set_image] total setup time 21.96s
[2026-04-16 07:34:48] INFO [fit] set_image done in 21.96s
[2026-04-16 07:34:48] INFO [fit] training loop starting: epochs=50
[2026-04-16 07:34:57] INFO [fit] training loop finished in 8.54s
[2026-04-16 07:34:57] INFO model.fit completed in 30.50s | RSS=31243MB GPU_alloc=423MB GPU_reserved=938MB
[2026-04-16 07:34:57] INFO running predict (train) | RSS=31243MB GPU_alloc=423MB GPU_reserved=938MB
[2026-04-16 07:35:09] INFO compute_initial_viz DONE | RSS=31264MB GPU_alloc=423MB GPU_reserved=2332MB
[2026-04-16 07:39:48] INFO reload_viz using full image (no ROI) | RSS=59507MB GPU_alloc=423MB GPU_reserved=2332MB
[2026-04-16 07:39:48] INFO compute_initial_viz START | RSS=59507MB GPU_alloc=423MB GPU_reserved=2332MB
[2026-04-16 07:39:48] INFO releasing previous model type=MSIParametricMiCSLMC | RSS=59507MB GPU_alloc=423MB GPU_reserved=2332MB
[2026-04-16 07:39:50] INFO config loaded | RSS=31048MB GPU_alloc=17MB GPU_reserved=42MB
[2026-04-16 07:39:50] INFO model_type resolved to 'mics_lmc' | RSS=31048MB GPU_alloc=17MB GPU_reserved=42MB
[2026-04-16 07:39:50] INFO reusing cached image (path unchanged): E:\MSImaging-data\_msi_visual\Extractions\2025_M4I-mouse-5um\5-bins\0.npy | RSS=31048MB GPU_alloc=17MB GPU_reserved=42MB
[2026-04-16 07:39:50] INFO creating new model and fitting (mics_lmc) | RSS=31048MB GPU_alloc=17MB GPU_reserved=42MB
[2026-04-16 07:39:50] INFO building model kwargs | RSS=31048MB GPU_alloc=17MB GPU_reserved=42MB
[2026-04-16 07:39:50] INFO model kwargs built in 0.00s | RSS=31048MB GPU_alloc=17MB GPU_reserved=42MB
[2026-04-16 07:39:50] INFO MiCS+LMC kwargs: {'number_of_points': 500, 'sampling': 'coreset', 'num_epochs': 50, 'number_of_components': 3, 'num_layers': 3, 'lab_to_rgb': True, 'cluster': True, 'clusters': [32, 64, 128, 256, 512, 1024], 'num_samples': 10000, 'beta': 1.0, 'k_epoch': 20, 'temperature': 100.0, 'lr': 1.0, 'batch_size': 2048, 'warmup_epochs': 10, 'factor': 1.0, 'random_state': 42, 'verbose': False, 'cluster_loss_weight': 1.0, 'category_loss_weight': 0.0, 'pixel_sampling': 'superpixel', 'pca_fit_step': 16, 'cluster_on_pca': True, 'cluster_pca_dims': 20} | RSS=31048MB GPU_alloc=17MB GPU_reserved=42MB
[2026-04-16 07:39:50] INFO initializing model | RSS=31048MB GPU_alloc=17MB GPU_reserved=42MB
[2026-04-16 07:39:50] INFO model init done in 0.00s | RSS=31048MB GPU_alloc=17MB GPU_reserved=42MB
[2026-04-16 07:39:50] INFO starting model.fit (train) | RSS=31048MB GPU_alloc=17MB GPU_reserved=42MB
[2026-04-16 07:39:50] INFO [fit] set_image starting: shape=(1469, 1007, 5005)
[2026-04-16 07:39:50] INFO [set_image] start: shape=(1469, 1007, 5005), roi_mask=False, category_annotations=False
[2026-04-16 07:39:53] INFO [set_image] reshape+mask done in 2.65s
[2026-04-16 07:40:26] INFO [set_image] sampling done in 33.06s (method=superpixel, sampled=11474)
[2026-04-16 07:40:26] INFO [set_image] model init done in 0.15s (input_dim=5005, n_components=3)
[2026-04-16 07:40:39] INFO [set_image] resample done in 12.63s (points=500)
[2026-04-16 07:40:41] INFO [set_image] category labels done in 2.84s
[2026-04-16 07:40:45] INFO [set_image] clustering init done in 4.00s (levels=6)
[2026-04-16 07:40:45] INFO [set_image] optimizer init done in 0.00s (lr=1.0, warmup=10)
[2026-04-16 07:40:45] INFO [set_image] total setup time 55.34s
[2026-04-16 07:40:45] INFO [fit] set_image done in 55.34s
[2026-04-16 07:40:45] INFO [fit] training loop starting: epochs=50
[2026-04-16 07:40:56] INFO [fit] training loop finished in 10.23s
[2026-04-16 07:40:56] INFO model.fit completed in 65.57s | RSS=31275MB GPU_alloc=429MB GPU_reserved=944MB
[2026-04-16 07:40:56] INFO running predict (train) | RSS=31275MB GPU_alloc=429MB GPU_reserved=944MB
[2026-04-16 07:41:08] INFO compute_initial_viz DONE | RSS=31296MB GPU_alloc=429MB GPU_reserved=2338MB
[2026-04-16 07:45:11] INFO reload_viz using full image (no ROI) | RSS=59539MB GPU_alloc=429MB GPU_reserved=2338MB
[2026-04-16 07:45:11] INFO compute_initial_viz START | RSS=59539MB GPU_alloc=429MB GPU_reserved=2338MB
[2026-04-16 07:45:11] INFO releasing previous model type=MSIParametricMiCSLMC | RSS=59539MB GPU_alloc=429MB GPU_reserved=2338MB
[2026-04-16 07:45:13] INFO config loaded | RSS=31086MB GPU_alloc=17MB GPU_reserved=42MB
[2026-04-16 07:45:13] INFO model_type resolved to 'mics_lmc' | RSS=31086MB GPU_alloc=17MB GPU_reserved=42MB
[2026-04-16 07:45:13] INFO reusing cached image (path unchanged): E:\MSImaging-data\_msi_visual\Extractions\2025_M4I-mouse-5um\5-bins\0.npy | RSS=31086MB GPU_alloc=17MB GPU_reserved=42MB
[2026-04-16 07:45:13] INFO creating new model and fitting (mics_lmc) | RSS=31086MB GPU_alloc=17MB GPU_reserved=42MB
[2026-04-16 07:45:13] INFO building model kwargs | RSS=31086MB GPU_alloc=17MB GPU_reserved=42MB
[2026-04-16 07:45:13] INFO model kwargs built in 0.00s | RSS=31086MB GPU_alloc=17MB GPU_reserved=42MB
[2026-04-16 07:45:13] INFO MiCS+LMC kwargs: {'number_of_points': 500, 'sampling': 'coreset', 'num_epochs': 50, 'number_of_components': 3, 'num_layers': 3, 'lab_to_rgb': True, 'cluster': True, 'clusters': [32, 64, 128, 256], 'num_samples': 10000, 'beta': 1.0, 'k_epoch': 20, 'temperature': 100.0, 'lr': 1.0, 'batch_size': 2048, 'warmup_epochs': 10, 'factor': 1.0, 'random_state': 42, 'verbose': False, 'cluster_loss_weight': 1.0, 'category_loss_weight': 0.0, 'pixel_sampling': 'superpixel', 'pca_fit_step': 16, 'cluster_on_pca': True, 'cluster_pca_dims': 20} | RSS=31086MB GPU_alloc=17MB GPU_reserved=42MB
[2026-04-16 07:45:13] INFO initializing model | RSS=31086MB GPU_alloc=17MB GPU_reserved=42MB
[2026-04-16 07:45:13] INFO model init done in 0.00s | RSS=31086MB GPU_alloc=17MB GPU_reserved=42MB
[2026-04-16 07:45:13] INFO starting model.fit (train) | RSS=31086MB GPU_alloc=17MB GPU_reserved=42MB
[2026-04-16 07:45:13] INFO [fit] set_image starting: shape=(1469, 1007, 5005)
[2026-04-16 07:45:13] INFO [set_image] start: shape=(1469, 1007, 5005), roi_mask=False, category_annotations=False
[2026-04-16 07:45:16] INFO [set_image] reshape+mask done in 2.71s
[2026-04-16 07:45:49] INFO [set_image] sampling done in 32.88s (method=superpixel, sampled=11474)
[2026-04-16 07:45:49] INFO [set_image] model init done in 0.14s (input_dim=5005, n_components=3)
[2026-04-16 07:46:01] INFO [set_image] resample done in 12.25s (points=500)
[2026-04-16 07:46:04] INFO [set_image] category labels done in 2.76s
[2026-04-16 07:46:05] INFO [set_image] clustering init done in 1.56s (levels=4)
[2026-04-16 07:46:05] INFO [set_image] optimizer init done in 0.00s (lr=1.0, warmup=10)
[2026-04-16 07:46:05] INFO [set_image] total setup time 52.31s
[2026-04-16 07:46:05] INFO [fit] set_image done in 52.31s
[2026-04-16 07:46:05] INFO [fit] training loop starting: epochs=50
[2026-04-16 07:46:15] INFO [fit] training loop finished in 9.89s
[2026-04-16 07:46:15] INFO model.fit completed in 62.21s | RSS=31312MB GPU_alloc=438MB GPU_reserved=940MB
[2026-04-16 07:46:15] INFO running predict (train) | RSS=31312MB GPU_alloc=438MB GPU_reserved=940MB
[2026-04-16 07:46:28] INFO compute_initial_viz DONE | RSS=31333MB GPU_alloc=438MB GPU_reserved=2334MB
[2026-04-16 07:47:05] INFO reload_viz using full image (no ROI) | RSS=59576MB GPU_alloc=438MB GPU_reserved=2334MB
[2026-04-16 07:47:05] INFO compute_initial_viz START | RSS=59576MB GPU_alloc=438MB GPU_reserved=2334MB
[2026-04-16 07:47:05] INFO releasing previous model type=MSIParametricMiCSLMC | RSS=59576MB GPU_alloc=438MB GPU_reserved=2334MB
[2026-04-16 07:47:07] INFO config loaded | RSS=31090MB GPU_alloc=26MB GPU_reserved=64MB
[2026-04-16 07:47:07] INFO model_type resolved to 'mics_lmc' | RSS=31090MB GPU_alloc=26MB GPU_reserved=64MB
[2026-04-16 07:47:07] INFO reusing cached image (path unchanged): E:\MSImaging-data\_msi_visual\Extractions\2025_M4I-mouse-5um\5-bins\0.npy | RSS=31090MB GPU_alloc=26MB GPU_reserved=64MB
[2026-04-16 07:47:07] INFO creating new model and fitting (mics_lmc) | RSS=31090MB GPU_alloc=26MB GPU_reserved=64MB
[2026-04-16 07:47:07] INFO building model kwargs | RSS=31090MB GPU_alloc=26MB GPU_reserved=64MB
[2026-04-16 07:47:07] INFO model kwargs built in 0.00s | RSS=31090MB GPU_alloc=26MB GPU_reserved=64MB
[2026-04-16 07:47:07] INFO MiCS+LMC kwargs: {'number_of_points': 500, 'sampling': 'coreset', 'num_epochs': 50, 'number_of_components': 3, 'num_layers': 3, 'lab_to_rgb': True, 'cluster': True, 'clusters': [4, 8, 16, 32, 64, 128, 256], 'num_samples': 5000, 'beta': 1.0, 'k_epoch': 20, 'temperature': 100.0, 'lr': 1.0, 'batch_size': 2048, 'warmup_epochs': 10, 'factor': 1.0, 'random_state': 42, 'verbose': False, 'cluster_loss_weight': 1.0, 'category_loss_weight': 0.0, 'pixel_sampling': 'superpixel', 'pca_fit_step': 16, 'cluster_on_pca': True, 'cluster_pca_dims': 20} | RSS=31090MB GPU_alloc=26MB GPU_reserved=64MB
[2026-04-16 07:47:07] INFO initializing model | RSS=31090MB GPU_alloc=26MB GPU_reserved=64MB
[2026-04-16 07:47:07] INFO model init done in 0.00s | RSS=31090MB GPU_alloc=26MB GPU_reserved=64MB
[2026-04-16 07:47:07] INFO starting model.fit (train) | RSS=31090MB GPU_alloc=26MB GPU_reserved=64MB
[2026-04-16 07:47:07] INFO [fit] set_image starting: shape=(1469, 1007, 5005)
[2026-04-16 07:47:07] INFO [set_image] start: shape=(1469, 1007, 5005), roi_mask=False, category_annotations=False
[2026-04-16 07:47:10] INFO [set_image] reshape+mask done in 2.65s
[2026-04-16 07:47:38] INFO [set_image] sampling done in 28.13s (method=superpixel, sampled=5514)
[2026-04-16 07:47:38] INFO [set_image] model init done in 0.14s (input_dim=5005, n_components=3)
[2026-04-16 07:47:44] INFO [set_image] resample done in 6.43s (points=500)
[2026-04-16 07:47:47] INFO [set_image] category labels done in 2.90s
[2026-04-16 07:47:48] INFO [set_image] clustering init done in 1.12s (levels=7)
[2026-04-16 07:47:48] INFO [set_image] optimizer init done in 0.00s (lr=1.0, warmup=10)
[2026-04-16 07:47:48] INFO [set_image] total setup time 41.36s
[2026-04-16 07:47:48] INFO [fit] set_image done in 41.37s
[2026-04-16 07:47:48] INFO [fit] training loop starting: epochs=50
[2026-04-16 07:47:54] INFO [fit] training loop finished in 5.17s
[2026-04-16 07:47:54] INFO model.fit completed in 46.53s | RSS=31209MB GPU_alloc=416MB GPU_reserved=918MB
[2026-04-16 07:47:54] INFO running predict (train) | RSS=31209MB GPU_alloc=416MB GPU_reserved=918MB
[2026-04-16 07:48:07] INFO compute_initial_viz DONE | RSS=31230MB GPU_alloc=416MB GPU_reserved=2312MB
[2026-04-16 07:52:27] INFO reload_viz using full image (no ROI) | RSS=59473MB GPU_alloc=416MB GPU_reserved=2312MB
[2026-04-16 07:52:27] INFO compute_initial_viz START | RSS=59473MB GPU_alloc=416MB GPU_reserved=2312MB
[2026-04-16 07:52:27] INFO releasing previous model type=MSIParametricMiCSLMC | RSS=59473MB GPU_alloc=416MB GPU_reserved=2312MB
[2026-04-16 07:52:28] INFO config loaded | RSS=31100MB GPU_alloc=26MB GPU_reserved=64MB
[2026-04-16 07:52:28] INFO model_type resolved to 'mics_lmc' | RSS=31100MB GPU_alloc=26MB GPU_reserved=64MB
[2026-04-16 07:52:29] INFO reusing cached image (path unchanged): E:\MSImaging-data\_msi_visual\Extractions\2025_M4I-mouse-5um\5-bins\0.npy | RSS=31100MB GPU_alloc=26MB GPU_reserved=64MB
[2026-04-16 07:52:29] INFO creating new model and fitting (mics_lmc) | RSS=31100MB GPU_alloc=26MB GPU_reserved=64MB
[2026-04-16 07:52:29] INFO building model kwargs | RSS=31100MB GPU_alloc=26MB GPU_reserved=64MB
[2026-04-16 07:52:29] INFO model kwargs built in 0.00s | RSS=31100MB GPU_alloc=26MB GPU_reserved=64MB
[2026-04-16 07:52:29] INFO MiCS+LMC kwargs: {'number_of_points': 500, 'sampling': 'coreset', 'num_epochs': 50, 'number_of_components': 3, 'num_layers': 3, 'lab_to_rgb': True, 'cluster': True, 'clusters': [4, 8, 16, 32, 64, 128, 256], 'num_samples': 5000, 'beta': 1.0, 'k_epoch': 20, 'temperature': 100.0, 'lr': 1.0, 'batch_size': 2048, 'warmup_epochs': 10, 'factor': 1.0, 'random_state': 42, 'verbose': False, 'cluster_loss_weight': 1.0, 'category_loss_weight': 0.0, 'pixel_sampling': 'random', 'pca_fit_step': 32, 'cluster_on_pca': True, 'cluster_pca_dims': 20} | RSS=31100MB GPU_alloc=26MB GPU_reserved=64MB
[2026-04-16 07:52:29] INFO initializing model | RSS=31100MB GPU_alloc=26MB GPU_reserved=64MB
[2026-04-16 07:52:29] INFO model init done in 0.00s | RSS=31100MB GPU_alloc=26MB GPU_reserved=64MB
[2026-04-16 07:52:29] INFO starting model.fit (train) | RSS=31100MB GPU_alloc=26MB GPU_reserved=64MB
[2026-04-16 07:52:29] INFO [fit] set_image starting: shape=(1469, 1007, 5005)
[2026-04-16 07:52:29] INFO [set_image] start: shape=(1469, 1007, 5005), roi_mask=False, category_annotations=False
[2026-04-16 07:52:31] INFO [set_image] reshape+mask done in 2.58s
[2026-04-16 07:52:34] INFO [set_image] sampling done in 2.57s (method=random, sampled=5000)
[2026-04-16 07:52:34] INFO [set_image] model init done in 0.14s (input_dim=5005, n_components=3)
[2026-04-16 07:52:39] INFO [set_image] resample done in 5.49s (points=500)
[2026-04-16 07:52:42] INFO [set_image] category labels done in 2.58s
[2026-04-16 07:52:43] INFO [set_image] clustering init done in 1.04s (levels=7)
[2026-04-16 07:52:43] INFO [set_image] optimizer init done in 0.00s (lr=1.0, warmup=10)
[2026-04-16 07:52:43] INFO [set_image] total setup time 14.40s
[2026-04-16 07:52:43] INFO [fit] set_image done in 14.40s
[2026-04-16 07:52:43] INFO [fit] training loop starting: epochs=50
[2026-04-16 07:52:48] INFO [fit] training loop finished in 5.06s
[2026-04-16 07:52:48] INFO model.fit completed in 19.46s | RSS=31198MB GPU_alloc=414MB GPU_reserved=918MB
[2026-04-16 07:52:48] INFO running predict (train) | RSS=31198MB GPU_alloc=414MB GPU_reserved=918MB
[2026-04-16 07:53:01] INFO compute_initial_viz DONE | RSS=31220MB GPU_alloc=414MB GPU_reserved=2312MB
[2026-04-16 07:59:29] INFO reload_viz using full image (no ROI) | RSS=59463MB GPU_alloc=414MB GPU_reserved=2312MB
[2026-04-16 07:59:29] INFO compute_initial_viz START | RSS=59463MB GPU_alloc=414MB GPU_reserved=2312MB
[2026-04-16 07:59:29] INFO releasing previous model type=MSIParametricMiCSLMC | RSS=59463MB GPU_alloc=414MB GPU_reserved=2312MB
[2026-04-16 07:59:31] INFO config loaded | RSS=31100MB GPU_alloc=26MB GPU_reserved=64MB
[2026-04-16 07:59:31] INFO model_type resolved to 'mics_lmc' | RSS=31100MB GPU_alloc=26MB GPU_reserved=64MB
[2026-04-16 07:59:31] INFO reusing cached image (path unchanged): E:\MSImaging-data\_msi_visual\Extractions\2025_M4I-mouse-5um\5-bins\0.npy | RSS=31100MB GPU_alloc=26MB GPU_reserved=64MB
[2026-04-16 07:59:31] INFO creating new model and fitting (mics_lmc) | RSS=31100MB GPU_alloc=26MB GPU_reserved=64MB
[2026-04-16 07:59:31] INFO building model kwargs | RSS=31100MB GPU_alloc=26MB GPU_reserved=64MB
[2026-04-16 07:59:31] INFO model kwargs built in 0.00s | RSS=31100MB GPU_alloc=26MB GPU_reserved=64MB
[2026-04-16 07:59:31] INFO MiCS+LMC kwargs: {'number_of_points': 500, 'sampling': 'coreset', 'num_epochs': 50, 'number_of_components': 3, 'num_layers': 3, 'lab_to_rgb': True, 'cluster': True, 'clusters': [4, 8, 16, 32, 64, 128, 256], 'num_samples': 5000, 'beta': 1.0, 'k_epoch': 20, 'temperature': 100.0, 'lr': 1.0, 'batch_size': 2048, 'warmup_epochs': 10, 'factor': 1.0, 'random_state': 42, 'verbose': False, 'cluster_loss_weight': 1.0, 'category_loss_weight': 0.0, 'pixel_sampling': 'random', 'pca_fit_step': 32, 'cluster_on_pca': True, 'cluster_pca_dims': 20} | RSS=31100MB GPU_alloc=26MB GPU_reserved=64MB
[2026-04-16 07:59:31] INFO initializing model | RSS=31100MB GPU_alloc=26MB GPU_reserved=64MB
[2026-04-16 07:59:31] INFO model init done in 0.00s | RSS=31100MB GPU_alloc=26MB GPU_reserved=64MB
[2026-04-16 07:59:31] INFO starting model.fit (train) | RSS=31100MB GPU_alloc=26MB GPU_reserved=64MB
[2026-04-16 07:59:31] INFO [fit] set_image starting: shape=(1469, 1007, 5005)
[2026-04-16 07:59:31] INFO [set_image] start: shape=(1469, 1007, 5005), roi_mask=False, category_annotations=False
[2026-04-16 07:59:34] INFO [set_image] reshape+mask done in 2.72s
[2026-04-16 07:59:36] INFO [set_image] sampling done in 2.61s (method=random, sampled=5000)
[2026-04-16 07:59:36] INFO [set_image] model init done in 0.14s (input_dim=5005, n_components=3)
[2026-04-16 07:59:42] INFO [set_image] resample done in 5.39s (points=500)
[2026-04-16 07:59:44] INFO [set_image] category labels done in 2.56s
[2026-04-16 07:59:45] INFO [set_image] clustering init done in 1.09s (levels=7)
[2026-04-16 07:59:45] INFO [set_image] optimizer init done in 0.00s (lr=1.0, warmup=10)
[2026-04-16 07:59:45] INFO [set_image] total setup time 14.50s
[2026-04-16 07:59:45] INFO [fit] set_image done in 14.50s
[2026-04-16 07:59:45] INFO [fit] training loop starting: epochs=50
[2026-04-16 07:59:50] INFO [fit] training loop finished in 4.94s
[2026-04-16 07:59:50] INFO model.fit completed in 19.44s | RSS=31199MB GPU_alloc=414MB GPU_reserved=918MB
[2026-04-16 07:59:50] INFO running predict (train) | RSS=31199MB GPU_alloc=414MB GPU_reserved=918MB
[2026-04-16 08:00:03] INFO compute_initial_viz DONE | RSS=31220MB GPU_alloc=414MB GPU_reserved=2312MB
[2026-04-16 08:00:41] INFO reload_viz using full image (no ROI) | RSS=59463MB GPU_alloc=414MB GPU_reserved=2312MB
[2026-04-16 08:00:41] INFO compute_initial_viz START | RSS=59463MB GPU_alloc=414MB GPU_reserved=2312MB
[2026-04-16 08:00:41] INFO releasing previous model type=MSIParametricMiCSLMC | RSS=59463MB GPU_alloc=414MB GPU_reserved=2312MB
[2026-04-16 08:00:43] INFO config loaded | RSS=31100MB GPU_alloc=26MB GPU_reserved=64MB
[2026-04-16 08:00:43] INFO model_type resolved to 'mics_lmc' | RSS=31100MB GPU_alloc=26MB GPU_reserved=64MB
[2026-04-16 08:00:43] INFO reusing cached image (path unchanged): E:\MSImaging-data\_msi_visual\Extractions\2025_M4I-mouse-5um\5-bins\0.npy | RSS=31100MB GPU_alloc=26MB GPU_reserved=64MB
[2026-04-16 08:00:43] INFO creating new model and fitting (mics_lmc) | RSS=31100MB GPU_alloc=26MB GPU_reserved=64MB
[2026-04-16 08:00:43] INFO building model kwargs | RSS=31100MB GPU_alloc=26MB GPU_reserved=64MB
[2026-04-16 08:00:43] INFO model kwargs built in 0.00s | RSS=31100MB GPU_alloc=26MB GPU_reserved=64MB
[2026-04-16 08:00:43] INFO MiCS+LMC kwargs: {'number_of_points': 500, 'sampling': 'coreset', 'num_epochs': 50, 'number_of_components': 3, 'num_layers': 3, 'lab_to_rgb': True, 'cluster': True, 'clusters': [4, 8, 16, 32, 64, 128, 256, 512], 'num_samples': 5000, 'beta': 1.0, 'k_epoch': 20, 'temperature': 100.0, 'lr': 1.0, 'batch_size': 2048, 'warmup_epochs': 10, 'factor': 1.0, 'random_state': 42, 'verbose': False, 'cluster_loss_weight': 1.0, 'category_loss_weight': 0.0, 'pixel_sampling': 'random', 'pca_fit_step': 32, 'cluster_on_pca': True, 'cluster_pca_dims': 20} | RSS=31100MB GPU_alloc=26MB GPU_reserved=64MB
[2026-04-16 08:00:43] INFO initializing model | RSS=31100MB GPU_alloc=26MB GPU_reserved=64MB
[2026-04-16 08:00:43] INFO model init done in 0.00s | RSS=31100MB GPU_alloc=26MB GPU_reserved=64MB
[2026-04-16 08:00:43] INFO starting model.fit (train) | RSS=31100MB GPU_alloc=26MB GPU_reserved=64MB
[2026-04-16 08:00:43] INFO [fit] set_image starting: shape=(1469, 1007, 5005)
[2026-04-16 08:00:43] INFO [set_image] start: shape=(1469, 1007, 5005), roi_mask=False, category_annotations=False
[2026-04-16 08:00:46] INFO [set_image] reshape+mask done in 2.61s
[2026-04-16 08:00:48] INFO [set_image] sampling done in 2.69s (method=random, sampled=5000)
[2026-04-16 08:00:49] INFO [set_image] model init done in 0.14s (input_dim=5005, n_components=3)
[2026-04-16 08:00:54] INFO [set_image] resample done in 5.52s (points=500)
[2026-04-16 08:00:57] INFO [set_image] category labels done in 2.63s
[2026-04-16 08:00:58] INFO [set_image] clustering init done in 1.53s (levels=8)
[2026-04-16 08:00:58] INFO [set_image] optimizer init done in 0.00s (lr=1.0, warmup=10)
[2026-04-16 08:00:58] INFO [set_image] total setup time 15.12s
[2026-04-16 08:00:58] INFO [fit] set_image done in 15.12s
[2026-04-16 08:00:58] INFO [fit] training loop starting: epochs=50
[2026-04-16 08:01:03] INFO [fit] training loop finished in 5.12s
[2026-04-16 08:01:03] INFO model.fit completed in 20.24s | RSS=31201MB GPU_alloc=414MB GPU_reserved=922MB
[2026-04-16 08:01:03] INFO running predict (train) | RSS=31201MB GPU_alloc=414MB GPU_reserved=922MB
[2026-04-16 08:01:16] INFO compute_initial_viz DONE | RSS=31222MB GPU_alloc=414MB GPU_reserved=2316MB
[2026-04-16 08:02:28] INFO reload_viz using full image (no ROI) | RSS=59465MB GPU_alloc=414MB GPU_reserved=2316MB
[2026-04-16 08:02:28] INFO compute_initial_viz START | RSS=59465MB GPU_alloc=414MB GPU_reserved=2316MB
[2026-04-16 08:02:28] INFO releasing previous model type=MSIParametricMiCSLMC | RSS=59465MB GPU_alloc=414MB GPU_reserved=2316MB
[2026-04-16 08:02:30] INFO config loaded | RSS=31103MB GPU_alloc=26MB GPU_reserved=64MB
[2026-04-16 08:02:30] INFO model_type resolved to 'mics_lmc' | RSS=31103MB GPU_alloc=26MB GPU_reserved=64MB
[2026-04-16 08:02:30] INFO reusing cached image (path unchanged): E:\MSImaging-data\_msi_visual\Extractions\2025_M4I-mouse-5um\5-bins\0.npy | RSS=31103MB GPU_alloc=26MB GPU_reserved=64MB
[2026-04-16 08:02:30] INFO creating new model and fitting (mics_lmc) | RSS=31103MB GPU_alloc=26MB GPU_reserved=64MB
[2026-04-16 08:02:30] INFO building model kwargs | RSS=31103MB GPU_alloc=26MB GPU_reserved=64MB
[2026-04-16 08:02:30] INFO model kwargs built in 0.00s | RSS=31103MB GPU_alloc=26MB GPU_reserved=64MB
[2026-04-16 08:02:30] INFO MiCS+LMC kwargs: {'number_of_points': 500, 'sampling': 'coreset', 'num_epochs': 50, 'number_of_components': 4, 'num_layers': 3, 'lab_to_rgb': True, 'cluster': True, 'clusters': [4, 8, 16, 32, 64, 128, 256, 512], 'num_samples': 5000, 'beta': 1.0, 'k_epoch': 20, 'temperature': 100.0, 'lr': 1.0, 'batch_size': 2048, 'warmup_epochs': 10, 'factor': 1.0, 'random_state': 42, 'verbose': False, 'cluster_loss_weight': 1.0, 'category_loss_weight': 0.0, 'pixel_sampling': 'random', 'pca_fit_step': 32, 'cluster_on_pca': True, 'cluster_pca_dims': 20} | RSS=31103MB GPU_alloc=26MB GPU_reserved=64MB
[2026-04-16 08:02:30] INFO initializing model | RSS=31103MB GPU_alloc=26MB GPU_reserved=64MB
[2026-04-16 08:02:30] INFO model init done in 0.00s | RSS=31103MB GPU_alloc=26MB GPU_reserved=64MB
[2026-04-16 08:02:30] INFO starting model.fit (train) | RSS=31103MB GPU_alloc=26MB GPU_reserved=64MB
[2026-04-16 08:02:30] INFO [fit] set_image starting: shape=(1469, 1007, 5005)
[2026-04-16 08:02:30] INFO [set_image] start: shape=(1469, 1007, 5005), roi_mask=False, category_annotations=False
[2026-04-16 08:02:32] INFO [set_image] reshape+mask done in 2.62s
[2026-04-16 08:02:35] INFO [set_image] sampling done in 2.50s (method=random, sampled=5000)
[2026-04-16 08:02:35] INFO [set_image] model init done in 0.14s (input_dim=5005, n_components=4)
[2026-04-16 08:02:40] INFO [set_image] resample done in 5.12s (points=500)
[2026-04-16 08:02:43] INFO [set_image] category labels done in 2.49s
[2026-04-16 08:02:44] INFO [set_image] clustering init done in 1.53s (levels=8)
[2026-04-16 08:02:44] INFO [set_image] optimizer init done in 0.00s (lr=1.0, warmup=10)
[2026-04-16 08:02:44] INFO [set_image] total setup time 14.40s
[2026-04-16 08:02:44] INFO [fit] set_image done in 14.40s
[2026-04-16 08:02:44] INFO [fit] training loop starting: epochs=50
[2026-04-16 08:02:49] INFO [fit] training loop finished in 5.10s
[2026-04-16 08:02:49] INFO model.fit completed in 19.50s | RSS=31201MB GPU_alloc=414MB GPU_reserved=922MB
[2026-04-16 08:02:49] INFO running predict (train) | RSS=31201MB GPU_alloc=414MB GPU_reserved=922MB
[2026-04-16 08:03:02] INFO compute_initial_viz DONE | RSS=31228MB GPU_alloc=414MB GPU_reserved=2316MB
[2026-04-16 08:09:20] INFO reload_viz using full image (no ROI) | RSS=59471MB GPU_alloc=414MB GPU_reserved=2316MB
[2026-04-16 08:09:20] INFO compute_initial_viz START | RSS=59471MB GPU_alloc=414MB GPU_reserved=2316MB
[2026-04-16 08:09:20] INFO releasing previous model type=MSIParametricMiCSLMC | RSS=59471MB GPU_alloc=414MB GPU_reserved=2316MB
[2026-04-16 08:09:22] INFO config loaded | RSS=31109MB GPU_alloc=26MB GPU_reserved=64MB
[2026-04-16 08:09:22] INFO model_type resolved to 'mics_lmc' | RSS=31109MB GPU_alloc=26MB GPU_reserved=64MB
[2026-04-16 08:09:22] INFO reusing cached image (path unchanged): E:\MSImaging-data\_msi_visual\Extractions\2025_M4I-mouse-5um\5-bins\0.npy | RSS=31109MB GPU_alloc=26MB GPU_reserved=64MB
[2026-04-16 08:09:22] INFO creating new model and fitting (mics_lmc) | RSS=31109MB GPU_alloc=26MB GPU_reserved=64MB
[2026-04-16 08:09:22] INFO building model kwargs | RSS=31109MB GPU_alloc=26MB GPU_reserved=64MB
[2026-04-16 08:09:22] INFO model kwargs built in 0.00s | RSS=31109MB GPU_alloc=26MB GPU_reserved=64MB
[2026-04-16 08:09:22] INFO MiCS+LMC kwargs: {'number_of_points': 500, 'sampling': 'coreset', 'num_epochs': 50, 'number_of_components': 4, 'num_layers': 3, 'lab_to_rgb': True, 'cluster': True, 'clusters': [4, 8, 16, 32, 64, 128, 256, 512], 'num_samples': 2000, 'beta': 1.0, 'k_epoch': 20, 'temperature': 100.0, 'lr': 1.0, 'batch_size': 2048, 'warmup_epochs': 10, 'factor': 1.0, 'random_state': 42, 'verbose': False, 'cluster_loss_weight': 1.0, 'category_loss_weight': 0.0, 'pixel_sampling': 'random', 'pca_fit_step': 8, 'cluster_on_pca': True, 'cluster_pca_dims': 20} | RSS=31109MB GPU_alloc=26MB GPU_reserved=64MB
[2026-04-16 08:09:22] INFO initializing model | RSS=31109MB GPU_alloc=26MB GPU_reserved=64MB
[2026-04-16 08:09:22] INFO model init done in 0.00s | RSS=31109MB GPU_alloc=26MB GPU_reserved=64MB
[2026-04-16 08:09:22] INFO starting model.fit (train) | RSS=31109MB GPU_alloc=26MB GPU_reserved=64MB
[2026-04-16 08:09:22] INFO [fit] set_image starting: shape=(1469, 1007, 5005)
[2026-04-16 08:09:22] INFO [set_image] start: shape=(1469, 1007, 5005), roi_mask=False, category_annotations=False
[2026-04-16 08:09:25] INFO [set_image] reshape+mask done in 2.74s
[2026-04-16 08:09:27] INFO [set_image] sampling done in 2.67s (method=random, sampled=2000)
[2026-04-16 08:09:27] INFO [set_image] model init done in 0.14s (input_dim=5005, n_components=4)
[2026-04-16 08:09:30] INFO [set_image] resample done in 2.14s (points=500)
[2026-04-16 08:09:32] INFO [set_image] category labels done in 2.71s
[2026-04-16 08:09:33] INFO [set_image] clustering init done in 1.05s (levels=8)
[2026-04-16 08:09:33] INFO [set_image] optimizer init done in 0.00s (lr=1.0, warmup=10)
[2026-04-16 08:09:33] INFO [set_image] total setup time 11.45s
[2026-04-16 08:09:33] INFO [fit] set_image done in 11.45s
[2026-04-16 08:09:33] INFO [fit] training loop starting: epochs=50
[2026-04-16 08:09:35] INFO [fit] training loop finished in 2.08s
[2026-04-16 08:09:35] INFO model.fit completed in 13.53s | RSS=31147MB GPU_alloc=402MB GPU_reserved=896MB
[2026-04-16 08:09:35] INFO running predict (train) | RSS=31147MB GPU_alloc=402MB GPU_reserved=896MB
[2026-04-16 08:09:48] INFO compute_initial_viz DONE | RSS=31167MB GPU_alloc=402MB GPU_reserved=2290MB
[2026-04-16 08:10:06] INFO compute_initial_viz START | RSS=31167MB GPU_alloc=402MB GPU_reserved=2290MB
[2026-04-16 08:10:06] INFO releasing previous model type=MSIParametricMiCSLMC | RSS=31167MB GPU_alloc=402MB GPU_reserved=2290MB
[2026-04-16 08:10:07] INFO config loaded | RSS=31106MB GPU_alloc=26MB GPU_reserved=64MB
[2026-04-16 08:10:07] INFO model_type resolved to 'mics_lmc' | RSS=31106MB GPU_alloc=26MB GPU_reserved=64MB
[2026-04-16 08:13:55] INFO image loaded shape=(1469,1007,10010) from E:\MSImaging-data\_msi_visual\Extractions\2025_M4I-mouse-5um\10-bins\0.npy | RSS=59349MB GPU_alloc=26MB GPU_reserved=64MB
[2026-04-16 08:13:55] INFO creating new model and fitting (mics_lmc) | RSS=59349MB GPU_alloc=26MB GPU_reserved=64MB
[2026-04-16 08:13:55] INFO building model kwargs | RSS=59349MB GPU_alloc=26MB GPU_reserved=64MB
[2026-04-16 08:13:55] INFO model kwargs built in 0.00s | RSS=59349MB GPU_alloc=26MB GPU_reserved=64MB
[2026-04-16 08:13:55] INFO MiCS+LMC kwargs: {'number_of_points': 500, 'sampling': 'coreset', 'num_epochs': 50, 'number_of_components': 4, 'num_layers': 3, 'lab_to_rgb': True, 'cluster': True, 'clusters': [4, 8, 16, 32, 64, 128, 256, 512], 'num_samples': 2000, 'beta': 1.0, 'k_epoch': 20, 'temperature': 100.0, 'lr': 1.0, 'batch_size': 2048, 'warmup_epochs': 10, 'factor': 1.0, 'random_state': 42, 'verbose': False, 'cluster_loss_weight': 1.0, 'category_loss_weight': 0.0, 'pixel_sampling': 'random', 'pca_fit_step': 8, 'cluster_on_pca': True, 'cluster_pca_dims': 20} | RSS=59349MB GPU_alloc=26MB GPU_reserved=64MB
[2026-04-16 08:13:55] INFO initializing model | RSS=59349MB GPU_alloc=26MB GPU_reserved=64MB
[2026-04-16 08:13:55] INFO model init done in 0.00s | RSS=59349MB GPU_alloc=26MB GPU_reserved=64MB
[2026-04-16 08:13:55] INFO starting model.fit (train) | RSS=59349MB GPU_alloc=26MB GPU_reserved=64MB
[2026-04-16 08:13:55] INFO [fit] set_image starting: shape=(1469, 1007, 10010)
[2026-04-16 08:13:55] INFO [set_image] start: shape=(1469, 1007, 10010), roi_mask=False, category_annotations=False
[2026-04-16 08:14:01] INFO [set_image] reshape+mask done in 5.34s
[2026-04-16 08:14:06] INFO [set_image] sampling done in 5.27s (method=random, sampled=2000)
[2026-04-16 08:14:06] INFO [set_image] model init done in 0.21s (input_dim=10010, n_components=4)
[2026-04-16 08:14:13] INFO [set_image] resample done in 7.06s (points=500)
[2026-04-16 08:14:19] INFO [set_image] category labels done in 5.40s
[2026-04-16 08:14:20] INFO [set_image] clustering init done in 1.15s (levels=8)
[2026-04-16 08:14:20] INFO [set_image] optimizer init done in 0.00s (lr=1.0, warmup=10)
[2026-04-16 08:14:20] INFO [set_image] total setup time 24.43s
[2026-04-16 08:14:20] INFO [fit] set_image done in 24.43s
[2026-04-16 08:14:20] INFO [fit] training loop starting: epochs=50
[2026-04-16 08:14:23] INFO [fit] training loop finished in 3.11s
[2026-04-16 08:14:23] INFO model.fit completed in 27.54s | RSS=59428MB GPU_alloc=565MB GPU_reserved=1174MB
[2026-04-16 08:14:23] INFO running predict (train) | RSS=59428MB GPU_alloc=565MB GPU_reserved=1174MB
[2026-04-16 08:14:47] INFO compute_initial_viz DONE | RSS=59449MB GPU_alloc=565MB GPU_reserved=3194MB
[2026-04-16 08:18:41] INFO reload_viz using full image (no ROI) | RSS=115935MB GPU_alloc=565MB GPU_reserved=3194MB
[2026-04-16 08:18:41] INFO compute_initial_viz START | RSS=115935MB GPU_alloc=565MB GPU_reserved=3194MB
[2026-04-16 08:18:41] INFO releasing previous model type=MSIParametricMiCSLMC | RSS=115935MB GPU_alloc=565MB GPU_reserved=3194MB
[2026-04-16 08:18:43] INFO config loaded | RSS=59349MB GPU_alloc=26MB GPU_reserved=64MB
[2026-04-16 08:18:43] INFO model_type resolved to 'mics_lmc' | RSS=59349MB GPU_alloc=26MB GPU_reserved=64MB
[2026-04-16 08:18:43] INFO reusing cached image (path unchanged): E:\MSImaging-data\_msi_visual\Extractions\2025_M4I-mouse-5um\10-bins\0.npy | RSS=59349MB GPU_alloc=26MB GPU_reserved=64MB
[2026-04-16 08:18:43] INFO creating new model and fitting (mics_lmc) | RSS=59349MB GPU_alloc=26MB GPU_reserved=64MB
[2026-04-16 08:18:43] INFO building model kwargs | RSS=59349MB GPU_alloc=26MB GPU_reserved=64MB
[2026-04-16 08:18:43] INFO model kwargs built in 0.00s | RSS=59349MB GPU_alloc=26MB GPU_reserved=64MB
[2026-04-16 08:18:43] INFO MiCS+LMC kwargs: {'number_of_points': 500, 'sampling': 'coreset', 'num_epochs': 50, 'number_of_components': 4, 'num_layers': 3, 'lab_to_rgb': True, 'cluster': True, 'clusters': [4, 8, 16, 32, 64, 128, 256, 512], 'num_samples': 2000, 'beta': 1.0, 'k_epoch': 20, 'temperature': 100.0, 'lr': 1.0, 'batch_size': 2048, 'warmup_epochs': 10, 'factor': 1.0, 'random_state': 42, 'verbose': False, 'cluster_loss_weight': 1.0, 'category_loss_weight': 0.0, 'pixel_sampling': 'random', 'pca_fit_step': 64, 'cluster_on_pca': False, 'cluster_pca_dims': 20} | RSS=59349MB GPU_alloc=26MB GPU_reserved=64MB
[2026-04-16 08:18:43] INFO initializing model | RSS=59349MB GPU_alloc=26MB GPU_reserved=64MB
[2026-04-16 08:18:43] INFO model init done in 0.00s | RSS=59349MB GPU_alloc=26MB GPU_reserved=64MB
[2026-04-16 08:18:43] INFO starting model.fit (train) | RSS=59349MB GPU_alloc=26MB GPU_reserved=64MB
[2026-04-16 08:18:43] INFO [fit] set_image starting: shape=(1469, 1007, 10010)
[2026-04-16 08:18:43] INFO [set_image] start: shape=(1469, 1007, 10010), roi_mask=False, category_annotations=False
[2026-04-16 08:18:48] INFO [set_image] reshape+mask done in 4.97s
[2026-04-16 08:18:53] INFO [set_image] sampling done in 4.69s (method=random, sampled=2000)
[2026-04-16 08:18:53] INFO [set_image] model init done in 0.21s (input_dim=10010, n_components=4)
[2026-04-16 08:18:59] INFO [set_image] resample done in 5.54s (points=500)
[2026-04-16 08:19:04] INFO [set_image] category labels done in 4.79s
[2026-04-16 08:20:26] INFO [set_image] clustering init done in 82.40s (levels=8)
[2026-04-16 08:20:26] INFO [set_image] optimizer init done in 0.00s (lr=1.0, warmup=10)
[2026-04-16 08:20:26] INFO [set_image] total setup time 102.60s
[2026-04-16 08:20:26] INFO [fit] set_image done in 102.60s
[2026-04-16 08:20:26] INFO [fit] training loop starting: epochs=50
[2026-04-16 08:20:29] INFO [fit] training loop finished in 3.05s
[2026-04-16 08:20:29] INFO model.fit completed in 105.65s | RSS=59429MB GPU_alloc=565MB GPU_reserved=1174MB
[2026-04-16 08:20:29] INFO running predict (train) | RSS=59429MB GPU_alloc=565MB GPU_reserved=1174MB
[2026-04-16 08:20:52] INFO compute_initial_viz DONE | RSS=59450MB GPU_alloc=565MB GPU_reserved=3194MB
[2026-04-16 08:24:28] INFO reload_viz using full image (no ROI) | RSS=115937MB GPU_alloc=565MB GPU_reserved=3194MB
[2026-04-16 08:24:28] INFO compute_initial_viz START | RSS=115937MB GPU_alloc=565MB GPU_reserved=3194MB
[2026-04-16 08:24:28] INFO releasing previous model type=MSIParametricMiCSLMC | RSS=115937MB GPU_alloc=565MB GPU_reserved=3194MB
[2026-04-16 08:24:31] INFO config loaded | RSS=59350MB GPU_alloc=26MB GPU_reserved=64MB
[2026-04-16 08:24:31] INFO model_type resolved to 'mics_lmc' | RSS=59350MB GPU_alloc=26MB GPU_reserved=64MB
[2026-04-16 08:24:31] INFO reusing cached image (path unchanged): E:\MSImaging-data\_msi_visual\Extractions\2025_M4I-mouse-5um\10-bins\0.npy | RSS=59350MB GPU_alloc=26MB GPU_reserved=64MB
[2026-04-16 08:24:31] INFO creating new model and fitting (mics_lmc) | RSS=59350MB GPU_alloc=26MB GPU_reserved=64MB
[2026-04-16 08:24:31] INFO building model kwargs | RSS=59350MB GPU_alloc=26MB GPU_reserved=64MB
[2026-04-16 08:24:31] INFO model kwargs built in 0.00s | RSS=59350MB GPU_alloc=26MB GPU_reserved=64MB
[2026-04-16 08:24:31] INFO MiCS+LMC kwargs: {'number_of_points': 500, 'sampling': 'coreset', 'num_epochs': 50, 'number_of_components': 3, 'num_layers': 3, 'lab_to_rgb': True, 'cluster': True, 'clusters': [4, 8, 16, 32, 64, 128, 256, 512], 'num_samples': 2000, 'beta': 1.0, 'k_epoch': 20, 'temperature': 100.0, 'lr': 1.0, 'batch_size': 2048, 'warmup_epochs': 10, 'factor': 1.0, 'random_state': 42, 'verbose': False, 'cluster_loss_weight': 1.0, 'category_loss_weight': 0.0, 'pixel_sampling': 'random', 'pca_fit_step': 64, 'cluster_on_pca': True, 'cluster_pca_dims': 20} | RSS=59350MB GPU_alloc=26MB GPU_reserved=64MB
[2026-04-16 08:24:31] INFO initializing model | RSS=59350MB GPU_alloc=26MB GPU_reserved=64MB
[2026-04-16 08:24:31] INFO model init done in 0.00s | RSS=59350MB GPU_alloc=26MB GPU_reserved=64MB
[2026-04-16 08:24:31] INFO starting model.fit (train) | RSS=59350MB GPU_alloc=26MB GPU_reserved=64MB
[2026-04-16 08:24:31] INFO [fit] set_image starting: shape=(1469, 1007, 10010)
[2026-04-16 08:24:31] INFO [set_image] start: shape=(1469, 1007, 10010), roi_mask=False, category_annotations=False
[2026-04-16 08:24:37] INFO [set_image] reshape+mask done in 5.44s
[2026-04-16 08:24:42] INFO [set_image] sampling done in 5.36s (method=random, sampled=2000)
[2026-04-16 08:24:42] INFO [set_image] model init done in 0.21s (input_dim=10010, n_components=3)
[2026-04-16 08:24:49] INFO [set_image] resample done in 6.67s (points=500)
[2026-04-16 08:24:54] INFO [set_image] category labels done in 5.30s
[2026-04-16 08:24:56] INFO [set_image] clustering init done in 1.16s (levels=8)
[2026-04-16 08:24:56] INFO [set_image] optimizer init done in 0.00s (lr=1.0, warmup=10)
[2026-04-16 08:24:56] INFO [set_image] total setup time 24.14s
[2026-04-16 08:24:56] INFO [fit] set_image done in 24.14s
[2026-04-16 08:24:56] INFO [fit] training loop starting: epochs=50
[2026-04-16 08:24:59] INFO [fit] training loop finished in 3.14s
[2026-04-16 08:24:59] INFO model.fit completed in 27.28s | RSS=59435MB GPU_alloc=565MB GPU_reserved=1176MB
[2026-04-16 08:24:59] INFO running predict (train) | RSS=59435MB GPU_alloc=565MB GPU_reserved=1176MB
[2026-04-16 08:25:23] INFO compute_initial_viz DONE | RSS=59451MB GPU_alloc=565MB GPU_reserved=3196MB
[2026-04-16 08:27:55] INFO reload_viz using full image (no ROI) | RSS=115938MB GPU_alloc=565MB GPU_reserved=3196MB
[2026-04-16 08:27:55] INFO compute_initial_viz START | RSS=115938MB GPU_alloc=565MB GPU_reserved=3196MB
[2026-04-16 08:27:55] INFO releasing previous model type=MSIParametricMiCSLMC | RSS=115938MB GPU_alloc=565MB GPU_reserved=3196MB
[2026-04-16 08:27:58] INFO config loaded | RSS=59443MB GPU_alloc=26MB GPU_reserved=64MB
[2026-04-16 08:27:58] INFO model_type resolved to 'mics_lmc' | RSS=59443MB GPU_alloc=26MB GPU_reserved=64MB
[2026-04-16 08:27:58] INFO reusing cached image (path unchanged): E:\MSImaging-data\_msi_visual\Extractions\2025_M4I-mouse-5um\10-bins\0.npy | RSS=59443MB GPU_alloc=26MB GPU_reserved=64MB
[2026-04-16 08:27:58] INFO creating new model and fitting (mics_lmc) | RSS=59443MB GPU_alloc=26MB GPU_reserved=64MB
[2026-04-16 08:27:58] INFO building model kwargs | RSS=59443MB GPU_alloc=26MB GPU_reserved=64MB
[2026-04-16 08:27:58] INFO model kwargs built in 0.00s | RSS=59443MB GPU_alloc=26MB GPU_reserved=64MB
[2026-04-16 08:27:58] INFO MiCS+LMC kwargs: {'number_of_points': 500, 'sampling': 'coreset', 'num_epochs': 100, 'number_of_components': 3, 'num_layers': 4, 'lab_to_rgb': True, 'cluster': True, 'clusters': [4, 8, 16, 32, 64, 128, 256, 512], 'num_samples': 10000, 'beta': 1.0, 'k_epoch': 20, 'temperature': 100.0, 'lr': 1.0, 'batch_size': 2048, 'warmup_epochs': 10, 'factor': 1.0, 'random_state': 42, 'verbose': False, 'cluster_loss_weight': 1.0, 'category_loss_weight': 0.0, 'pixel_sampling': 'random', 'pca_fit_step': 64, 'cluster_on_pca': True, 'cluster_pca_dims': 20} | RSS=59443MB GPU_alloc=26MB GPU_reserved=64MB
[2026-04-16 08:27:58] INFO initializing model | RSS=59443MB GPU_alloc=26MB GPU_reserved=64MB
[2026-04-16 08:27:58] INFO model init done in 0.00s | RSS=59443MB GPU_alloc=26MB GPU_reserved=64MB
[2026-04-16 08:27:58] INFO starting model.fit (train) | RSS=59443MB GPU_alloc=26MB GPU_reserved=64MB
[2026-04-16 08:27:58] INFO [fit] set_image starting: shape=(1469, 1007, 10010)
[2026-04-16 08:27:58] INFO [set_image] start: shape=(1469, 1007, 10010), roi_mask=False, category_annotations=False
[2026-04-16 08:28:03] INFO [set_image] reshape+mask done in 5.53s
[2026-04-16 08:28:09] INFO [set_image] sampling done in 5.55s (method=random, sampled=10000)
[2026-04-16 08:28:09] INFO [set_image] model init done in 0.22s (input_dim=10010, n_components=3)
[2026-04-16 08:28:42] INFO [set_image] resample done in 32.62s (points=500)
[2026-04-16 08:28:47] INFO [set_image] category labels done in 5.85s
[2026-04-16 08:28:50] INFO [set_image] clustering init done in 2.70s (levels=8)
[2026-04-16 08:28:50] INFO [set_image] optimizer init done in 0.00s (lr=1.0, warmup=10)
[2026-04-16 08:28:50] INFO [set_image] total setup time 52.48s
[2026-04-16 08:28:50] INFO [fit] set_image done in 52.48s
[2026-04-16 08:28:50] INFO [fit] training loop starting: epochs=100
[2026-04-16 08:29:19] INFO [fit] training loop finished in 28.93s
[2026-04-16 08:29:19] INFO model.fit completed in 81.41s | RSS=59845MB GPU_alloc=660MB GPU_reserved=1378MB
[2026-04-16 08:29:19] INFO running predict (train) | RSS=59845MB GPU_alloc=660MB GPU_reserved=1378MB
[2026-04-16 08:29:44] INFO compute_initial_viz DONE | RSS=59866MB GPU_alloc=660MB GPU_reserved=3398MB
[2026-04-16 08:31:08] INFO reload_viz using full image (no ROI) | RSS=116353MB GPU_alloc=660MB GPU_reserved=3398MB
[2026-04-16 08:31:08] INFO compute_initial_viz START | RSS=116353MB GPU_alloc=660MB GPU_reserved=3398MB
[2026-04-16 08:31:08] INFO releasing previous model type=MSIParametricMiCSLMC | RSS=116353MB GPU_alloc=660MB GPU_reserved=3398MB
[2026-04-16 08:31:10] INFO config loaded | RSS=59493MB GPU_alloc=26MB GPU_reserved=64MB
[2026-04-16 08:31:10] INFO model_type resolved to 'mics_lmc' | RSS=59493MB GPU_alloc=26MB GPU_reserved=64MB
[2026-04-16 08:31:11] INFO reusing cached image (path unchanged): E:\MSImaging-data\_msi_visual\Extractions\2025_M4I-mouse-5um\10-bins\0.npy | RSS=59493MB GPU_alloc=26MB GPU_reserved=64MB
[2026-04-16 08:31:11] INFO creating new model and fitting (mics_lmc) | RSS=59493MB GPU_alloc=26MB GPU_reserved=64MB
[2026-04-16 08:31:11] INFO building model kwargs | RSS=59493MB GPU_alloc=26MB GPU_reserved=64MB
[2026-04-16 08:31:11] INFO model kwargs built in 0.00s | RSS=59493MB GPU_alloc=26MB GPU_reserved=64MB
[2026-04-16 08:31:11] INFO MiCS+LMC kwargs: {'number_of_points': 500, 'sampling': 'coreset', 'num_epochs': 50, 'number_of_components': 3, 'num_layers': 4, 'lab_to_rgb': True, 'cluster': True, 'clusters': [4, 8, 16, 128, 256, 512], 'num_samples': 10000, 'beta': 1.0, 'k_epoch': 20, 'temperature': 100.0, 'lr': 1.0, 'batch_size': 2048, 'warmup_epochs': 10, 'factor': 1.0, 'random_state': 42, 'verbose': False, 'cluster_loss_weight': 1.0, 'category_loss_weight': 0.0, 'pixel_sampling': 'random', 'pca_fit_step': 64, 'cluster_on_pca': True, 'cluster_pca_dims': 20} | RSS=59493MB GPU_alloc=26MB GPU_reserved=64MB
[2026-04-16 08:31:11] INFO initializing model | RSS=59493MB GPU_alloc=26MB GPU_reserved=64MB
[2026-04-16 08:31:11] INFO model init done in 0.00s | RSS=59493MB GPU_alloc=26MB GPU_reserved=64MB
[2026-04-16 08:31:11] INFO starting model.fit (train) | RSS=59493MB GPU_alloc=26MB GPU_reserved=64MB
[2026-04-16 08:31:11] INFO [fit] set_image starting: shape=(1469, 1007, 10010)
[2026-04-16 08:31:11] INFO [set_image] start: shape=(1469, 1007, 10010), roi_mask=False, category_annotations=False
[2026-04-16 08:31:16] INFO [set_image] reshape+mask done in 5.51s
[2026-04-16 08:31:22] INFO [set_image] sampling done in 5.48s (method=random, sampled=10000)
[2026-04-16 08:31:22] INFO [set_image] model init done in 0.22s (input_dim=10010, n_components=3)
[2026-04-16 08:31:53] INFO [set_image] resample done in 30.94s (points=500)
[2026-04-16 08:31:59] INFO [set_image] category labels done in 5.83s
[2026-04-16 08:32:01] INFO [set_image] clustering init done in 2.40s (levels=6)
[2026-04-16 08:32:01] INFO [set_image] optimizer init done in 0.00s (lr=1.0, warmup=10)
[2026-04-16 08:32:01] INFO [set_image] total setup time 50.38s
[2026-04-16 08:32:01] INFO [fit] set_image done in 50.39s
[2026-04-16 08:32:01] INFO [fit] training loop starting: epochs=50
[2026-04-16 08:32:15] INFO [fit] training loop finished in 14.35s
[2026-04-16 08:32:15] INFO model.fit completed in 64.74s | RSS=59877MB GPU_alloc=660MB GPU_reserved=1376MB
[2026-04-16 08:32:15] INFO running predict (train) | RSS=59877MB GPU_alloc=660MB GPU_reserved=1376MB
[2026-04-16 08:32:40] INFO compute_initial_viz DONE | RSS=59899MB GPU_alloc=660MB GPU_reserved=3396MB
